date,temperature_celsius,precipitation_mm,humidity_percent,wind_speed_kmh,city,is_holiday,is_weekend,is_non_working_day
2025-01-01,2.9,0.0,86,11.1,Burgas,True,False,True
2025-01-02,4.2,0.0,86,16.7,Burgas,False,False,False
2025-01-03,6.5,0.0,87,17.5,Burgas,False,False,False
2025-01-04,4.7,1.0,74,14.1,Burgas,False,True,True
2025-01-05,1.4,0.0,84,6.0,Burgas,False,True,True
2025-01-06,3.9,0.0,85,13.4,Burgas,False,False,False
2025-01-07,9.5,0.0,88,17.4,Burgas,False,False,False
2025-01-08,10.7,0.0,88,14.7,Burgas,False,False,False
2025-01-09,11.3,0.0,87,17.1,Burgas,False,False,False
2025-01-10,10.7,0.0,90,17.8,Burgas,False,False,False
2025-01-11,4.2,8.8,84,11.9,Burgas,False,True,True
2025-01-12,1.9,10.5,92,11.7,Burgas,False,True,True
2025-01-13,1.8,2.4,78,17.9,Burgas,False,False,False
2025-01-14,1.4,1.1,74,17.8,Burgas,False,False,False
2025-01-15,1.0,3.4,82,17.6,Burgas,False,False,False
2025-01-16,1.3,0.0,77,7.9,Burgas,False,False,False
2025-01-17,0.5,0.0,84,12.6,Burgas,False,False,False
2025-01-18,2.5,0.0,82,10.6,Burgas,False,True,True
2025-01-19,3.6,0.0,77,9.2,Burgas,False,True,True
2025-01-20,2.4,0.0,82,9.2,Burgas,False,False,False
2025-01-21,3.3,0.0,92,6.1,Burgas,False,False,False
2025-01-22,5.2,0.0,90,10.6,Burgas,False,False,False
2025-01-23,5.5,0.0,86,9.5,Burgas,False,False,False
2025-01-24,7.2,0.0,88,16.2,Burgas,False,False,False
2025-01-25,7.1,7.6,84,11.8,Burgas,False,True,True
2025-01-26,6.6,0.0,87,10.6,Burgas,False,True,True
2025-01-27,5.9,0.0,88,15.2,Burgas,False,False,False
2025-01-28,8.4,0.0,88,18.8,Burgas,False,False,False
2025-01-29,12.8,0.0,80,21.9,Burgas,False,False,False
2025-01-30,12.2,0.0,85,18.6,Burgas,False,False,False
2025-01-31,10.1,0.0,88,10.7,Burgas,False,False,False
2025-02-01,7.9,0.0,90,11.6,Burgas,False,True,True
2025-02-02,7.9,0.0,90,12.3,Burgas,False,True,True
2025-02-03,6.7,0.0,84,13.9,Burgas,False,False,False
2025-02-04,2.2,0.0,64,13.1,Burgas,False,False,False
2025-02-05,1.2,0.1,68,19.5,Burgas,False,False,False
2025-02-06,1.1,0.1,58,24.5,Burgas,False,False,False
2025-02-07,0.5,0.0,61,16.4,Burgas,False,False,False
2025-02-08,0.3,0.0,68,23.6,Burgas,False,True,True
2025-02-09,-0.5,0.0,65,27.7,Burgas,False,True,True
2025-02-10,-0.2,0.0,60,17.8,Burgas,False,False,False
2025-02-11,-1.7,0.0,69,15.9,Burgas,False,False,False
2025-02-12,0.2,4.8,71,13.3,Burgas,False,False,False
2025-02-13,0.4,0.0,80,13.4,Burgas,False,False,False
2025-02-14,5.5,0.1,80,19.5,Burgas,False,False,False
2025-02-15,6.2,0.0,83,16.9,Burgas,False,True,True
2025-02-16,2.0,6.0,89,12.4,Burgas,False,True,True
2025-02-17,3.0,15.9,96,19.4,Burgas,False,False,False
2025-02-18,2.5,18.4,95,20.3,Burgas,False,False,False
2025-02-19,-1.5,15.8,85,23.2,Burgas,False,False,False
2025-02-20,-4.8,0.0,77,12.4,Burgas,False,False,False
2025-02-21,-5.5,0.0,75,15.6,Burgas,False,False,False
2025-02-22,-5.9,0.0,71,13.8,Burgas,False,True,True
2025-02-23,-3.7,0.0,76,6.0,Burgas,False,True,True
2025-02-24,-3.3,0.0,78,5.5,Burgas,False,False,False
2025-02-25,-0.3,0.0,77,8.1,Burgas,False,False,False
2025-02-26,1.0,0.0,85,7.2,Burgas,False,False,False
2025-02-27,3.7,0.0,94,7.1,Burgas,False,False,False
2025-02-28,6.3,0.0,93,15.3,Burgas,False,False,False
2025-03-01,6.0,0.0,89,13.9,Burgas,False,True,True
2025-03-02,5.3,5.8,94,7.2,Burgas,False,True,True
2025-03-03,4.8,0.4,76,15.7,Burgas,True,False,True
2025-03-04,3.6,0.0,81,9.4,Burgas,False,False,False
2025-03-05,5.5,0.0,76,9.6,Burgas,False,False,False
2025-03-06,7.3,0.0,73,8.9,Burgas,False,False,False
2025-03-07,7.1,0.0,65,11.9,Burgas,False,False,False
2025-03-08,6.4,0.0,62,13.7,Burgas,False,True,True
2025-03-09,5.5,0.0,74,9.7,Burgas,False,True,True
2025-03-10,8.6,0.0,71,12.4,Burgas,False,False,False
2025-03-11,13.1,0.1,69,21.8,Burgas,False,False,False
2025-03-12,16.4,1.0,70,25.6,Burgas,False,False,False
2025-03-13,17.1,0.7,60,26.9,Burgas,False,False,False
2025-03-14,16.8,0.0,70,15.1,Burgas,False,False,False
2025-03-15,18.2,0.0,59,19.1,Burgas,False,True,True
2025-03-16,17.8,2.7,60,22.5,Burgas,False,True,True
2025-03-17,9.5,30.5,93,11.6,Burgas,False,False,False
2025-03-18,3.8,7.5,68,17.8,Burgas,False,False,False
2025-03-19,3.3,0.0,52,17.1,Burgas,False,False,False
2025-03-20,6.5,0.0,55,17.3,Burgas,False,False,False
2025-03-21,6.4,0.0,69,13.0,Burgas,False,False,False
2025-03-22,6.9,0.0,69,15.9,Burgas,False,True,True
2025-03-23,9.3,0.1,79,16.6,Burgas,False,True,True
2025-03-24,15.0,0.0,77,27.4,Burgas,False,False,False
2025-03-25,16.7,0.0,69,18.0,Burgas,False,False,False
2025-03-26,14.6,0.6,81,16.5,Burgas,False,False,False
2025-03-27,10.5,0.6,92,14.8,Burgas,False,False,False
2025-03-28,11.4,9.4,82,27.5,Burgas,False,False,False
2025-03-29,11.5,0.5,85,11.1,Burgas,False,True,True
2025-03-30,10.1,0.0,94,13.6,Burgas,False,True,True
2025-03-31,10.3,0.5,93,14.0,Burgas,False,False,False
2025-04-01,9.5,11.6,92,22.6,Burgas,False,False,False
2025-04-02,10.3,10.2,93,18.6,Burgas,False,False,False
2025-04-03,10.8,5.2,89,14.9,Burgas,False,False,False
2025-04-04,11.1,3.9,86,14.0,Burgas,False,False,False
2025-04-05,12.0,7.4,86,12.4,Burgas,False,True,True
2025-04-06,9.3,3.1,76,23.4,Burgas,False,True,True
2025-04-07,1.6,15.9,91,17.9,Burgas,False,False,False
2025-04-08,3.3,0.0,76,13.3,Burgas,False,False,False
2025-04-09,5.8,0.8,68,15.3,Burgas,False,False,False
2025-04-10,7.2,3.2,71,27.6,Burgas,False,False,False
2025-04-11,5.1,0.9,59,24.8,Burgas,False,False,False
2025-04-12,7.7,0.1,72,23.1,Burgas,False,True,True
2025-04-13,7.5,0.1,80,14.5,Burgas,False,True,True
2025-04-14,8.7,0.0,80,20.0,Burgas,False,False,False
2025-04-15,9.6,0.0,83,15.3,Burgas,False,False,False
2025-04-16,10.5,0.0,77,16.2,Burgas,False,False,False
2025-04-17,10.7,0.0,86,15.8,Burgas,False,False,False
2025-04-18,10.6,0.0,88,17.5,Burgas,True,False,True
2025-04-19,10.6,0.0,87,14.8,Burgas,True,True,True
2025-04-20,12.2,0.0,83,11.9,Burgas,True,True,True
2025-04-21,13.2,0.0,82,13.1,Burgas,True,False,True
2025-04-22,12.7,0.0,79,13.4,Burgas,False,False,False
2025-04-23,12.0,0.0,85,14.7,Burgas,False,False,False
2025-04-24,11.5,0.0,82,15.2,Burgas,False,False,False
2025-04-25,14.3,0.1,82,11.4,Burgas,False,False,False
2025-04-26,15.1,2.5,80,10.9,Burgas,False,True,True
2025-04-27,13.1,0.3,75,24.1,Burgas,False,True,True
2025-04-28,10.1,0.0,64,22.4,Burgas,False,False,False
2025-04-29,9.3,0.0,71,20.4,Burgas,False,False,False
2025-04-30,9.5,0.0,75,13.6,Burgas,False,False,False
2025-05-01,11.5,0.0,67,18.0,Burgas,True,False,True
2025-05-02,13.5,0.0,69,19.2,Burgas,False,False,False
2025-05-03,12.0,0.0,70,12.1,Burgas,False,True,True
2025-05-04,14.1,0.0,73,12.5,Burgas,False,True,True
2025-05-05,16.6,0.0,78,10.7,Burgas,False,False,False
2025-05-06,17.8,0.0,81,14.6,Burgas,True,False,True
2025-05-07,17.6,3.9,83,12.9,Burgas,False,False,False
2025-05-08,14.9,0.3,89,17.9,Burgas,False,False,False
2025-05-09,16.7,0.2,78,16.2,Burgas,False,False,False
2025-05-10,12.4,23.2,88,19.4,Burgas,False,True,True
2025-05-11,12.9,1.2,81,13.7,Burgas,False,True,True
2025-05-12,12.0,1.7,87,19.5,Burgas,False,False,False
2025-05-13,11.6,1.7,81,14.8,Burgas,False,False,False
2025-05-14,11.9,0.3,79,12.6,Burgas,False,False,False
2025-05-15,14.7,0.0,71,10.4,Burgas,False,False,False
2025-05-16,14.8,6.0,76,10.7,Burgas,False,False,False
2025-05-17,14.3,9.5,80,16.9,Burgas,False,True,True
2025-05-18,14.2,0.2,74,14.7,Burgas,False,True,True
2025-05-19,16.4,0.2,70,16.5,Burgas,False,False,False
2025-05-20,16.4,0.0,69,15.1,Burgas,False,False,False
2025-05-21,16.9,0.0,80,12.8,Burgas,False,False,False
2025-05-22,19.8,0.0,72,11.8,Burgas,False,False,False
2025-05-23,19.5,0.0,77,13.9,Burgas,False,False,False
2025-05-24,19.4,0.1,80,11.7,Burgas,True,True,True
2025-05-25,16.8,9.0,80,15.3,Burgas,False,True,True
2025-05-26,14.6,9.4,78,19.6,Burgas,True,False,True
2025-05-27,15.5,0.0,75,17.8,Burgas,False,False,False
2025-05-28,16.7,2.0,78,17.5,Burgas,False,False,False
2025-05-29,17.6,0.2,80,11.4,Burgas,False,False,False
2025-05-30,17.3,14.4,84,15.0,Burgas,False,False,False
2025-05-31,18.3,0.5,74,14.2,Burgas,False,True,True
2025-06-01,19.0,0.8,71,12.9,Burgas,False,True,True
2025-06-02,19.9,0.3,77,6.8,Burgas,False,False,False
2025-06-03,21.2,0.0,77,12.7,Burgas,False,False,False
2025-06-04,22.8,1.5,76,11.1,Burgas,False,False,False
2025-06-05,21.6,0.0,76,13.9,Burgas,False,False,False
2025-06-06,20.8,0.0,79,14.4,Burgas,False,False,False
2025-06-07,19.6,0.0,78,15.4,Burgas,False,True,True
2025-06-08,19.1,0.0,77,14.3,Burgas,False,True,True
2025-06-09,19.8,0.0,82,12.5,Burgas,False,False,False
2025-06-10,21.3,0.0,71,21.3,Burgas,False,False,False
2025-06-11,20.4,0.0,71,15.2,Burgas,False,False,False
2025-06-12,20.4,0.7,81,19.4,Burgas,False,False,False
2025-06-13,20.0,0.0,77,13.0,Burgas,False,False,False
2025-06-14,19.9,2.0,74,11.9,Burgas,False,True,True
2025-06-15,20.0,0.0,66,14.5,Burgas,False,True,True
2025-06-16,21.1,0.0,65,12.3,Burgas,False,False,False
2025-06-17,22.3,0.0,69,17.1,Burgas,False,False,False
2025-06-18,21.5,0.0,76,15.4,Burgas,False,False,False
2025-06-19,23.4,0.0,76,11.7,Burgas,False,False,False
2025-06-20,22.4,0.0,71,20.5,Burgas,False,False,False
2025-06-21,20.3,0.6,67,14.5,Burgas,False,True,True
2025-06-22,20.5,0.0,66,13.4,Burgas,False,True,True
2025-06-23,23.1,0.0,59,13.0,Burgas,False,False,False
2025-06-24,25.4,0.0,56,12.4,Burgas,False,False,False
2025-06-25,25.7,0.0,58,16.9,Burgas,False,False,False
2025-06-26,26.5,0.0,60,18.0,Burgas,False,False,False
2025-06-27,25.1,0.0,71,18.4,Burgas,False,False,False
2025-06-28,23.8,0.5,74,17.4,Burgas,False,True,True
2025-06-29,22.6,0.0,55,20.0,Burgas,False,True,True
2025-06-30,24.6,0.3,63,7.9,Burgas,False,False,False
2025-07-01,23.0,0.4,71,18.0,Burgas,False,False,False
2025-07-02,21.7,0.0,67,18.7,Burgas,False,False,False
2025-07-03,22.5,0.0,60,19.9,Burgas,False,False,False
2025-07-04,23.9,0.0,61,12.3,Burgas,False,False,False
2025-07-05,24.4,0.0,64,13.7,Burgas,False,True,True
2025-07-06,24.3,0.0,65,14.9,Burgas,False,True,True
2025-07-07,24.6,0.0,69,16.7,Burgas,False,False,False
2025-07-08,24.4,0.0,81,18.7,Burgas,False,False,False
2025-07-09,26.0,0.0,70,31.2,Burgas,False,False,False
2025-07-10,23.4,0.0,47,24.6,Burgas,False,False,False
2025-07-11,22.8,1.8,59,15.6,Burgas,False,False,False
2025-07-12,23.1,0.0,67,15.1,Burgas,False,True,True
2025-07-13,24.5,0.0,59,16.6,Burgas,False,True,True
2025-07-14,25.1,0.0,58,15.9,Burgas,False,False,False
2025-07-15,25.4,0.0,59,13.6,Burgas,False,False,False
2025-07-16,27.0,0.4,57,11.9,Burgas,False,False,False
2025-07-17,26.1,0.0,66,18.6,Burgas,False,False,False
2025-07-18,23.5,1.1,62,14.9,Burgas,False,False,False
2025-07-19,24.3,0.0,63,14.8,Burgas,False,True,True
2025-07-20,25.5,0.0,59,17.0,Burgas,False,True,True
2025-07-21,26.7,0.0,58,18.9,Burgas,False,False,False
2025-07-22,27.8,0.0,55,15.8,Burgas,False,False,False
2025-07-23,26.7,0.0,71,19.6,Burgas,False,False,False
2025-07-24,26.6,0.0,69,18.6,Burgas,False,False,False
2025-07-25,26.0,0.0,71,16.0,Burgas,False,False,False
2025-07-26,27.0,0.0,65,14.9,Burgas,False,True,True
2025-07-27,26.5,0.0,61,26.0,Burgas,False,True,True
2025-07-28,27.6,0.0,66,13.5,Burgas,False,False,False
2025-07-29,26.6,0.1,64,20.5,Burgas,False,False,False
2025-07-30,25.8,0.0,64,13.8,Burgas,False,False,False
2025-07-31,24.8,0.0,66,18.9,Burgas,False,False,False
2025-08-01,25.1,0.6,60,19.2,Burgas,False,False,False
2025-08-02,24.8,0.0,59,20.7,Burgas,False,True,True
2025-08-03,25.4,0.0,60,14.8,Burgas,False,True,True
2025-08-04,25.5,0.0,63,15.5,Burgas,False,False,False
2025-08-05,25.4,0.0,61,19.8,Burgas,False,False,False
2025-08-06,26.4,0.2,63,21.8,Burgas,False,False,False
2025-08-07,26.4,0.5,58,20.0,Burgas,False,False,False
2025-08-08,25.9,0.0,51,20.2,Burgas,False,False,False
2025-08-09,24.4,0.0,57,17.5,Burgas,False,True,True
2025-08-10,25.4,0.0,58,16.7,Burgas,False,True,True
2025-08-11,25.5,0.0,59,17.5,Burgas,False,False,False
2025-08-12,25.6,0.0,61,21.8,Burgas,False,False,False
2025-08-13,23.7,0.0,63,19.5,Burgas,False,False,False
2025-08-14,24.7,0.0,57,26.1,Burgas,False,False,False
2025-08-15,25.7,0.0,56,24.5,Burgas,False,False,False
2025-08-16,24.7,0.0,56,22.7,Burgas,False,True,True
2025-08-17,23.5,0.0,61,16.6,Burgas,False,True,True
2025-08-18,24.0,0.0,63,17.7,Burgas,False,False,False
2025-08-19,22.0,19.5,74,14.1,Burgas,False,False,False
2025-08-20,22.3,0.1,68,13.3,Burgas,False,False,False
2025-08-21,23.5,0.0,67,19.0,Burgas,False,False,False
2025-08-22,25.2,0.0,59,18.8,Burgas,False,False,False
2025-08-23,23.5,0.0,61,13.4,Burgas,False,True,True
2025-08-24,22.8,0.0,48,18.7,Burgas,False,True,True
2025-08-25,20.6,5.0,64,17.5,Burgas,False,False,False
2025-08-26,20.4,0.6,68,17.4,Burgas,False,False,False
2025-08-27,20.9,0.0,68,17.1,Burgas,False,False,False
2025-08-28,21.6,0.0,67,18.8,Burgas,False,False,False
2025-08-29,22.5,0.0,68,14.6,Burgas,False,False,False
2025-08-30,23.0,0.0,73,12.7,Burgas,False,True,True
2025-08-31,23.5,1.2,74,23.9,Burgas,False,True,True
2025-09-01,22.7,0.0,64,13.6,Burgas,False,False,False
2025-09-02,24.7,0.0,63,15.3,Burgas,False,False,False
2025-09-03,24.7,0.0,67,15.5,Burgas,False,False,False
2025-09-04,23.8,0.0,74,22.9,Burgas,False,False,False
2025-09-05,23.8,0.0,68,20.5,Burgas,False,False,False
2025-09-06,22.7,0.0,65,15.6,Burgas,True,True,True
2025-09-07,22.2,0.0,63,20.7,Burgas,False,True,True
2025-09-08,22.0,0.0,63,20.2,Burgas,True,False,True
2025-09-09,21.8,0.0,65,12.8,Burgas,False,False,False
2025-09-10,22.0,0.0,69,22.7,Burgas,False,False,False
2025-09-11,22.2,0.0,75,15.8,Burgas,False,False,False
2025-09-12,22.2,3.0,80,12.8,Burgas,False,False,False
2025-09-13,22.0,0.1,71,19.2,Burgas,False,True,True
2025-09-14,20.9,0.0,63,19.6,Burgas,False,True,True
2025-09-15,19.7,0.0,66,15.2,Burgas,False,False,False
2025-09-16,20.5,0.0,72,16.4,Burgas,False,False,False
2025-09-17,19.6,4.5,76,20.8,Burgas,False,False,False
2025-09-18,18.0,0.0,58,19.4,Burgas,False,False,False
2025-09-19,17.6,0.0,57,13.4,Burgas,False,False,False
2025-09-20,19.3,0.0,64,15.2,Burgas,False,True,True
2025-09-21,19.6,0.0,72,19.3,Burgas,False,True,True
2025-09-22,19.9,0.0,67,19.2,Burgas,True,False,True
2025-09-23,19.1,0.0,75,13.7,Burgas,False,False,False
2025-09-24,18.4,0.0,78,15.0,Burgas,False,False,False
2025-09-25,18.5,0.0,74,23.0,Burgas,False,False,False
2025-09-26,17.7,0.0,57,25.6,Burgas,False,False,False
2025-09-27,16.3,0.0,57,21.0,Burgas,False,True,True
2025-09-28,15.9,0.0,61,14.7,Burgas,False,True,True
2025-09-29,14.8,3.6,76,9.9,Burgas,False,False,False
2025-09-30,15.1,0.1,63,14.7,Burgas,False,False,False
2025-10-01,14.8,0.0,66,7.2,Burgas,False,False,False
2025-10-02,14.1,12.8,82,31.1,Burgas,False,False,False
2025-10-03,15.5,65.7,91,35.3,Burgas,False,False,False
2025-10-04,11.2,3.0,82,9.8,Burgas,False,True,True
2025-10-05,13.4,0.0,75,12.5,Burgas,False,True,True
2025-10-06,14.2,11.3,86,16.8,Burgas,False,False,False
2025-10-07,12.9,49.1,93,20.8,Burgas,False,False,False
2025-10-08,13.3,0.7,78,16.3,Burgas,False,False,False
2025-10-09,13.5,5.4,81,21.7,Burgas,False,False,False
2025-10-10,14.2,0.0,71,13.2,Burgas,False,False,False
2025-10-11,13.2,0.9,76,15.7,Burgas,False,True,True
2025-10-12,13.3,0.2,75,10.6,Burgas,False,True,True
2025-10-13,15.0,0.0,71,13.9,Burgas,False,False,False
2025-10-14,14.2,0.2,77,5.8,Burgas,False,False,False
2025-10-15,13.3,1.4,80,12.2,Burgas,False,False,False
2025-10-16,13.3,0.5,82,15.1,Burgas,False,False,False
2025-10-17,14.7,0.0,71,17.0,Burgas,False,False,False
2025-10-18,15.3,2.7,87,7.7,Burgas,False,True,True
2025-10-19,14.1,0.0,66,13.9,Burgas,False,True,True
2025-10-20,11.0,0.0,75,12.1,Burgas,False,False,False
2025-10-21,12.5,0.0,79,13.8,Burgas,False,False,False
2025-10-22,14.3,0.0,77,9.7,Burgas,False,False,False
2025-10-23,15.8,0.0,84,10.7,Burgas,False,False,False
2025-10-24,16.7,1.3,84,31.6,Burgas,False,False,False
2025-10-25,13.6,0.0,68,9.6,Burgas,False,True,True
2025-10-26,13.3,0.1,84,5.8,Burgas,False,True,True
2025-10-27,13.2,11.3,92,10.3,Burgas,False,False,False
2025-10-28,11.7,0.0,78,17.4,Burgas,False,False,False
2025-10-29,11.1,0.0,70,11.8,Burgas,False,False,False
2025-10-30,12.1,0.0,79,9.7,Burgas,False,False,False
2025-10-31,13.0,0.0,79,11.4,Burgas,False,False,False
2025-11-01,13.1,0.0,86,10.2,Burgas,False,True,True
2025-11-02,13.6,0.0,92,11.5,Burgas,False,True,True
2025-11-03,13.2,0.0,87,7.9,Burgas,False,False,False
2025-11-04,13.5,1.1,80,12.7,Burgas,False,False,False
2025-11-05,11.4,4.3,83,15.3,Burgas,False,False,False
2025-11-06,10.7,14.9,87,16.0,Burgas,False,False,False
2025-11-07,13.3,12.0,91,17.4,Burgas,False,False,False
2025-11-08,14.7,2.0,92,20.7,Burgas,False,True,True
2025-11-09,16.1,0.8,87,14.9,Burgas,False,True,True
2025-11-10,16.0,3.8,88,13.4,Burgas,False,False,False
2025-11-11,14.3,2.0,87,17.1,Burgas,False,False,False
2025-11-12,12.4,0.0,77,11.9,Burgas,False,False,False
2025-11-13,9.8,0.0,83,8.1,Burgas,False,False,False
2025-11-14,8.9,0.0,88,7.9,Burgas,False,False,False
2025-11-15,9.6,0.0,89,11.4,Burgas,False,True,True
2025-11-16,9.9,0.0,89,11.8,Burgas,False,True,True
2025-11-17,14.4,0.0,83,24.8,Burgas,False,False,False
2025-11-18,18.0,4.4,80,27.7,Burgas,False,False,False
2025-11-19,14.3,21.2,90,22.2,Burgas,False,False,False
2025-11-20,17.1,0.2,80,23.7,Burgas,False,False,False
2025-11-21,17.5,0.3,76,20.5,Burgas,False,False,False
2025-11-22,17.5,0.0,70,18.5,Burgas,False,True,True
2025-11-23,14.6,2.5,79,17.8,Burgas,False,True,True
2025-11-24,8.6,0.3,81,11.2,Burgas,False,False,False
2025-11-25,9.8,0.0,83,15.3,Burgas,False,False,False
2025-11-26,14.1,0.0,80,23.5,Burgas,False,False,False
2025-11-27,14.3,2.9,80,10.7,Burgas,False,False,False
2025-11-28,13.6,4.2,83,10.7,Burgas,False,False,False
2025-11-29,12.0,7.5,94,14.4,Burgas,False,True,True
2025-11-30,8.7,0.1,79,13.0,Burgas,False,True,True
2025-12-01,7.5,0.0,79,11.2,Burgas,False,False,False
2025-12-02,8.2,0.0,88,8.1,Burgas,False,False,False
2025-12-03,8.8,0.0,93,6.1,Burgas,False,False,False
2025-12-04,10.4,0.0,93,15.8,Burgas,False,False,False
2025-12-05,13.1,1.6,86,29.6,Burgas,False,False,False
2025-12-06,12.4,11.2,90,26.4,Burgas,False,True,True
2025-12-07,7.6,0.5,81,23.6,Burgas,False,True,True
2025-12-08,6.7,1.7,81,16.9,Burgas,False,False,False
2025-12-09,7.9,0.0,79,11.0,Burgas,False,False,False
2025-12-10,6.5,0.0,90,12.6,Burgas,False,False,False
2025-12-11,7.4,0.0,91,6.5,Burgas,False,False,False
2025-12-12,8.0,0.0,85,13.4,Burgas,False,False,False
2025-12-13,7.1,0.0,81,10.7,Burgas,False,True,True
2025-12-14,5.0,0.0,86,11.6,Burgas,False,True,True
2025-12-15,4.8,0.0,83,7.8,Burgas,False,False,False
2025-12-16,4.4,0.0,90,9.0,Burgas,False,False,False
2025-12-17,3.8,0.0,94,6.5,Burgas,False,False,False
2025-12-18,3.8,0.0,91,13.2,Burgas,False,False,False
2025-12-19,5.5,0.0,90,8.5,Burgas,False,False,False
2025-12-20,5.7,0.0,92,11.9,Burgas,False,True,True
2025-12-21,7.7,4.1,92,10.5,Burgas,False,True,True
2025-12-22,7.4,1.6,86,11.6,Burgas,False,False,False
2025-12-23,5.9,0.0,84,10.0,Burgas,False,False,False
2025-12-24,6.7,2.0,94,18.3,Burgas,True,False,True
2025-12-25,7.5,18.0,93,30.8,Burgas,True,False,True
2025-12-26,2.5,0.0,77,20.4,Burgas,True,False,True
2025-12-27,2.5,0.0,79,14.4,Burgas,False,True,True
2025-12-28,2.5,0.3,77,20.8,Burgas,False,True,True
2025-12-29,2.1,0.0,70,21.5,Burgas,False,False,False
2025-12-30,3.0,0.0,71,18.3,Burgas,False,False,False
2025-12-31,-0.2,0.0,67,16.9,Burgas,True,False,True
2025-01-01,5.1,0.0,66,13.7,Dobrich,True,False,True
2025-01-02,6.9,0.0,58,17.6,Dobrich,False,False,False
2025-01-03,6.7,0.0,63,17.0,Dobrich,False,False,False
2025-01-04,3.0,3.7,81,21.6,Dobrich,False,True,True
2025-01-05,0.7,0.0,74,13.5,Dobrich,False,True,True
2025-01-06,5.3,0.0,71,17.1,Dobrich,False,False,False
2025-01-07,8.2,0.0,81,19.3,Dobrich,False,False,False
2025-01-08,10.7,0.0,79,19.9,Dobrich,False,False,False
2025-01-09,11.1,0.0,78,17.3,Dobrich,False,False,False
2025-01-10,9.6,0.0,85,17.8,Dobrich,False,False,False
2025-01-11,2.1,7.8,89,25.5,Dobrich,False,True,True
2025-01-12,0.4,4.5,90,14.9,Dobrich,False,True,True
2025-01-13,0.2,0.2,70,19.2,Dobrich,False,False,False
2025-01-14,-1.2,0.0,77,18.6,Dobrich,False,False,False
2025-01-15,-1.3,0.3,76,11.5,Dobrich,False,False,False
2025-01-16,-0.1,0.0,76,14.6,Dobrich,False,False,False
2025-01-17,0.7,0.0,70,19.3,Dobrich,False,False,False
2025-01-18,2.4,0.0,64,18.2,Dobrich,False,True,True
2025-01-19,3.1,0.0,68,17.8,Dobrich,False,True,True
2025-01-20,2.5,0.0,75,11.3,Dobrich,False,False,False
2025-01-21,3.5,0.0,87,18.6,Dobrich,False,False,False
2025-01-22,5.3,0.0,85,16.3,Dobrich,False,False,False
2025-01-23,5.6,0.0,78,16.4,Dobrich,False,False,False
2025-01-24,7.7,1.2,79,14.3,Dobrich,False,False,False
2025-01-25,4.8,3.1,95,23.3,Dobrich,False,True,True
2025-01-26,6.1,0.0,90,17.9,Dobrich,False,True,True
2025-01-27,7.4,0.0,82,17.7,Dobrich,False,False,False
2025-01-28,9.2,0.0,75,20.9,Dobrich,False,False,False
2025-01-29,11.0,0.0,77,21.8,Dobrich,False,False,False
2025-01-30,11.3,0.0,85,23.1,Dobrich,False,False,False
2025-01-31,9.5,0.0,89,11.9,Dobrich,False,False,False
2025-02-01,7.7,0.0,89,14.3,Dobrich,False,True,True
2025-02-02,5.5,0.0,86,15.3,Dobrich,False,True,True
2025-02-03,4.2,0.7,89,19.2,Dobrich,False,False,False
2025-02-04,-0.8,0.0,69,19.2,Dobrich,False,False,False
2025-02-05,-0.6,0.3,72,24.4,Dobrich,False,False,False
2025-02-06,-1.8,0.0,65,24.3,Dobrich,False,False,False
2025-02-07,-1.4,0.0,65,22.7,Dobrich,False,False,False
2025-02-08,-2.7,0.0,74,21.3,Dobrich,False,True,True
2025-02-09,-3.5,0.0,72,21.8,Dobrich,False,True,True
2025-02-10,-3.5,0.0,68,15.6,Dobrich,False,False,False
2025-02-11,-4.1,0.0,77,18.9,Dobrich,False,False,False
2025-02-12,-2.6,0.0,74,17.1,Dobrich,False,False,False
2025-02-13,0.0,0.0,73,16.2,Dobrich,False,False,False
2025-02-14,5.4,0.0,78,15.5,Dobrich,False,False,False
2025-02-15,2.5,0.1,83,16.2,Dobrich,False,True,True
2025-02-16,-2.0,4.0,86,14.8,Dobrich,False,True,True
2025-02-17,-0.5,7.6,95,22.2,Dobrich,False,False,False
2025-02-18,-1.2,5.1,94,19.6,Dobrich,False,False,False
2025-02-19,-4.4,9.5,88,20.4,Dobrich,False,False,False
2025-02-20,-8.4,0.0,87,13.1,Dobrich,False,False,False
2025-02-21,-8.1,0.0,83,19.7,Dobrich,False,False,False
2025-02-22,-9.3,0.0,80,15.2,Dobrich,False,True,True
2025-02-23,-7.9,0.0,76,11.2,Dobrich,False,True,True
2025-02-24,-4.2,0.0,74,11.5,Dobrich,False,False,False
2025-02-25,-2.8,0.0,74,9.9,Dobrich,False,False,False
2025-02-26,0.1,0.0,80,12.7,Dobrich,False,False,False
2025-02-27,4.5,0.0,96,15.3,Dobrich,False,False,False
2025-02-28,4.8,0.0,93,18.4,Dobrich,False,False,False
2025-03-01,4.4,0.0,92,17.2,Dobrich,False,True,True
2025-03-02,3.3,2.9,95,14.7,Dobrich,False,True,True
2025-03-03,2.4,0.0,77,20.0,Dobrich,True,False,True
2025-03-04,4.0,0.0,72,8.8,Dobrich,False,False,False
2025-03-05,6.7,0.0,65,12.2,Dobrich,False,False,False
2025-03-06,9.2,0.0,58,12.8,Dobrich,False,False,False
2025-03-07,9.7,0.0,47,11.7,Dobrich,False,False,False
2025-03-08,8.6,0.0,46,14.8,Dobrich,False,True,True
2025-03-09,8.5,0.0,56,12.8,Dobrich,False,True,True
2025-03-10,10.8,0.0,58,16.6,Dobrich,False,False,False
2025-03-11,14.1,0.0,55,29.9,Dobrich,False,False,False
2025-03-12,15.5,0.0,69,28.9,Dobrich,False,False,False
2025-03-13,16.1,4.5,63,34.2,Dobrich,False,False,False
2025-03-14,15.8,0.0,67,28.5,Dobrich,False,False,False
2025-03-15,19.2,0.0,49,27.7,Dobrich,False,True,True
2025-03-16,16.7,0.8,55,30.7,Dobrich,False,True,True
2025-03-17,8.5,2.9,87,14.7,Dobrich,False,False,False
2025-03-18,1.1,3.6,62,25.0,Dobrich,False,False,False
2025-03-19,1.3,0.0,53,22.0,Dobrich,False,False,False
2025-03-20,4.3,0.0,58,21.4,Dobrich,False,False,False
2025-03-21,6.1,0.0,58,14.5,Dobrich,False,False,False
2025-03-22,6.9,0.0,58,21.3,Dobrich,False,True,True
2025-03-23,7.6,0.0,78,26.7,Dobrich,False,True,True
2025-03-24,13.8,0.0,75,21.3,Dobrich,False,False,False
2025-03-25,17.0,0.1,65,21.9,Dobrich,False,False,False
2025-03-26,13.7,4.9,85,14.6,Dobrich,False,False,False
2025-03-27,10.7,0.7,91,18.1,Dobrich,False,False,False
2025-03-28,9.6,1.6,86,33.6,Dobrich,False,False,False
2025-03-29,10.9,3.1,85,28.5,Dobrich,False,True,True
2025-03-30,11.8,0.6,84,7.2,Dobrich,False,True,True
2025-03-31,10.3,0.5,88,14.3,Dobrich,False,False,False
2025-04-01,8.5,4.9,94,23.2,Dobrich,False,False,False
2025-04-02,9.5,3.8,85,19.4,Dobrich,False,False,False
2025-04-03,10.0,0.0,74,13.0,Dobrich,False,False,False
2025-04-04,9.3,1.2,89,19.6,Dobrich,False,False,False
2025-04-05,11.6,1.5,78,16.7,Dobrich,False,True,True
2025-04-06,7.2,1.6,77,29.2,Dobrich,False,True,True
2025-04-07,0.5,7.1,81,18.7,Dobrich,False,False,False
2025-04-08,2.9,0.0,62,12.0,Dobrich,False,False,False
2025-04-09,3.9,0.6,61,18.2,Dobrich,False,False,False
2025-04-10,5.5,6.2,68,32.4,Dobrich,False,False,False
2025-04-11,1.6,0.3,63,27.5,Dobrich,False,False,False
2025-04-12,5.3,0.0,67,23.8,Dobrich,False,True,True
2025-04-13,7.1,0.3,73,14.8,Dobrich,False,True,True
2025-04-14,7.6,0.0,77,23.6,Dobrich,False,False,False
2025-04-15,8.6,0.0,78,20.9,Dobrich,False,False,False
2025-04-16,11.1,0.0,63,19.8,Dobrich,False,False,False
2025-04-17,11.2,0.0,77,19.7,Dobrich,False,False,False
2025-04-18,10.7,0.0,83,20.9,Dobrich,True,False,True
2025-04-19,10.8,0.0,82,13.3,Dobrich,True,True,True
2025-04-20,12.9,0.0,79,10.1,Dobrich,True,True,True
2025-04-21,15.2,1.0,72,11.6,Dobrich,True,False,True
2025-04-22,14.6,0.0,61,15.1,Dobrich,False,False,False
2025-04-23,13.5,0.0,72,11.3,Dobrich,False,False,False
2025-04-24,13.7,0.2,71,18.0,Dobrich,False,False,False
2025-04-25,15.2,0.1,70,11.7,Dobrich,False,False,False
2025-04-26,15.1,2.7,74,17.0,Dobrich,False,True,True
2025-04-27,11.8,0.0,67,24.0,Dobrich,False,True,True
2025-04-28,8.7,0.0,58,19.2,Dobrich,False,False,False
2025-04-29,7.9,0.0,66,15.5,Dobrich,False,False,False
2025-04-30,9.9,0.0,60,10.4,Dobrich,False,False,False
2025-05-01,13.6,0.0,51,22.1,Dobrich,True,False,True
2025-05-02,14.0,0.0,53,20.7,Dobrich,False,False,False
2025-05-03,13.5,0.0,40,18.7,Dobrich,False,True,True
2025-05-04,15.3,0.0,51,17.8,Dobrich,False,True,True
2025-05-05,17.8,2.5,64,17.7,Dobrich,False,False,False
2025-05-06,17.8,6.1,81,15.2,Dobrich,True,False,True
2025-05-07,17.3,6.0,76,17.7,Dobrich,False,False,False
2025-05-08,14.8,1.9,83,15.6,Dobrich,False,False,False
2025-05-09,14.2,0.0,78,23.7,Dobrich,False,False,False
2025-05-10,10.1,3.6,82,17.1,Dobrich,False,True,True
2025-05-11,11.7,0.8,78,17.1,Dobrich,False,True,True
2025-05-12,10.0,0.9,82,14.7,Dobrich,False,False,False
2025-05-13,9.9,0.3,77,13.4,Dobrich,False,False,False
2025-05-14,11.2,1.3,71,14.8,Dobrich,False,False,False
2025-05-15,14.1,0.0,62,23.2,Dobrich,False,False,False
2025-05-16,14.0,5.0,70,21.6,Dobrich,False,False,False
2025-05-17,12.7,9.5,76,26.4,Dobrich,False,True,True
2025-05-18,13.0,0.0,64,20.6,Dobrich,False,True,True
2025-05-19,16.0,0.0,57,23.7,Dobrich,False,False,False
2025-05-20,14.3,0.0,61,23.4,Dobrich,False,False,False
2025-05-21,16.3,0.1,68,16.1,Dobrich,False,False,False
2025-05-22,18.9,0.0,69,16.3,Dobrich,False,False,False
2025-05-23,19.4,0.3,73,14.8,Dobrich,False,False,False
2025-05-24,18.7,0.4,75,15.1,Dobrich,True,True,True
2025-05-25,14.3,3.6,83,18.9,Dobrich,False,True,True
2025-05-26,12.4,6.2,90,22.2,Dobrich,True,False,True
2025-05-27,14.0,1.9,80,19.6,Dobrich,False,False,False
2025-05-28,14.8,0.9,79,20.9,Dobrich,False,False,False
2025-05-29,16.9,0.1,73,11.9,Dobrich,False,False,False
2025-05-30,16.8,0.7,79,19.3,Dobrich,False,False,False
2025-05-31,16.9,0.0,69,21.6,Dobrich,False,True,True
2025-06-01,18.6,0.4,66,12.0,Dobrich,False,True,True
2025-06-02,20.4,0.0,66,12.5,Dobrich,False,False,False
2025-06-03,22.3,0.6,62,21.2,Dobrich,False,False,False
2025-06-04,23.6,1.7,59,14.9,Dobrich,False,False,False
2025-06-05,23.2,0.0,57,16.8,Dobrich,False,False,False
2025-06-06,21.9,0.0,61,14.1,Dobrich,False,False,False
2025-06-07,19.9,0.0,69,15.4,Dobrich,False,True,True
2025-06-08,19.9,0.0,60,14.9,Dobrich,False,True,True
2025-06-09,21.9,0.0,55,11.1,Dobrich,False,False,False
2025-06-10,21.7,0.0,57,22.8,Dobrich,False,False,False
2025-06-11,21.4,0.0,52,14.3,Dobrich,False,False,False
2025-06-12,21.2,0.0,56,14.5,Dobrich,False,False,False
2025-06-13,20.2,1.8,59,15.7,Dobrich,False,False,False
2025-06-14,18.6,0.0,58,16.8,Dobrich,False,True,True
2025-06-15,18.9,0.0,53,20.1,Dobrich,False,True,True
2025-06-16,21.6,0.0,45,19.4,Dobrich,False,False,False
2025-06-17,23.7,0.0,46,15.7,Dobrich,False,False,False
2025-06-18,22.7,0.2,55,17.3,Dobrich,False,False,False
2025-06-19,24.9,0.0,52,11.5,Dobrich,False,False,False
2025-06-20,22.9,0.0,51,20.4,Dobrich,False,False,False
2025-06-21,20.7,0.0,40,19.6,Dobrich,False,True,True
2025-06-22,20.6,0.0,51,16.1,Dobrich,False,True,True
2025-06-23,23.6,0.0,42,16.7,Dobrich,False,False,False
2025-06-24,27.0,0.0,34,20.8,Dobrich,False,False,False
2025-06-25,27.0,0.0,39,17.4,Dobrich,False,False,False
2025-06-26,27.8,0.0,43,18.3,Dobrich,False,False,False
2025-06-27,25.7,0.0,52,21.4,Dobrich,False,False,False
2025-06-28,22.6,3.3,67,20.1,Dobrich,False,True,True
2025-06-29,21.7,0.0,48,28.9,Dobrich,False,True,True
2025-06-30,24.3,0.6,56,16.6,Dobrich,False,False,False
2025-07-01,23.2,0.0,47,22.1,Dobrich,False,False,False
2025-07-02,21.8,0.0,48,16.1,Dobrich,False,False,False
2025-07-03,23.3,0.0,43,19.7,Dobrich,False,False,False
2025-07-04,25.6,0.0,40,22.4,Dobrich,False,False,False
2025-07-05,26.7,0.0,38,18.5,Dobrich,False,True,True
2025-07-06,26.1,0.0,43,19.5,Dobrich,False,True,True
2025-07-07,26.1,0.0,43,21.7,Dobrich,False,False,False
2025-07-08,25.0,0.0,66,18.3,Dobrich,False,False,False
2025-07-09,25.6,1.1,67,28.5,Dobrich,False,False,False
2025-07-10,21.5,0.6,50,26.4,Dobrich,False,False,False
2025-07-11,22.0,0.5,53,17.4,Dobrich,False,False,False
2025-07-12,23.1,0.0,55,17.9,Dobrich,False,True,True
2025-07-13,25.0,0.0,47,20.5,Dobrich,False,True,True
2025-07-14,26.8,0.0,37,18.4,Dobrich,False,False,False
2025-07-15,26.9,0.3,40,17.7,Dobrich,False,False,False
2025-07-16,25.8,0.2,53,13.5,Dobrich,False,False,False
2025-07-17,24.4,1.7,67,18.1,Dobrich,False,False,False
2025-07-18,21.6,9.8,61,22.4,Dobrich,False,False,False
2025-07-19,23.0,0.0,46,15.6,Dobrich,False,True,True
2025-07-20,25.8,0.0,41,24.7,Dobrich,False,True,True
2025-07-21,27.5,0.0,47,24.9,Dobrich,False,False,False
2025-07-22,28.7,0.0,43,21.2,Dobrich,False,False,False
2025-07-23,27.5,0.0,51,20.3,Dobrich,False,False,False
2025-07-24,27.0,0.0,57,17.4,Dobrich,False,False,False
2025-07-25,26.9,0.0,57,19.7,Dobrich,False,False,False
2025-07-26,28.9,0.0,39,18.1,Dobrich,False,True,True
2025-07-27,27.7,0.0,40,25.1,Dobrich,False,True,True
2025-07-28,27.6,0.0,59,13.9,Dobrich,False,False,False
2025-07-29,25.4,0.8,61,24.2,Dobrich,False,False,False
2025-07-30,23.3,0.1,66,18.0,Dobrich,False,False,False
2025-07-31,23.8,1.0,55,10.3,Dobrich,False,False,False
2025-08-01,24.5,0.1,53,18.5,Dobrich,False,False,False
2025-08-02,24.5,0.0,44,21.6,Dobrich,False,True,True
2025-08-03,25.1,0.0,45,17.9,Dobrich,False,True,True
2025-08-04,25.8,0.0,51,20.6,Dobrich,False,False,False
2025-08-05,25.9,0.0,46,20.8,Dobrich,False,False,False
2025-08-06,26.3,0.0,61,17.1,Dobrich,False,False,False
2025-08-07,25.8,0.1,51,21.4,Dobrich,False,False,False
2025-08-08,24.8,0.0,39,20.0,Dobrich,False,False,False
2025-08-09,25.0,0.0,44,15.5,Dobrich,False,True,True
2025-08-10,25.9,0.0,49,21.1,Dobrich,False,True,True
2025-08-11,26.8,0.1,52,20.0,Dobrich,False,False,False
2025-08-12,24.2,0.0,53,16.4,Dobrich,False,False,False
2025-08-13,22.5,0.0,54,17.4,Dobrich,False,False,False
2025-08-14,23.2,0.0,52,22.7,Dobrich,False,False,False
2025-08-15,24.4,0.0,51,23.3,Dobrich,False,False,False
2025-08-16,23.3,0.0,53,18.2,Dobrich,False,True,True
2025-08-17,22.5,0.0,58,14.6,Dobrich,False,True,True
2025-08-18,23.9,0.8,56,15.2,Dobrich,False,False,False
2025-08-19,21.5,2.3,57,15.6,Dobrich,False,False,False
2025-08-20,20.9,3.2,66,18.7,Dobrich,False,False,False
2025-08-21,23.3,0.0,60,24.0,Dobrich,False,False,False
2025-08-22,24.4,2.4,68,22.5,Dobrich,False,False,False
2025-08-23,20.7,0.0,68,21.7,Dobrich,False,True,True
2025-08-24,20.2,0.0,53,20.9,Dobrich,False,True,True
2025-08-25,17.5,2.4,65,18.7,Dobrich,False,False,False
2025-08-26,19.0,0.0,61,16.6,Dobrich,False,False,False
2025-08-27,20.2,0.0,56,12.6,Dobrich,False,False,False
2025-08-28,20.5,0.0,58,17.7,Dobrich,False,False,False
2025-08-29,22.1,0.0,61,15.7,Dobrich,False,False,False
2025-08-30,23.4,0.0,63,15.0,Dobrich,False,True,True
2025-08-31,23.2,2.9,70,17.6,Dobrich,False,True,True
2025-09-01,21.5,0.2,61,25.7,Dobrich,False,False,False
2025-09-02,24.5,0.0,55,18.3,Dobrich,False,False,False
2025-09-03,24.7,0.0,58,22.2,Dobrich,False,False,False
2025-09-04,22.6,0.0,69,20.5,Dobrich,False,False,False
2025-09-05,22.0,0.0,66,19.9,Dobrich,False,False,False
2025-09-06,21.0,0.0,64,15.8,Dobrich,True,True,True
2025-09-07,20.7,0.0,59,19.7,Dobrich,False,True,True
2025-09-08,20.9,0.0,56,19.7,Dobrich,True,False,True
2025-09-09,21.6,0.0,55,20.7,Dobrich,False,False,False
2025-09-10,21.5,0.0,60,16.8,Dobrich,False,False,False
2025-09-11,20.8,0.0,70,18.7,Dobrich,False,False,False
2025-09-12,20.1,16.6,86,11.4,Dobrich,False,False,False
2025-09-13,20.2,0.0,72,18.4,Dobrich,False,True,True
2025-09-14,18.2,0.0,66,16.6,Dobrich,False,True,True
2025-09-15,18.1,0.0,65,12.7,Dobrich,False,False,False
2025-09-16,19.5,0.0,66,12.7,Dobrich,False,False,False
2025-09-17,18.2,5.5,79,22.9,Dobrich,False,False,False
2025-09-18,15.7,0.0,64,25.6,Dobrich,False,False,False
2025-09-19,16.4,0.0,52,18.8,Dobrich,False,False,False
2025-09-20,18.5,0.1,63,17.9,Dobrich,False,True,True
2025-09-21,18.9,0.0,67,15.7,Dobrich,False,True,True
2025-09-22,17.7,0.0,73,18.2,Dobrich,True,False,True
2025-09-23,18.1,0.0,76,12.9,Dobrich,False,False,False
2025-09-24,17.5,0.0,74,12.1,Dobrich,False,False,False
2025-09-25,15.8,0.0,70,21.9,Dobrich,False,False,False
2025-09-26,14.4,0.0,54,24.8,Dobrich,False,False,False
2025-09-27,12.8,0.2,65,18.8,Dobrich,False,True,True
2025-09-28,13.7,0.0,59,13.5,Dobrich,False,True,True
2025-09-29,12.4,4.5,74,11.5,Dobrich,False,False,False
2025-09-30,12.7,0.2,72,16.7,Dobrich,False,False,False
2025-10-01,11.9,0.0,67,13.5,Dobrich,False,False,False
2025-10-02,9.8,1.9,75,28.9,Dobrich,False,False,False
2025-10-03,11.1,26.6,96,32.3,Dobrich,False,False,False
2025-10-04,9.8,0.8,83,18.7,Dobrich,False,True,True
2025-10-05,11.7,0.0,68,15.8,Dobrich,False,True,True
2025-10-06,13.7,5.6,80,13.2,Dobrich,False,False,False
2025-10-07,12.2,37.3,97,24.1,Dobrich,False,False,False
2025-10-08,13.4,12.4,93,16.7,Dobrich,False,False,False
2025-10-09,11.9,5.7,86,25.4,Dobrich,False,False,False
2025-10-10,13.2,0.0,69,18.3,Dobrich,False,False,False
2025-10-11,11.7,7.4,79,21.7,Dobrich,False,True,True
2025-10-12,11.9,0.0,71,19.5,Dobrich,False,True,True
2025-10-13,13.5,0.1,74,15.4,Dobrich,False,False,False
2025-10-14,11.0,0.2,84,11.2,Dobrich,False,False,False
2025-10-15,10.9,1.0,85,15.8,Dobrich,False,False,False
2025-10-16,11.5,0.7,79,11.9,Dobrich,False,False,False
2025-10-17,12.1,0.1,75,15.9,Dobrich,False,False,False
2025-10-18,12.6,4.1,88,10.8,Dobrich,False,True,True
2025-10-19,11.2,0.9,76,18.1,Dobrich,False,True,True
2025-10-20,9.0,0.0,66,13.2,Dobrich,False,False,False
2025-10-21,11.6,0.1,76,18.6,Dobrich,False,False,False
2025-10-22,14.2,0.0,74,14.2,Dobrich,False,False,False
2025-10-23,15.4,0.4,86,14.1,Dobrich,False,False,False
2025-10-24,15.4,1.3,79,30.8,Dobrich,False,False,False
2025-10-25,12.0,0.0,61,21.9,Dobrich,False,True,True
2025-10-26,13.5,0.4,76,19.6,Dobrich,False,True,True
2025-10-27,11.9,10.4,90,19.8,Dobrich,False,False,False
2025-10-28,10.0,2.1,73,27.4,Dobrich,False,False,False
2025-10-29,11.2,0.0,57,16.6,Dobrich,False,False,False
2025-10-30,13.3,0.0,59,16.2,Dobrich,False,False,False
2025-10-31,14.4,0.0,61,12.4,Dobrich,False,False,False
2025-11-01,13.5,0.0,76,10.8,Dobrich,False,True,True
2025-11-02,13.4,0.0,87,16.4,Dobrich,False,True,True
2025-11-03,13.3,0.0,86,13.4,Dobrich,False,False,False
2025-11-04,12.4,0.2,81,20.7,Dobrich,False,False,False
2025-11-05,9.5,7.9,86,18.8,Dobrich,False,False,False
2025-11-06,8.7,11.3,92,18.3,Dobrich,False,False,False
2025-11-07,9.8,4.1,96,21.6,Dobrich,False,False,False
2025-11-08,12.2,0.2,92,17.7,Dobrich,False,True,True
2025-11-09,14.6,0.5,89,19.7,Dobrich,False,True,True
2025-11-10,14.7,2.2,91,22.7,Dobrich,False,False,False
2025-11-11,12.4,2.6,93,17.3,Dobrich,False,False,False
2025-11-12,9.9,0.1,85,14.4,Dobrich,False,False,False
2025-11-13,7.2,0.0,85,9.7,Dobrich,False,False,False
2025-11-14,6.3,0.0,90,8.8,Dobrich,False,False,False
2025-11-15,9.6,0.0,85,15.2,Dobrich,False,True,True
2025-11-16,7.9,0.0,88,10.1,Dobrich,False,True,True
2025-11-17,12.9,0.0,78,31.3,Dobrich,False,False,False
2025-11-18,15.6,3.1,79,30.3,Dobrich,False,False,False
2025-11-19,8.6,11.1,93,19.1,Dobrich,False,False,False
2025-11-20,14.5,0.1,85,22.4,Dobrich,False,False,False
2025-11-21,16.2,0.0,78,26.4,Dobrich,False,False,False
2025-11-22,17.1,0.0,70,22.6,Dobrich,False,True,True
2025-11-23,12.8,0.9,78,21.4,Dobrich,False,True,True
2025-11-24,6.4,0.0,72,19.4,Dobrich,False,False,False
2025-11-25,9.4,0.0,78,20.5,Dobrich,False,False,False
2025-11-26,13.3,0.0,81,24.8,Dobrich,False,False,False
2025-11-27,14.2,0.2,80,22.8,Dobrich,False,False,False
2025-11-28,12.1,1.3,90,14.7,Dobrich,False,False,False
2025-11-29,11.7,13.6,97,16.4,Dobrich,False,True,True
2025-11-30,6.9,0.0,83,20.2,Dobrich,False,True,True
2025-12-01,5.8,0.0,82,15.2,Dobrich,False,False,False
2025-12-02,6.8,0.0,83,9.5,Dobrich,False,False,False
2025-12-03,8.1,1.5,93,14.5,Dobrich,False,False,False
2025-12-04,10.1,0.0,88,17.2,Dobrich,False,False,False
2025-12-05,10.4,0.4,88,29.2,Dobrich,False,False,False
2025-12-06,7.9,8.9,95,29.7,Dobrich,False,True,True
2025-12-07,4.4,1.7,95,23.9,Dobrich,False,True,True
2025-12-08,3.8,0.0,86,23.4,Dobrich,False,False,False
2025-12-09,4.7,0.0,84,15.6,Dobrich,False,False,False
2025-12-10,5.8,0.0,88,15.4,Dobrich,False,False,False
2025-12-11,6.8,0.0,89,8.9,Dobrich,False,False,False
2025-12-12,5.6,0.0,95,14.6,Dobrich,False,False,False
2025-12-13,4.7,0.0,90,18.1,Dobrich,False,True,True
2025-12-14,3.4,0.0,88,16.8,Dobrich,False,True,True
2025-12-15,3.1,0.0,88,13.3,Dobrich,False,False,False
2025-12-16,1.7,0.0,89,12.5,Dobrich,False,False,False
2025-12-17,3.6,0.0,91,13.8,Dobrich,False,False,False
2025-12-18,4.6,0.0,80,13.6,Dobrich,False,False,False
2025-12-19,5.7,0.0,84,13.0,Dobrich,False,False,False
2025-12-20,4.2,0.0,95,13.5,Dobrich,False,True,True
2025-12-21,4.7,0.6,97,11.0,Dobrich,False,True,True
2025-12-22,2.9,0.0,93,13.5,Dobrich,False,False,False
2025-12-23,3.1,0.0,89,8.1,Dobrich,False,False,False
2025-12-24,5.3,3.6,93,29.9,Dobrich,True,False,True
2025-12-25,1.8,3.8,91,32.1,Dobrich,True,False,True
2025-12-26,-2.1,0.0,82,23.4,Dobrich,True,False,True
2025-12-27,-0.4,0.0,82,21.7,Dobrich,False,True,True
2025-12-28,1.0,0.6,71,27.2,Dobrich,False,True,True
2025-12-29,0.4,0.0,71,27.9,Dobrich,False,False,False
2025-12-30,0.8,0.0,63,26.2,Dobrich,False,False,False
2025-12-31,-2.6,0.1,66,26.1,Dobrich,True,False,True
2025-01-01,2.5,0.0,59,5.6,Gabrovo,True,False,True
2025-01-02,0.2,0.0,78,10.3,Gabrovo,False,False,False
2025-01-03,0.9,0.1,76,11.7,Gabrovo,False,False,False
2025-01-04,-0.7,0.8,80,23.1,Gabrovo,False,True,True
2025-01-05,-3.1,0.0,78,11.6,Gabrovo,False,True,True
2025-01-06,1.7,0.0,74,13.9,Gabrovo,False,False,False
2025-01-07,4.7,0.0,72,13.9,Gabrovo,False,False,False
2025-01-08,6.2,0.0,77,14.2,Gabrovo,False,False,False
2025-01-09,7.8,0.0,72,13.4,Gabrovo,False,False,False
2025-01-10,6.2,0.0,81,18.4,Gabrovo,False,False,False
2025-01-11,-0.4,5.7,81,17.8,Gabrovo,False,True,True
2025-01-12,-1.4,2.6,78,15.4,Gabrovo,False,True,True
2025-01-13,-2.0,1.9,81,13.0,Gabrovo,False,False,False
2025-01-14,-3.1,0.5,85,8.6,Gabrovo,False,False,False
2025-01-15,-2.9,0.9,82,4.0,Gabrovo,False,False,False
2025-01-16,-1.4,0.0,83,4.9,Gabrovo,False,False,False
2025-01-17,-0.8,0.0,75,8.4,Gabrovo,False,False,False
2025-01-18,1.6,0.0,62,6.5,Gabrovo,False,True,True
2025-01-19,2.9,0.0,52,5.6,Gabrovo,False,True,True
2025-01-20,3.2,0.0,54,9.8,Gabrovo,False,False,False
2025-01-21,1.2,0.0,75,7.4,Gabrovo,False,False,False
2025-01-22,2.8,0.0,78,12.0,Gabrovo,False,False,False
2025-01-23,4.1,0.0,74,12.1,Gabrovo,False,False,False
2025-01-24,7.2,0.6,74,12.1,Gabrovo,False,False,False
2025-01-25,5.1,0.0,78,16.4,Gabrovo,False,True,True
2025-01-26,4.0,0.0,78,14.6,Gabrovo,False,True,True
2025-01-27,7.4,0.0,64,13.5,Gabrovo,False,False,False
2025-01-28,8.8,0.0,62,16.8,Gabrovo,False,False,False
2025-01-29,9.4,0.0,63,15.3,Gabrovo,False,False,False
2025-01-30,9.0,0.0,86,15.2,Gabrovo,False,False,False
2025-01-31,8.0,0.0,78,8.0,Gabrovo,False,False,False
2025-02-01,7.5,0.0,72,13.2,Gabrovo,False,True,True
2025-02-02,4.8,0.0,82,16.4,Gabrovo,False,True,True
2025-02-03,3.4,1.1,91,17.7,Gabrovo,False,False,False
2025-02-04,0.4,0.8,76,8.0,Gabrovo,False,False,False
2025-02-05,-0.3,0.0,66,18.7,Gabrovo,False,False,False
2025-02-06,-1.0,0.0,74,14.2,Gabrovo,False,False,False
2025-02-07,-3.9,0.0,75,7.6,Gabrovo,False,False,False
2025-02-08,-4.7,0.0,75,8.7,Gabrovo,False,True,True
2025-02-09,-5.4,0.0,76,7.4,Gabrovo,False,True,True
2025-02-10,-5.1,0.0,62,9.0,Gabrovo,False,False,False
2025-02-11,-5.0,0.0,65,9.8,Gabrovo,False,False,False
2025-02-12,-4.0,0.0,72,12.9,Gabrovo,False,False,False
2025-02-13,0.1,0.0,71,11.2,Gabrovo,False,False,False
2025-02-14,3.5,0.0,71,11.7,Gabrovo,False,False,False
2025-02-15,2.9,0.2,80,9.9,Gabrovo,False,True,True
2025-02-16,-0.9,1.7,96,8.3,Gabrovo,False,True,True
2025-02-17,-3.5,6.4,94,6.9,Gabrovo,False,False,False
2025-02-18,-4.6,5.3,92,7.8,Gabrovo,False,False,False
2025-02-19,-5.0,2.5,92,12.7,Gabrovo,False,False,False
2025-02-20,-6.8,0.0,78,7.2,Gabrovo,False,False,False
2025-02-21,-7.5,0.0,74,10.6,Gabrovo,False,False,False
2025-02-22,-8.4,0.0,70,10.1,Gabrovo,False,True,True
2025-02-23,-6.7,0.0,71,8.1,Gabrovo,False,True,True
2025-02-24,-3.0,0.0,73,9.0,Gabrovo,False,False,False
2025-02-25,-0.4,0.4,88,7.0,Gabrovo,False,False,False
2025-02-26,2.4,0.0,78,11.9,Gabrovo,False,False,False
2025-02-27,4.6,0.0,82,11.5,Gabrovo,False,False,False
2025-02-28,4.1,0.0,92,8.4,Gabrovo,False,False,False
2025-03-01,4.9,1.1,92,7.8,Gabrovo,False,True,True
2025-03-02,3.0,6.6,96,15.7,Gabrovo,False,True,True
2025-03-03,2.4,1.0,72,16.6,Gabrovo,True,False,True
2025-03-04,3.4,0.0,59,8.3,Gabrovo,False,False,False
2025-03-05,6.0,0.0,54,6.5,Gabrovo,False,False,False
2025-03-06,7.7,0.0,48,7.2,Gabrovo,False,False,False
2025-03-07,8.0,0.0,51,11.2,Gabrovo,False,False,False
2025-03-08,6.4,0.0,58,11.2,Gabrovo,False,True,True
2025-03-09,5.9,0.0,54,9.5,Gabrovo,False,True,True
2025-03-10,8.9,0.0,49,14.6,Gabrovo,False,False,False
2025-03-11,10.9,0.1,62,26.8,Gabrovo,False,False,False
2025-03-12,13.6,1.9,75,24.5,Gabrovo,False,False,False
2025-03-13,14.8,5.2,69,30.3,Gabrovo,False,False,False
2025-03-14,14.5,0.1,71,18.4,Gabrovo,False,False,False
2025-03-15,19.5,0.2,43,27.7,Gabrovo,False,True,True
2025-03-16,13.9,2.7,69,21.5,Gabrovo,False,True,True
2025-03-17,8.4,5.7,79,22.8,Gabrovo,False,False,False
2025-03-18,-1.0,5.1,76,22.3,Gabrovo,False,False,False
2025-03-19,-0.1,0.1,62,15.0,Gabrovo,False,False,False
2025-03-20,2.3,0.0,54,8.8,Gabrovo,False,False,False
2025-03-21,4.4,0.0,51,12.2,Gabrovo,False,False,False
2025-03-22,7.8,0.0,55,17.9,Gabrovo,False,True,True
2025-03-23,10.7,0.0,65,22.0,Gabrovo,False,True,True
2025-03-24,12.7,3.0,74,20.2,Gabrovo,False,False,False
2025-03-25,16.0,0.5,66,18.4,Gabrovo,False,False,False
2025-03-26,13.2,3.3,85,9.7,Gabrovo,False,False,False
2025-03-27,13.2,0.7,70,16.3,Gabrovo,False,False,False
2025-03-28,10.3,10.8,82,16.7,Gabrovo,False,False,False
2025-03-29,10.0,4.0,83,10.8,Gabrovo,False,True,True
2025-03-30,9.2,4.0,91,11.4,Gabrovo,False,True,True
2025-03-31,9.7,16.1,86,10.7,Gabrovo,False,False,False
2025-04-01,8.1,7.5,94,19.7,Gabrovo,False,False,False
2025-04-02,7.4,21.2,97,13.6,Gabrovo,False,False,False
2025-04-03,9.2,0.5,73,19.9,Gabrovo,False,False,False
2025-04-04,8.0,3.8,82,12.8,Gabrovo,False,False,False
2025-04-05,10.0,0.1,71,14.2,Gabrovo,False,True,True
2025-04-06,5.5,2.0,63,28.0,Gabrovo,False,True,True
2025-04-07,-0.7,8.6,86,14.5,Gabrovo,False,False,False
2025-04-08,-0.6,0.0,64,12.8,Gabrovo,False,False,False
2025-04-09,1.9,0.3,62,18.8,Gabrovo,False,False,False
2025-04-10,4.7,2.3,62,30.5,Gabrovo,False,False,False
2025-04-11,3.0,1.4,61,25.1,Gabrovo,False,False,False
2025-04-12,5.6,10.3,83,14.3,Gabrovo,False,True,True
2025-04-13,8.2,0.0,68,12.2,Gabrovo,False,True,True
2025-04-14,9.8,0.0,73,20.9,Gabrovo,False,False,False
2025-04-15,10.5,1.6,66,23.1,Gabrovo,False,False,False
2025-04-16,14.7,0.0,67,20.8,Gabrovo,False,False,False
2025-04-17,17.0,0.1,58,24.8,Gabrovo,False,False,False
2025-04-18,16.4,1.0,60,28.5,Gabrovo,True,False,True
2025-04-19,11.4,2.2,87,17.4,Gabrovo,True,True,True
2025-04-20,12.2,0.0,76,8.8,Gabrovo,True,True,True
2025-04-21,14.6,0.0,71,9.4,Gabrovo,True,False,True
2025-04-22,14.5,2.4,76,12.5,Gabrovo,False,False,False
2025-04-23,13.4,6.2,84,12.1,Gabrovo,False,False,False
2025-04-24,13.5,0.0,74,14.2,Gabrovo,False,False,False
2025-04-25,13.9,0.1,69,12.8,Gabrovo,False,False,False
2025-04-26,14.1,6.2,70,13.4,Gabrovo,False,True,True
2025-04-27,11.0,0.9,85,15.4,Gabrovo,False,True,True
2025-04-28,9.4,0.0,64,14.4,Gabrovo,False,False,False
2025-04-29,8.9,0.0,48,10.2,Gabrovo,False,False,False
2025-04-30,11.3,0.0,60,11.1,Gabrovo,False,False,False
2025-05-01,13.3,4.5,66,15.3,Gabrovo,True,False,True
2025-05-02,13.5,0.3,71,10.5,Gabrovo,False,False,False
2025-05-03,14.6,0.0,67,9.4,Gabrovo,False,True,True
2025-05-04,16.6,0.0,65,11.2,Gabrovo,False,True,True
2025-05-05,16.5,0.3,76,9.0,Gabrovo,False,False,False
2025-05-06,16.9,7.6,73,7.4,Gabrovo,True,False,True
2025-05-07,14.8,4.7,82,11.6,Gabrovo,False,False,False
2025-05-08,14.9,0.5,77,14.8,Gabrovo,False,False,False
2025-05-09,12.8,0.7,76,20.0,Gabrovo,False,False,False
2025-05-10,10.5,8.7,89,10.3,Gabrovo,False,True,True
2025-05-11,10.7,0.0,78,8.7,Gabrovo,False,True,True
2025-05-12,10.4,1.1,78,12.8,Gabrovo,False,False,False
2025-05-13,9.1,1.1,78,9.6,Gabrovo,False,False,False
2025-05-14,9.5,0.2,69,8.2,Gabrovo,False,False,False
2025-05-15,13.1,0.0,64,17.8,Gabrovo,False,False,False
2025-05-16,12.4,9.1,79,18.9,Gabrovo,False,False,False
2025-05-17,9.8,3.5,74,25.2,Gabrovo,False,True,True
2025-05-18,11.9,0.1,63,16.7,Gabrovo,False,True,True
2025-05-19,13.6,0.0,63,15.7,Gabrovo,False,False,False
2025-05-20,13.2,2.7,74,19.2,Gabrovo,False,False,False
2025-05-21,15.7,1.9,73,7.5,Gabrovo,False,False,False
2025-05-22,16.1,2.9,82,14.4,Gabrovo,False,False,False
2025-05-23,17.2,0.0,81,4.4,Gabrovo,False,False,False
2025-05-24,13.9,5.3,86,17.3,Gabrovo,True,True,True
2025-05-25,9.4,13.1,92,18.1,Gabrovo,False,True,True
2025-05-26,8.8,18.6,94,19.8,Gabrovo,True,False,True
2025-05-27,12.8,8.8,83,24.1,Gabrovo,False,False,False
2025-05-28,14.5,2.0,70,25.7,Gabrovo,False,False,False
2025-05-29,14.7,2.3,72,20.8,Gabrovo,False,False,False
2025-05-30,13.1,4.8,86,20.5,Gabrovo,False,False,False
2025-05-31,14.2,2.3,81,10.7,Gabrovo,False,True,True
2025-06-01,15.9,0.9,74,11.4,Gabrovo,False,True,True
2025-06-02,18.1,0.0,74,7.4,Gabrovo,False,False,False
2025-06-03,19.6,0.0,70,9.8,Gabrovo,False,False,False
2025-06-04,22.0,0.0,65,9.4,Gabrovo,False,False,False
2025-06-05,21.7,0.0,77,10.4,Gabrovo,False,False,False
2025-06-06,21.8,0.4,74,12.3,Gabrovo,False,False,False
2025-06-07,21.2,0.0,76,8.2,Gabrovo,False,True,True
2025-06-08,21.2,0.0,71,12.1,Gabrovo,False,True,True
2025-06-09,21.1,3.2,72,18.7,Gabrovo,False,False,False
2025-06-10,18.9,0.1,74,11.6,Gabrovo,False,False,False
2025-06-11,19.9,0.0,66,12.5,Gabrovo,False,False,False
2025-06-12,19.4,0.0,62,15.6,Gabrovo,False,False,False
2025-06-13,19.0,0.0,62,11.4,Gabrovo,False,False,False
2025-06-14,17.1,0.4,74,10.1,Gabrovo,False,True,True
2025-06-15,17.0,1.3,73,11.1,Gabrovo,False,True,True
2025-06-16,19.2,0.0,62,9.2,Gabrovo,False,False,False
2025-06-17,21.1,0.0,58,7.6,Gabrovo,False,False,False
2025-06-18,21.1,2.8,68,9.8,Gabrovo,False,False,False
2025-06-19,22.5,0.3,67,11.8,Gabrovo,False,False,False
2025-06-20,22.2,0.3,60,18.8,Gabrovo,False,False,False
2025-06-21,16.0,1.7,73,11.0,Gabrovo,False,True,True
2025-06-22,18.1,0.0,59,9.8,Gabrovo,False,True,True
2025-06-23,20.6,0.0,49,12.5,Gabrovo,False,False,False
2025-06-24,22.9,0.0,50,13.5,Gabrovo,False,False,False
2025-06-25,24.0,0.0,48,10.0,Gabrovo,False,False,False
2025-06-26,25.7,0.0,49,9.8,Gabrovo,False,False,False
2025-06-27,25.8,0.0,57,10.2,Gabrovo,False,False,False
2025-06-28,21.6,17.5,74,21.1,Gabrovo,False,True,True
2025-06-29,18.9,8.7,74,14.1,Gabrovo,False,True,True
2025-06-30,22.1,1.0,57,15.2,Gabrovo,False,False,False
2025-07-01,22.1,0.0,58,12.4,Gabrovo,False,False,False
2025-07-02,20.7,0.0,59,13.4,Gabrovo,False,False,False
2025-07-03,21.9,0.0,50,7.8,Gabrovo,False,False,False
2025-07-04,23.7,0.0,50,11.2,Gabrovo,False,False,False
2025-07-05,24.7,0.0,51,10.1,Gabrovo,False,True,True
2025-07-06,26.4,0.3,45,13.0,Gabrovo,False,True,True
2025-07-07,28.0,0.0,41,17.4,Gabrovo,False,False,False
2025-07-08,27.0,0.0,45,16.4,Gabrovo,False,False,False
2025-07-09,22.5,4.1,58,24.7,Gabrovo,False,False,False
2025-07-10,17.4,0.1,60,27.7,Gabrovo,False,False,False
2025-07-11,18.8,0.2,60,14.7,Gabrovo,False,False,False
2025-07-12,20.5,0.0,55,9.0,Gabrovo,False,True,True
2025-07-13,23.8,0.0,45,12.3,Gabrovo,False,True,True
2025-07-14,25.4,0.0,40,11.9,Gabrovo,False,False,False
2025-07-15,23.3,2.6,51,15.6,Gabrovo,False,False,False
2025-07-16,23.3,0.0,57,13.1,Gabrovo,False,False,False
2025-07-17,22.2,16.3,61,26.3,Gabrovo,False,False,False
2025-07-18,18.2,0.0,66,18.5,Gabrovo,False,False,False
2025-07-19,20.1,0.0,55,14.4,Gabrovo,False,True,True
2025-07-20,23.0,0.1,51,10.7,Gabrovo,False,True,True
2025-07-21,25.9,0.0,49,11.2,Gabrovo,False,False,False
2025-07-22,27.8,0.0,44,13.8,Gabrovo,False,False,False
2025-07-23,26.8,0.0,50,13.4,Gabrovo,False,False,False
2025-07-24,26.5,0.1,52,13.6,Gabrovo,False,False,False
2025-07-25,27.7,0.0,43,11.8,Gabrovo,False,False,False
2025-07-26,29.8,0.0,37,18.0,Gabrovo,False,True,True
2025-07-27,28.5,0.0,32,19.1,Gabrovo,False,True,True
2025-07-28,23.8,1.1,61,20.3,Gabrovo,False,False,False
2025-07-29,20.8,3.6,74,12.0,Gabrovo,False,False,False
2025-07-30,20.9,2.1,69,22.7,Gabrovo,False,False,False
2025-07-31,19.6,1.9,74,8.7,Gabrovo,False,False,False
2025-08-01,19.8,0.9,76,10.2,Gabrovo,False,False,False
2025-08-02,21.4,0.0,63,14.7,Gabrovo,False,True,True
2025-08-03,22.4,0.0,52,13.9,Gabrovo,False,True,True
2025-08-04,24.1,0.0,46,15.9,Gabrovo,False,False,False
2025-08-05,21.5,0.1,66,11.4,Gabrovo,False,False,False
2025-08-06,22.5,0.0,61,11.0,Gabrovo,False,False,False
2025-08-07,22.7,0.3,61,14.5,Gabrovo,False,False,False
2025-08-08,22.2,0.0,60,11.9,Gabrovo,False,False,False
2025-08-09,23.4,0.0,53,10.3,Gabrovo,False,True,True
2025-08-10,24.4,0.0,49,11.6,Gabrovo,False,True,True
2025-08-11,25.5,0.0,47,11.9,Gabrovo,False,False,False
2025-08-12,24.3,0.0,52,11.5,Gabrovo,False,False,False
2025-08-13,22.8,0.0,50,11.7,Gabrovo,False,False,False
2025-08-14,21.2,0.0,54,13.9,Gabrovo,False,False,False
2025-08-15,22.7,0.0,46,12.9,Gabrovo,False,False,False
2025-08-16,22.6,0.0,47,12.5,Gabrovo,False,True,True
2025-08-17,21.8,0.0,47,10.5,Gabrovo,False,True,True
2025-08-18,21.1,8.3,61,12.5,Gabrovo,False,False,False
2025-08-19,16.8,6.0,91,9.2,Gabrovo,False,False,False
2025-08-20,19.0,0.0,71,9.9,Gabrovo,False,False,False
2025-08-21,23.4,0.0,53,17.5,Gabrovo,False,False,False
2025-08-22,23.8,3.0,61,17.7,Gabrovo,False,False,False
2025-08-23,19.4,0.0,55,25.3,Gabrovo,False,True,True
2025-08-24,18.2,0.0,44,23.1,Gabrovo,False,True,True
2025-08-25,16.3,0.0,55,10.9,Gabrovo,False,False,False
2025-08-26,18.0,0.0,46,10.2,Gabrovo,False,False,False
2025-08-27,18.7,0.0,45,9.4,Gabrovo,False,False,False
2025-08-28,20.1,0.0,52,15.1,Gabrovo,False,False,False
2025-08-29,21.8,0.0,46,15.5,Gabrovo,False,False,False
2025-08-30,24.5,0.0,43,15.6,Gabrovo,False,True,True
2025-08-31,20.2,9.2,61,14.4,Gabrovo,False,True,True
2025-09-01,19.8,0.0,58,20.1,Gabrovo,False,False,False
2025-09-02,22.5,0.0,57,12.0,Gabrovo,False,False,False
2025-09-03,24.6,0.0,46,13.8,Gabrovo,False,False,False
2025-09-04,22.8,0.0,48,14.6,Gabrovo,False,False,False
2025-09-05,20.8,0.0,55,11.1,Gabrovo,False,False,False
2025-09-06,20.3,0.0,45,13.9,Gabrovo,True,True,True
2025-09-07,20.0,0.0,44,10.5,Gabrovo,False,True,True
2025-09-08,19.9,0.0,49,8.9,Gabrovo,True,False,True
2025-09-09,20.5,0.0,49,10.0,Gabrovo,False,False,False
2025-09-10,23.2,0.0,44,14.8,Gabrovo,False,False,False
2025-09-11,22.4,0.2,64,16.7,Gabrovo,False,False,False
2025-09-12,19.3,3.7,84,10.6,Gabrovo,False,False,False
2025-09-13,19.8,0.4,72,14.6,Gabrovo,False,True,True
2025-09-14,19.2,0.0,63,13.6,Gabrovo,False,True,True
2025-09-15,18.3,0.8,66,15.2,Gabrovo,False,False,False
2025-09-16,19.9,0.0,50,8.8,Gabrovo,False,False,False
2025-09-17,15.5,3.7,68,22.9,Gabrovo,False,False,False
2025-09-18,15.0,0.0,52,19.1,Gabrovo,False,False,False
2025-09-19,15.6,0.0,50,12.2,Gabrovo,False,False,False
2025-09-20,18.0,0.0,55,15.2,Gabrovo,False,True,True
2025-09-21,19.0,0.0,60,13.2,Gabrovo,False,True,True
2025-09-22,18.3,0.0,58,12.9,Gabrovo,True,False,True
2025-09-23,18.4,0.0,57,10.5,Gabrovo,False,False,False
2025-09-24,18.5,0.0,55,9.2,Gabrovo,False,False,False
2025-09-25,16.0,0.0,72,16.1,Gabrovo,False,False,False
2025-09-26,14.1,0.0,59,16.7,Gabrovo,False,False,False
2025-09-27,12.7,0.0,60,14.4,Gabrovo,False,True,True
2025-09-28,13.4,0.0,57,12.1,Gabrovo,False,True,True
2025-09-29,11.3,11.8,85,9.3,Gabrovo,False,False,False
2025-09-30,11.8,0.0,62,18.3,Gabrovo,False,False,False
2025-10-01,11.6,0.0,54,12.5,Gabrovo,False,False,False
2025-10-02,7.9,32.9,87,15.7,Gabrovo,False,False,False
2025-10-03,5.0,50.5,98,18.6,Gabrovo,False,False,False
2025-10-04,5.9,0.6,85,15.5,Gabrovo,False,True,True
2025-10-05,9.4,0.0,70,9.3,Gabrovo,False,True,True
2025-10-06,9.0,15.5,92,16.8,Gabrovo,False,False,False
2025-10-07,7.2,58.1,99,19.5,Gabrovo,False,False,False
2025-10-08,7.9,56.7,99,22.4,Gabrovo,False,False,False
2025-10-09,10.7,7.0,76,28.5,Gabrovo,False,False,False
2025-10-10,11.7,0.4,76,20.5,Gabrovo,False,False,False
2025-10-11,11.2,7.3,75,22.9,Gabrovo,False,True,True
2025-10-12,11.8,0.1,77,17.3,Gabrovo,False,True,True
2025-10-13,11.5,0.1,72,20.0,Gabrovo,False,False,False
2025-10-14,10.3,0.0,77,18.3,Gabrovo,False,False,False
2025-10-15,10.1,0.0,74,7.7,Gabrovo,False,False,False
2025-10-16,9.0,0.1,80,10.7,Gabrovo,False,False,False
2025-10-17,10.8,1.1,80,12.4,Gabrovo,False,False,False
2025-10-18,10.7,2.5,94,11.0,Gabrovo,False,True,True
2025-10-19,9.3,0.0,65,20.1,Gabrovo,False,True,True
2025-10-20,7.7,0.0,63,9.8,Gabrovo,False,False,False
2025-10-21,9.2,0.0,79,16.9,Gabrovo,False,False,False
2025-10-22,12.1,0.0,75,11.3,Gabrovo,False,False,False
2025-10-23,14.5,0.0,74,14.1,Gabrovo,False,False,False
2025-10-24,13.9,4.3,79,20.9,Gabrovo,False,False,False
2025-10-25,10.7,0.0,68,13.9,Gabrovo,False,True,True
2025-10-26,12.0,2.2,75,14.9,Gabrovo,False,True,True
2025-10-27,10.1,16.0,92,13.9,Gabrovo,False,False,False
2025-10-28,8.5,0.8,77,21.2,Gabrovo,False,False,False
2025-10-29,10.5,0.0,51,12.6,Gabrovo,False,False,False
2025-10-30,10.6,0.0,62,13.6,Gabrovo,False,False,False
2025-10-31,12.8,0.0,57,7.0,Gabrovo,False,False,False
2025-11-01,13.7,0.0,69,11.7,Gabrovo,False,True,True
2025-11-02,13.2,0.0,68,16.2,Gabrovo,False,True,True
2025-11-03,13.1,0.0,73,12.4,Gabrovo,False,False,False
2025-11-04,9.7,5.0,84,16.5,Gabrovo,False,False,False
2025-11-05,8.4,1.3,90,7.2,Gabrovo,False,False,False
2025-11-06,8.0,0.2,87,12.6,Gabrovo,False,False,False
2025-11-07,9.1,2.1,92,12.6,Gabrovo,False,False,False
2025-11-08,11.9,1.5,89,17.5,Gabrovo,False,True,True
2025-11-09,11.8,0.3,92,10.2,Gabrovo,False,True,True
2025-11-10,12.8,2.2,89,16.7,Gabrovo,False,False,False
2025-11-11,9.4,16.2,93,19.0,Gabrovo,False,False,False
2025-11-12,8.4,1.8,68,15.1,Gabrovo,False,False,False
2025-11-13,7.6,0.0,75,9.7,Gabrovo,False,False,False
2025-11-14,8.4,0.0,69,9.6,Gabrovo,False,False,False
2025-11-15,10.3,0.0,57,7.1,Gabrovo,False,True,True
2025-11-16,10.3,0.0,59,8.9,Gabrovo,False,True,True
2025-11-17,13.3,0.0,56,26.3,Gabrovo,False,False,False
2025-11-18,14.0,4.7,68,24.4,Gabrovo,False,False,False
2025-11-19,5.8,4.9,97,10.8,Gabrovo,False,False,False
2025-11-20,10.1,0.7,86,5.2,Gabrovo,False,False,False
2025-11-21,13.9,0.0,82,20.8,Gabrovo,False,False,False
2025-11-22,15.4,0.0,79,24.5,Gabrovo,False,True,True
2025-11-23,7.0,4.4,91,12.1,Gabrovo,False,True,True
2025-11-24,5.5,0.0,84,12.5,Gabrovo,False,False,False
2025-11-25,8.0,0.0,70,21.5,Gabrovo,False,False,False
2025-11-26,11.4,0.0,78,24.7,Gabrovo,False,False,False
2025-11-27,9.1,11.8,96,18.4,Gabrovo,False,False,False
2025-11-28,4.4,9.4,99,7.6,Gabrovo,False,False,False
2025-11-29,3.8,12.8,99,12.4,Gabrovo,False,True,True
2025-11-30,3.9,0.9,90,12.9,Gabrovo,False,True,True
2025-12-01,5.5,0.8,81,12.4,Gabrovo,False,False,False
2025-12-02,5.2,0.0,81,7.8,Gabrovo,False,False,False
2025-12-03,6.0,0.0,89,7.3,Gabrovo,False,False,False
2025-12-04,7.6,0.0,85,15.7,Gabrovo,False,False,False
2025-12-05,10.0,0.8,82,19.0,Gabrovo,False,False,False
2025-12-06,4.4,16.8,99,20.1,Gabrovo,False,True,True
2025-12-07,2.2,2.3,98,9.9,Gabrovo,False,True,True
2025-12-08,4.7,0.9,92,13.7,Gabrovo,False,False,False
2025-12-09,5.5,1.1,89,11.4,Gabrovo,False,False,False
2025-12-10,7.4,0.0,66,10.5,Gabrovo,False,False,False
2025-12-11,7.1,0.0,70,8.7,Gabrovo,False,False,False
2025-12-12,5.5,0.3,84,19.6,Gabrovo,False,False,False
2025-12-13,4.7,0.0,86,11.3,Gabrovo,False,True,True
2025-12-14,3.7,0.0,86,13.8,Gabrovo,False,True,True
2025-12-15,2.3,0.0,81,8.7,Gabrovo,False,False,False
2025-12-16,3.4,0.0,60,5.7,Gabrovo,False,False,False
2025-12-17,0.4,0.0,83,5.1,Gabrovo,False,False,False
2025-12-18,6.4,0.0,48,5.9,Gabrovo,False,False,False
2025-12-19,6.0,0.0,78,5.7,Gabrovo,False,False,False
2025-12-20,3.9,0.0,92,6.8,Gabrovo,False,True,True
2025-12-21,3.4,0.1,98,5.0,Gabrovo,False,True,True
2025-12-22,3.5,0.6,98,6.7,Gabrovo,False,False,False
2025-12-23,4.0,0.1,93,7.6,Gabrovo,False,False,False
2025-12-24,4.1,5.5,94,7.6,Gabrovo,True,False,True
2025-12-25,0.3,30.2,99,17.9,Gabrovo,True,False,True
2025-12-26,-2.4,0.5,93,21.0,Gabrovo,True,False,True
2025-12-27,-0.2,0.0,86,23.8,Gabrovo,False,True,True
2025-12-28,0.1,2.7,77,31.0,Gabrovo,False,True,True
2025-12-29,-0.3,0.0,70,25.2,Gabrovo,False,False,False
2025-12-30,0.6,0.0,62,23.4,Gabrovo,False,False,False
2025-12-31,-5.1,0.1,76,26.0,Gabrovo,True,False,True
2025-01-01,3.0,0.0,62,6.3,Pleven,True,False,True
2025-01-02,4.4,0.0,57,13.2,Pleven,False,False,False
2025-01-03,6.9,0.0,55,19.2,Pleven,False,False,False
2025-01-04,1.5,3.4,74,20.7,Pleven,False,True,True
2025-01-05,-0.6,0.0,75,8.3,Pleven,False,True,True
2025-01-06,1.7,0.0,73,8.1,Pleven,False,False,False
2025-01-07,4.4,0.0,75,6.4,Pleven,False,False,False
2025-01-08,9.2,0.0,73,13.5,Pleven,False,False,False
2025-01-09,9.5,0.0,73,12.6,Pleven,False,False,False
2025-01-10,9.2,0.0,63,26.3,Pleven,False,False,False
2025-01-11,2.2,1.0,71,22.9,Pleven,False,True,True
2025-01-12,1.0,0.0,67,20.9,Pleven,False,True,True
2025-01-13,0.2,0.0,73,10.6,Pleven,False,False,False
2025-01-14,-0.6,0.0,69,13.0,Pleven,False,False,False
2025-01-15,-2.0,0.0,76,4.9,Pleven,False,False,False
2025-01-16,-0.7,0.0,73,5.4,Pleven,False,False,False
2025-01-17,0.2,0.0,74,9.2,Pleven,False,False,False
2025-01-18,-0.1,0.0,74,10.7,Pleven,False,True,True
2025-01-19,1.0,0.0,69,6.3,Pleven,False,True,True
2025-01-20,1.4,0.0,66,8.2,Pleven,False,False,False
2025-01-21,1.1,0.3,78,5.2,Pleven,False,False,False
2025-01-22,2.6,0.2,87,8.3,Pleven,False,False,False
2025-01-23,5.5,0.0,77,9.2,Pleven,False,False,False
2025-01-24,8.2,0.8,74,16.1,Pleven,False,False,False
2025-01-25,6.0,0.0,77,14.5,Pleven,False,True,True
2025-01-26,4.6,0.0,86,13.5,Pleven,False,True,True
2025-01-27,5.7,0.0,86,10.2,Pleven,False,False,False
2025-01-28,7.6,0.0,69,11.7,Pleven,False,False,False
2025-01-29,10.0,0.0,63,11.7,Pleven,False,False,False
2025-01-30,8.5,0.0,83,5.9,Pleven,False,False,False
2025-01-31,7.6,0.0,89,8.1,Pleven,False,False,False
2025-02-01,8.3,0.0,77,16.2,Pleven,False,True,True
2025-02-02,4.2,0.0,91,9.0,Pleven,False,True,True
2025-02-03,5.3,1.6,83,19.0,Pleven,False,False,False
2025-02-04,2.7,0.3,74,10.1,Pleven,False,False,False
2025-02-05,0.6,0.0,70,13.2,Pleven,False,False,False
2025-02-06,0.5,0.0,74,15.4,Pleven,False,False,False
2025-02-07,-0.8,0.0,65,14.5,Pleven,False,False,False
2025-02-08,-2.5,0.0,68,12.9,Pleven,False,True,True
2025-02-09,-2.9,0.0,66,10.1,Pleven,False,True,True
2025-02-10,-3.0,0.0,61,9.6,Pleven,False,False,False
2025-02-11,-3.2,0.0,63,11.4,Pleven,False,False,False
2025-02-12,-2.9,0.0,70,11.4,Pleven,False,False,False
2025-02-13,-1.8,0.0,70,7.5,Pleven,False,False,False
2025-02-14,2.8,0.0,69,9.7,Pleven,False,False,False
2025-02-15,2.2,0.0,83,11.4,Pleven,False,True,True
2025-02-16,-1.1,1.5,87,8.5,Pleven,False,True,True
2025-02-17,-2.9,10.0,93,10.2,Pleven,False,False,False
2025-02-18,-3.0,2.9,95,8.1,Pleven,False,False,False
2025-02-19,-3.0,1.8,91,8.2,Pleven,False,False,False
2025-02-20,-6.1,0.0,80,5.9,Pleven,False,False,False
2025-02-21,-5.6,0.0,79,14.1,Pleven,False,False,False
2025-02-22,-4.5,0.0,62,15.0,Pleven,False,True,True
2025-02-23,-5.7,0.0,72,8.2,Pleven,False,True,True
2025-02-24,-3.4,0.0,72,5.5,Pleven,False,False,False
2025-02-25,1.6,1.2,83,9.1,Pleven,False,False,False
2025-02-26,2.1,0.0,81,10.8,Pleven,False,False,False
2025-02-27,2.7,0.0,84,11.8,Pleven,False,False,False
2025-02-28,2.7,0.0,95,9.2,Pleven,False,False,False
2025-03-01,5.1,2.4,94,7.0,Pleven,False,True,True
2025-03-02,5.5,3.9,83,17.7,Pleven,False,True,True
2025-03-03,3.8,0.0,74,15.4,Pleven,True,False,True
2025-03-04,4.7,0.0,63,9.4,Pleven,False,False,False
2025-03-05,6.3,0.0,64,8.2,Pleven,False,False,False
2025-03-06,7.6,0.0,63,8.9,Pleven,False,False,False
2025-03-07,7.5,0.0,65,10.3,Pleven,False,False,False
2025-03-08,7.4,0.0,71,7.8,Pleven,False,True,True
2025-03-09,7.9,0.0,66,11.0,Pleven,False,True,True
2025-03-10,8.8,0.0,60,10.7,Pleven,False,False,False
2025-03-11,13.8,0.0,50,15.7,Pleven,False,False,False
2025-03-12,15.3,0.0,67,13.5,Pleven,False,False,False
2025-03-13,18.4,3.6,53,22.5,Pleven,False,False,False
2025-03-14,16.5,1.8,62,15.7,Pleven,False,False,False
2025-03-15,21.1,0.0,43,23.0,Pleven,False,True,True
2025-03-16,14.7,4.1,76,11.8,Pleven,False,True,True
2025-03-17,9.9,0.9,72,26.9,Pleven,False,False,False
2025-03-18,1.7,3.5,67,24.8,Pleven,False,False,False
2025-03-19,1.8,0.0,62,8.8,Pleven,False,False,False
2025-03-20,3.7,0.0,59,6.3,Pleven,False,False,False
2025-03-21,5.2,0.0,63,7.9,Pleven,False,False,False
2025-03-22,7.6,0.0,63,11.1,Pleven,False,True,True
2025-03-23,11.4,0.2,70,10.5,Pleven,False,True,True
2025-03-24,13.4,0.4,77,10.8,Pleven,False,False,False
2025-03-25,16.7,0.0,68,14.2,Pleven,False,False,False
2025-03-26,13.9,12.9,87,10.4,Pleven,False,False,False
2025-03-27,12.9,0.4,88,23.1,Pleven,False,False,False
2025-03-28,11.4,15.5,84,29.7,Pleven,False,False,False
2025-03-29,11.4,1.2,82,20.7,Pleven,False,True,True
2025-03-30,10.5,0.3,86,8.3,Pleven,False,True,True
2025-03-31,10.8,16.0,85,6.7,Pleven,False,False,False
2025-04-01,10.2,5.4,88,24.8,Pleven,False,False,False
2025-04-02,10.0,9.8,89,15.9,Pleven,False,False,False
2025-04-03,11.1,0.1,71,22.4,Pleven,False,False,False
2025-04-04,9.9,3.9,82,13.7,Pleven,False,False,False
2025-04-05,12.1,0.2,73,16.8,Pleven,False,True,True
2025-04-06,7.5,0.7,60,29.2,Pleven,False,True,True
2025-04-07,2.9,2.4,73,16.5,Pleven,False,False,False
2025-04-08,3.2,0.0,56,15.2,Pleven,False,False,False
2025-04-09,5.6,0.7,56,17.2,Pleven,False,False,False
2025-04-10,7.0,3.6,60,37.0,Pleven,False,False,False
2025-04-11,5.8,0.3,53,23.9,Pleven,False,False,False
2025-04-12,8.8,3.6,82,14.4,Pleven,False,True,True
2025-04-13,11.3,0.0,65,12.3,Pleven,False,True,True
2025-04-14,11.1,0.0,79,11.9,Pleven,False,False,False
2025-04-15,13.0,0.2,80,10.0,Pleven,False,False,False
2025-04-16,14.5,0.0,83,13.4,Pleven,False,False,False
2025-04-17,17.0,0.0,78,16.6,Pleven,False,False,False
2025-04-18,14.9,3.2,79,12.4,Pleven,True,False,True
2025-04-19,12.6,9.9,84,14.0,Pleven,True,True,True
2025-04-20,14.0,0.0,76,7.3,Pleven,True,True,True
2025-04-21,15.9,0.0,72,6.7,Pleven,True,False,True
2025-04-22,16.3,1.4,77,10.9,Pleven,False,False,False
2025-04-23,15.7,5.2,85,13.1,Pleven,False,False,False
2025-04-24,16.1,0.0,76,14.3,Pleven,False,False,False
2025-04-25,16.1,0.3,75,7.9,Pleven,False,False,False
2025-04-26,16.2,0.1,74,20.3,Pleven,False,True,True
2025-04-27,13.3,0.7,72,18.9,Pleven,False,True,True
2025-04-28,12.0,0.0,60,17.9,Pleven,False,False,False
2025-04-29,11.4,0.0,62,11.7,Pleven,False,False,False
2025-04-30,13.7,0.0,63,9.3,Pleven,False,False,False
2025-05-01,15.9,0.0,66,8.6,Pleven,True,False,True
2025-05-02,16.0,0.0,66,11.5,Pleven,False,False,False
2025-05-03,17.7,0.0,62,10.9,Pleven,False,True,True
2025-05-04,19.5,0.0,63,11.9,Pleven,False,True,True
2025-05-05,19.7,0.0,65,11.1,Pleven,False,False,False
2025-05-06,18.0,4.7,80,11.4,Pleven,True,False,True
2025-05-07,16.7,3.0,84,15.6,Pleven,False,False,False
2025-05-08,16.1,4.8,81,15.9,Pleven,False,False,False
2025-05-09,14.4,0.0,72,21.1,Pleven,False,False,False
2025-05-10,11.8,0.6,81,14.8,Pleven,False,True,True
2025-05-11,13.1,0.0,70,11.8,Pleven,False,True,True
2025-05-12,12.0,0.0,75,12.0,Pleven,False,False,False
2025-05-13,11.6,0.1,71,10.4,Pleven,False,False,False
2025-05-14,12.1,0.2,67,11.4,Pleven,False,False,False
2025-05-15,15.8,0.0,58,11.9,Pleven,False,False,False
2025-05-16,12.6,6.6,81,16.0,Pleven,False,False,False
2025-05-17,12.1,5.1,66,31.3,Pleven,False,True,True
2025-05-18,14.0,0.3,62,16.8,Pleven,False,True,True
2025-05-19,15.5,0.2,65,21.8,Pleven,False,False,False
2025-05-20,16.0,0.2,67,20.0,Pleven,False,False,False
2025-05-21,16.4,0.4,75,14.5,Pleven,False,False,False
2025-05-22,17.9,0.9,80,9.7,Pleven,False,False,False
2025-05-23,19.4,0.1,76,7.6,Pleven,False,False,False
2025-05-24,14.3,3.4,81,16.4,Pleven,True,True,True
2025-05-25,11.4,32.3,90,16.1,Pleven,False,True,True
2025-05-26,11.5,22.0,94,15.5,Pleven,True,False,True
2025-05-27,16.3,0.9,76,24.7,Pleven,False,False,False
2025-05-28,17.4,0.4,65,23.7,Pleven,False,False,False
2025-05-29,17.0,0.4,70,22.5,Pleven,False,False,False
2025-05-30,15.8,9.7,82,15.8,Pleven,False,False,False
2025-05-31,16.7,2.0,77,10.0,Pleven,False,True,True
2025-06-01,18.8,0.0,69,10.3,Pleven,False,True,True
2025-06-02,21.4,0.0,64,11.7,Pleven,False,False,False
2025-06-03,22.8,0.0,66,10.5,Pleven,False,False,False
2025-06-04,24.4,0.0,65,11.1,Pleven,False,False,False
2025-06-05,24.6,0.0,73,10.4,Pleven,False,False,False
2025-06-06,24.1,1.4,76,12.3,Pleven,False,False,False
2025-06-07,23.5,0.0,76,8.4,Pleven,False,True,True
2025-06-08,24.4,0.0,70,8.7,Pleven,False,True,True
2025-06-09,23.2,0.0,71,16.7,Pleven,False,False,False
2025-06-10,21.0,0.4,61,14.1,Pleven,False,False,False
2025-06-11,21.8,0.0,72,12.8,Pleven,False,False,False
2025-06-12,21.7,0.0,60,14.1,Pleven,False,False,False
2025-06-13,21.1,0.0,60,11.5,Pleven,False,False,False
2025-06-14,19.8,0.7,68,17.7,Pleven,False,True,True
2025-06-15,19.6,0.0,70,8.5,Pleven,False,True,True
2025-06-16,22.0,0.0,59,11.4,Pleven,False,False,False
2025-06-17,23.3,0.0,59,10.6,Pleven,False,False,False
2025-06-18,23.8,0.0,67,12.1,Pleven,False,False,False
2025-06-19,25.3,0.0,59,14.9,Pleven,False,False,False
2025-06-20,24.2,0.0,55,21.7,Pleven,False,False,False
2025-06-21,20.0,0.1,65,10.7,Pleven,False,True,True
2025-06-22,21.2,0.0,50,11.8,Pleven,False,True,True
2025-06-23,23.2,0.0,46,12.0,Pleven,False,False,False
2025-06-24,25.9,0.0,45,11.7,Pleven,False,False,False
2025-06-25,26.5,0.0,48,12.4,Pleven,False,False,False
2025-06-26,28.7,0.0,44,12.8,Pleven,False,False,False
2025-06-27,27.7,0.0,58,11.1,Pleven,False,False,False
2025-06-28,25.6,0.0,60,19.3,Pleven,False,True,True
2025-06-29,22.9,2.1,64,13.9,Pleven,False,True,True
2025-06-30,25.5,0.0,52,13.9,Pleven,False,False,False
2025-07-01,24.6,0.0,53,11.2,Pleven,False,False,False
2025-07-02,23.5,0.0,57,11.4,Pleven,False,False,False
2025-07-03,24.7,0.0,52,10.3,Pleven,False,False,False
2025-07-04,27.1,0.0,44,11.4,Pleven,False,False,False
2025-07-05,28.0,0.1,45,13.3,Pleven,False,True,True
2025-07-06,27.9,0.0,53,11.4,Pleven,False,True,True
2025-07-07,29.8,0.0,41,13.2,Pleven,False,False,False
2025-07-08,29.1,0.0,43,19.1,Pleven,False,False,False
2025-07-09,23.0,1.0,60,27.9,Pleven,False,False,False
2025-07-10,20.2,0.0,54,28.5,Pleven,False,False,False
2025-07-11,21.2,0.0,55,14.4,Pleven,False,False,False
2025-07-12,22.2,0.0,52,8.0,Pleven,False,True,True
2025-07-13,25.8,0.0,46,9.5,Pleven,False,True,True
2025-07-14,27.9,0.0,38,10.6,Pleven,False,False,False
2025-07-15,26.6,1.4,45,13.3,Pleven,False,False,False
2025-07-16,25.5,0.0,54,16.7,Pleven,False,False,False
2025-07-17,23.4,7.8,54,22.4,Pleven,False,False,False
2025-07-18,21.3,0.0,54,19.3,Pleven,False,False,False
2025-07-19,23.3,0.0,48,17.0,Pleven,False,True,True
2025-07-20,25.5,0.0,51,12.8,Pleven,False,True,True
2025-07-21,28.6,0.0,47,13.3,Pleven,False,False,False
2025-07-22,30.8,0.0,38,16.1,Pleven,False,False,False
2025-07-23,28.4,0.0,51,19.6,Pleven,False,False,False
2025-07-24,27.5,1.2,59,19.6,Pleven,False,False,False
2025-07-25,29.6,0.2,51,8.6,Pleven,False,False,False
2025-07-26,30.8,0.0,44,13.8,Pleven,False,True,True
2025-07-27,29.4,0.0,44,21.9,Pleven,False,True,True
2025-07-28,25.4,0.0,57,18.7,Pleven,False,False,False
2025-07-29,23.4,0.8,62,14.1,Pleven,False,False,False
2025-07-30,23.4,0.0,59,20.4,Pleven,False,False,False
2025-07-31,22.5,0.0,63,11.3,Pleven,False,False,False
2025-08-01,23.0,0.1,66,10.1,Pleven,False,False,False
2025-08-02,24.6,0.0,54,15.0,Pleven,False,True,True
2025-08-03,25.6,0.0,44,16.1,Pleven,False,True,True
2025-08-04,25.3,0.0,48,15.6,Pleven,False,False,False
2025-08-05,24.0,0.0,61,15.7,Pleven,False,False,False
2025-08-06,25.6,0.0,53,14.2,Pleven,False,False,False
2025-08-07,25.5,0.0,55,14.8,Pleven,False,False,False
2025-08-08,25.1,0.0,49,14.5,Pleven,False,False,False
2025-08-09,26.7,0.0,47,11.5,Pleven,False,True,True
2025-08-10,27.5,0.0,42,12.6,Pleven,False,True,True
2025-08-11,29.3,0.0,40,22.9,Pleven,False,False,False
2025-08-12,27.0,0.0,46,21.9,Pleven,False,False,False
2025-08-13,26.1,0.0,42,17.4,Pleven,False,False,False
2025-08-14,25.2,0.0,42,17.9,Pleven,False,False,False
2025-08-15,26.3,0.0,38,16.3,Pleven,False,False,False
2025-08-16,26.1,0.0,40,13.9,Pleven,False,True,True
2025-08-17,26.0,0.0,41,10.7,Pleven,False,True,True
2025-08-18,24.5,4.1,55,14.7,Pleven,False,False,False
2025-08-19,20.1,4.0,75,10.3,Pleven,False,False,False
2025-08-20,21.0,0.0,69,8.2,Pleven,False,False,False
2025-08-21,25.2,0.0,55,17.3,Pleven,False,False,False
2025-08-22,24.9,1.8,56,18.0,Pleven,False,False,False
2025-08-23,21.0,0.0,51,22.7,Pleven,False,True,True
2025-08-24,19.4,0.0,46,24.0,Pleven,False,True,True
2025-08-25,18.0,2.9,55,10.2,Pleven,False,False,False
2025-08-26,18.8,0.0,51,8.9,Pleven,False,False,False
2025-08-27,20.1,0.0,52,8.8,Pleven,False,False,False
2025-08-28,21.7,0.0,45,16.6,Pleven,False,False,False
2025-08-29,23.1,0.0,48,14.8,Pleven,False,False,False
2025-08-30,24.9,0.0,41,11.5,Pleven,False,True,True
2025-08-31,22.0,8.8,62,16.7,Pleven,False,True,True
2025-09-01,21.6,0.7,62,24.2,Pleven,False,False,False
2025-09-02,23.6,0.0,61,9.8,Pleven,False,False,False
2025-09-03,25.8,0.0,53,15.6,Pleven,False,False,False
2025-09-04,24.5,0.0,50,17.2,Pleven,False,False,False
2025-09-05,22.7,0.0,52,14.6,Pleven,False,False,False
2025-09-06,22.1,0.0,51,9.0,Pleven,True,True,True
2025-09-07,22.3,0.0,48,9.4,Pleven,False,True,True
2025-09-08,22.2,0.0,48,11.9,Pleven,True,False,True
2025-09-09,23.4,0.0,42,10.6,Pleven,False,False,False
2025-09-10,23.5,0.0,50,14.6,Pleven,False,False,False
2025-09-11,22.8,7.1,65,14.6,Pleven,False,False,False
2025-09-12,21.8,0.1,72,13.1,Pleven,False,False,False
2025-09-13,22.2,0.1,72,17.7,Pleven,False,True,True
2025-09-14,21.9,0.0,55,17.9,Pleven,False,True,True
2025-09-15,21.2,0.4,59,11.6,Pleven,False,False,False
2025-09-16,22.3,0.0,46,11.1,Pleven,False,False,False
2025-09-17,18.6,0.1,54,25.6,Pleven,False,False,False
2025-09-18,18.0,0.0,47,16.5,Pleven,False,False,False
2025-09-19,18.3,0.0,46,10.3,Pleven,False,False,False
2025-09-20,21.7,0.0,43,16.9,Pleven,False,True,True
2025-09-21,22.5,0.0,47,15.5,Pleven,False,True,True
2025-09-22,21.4,0.0,51,15.6,Pleven,True,False,True
2025-09-23,19.7,0.0,55,11.7,Pleven,False,False,False
2025-09-24,20.3,0.0,49,14.3,Pleven,False,False,False
2025-09-25,18.5,0.0,59,21.7,Pleven,False,False,False
2025-09-26,16.1,0.3,46,22.2,Pleven,False,False,False
2025-09-27,15.6,0.0,49,20.0,Pleven,False,True,True
2025-09-28,15.4,6.1,54,13.8,Pleven,False,True,True
2025-09-29,13.4,2.0,75,8.7,Pleven,False,False,False
2025-09-30,14.1,0.0,61,17.5,Pleven,False,False,False
2025-10-01,13.3,0.0,55,14.7,Pleven,False,False,False
2025-10-02,8.3,17.7,86,22.7,Pleven,False,False,False
2025-10-03,5.6,32.6,94,24.1,Pleven,False,False,False
2025-10-04,7.9,1.7,80,16.4,Pleven,False,True,True
2025-10-05,11.4,0.0,65,10.9,Pleven,False,True,True
2025-10-06,11.4,6.4,87,14.0,Pleven,False,False,False
2025-10-07,9.3,32.1,94,15.3,Pleven,False,False,False
2025-10-08,10.1,56.1,96,17.8,Pleven,False,False,False
2025-10-09,13.3,1.5,68,29.8,Pleven,False,False,False
2025-10-10,14.2,0.1,71,20.8,Pleven,False,False,False
2025-10-11,14.7,0.2,64,22.8,Pleven,False,True,True
2025-10-12,14.1,0.0,73,20.4,Pleven,False,True,True
2025-10-13,13.5,0.2,68,22.5,Pleven,False,False,False
2025-10-14,12.1,0.0,76,13.5,Pleven,False,False,False
2025-10-15,11.8,0.0,74,10.9,Pleven,False,False,False
2025-10-16,9.6,0.0,86,8.8,Pleven,False,False,False
2025-10-17,10.7,0.1,84,5.5,Pleven,False,False,False
2025-10-18,11.5,2.9,93,15.9,Pleven,False,True,True
2025-10-19,11.1,0.0,62,17.8,Pleven,False,True,True
2025-10-20,8.8,0.0,61,9.7,Pleven,False,False,False
2025-10-21,9.6,0.0,71,9.7,Pleven,False,False,False
2025-10-22,12.8,0.0,77,9.4,Pleven,False,False,False
2025-10-23,15.6,0.0,73,13.8,Pleven,False,False,False
2025-10-24,15.1,4.6,71,19.8,Pleven,False,False,False
2025-10-25,12.1,0.0,67,12.2,Pleven,False,True,True
2025-10-26,12.1,4.9,84,13.1,Pleven,False,True,True
2025-10-27,11.5,7.7,82,19.7,Pleven,False,False,False
2025-10-28,11.0,3.0,70,23.3,Pleven,False,False,False
2025-10-29,12.5,0.0,53,12.0,Pleven,False,False,False
2025-10-30,11.4,0.0,68,9.5,Pleven,False,False,False
2025-10-31,13.6,0.0,67,8.4,Pleven,False,False,False
2025-11-01,13.8,0.0,75,10.7,Pleven,False,True,True
2025-11-02,12.7,0.0,82,10.0,Pleven,False,True,True
2025-11-03,12.8,0.0,78,12.7,Pleven,False,False,False
2025-11-04,10.8,1.6,83,18.0,Pleven,False,False,False
2025-11-05,10.8,0.0,81,10.3,Pleven,False,False,False
2025-11-06,10.2,0.1,79,17.4,Pleven,False,False,False
2025-11-07,9.6,4.6,92,18.6,Pleven,False,False,False
2025-11-08,10.9,2.2,93,11.0,Pleven,False,True,True
2025-11-09,11.0,0.1,96,8.5,Pleven,False,True,True
2025-11-10,12.9,6.7,92,10.5,Pleven,False,False,False
2025-11-11,10.7,16.3,90,15.8,Pleven,False,False,False
2025-11-12,8.9,0.0,75,13.1,Pleven,False,False,False
2025-11-13,8.1,0.0,82,6.6,Pleven,False,False,False
2025-11-14,8.0,0.0,79,5.9,Pleven,False,False,False
2025-11-15,6.8,0.0,90,5.9,Pleven,False,True,True
2025-11-16,6.1,0.0,91,8.9,Pleven,False,True,True
2025-11-17,8.6,0.0,86,14.3,Pleven,False,False,False
2025-11-18,10.4,7.1,81,14.5,Pleven,False,False,False
2025-11-19,6.6,5.2,93,10.4,Pleven,False,False,False
2025-11-20,6.9,0.6,93,7.3,Pleven,False,False,False
2025-11-21,10.2,1.1,91,15.3,Pleven,False,False,False
2025-11-22,10.3,0.3,94,14.3,Pleven,False,True,True
2025-11-23,5.7,2.6,89,15.3,Pleven,False,True,True
2025-11-24,4.7,0.0,79,12.3,Pleven,False,False,False
2025-11-25,6.7,0.0,78,12.3,Pleven,False,False,False
2025-11-26,8.8,0.0,82,9.8,Pleven,False,False,False
2025-11-27,6.8,6.7,95,14.6,Pleven,False,False,False
2025-11-28,4.9,2.9,89,9.5,Pleven,False,False,False
2025-11-29,5.0,4.5,95,14.6,Pleven,False,True,True
2025-11-30,5.0,2.3,82,18.2,Pleven,False,True,True
2025-12-01,6.8,0.1,79,12.4,Pleven,False,False,False
2025-12-02,5.0,0.0,85,7.2,Pleven,False,False,False
2025-12-03,4.6,0.0,95,9.0,Pleven,False,False,False
2025-12-04,6.1,0.0,94,10.1,Pleven,False,False,False
2025-12-05,10.3,0.0,83,26.4,Pleven,False,False,False
2025-12-06,5.3,7.4,94,26.6,Pleven,False,True,True
2025-12-07,3.7,2.1,93,12.1,Pleven,False,True,True
2025-12-08,6.6,2.9,89,11.7,Pleven,False,False,False
2025-12-09,5.8,0.0,90,7.5,Pleven,False,False,False
2025-12-10,6.1,0.0,80,8.0,Pleven,False,False,False
2025-12-11,6.5,0.0,82,9.3,Pleven,False,False,False
2025-12-12,6.5,0.0,85,18.7,Pleven,False,False,False
2025-12-13,3.9,0.0,90,9.8,Pleven,False,True,True
2025-12-14,2.9,0.0,91,11.4,Pleven,False,True,True
2025-12-15,2.0,0.0,89,10.3,Pleven,False,False,False
2025-12-16,0.3,0.0,98,5.6,Pleven,False,False,False
2025-12-17,-0.2,0.0,97,4.7,Pleven,False,False,False
2025-12-18,2.1,0.0,84,10.2,Pleven,False,False,False
2025-12-19,5.2,0.0,82,9.3,Pleven,False,False,False
2025-12-20,1.3,0.0,98,5.6,Pleven,False,True,True
2025-12-21,3.2,0.0,97,5.1,Pleven,False,True,True
2025-12-22,4.5,0.0,93,10.5,Pleven,False,False,False
2025-12-23,4.1,0.0,91,9.7,Pleven,False,False,False
2025-12-24,4.0,10.0,96,16.6,Pleven,True,False,True
2025-12-25,-0.5,19.9,94,31.6,Pleven,True,False,True
2025-12-26,-2.8,0.3,93,20.4,Pleven,True,False,True
2025-12-27,0.2,0.0,90,19.6,Pleven,False,True,True
2025-12-28,0.9,0.1,81,33.7,Pleven,False,True,True
2025-12-29,0.4,0.0,78,26.5,Pleven,False,False,False
2025-12-30,0.8,0.0,67,29.8,Pleven,False,False,False
2025-12-31,-2.8,1.4,67,27.5,Pleven,True,False,True
2025-01-01,2.5,0.0,60,3.9,Plovdiv,True,False,True
2025-01-02,1.5,0.0,65,5.1,Plovdiv,False,False,False
2025-01-03,1.5,0.0,72,5.2,Plovdiv,False,False,False
2025-01-04,3.8,0.1,60,25.4,Plovdiv,False,True,True
2025-01-05,0.0,0.0,76,8.1,Plovdiv,False,True,True
2025-01-06,1.2,0.0,73,5.6,Plovdiv,False,False,False
2025-01-07,1.7,0.0,77,3.9,Plovdiv,False,False,False
2025-01-08,3.9,0.0,83,6.8,Plovdiv,False,False,False
2025-01-09,5.0,0.0,86,5.3,Plovdiv,False,False,False
2025-01-10,5.0,0.0,86,9.4,Plovdiv,False,False,False
2025-01-11,3.4,6.3,86,22.8,Plovdiv,False,True,True
2025-01-12,0.7,10.9,90,18.2,Plovdiv,False,True,True
2025-01-13,-1.0,1.9,85,10.8,Plovdiv,False,False,False
2025-01-14,-0.6,1.3,90,5.4,Plovdiv,False,False,False
2025-01-15,-0.2,0.5,90,5.6,Plovdiv,False,False,False
2025-01-16,0.7,0.0,88,4.3,Plovdiv,False,False,False
2025-01-17,0.9,0.0,75,5.9,Plovdiv,False,False,False
2025-01-18,3.9,0.0,54,12.3,Plovdiv,False,True,True
2025-01-19,3.7,0.0,47,7.4,Plovdiv,False,True,True
2025-01-20,3.1,0.0,57,5.6,Plovdiv,False,False,False
2025-01-21,2.4,0.0,74,6.8,Plovdiv,False,False,False
2025-01-22,4.0,0.0,78,6.0,Plovdiv,False,False,False
2025-01-23,3.6,0.0,79,5.2,Plovdiv,False,False,False
2025-01-24,5.3,0.0,74,11.7,Plovdiv,False,False,False
2025-01-25,9.2,0.0,66,17.6,Plovdiv,False,True,True
2025-01-26,4.0,0.0,80,5.2,Plovdiv,False,True,True
2025-01-27,5.7,0.0,78,8.0,Plovdiv,False,False,False
2025-01-28,4.5,0.0,85,6.2,Plovdiv,False,False,False
2025-01-29,5.5,0.0,86,3.8,Plovdiv,False,False,False
2025-01-30,7.3,0.0,86,8.9,Plovdiv,False,False,False
2025-01-31,8.7,0.0,69,6.8,Plovdiv,False,False,False
2025-02-01,9.8,0.0,64,15.0,Plovdiv,False,True,True
2025-02-02,6.3,1.1,92,8.2,Plovdiv,False,True,True
2025-02-03,7.8,0.3,79,16.6,Plovdiv,False,False,False
2025-02-04,3.7,3.3,70,13.7,Plovdiv,False,False,False
2025-02-05,2.9,0.0,64,17.4,Plovdiv,False,False,False
2025-02-06,3.8,0.0,55,18.2,Plovdiv,False,False,False
2025-02-07,0.9,0.0,59,12.9,Plovdiv,False,False,False
2025-02-08,-1.0,0.0,65,15.6,Plovdiv,False,True,True
2025-02-09,-1.6,0.0,66,6.2,Plovdiv,False,True,True
2025-02-10,-1.5,0.0,56,6.8,Plovdiv,False,False,False
2025-02-11,-0.7,0.0,52,15.8,Plovdiv,False,False,False
2025-02-12,-1.0,0.0,62,11.8,Plovdiv,False,False,False
2025-02-13,-0.5,0.1,79,5.8,Plovdiv,False,False,False
2025-02-14,1.9,0.0,74,7.8,Plovdiv,False,False,False
2025-02-15,5.5,0.1,76,15.1,Plovdiv,False,True,True
2025-02-16,3.0,0.4,92,13.4,Plovdiv,False,True,True
2025-02-17,1.4,7.0,97,12.1,Plovdiv,False,False,False
2025-02-18,0.4,4.5,91,8.9,Plovdiv,False,False,False
2025-02-19,0.2,0.3,60,21.1,Plovdiv,False,False,False
2025-02-20,-1.8,0.0,56,7.1,Plovdiv,False,False,False
2025-02-21,-1.8,0.0,57,14.5,Plovdiv,False,False,False
2025-02-22,-2.1,0.0,49,11.9,Plovdiv,False,True,True
2025-02-23,-2.0,0.0,54,7.7,Plovdiv,False,True,True
2025-02-24,-1.8,0.0,65,4.3,Plovdiv,False,False,False
2025-02-25,1.8,0.8,78,6.8,Plovdiv,False,False,False
2025-02-26,3.2,0.0,86,8.5,Plovdiv,False,False,False
2025-02-27,5.5,0.3,83,6.9,Plovdiv,False,False,False
2025-02-28,8.1,0.6,89,10.2,Plovdiv,False,False,False
2025-03-01,7.9,0.4,90,9.4,Plovdiv,False,True,True
2025-03-02,7.2,3.9,89,17.7,Plovdiv,False,True,True
2025-03-03,5.2,0.0,67,15.8,Plovdiv,True,False,True
2025-03-04,4.7,0.0,64,4.8,Plovdiv,False,False,False
2025-03-05,5.8,0.0,58,5.7,Plovdiv,False,False,False
2025-03-06,7.3,0.0,50,7.1,Plovdiv,False,False,False
2025-03-07,7.7,0.0,53,10.5,Plovdiv,False,False,False
2025-03-08,7.3,0.0,54,9.1,Plovdiv,False,True,True
2025-03-09,7.4,0.0,50,7.6,Plovdiv,False,True,True
2025-03-10,7.2,0.0,59,7.7,Plovdiv,False,False,False
2025-03-11,9.1,0.4,65,10.9,Plovdiv,False,False,False
2025-03-12,12.3,0.0,78,8.2,Plovdiv,False,False,False
2025-03-13,14.7,2.0,71,11.0,Plovdiv,False,False,False
2025-03-14,14.2,0.0,75,15.7,Plovdiv,False,False,False
2025-03-15,15.3,0.0,67,10.1,Plovdiv,False,True,True
2025-03-16,14.9,0.2,66,9.9,Plovdiv,False,True,True
2025-03-17,12.1,1.9,62,26.2,Plovdiv,False,False,False
2025-03-18,4.2,3.8,60,23.7,Plovdiv,False,False,False
2025-03-19,3.6,0.0,55,12.7,Plovdiv,False,False,False
2025-03-20,4.4,0.0,55,6.7,Plovdiv,False,False,False
2025-03-21,5.3,0.0,59,8.1,Plovdiv,False,False,False
2025-03-22,6.0,0.0,67,8.3,Plovdiv,False,True,True
2025-03-23,7.7,0.9,85,8.5,Plovdiv,False,True,True
2025-03-24,10.1,1.3,88,10.9,Plovdiv,False,False,False
2025-03-25,14.0,0.5,83,9.3,Plovdiv,False,False,False
2025-03-26,15.1,0.1,78,10.6,Plovdiv,False,False,False
2025-03-27,13.7,0.4,75,19.9,Plovdiv,False,False,False
2025-03-28,10.7,16.1,88,18.0,Plovdiv,False,False,False
2025-03-29,11.3,0.6,85,12.3,Plovdiv,False,True,True
2025-03-30,11.3,2.2,86,10.7,Plovdiv,False,True,True
2025-03-31,11.5,3.2,85,13.2,Plovdiv,False,False,False
2025-04-01,9.9,12.0,94,18.4,Plovdiv,False,False,False
2025-04-02,10.3,20.0,86,13.9,Plovdiv,False,False,False
2025-04-03,12.6,0.9,65,18.4,Plovdiv,False,False,False
2025-04-04,11.3,2.4,79,8.0,Plovdiv,False,False,False
2025-04-05,12.0,1.9,74,13.5,Plovdiv,False,True,True
2025-04-06,7.7,1.5,62,28.5,Plovdiv,False,True,True
2025-04-07,2.5,10.4,80,13.7,Plovdiv,False,False,False
2025-04-08,4.7,0.0,56,13.9,Plovdiv,False,False,False
2025-04-09,6.6,0.0,46,17.3,Plovdiv,False,False,False
2025-04-10,8.6,0.9,49,28.7,Plovdiv,False,False,False
2025-04-11,7.6,0.4,55,25.0,Plovdiv,False,False,False
2025-04-12,9.2,2.7,71,13.1,Plovdiv,False,True,True
2025-04-13,10.3,0.0,70,9.5,Plovdiv,False,True,True
2025-04-14,9.5,0.0,82,6.8,Plovdiv,False,False,False
2025-04-15,9.9,0.7,82,7.9,Plovdiv,False,False,False
2025-04-16,12.3,0.0,84,8.8,Plovdiv,False,False,False
2025-04-17,14.7,0.4,81,13.7,Plovdiv,False,False,False
2025-04-18,14.1,2.0,81,10.5,Plovdiv,True,False,True
2025-04-19,15.1,13.7,80,17.2,Plovdiv,True,True,True
2025-04-20,14.8,0.0,72,10.7,Plovdiv,True,True,True
2025-04-21,16.1,0.0,70,7.3,Plovdiv,True,False,True
2025-04-22,16.2,0.0,76,7.1,Plovdiv,False,False,False
2025-04-23,15.8,2.7,79,12.5,Plovdiv,False,False,False
2025-04-24,15.7,0.0,73,12.9,Plovdiv,False,False,False
2025-04-25,16.4,0.0,63,13.4,Plovdiv,False,False,False
2025-04-26,15.9,0.3,65,14.7,Plovdiv,False,True,True
2025-04-27,14.4,2.8,75,18.6,Plovdiv,False,True,True
2025-04-28,12.5,0.0,53,19.9,Plovdiv,False,False,False
2025-04-29,11.6,0.0,54,15.3,Plovdiv,False,False,False
2025-04-30,14.2,0.0,51,14.9,Plovdiv,False,False,False
2025-05-01,16.7,1.0,53,16.0,Plovdiv,True,False,True
2025-05-02,17.6,1.4,60,13.4,Plovdiv,False,False,False
2025-05-03,17.4,0.0,53,12.0,Plovdiv,False,True,True
2025-05-04,19.1,0.0,56,7.1,Plovdiv,False,True,True
2025-05-05,19.3,0.5,65,12.5,Plovdiv,False,False,False
2025-05-06,20.0,0.0,61,10.3,Plovdiv,True,False,True
2025-05-07,18.4,9.9,67,21.6,Plovdiv,False,False,False
2025-05-08,17.7,5.7,73,16.2,Plovdiv,False,False,False
2025-05-09,17.7,2.1,61,21.6,Plovdiv,False,False,False
2025-05-10,14.2,19.3,80,14.6,Plovdiv,False,True,True
2025-05-11,14.6,0.0,73,9.3,Plovdiv,False,True,True
2025-05-12,15.2,2.3,71,10.0,Plovdiv,False,False,False
2025-05-13,12.8,9.7,81,13.5,Plovdiv,False,False,False
2025-05-14,13.0,9.0,71,10.4,Plovdiv,False,False,False
2025-05-15,14.4,0.0,69,12.3,Plovdiv,False,False,False
2025-05-16,14.0,9.7,88,9.0,Plovdiv,False,False,False
2025-05-17,13.5,3.0,62,27.3,Plovdiv,False,True,True
2025-05-18,15.6,0.5,56,15.4,Plovdiv,False,True,True
2025-05-19,17.0,0.1,53,15.2,Plovdiv,False,False,False
2025-05-20,18.4,0.0,55,19.7,Plovdiv,False,False,False
2025-05-21,17.9,0.0,65,9.8,Plovdiv,False,False,False
2025-05-22,19.2,0.0,68,11.2,Plovdiv,False,False,False
2025-05-23,20.8,0.1,63,11.5,Plovdiv,False,False,False
2025-05-24,19.8,10.4,67,13.7,Plovdiv,True,True,True
2025-05-25,12.7,21.3,86,25.1,Plovdiv,False,True,True
2025-05-26,13.8,12.5,66,27.3,Plovdiv,True,False,True
2025-05-27,17.8,0.4,55,25.8,Plovdiv,False,False,False
2025-05-28,18.7,0.0,51,24.1,Plovdiv,False,False,False
2025-05-29,18.6,0.8,55,21.0,Plovdiv,False,False,False
2025-05-30,17.9,0.2,65,20.0,Plovdiv,False,False,False
2025-05-31,18.6,0.7,62,14.7,Plovdiv,False,True,True
2025-06-01,19.8,0.0,57,11.5,Plovdiv,False,True,True
2025-06-02,21.3,0.0,54,10.1,Plovdiv,False,False,False
2025-06-03,23.3,0.0,55,6.1,Plovdiv,False,False,False
2025-06-04,26.2,0.0,45,8.4,Plovdiv,False,False,False
2025-06-05,26.3,0.0,51,10.0,Plovdiv,False,False,False
2025-06-06,25.4,0.2,57,11.9,Plovdiv,False,False,False
2025-06-07,25.7,0.0,51,16.6,Plovdiv,False,True,True
2025-06-08,25.5,0.0,43,16.7,Plovdiv,False,True,True
2025-06-09,26.1,0.0,44,19.5,Plovdiv,False,False,False
2025-06-10,25.7,0.1,42,19.7,Plovdiv,False,False,False
2025-06-11,24.3,0.0,46,15.9,Plovdiv,False,False,False
2025-06-12,26.2,0.0,42,15.0,Plovdiv,False,False,False
2025-06-13,24.8,0.0,41,9.8,Plovdiv,False,False,False
2025-06-14,23.5,0.0,46,12.2,Plovdiv,False,True,True
2025-06-15,23.3,0.0,48,14.0,Plovdiv,False,True,True
2025-06-16,24.1,0.0,45,10.7,Plovdiv,False,False,False
2025-06-17,25.6,0.0,37,9.1,Plovdiv,False,False,False
2025-06-18,26.7,0.0,39,15.6,Plovdiv,False,False,False
2025-06-19,27.9,0.0,43,10.6,Plovdiv,False,False,False
2025-06-20,28.6,0.0,36,19.0,Plovdiv,False,False,False
2025-06-21,23.3,0.0,44,25.4,Plovdiv,False,True,True
2025-06-22,23.2,0.0,43,7.5,Plovdiv,False,True,True
2025-06-23,25.5,0.0,34,12.5,Plovdiv,False,False,False
2025-06-24,26.7,0.0,38,9.2,Plovdiv,False,False,False
2025-06-25,30.1,0.0,29,15.1,Plovdiv,False,False,False
2025-06-26,30.6,0.0,34,12.3,Plovdiv,False,False,False
2025-06-27,30.5,0.0,37,28.5,Plovdiv,False,False,False
2025-06-28,27.3,0.6,48,19.8,Plovdiv,False,True,True
2025-06-29,24.3,0.7,54,21.1,Plovdiv,False,True,True
2025-06-30,26.5,0.0,44,16.8,Plovdiv,False,False,False
2025-07-01,28.3,0.2,41,18.6,Plovdiv,False,False,False
2025-07-02,26.8,0.0,42,15.0,Plovdiv,False,False,False
2025-07-03,27.1,0.0,36,16.8,Plovdiv,False,False,False
2025-07-04,27.5,0.0,37,13.4,Plovdiv,False,False,False
2025-07-05,29.1,0.0,34,13.2,Plovdiv,False,True,True
2025-07-06,29.1,0.0,39,11.0,Plovdiv,False,True,True
2025-07-07,29.3,0.0,45,12.7,Plovdiv,False,False,False
2025-07-08,30.2,0.0,38,15.7,Plovdiv,False,False,False
2025-07-09,28.6,0.0,39,28.9,Plovdiv,False,False,False
2025-07-10,22.9,0.0,39,27.5,Plovdiv,False,False,False
2025-07-11,24.2,0.0,40,15.5,Plovdiv,False,False,False
2025-07-12,26.2,0.0,38,7.8,Plovdiv,False,True,True
2025-07-13,27.4,0.0,36,14.7,Plovdiv,False,True,True
2025-07-14,28.5,0.0,32,13.2,Plovdiv,False,False,False
2025-07-15,28.4,0.0,33,16.8,Plovdiv,False,False,False
2025-07-16,28.8,0.0,38,17.8,Plovdiv,False,False,False
2025-07-17,27.8,0.6,45,18.8,Plovdiv,False,False,False
2025-07-18,24.6,0.0,46,22.6,Plovdiv,False,False,False
2025-07-19,25.6,0.0,41,15.3,Plovdiv,False,True,True
2025-07-20,27.5,0.0,39,10.4,Plovdiv,False,True,True
2025-07-21,30.0,0.0,35,9.9,Plovdiv,False,False,False
2025-07-22,31.3,0.0,39,7.2,Plovdiv,False,False,False
2025-07-23,32.7,0.0,33,22.9,Plovdiv,False,False,False
2025-07-24,30.8,0.0,41,18.2,Plovdiv,False,False,False
2025-07-25,31.4,0.0,39,16.6,Plovdiv,False,False,False
2025-07-26,31.6,0.0,35,15.0,Plovdiv,False,True,True
2025-07-27,30.6,0.0,34,23.1,Plovdiv,False,True,True
2025-07-28,28.8,0.0,47,17.8,Plovdiv,False,False,False
2025-07-29,27.7,0.0,47,16.0,Plovdiv,False,False,False
2025-07-30,27.0,0.0,44,20.2,Plovdiv,False,False,False
2025-07-31,22.0,15.2,81,11.9,Plovdiv,False,False,False
2025-08-01,23.2,0.5,68,12.0,Plovdiv,False,False,False
2025-08-02,24.8,0.0,56,9.9,Plovdiv,False,True,True
2025-08-03,25.3,0.0,50,12.3,Plovdiv,False,True,True
2025-08-04,25.1,0.0,48,15.9,Plovdiv,False,False,False
2025-08-05,26.2,0.0,47,16.7,Plovdiv,False,False,False
2025-08-06,25.7,0.6,52,11.1,Plovdiv,False,False,False
2025-08-07,26.1,1.6,56,15.3,Plovdiv,False,False,False
2025-08-08,26.1,0.0,57,8.8,Plovdiv,False,False,False
2025-08-09,26.5,0.0,48,14.1,Plovdiv,False,True,True
2025-08-10,27.3,0.0,38,14.5,Plovdiv,False,True,True
2025-08-11,28.3,0.0,40,18.2,Plovdiv,False,False,False
2025-08-12,27.7,0.0,43,23.0,Plovdiv,False,False,False
2025-08-13,26.4,0.0,46,19.7,Plovdiv,False,False,False
2025-08-14,25.1,0.0,44,19.0,Plovdiv,False,False,False
2025-08-15,24.3,0.0,44,13.9,Plovdiv,False,False,False
2025-08-16,25.8,0.0,39,17.5,Plovdiv,False,True,True
2025-08-17,25.6,0.0,42,15.5,Plovdiv,False,True,True
2025-08-18,25.4,4.0,45,15.4,Plovdiv,False,False,False
2025-08-19,21.2,14.4,76,10.7,Plovdiv,False,False,False
2025-08-20,21.8,0.0,72,9.5,Plovdiv,False,False,False
2025-08-21,24.1,0.0,62,12.5,Plovdiv,False,False,False
2025-08-22,25.1,0.0,60,19.9,Plovdiv,False,False,False
2025-08-23,24.2,0.0,44,23.4,Plovdiv,False,True,True
2025-08-24,22.8,0.0,34,20.8,Plovdiv,False,True,True
2025-08-25,21.1,0.0,48,15.0,Plovdiv,False,False,False
2025-08-26,21.2,0.0,49,12.4,Plovdiv,False,False,False
2025-08-27,21.5,0.0,42,16.7,Plovdiv,False,False,False
2025-08-28,22.4,0.0,45,16.3,Plovdiv,False,False,False
2025-08-29,22.8,0.0,45,15.5,Plovdiv,False,False,False
2025-08-30,25.2,0.0,42,12.4,Plovdiv,False,True,True
2025-08-31,24.4,1.1,49,16.5,Plovdiv,False,True,True
2025-09-01,24.0,0.0,45,19.7,Plovdiv,False,False,False
2025-09-02,26.0,0.0,41,13.1,Plovdiv,False,False,False
2025-09-03,26.2,0.0,44,12.3,Plovdiv,False,False,False
2025-09-04,25.9,0.0,43,18.8,Plovdiv,False,False,False
2025-09-05,24.9,0.0,46,13.5,Plovdiv,False,False,False
2025-09-06,24.4,0.0,41,13.3,Plovdiv,True,True,True
2025-09-07,23.5,0.0,34,14.6,Plovdiv,False,True,True
2025-09-08,23.6,0.0,42,13.5,Plovdiv,True,False,True
2025-09-09,23.5,0.0,42,13.1,Plovdiv,False,False,False
2025-09-10,24.5,0.0,45,13.8,Plovdiv,False,False,False
2025-09-11,23.9,6.9,67,18.1,Plovdiv,False,False,False
2025-09-12,22.7,4.2,73,15.9,Plovdiv,False,False,False
2025-09-13,22.8,0.9,64,19.1,Plovdiv,False,True,True
2025-09-14,21.8,0.0,56,16.8,Plovdiv,False,True,True
2025-09-15,22.0,2.3,57,13.4,Plovdiv,False,False,False
2025-09-16,22.2,0.0,48,9.6,Plovdiv,False,False,False
2025-09-17,19.8,0.5,54,21.5,Plovdiv,False,False,False
2025-09-18,19.1,0.0,41,19.3,Plovdiv,False,False,False
2025-09-19,19.6,0.0,39,15.3,Plovdiv,False,False,False
2025-09-20,20.9,0.0,46,13.0,Plovdiv,False,True,True
2025-09-21,21.1,0.0,55,16.8,Plovdiv,False,True,True
2025-09-22,20.1,0.0,55,15.0,Plovdiv,True,False,True
2025-09-23,20.6,0.0,51,12.4,Plovdiv,False,False,False
2025-09-24,21.7,0.0,46,16.7,Plovdiv,False,False,False
2025-09-25,19.8,0.0,60,19.1,Plovdiv,False,False,False
2025-09-26,18.8,0.0,52,18.8,Plovdiv,False,False,False
2025-09-27,16.5,0.0,49,16.8,Plovdiv,False,True,True
2025-09-28,16.3,0.0,53,14.5,Plovdiv,False,True,True
2025-09-29,14.8,5.6,78,7.4,Plovdiv,False,False,False
2025-09-30,15.5,0.0,58,16.6,Plovdiv,False,False,False
2025-10-01,15.4,0.1,51,12.1,Plovdiv,False,False,False
2025-10-02,12.5,49.7,86,16.4,Plovdiv,False,False,False
2025-10-03,9.1,45.6,79,24.9,Plovdiv,False,False,False
2025-10-04,10.7,0.0,62,22.3,Plovdiv,False,True,True
2025-10-05,11.8,0.0,66,8.7,Plovdiv,False,True,True
2025-10-06,11.5,8.4,85,20.8,Plovdiv,False,False,False
2025-10-07,9.6,28.6,87,26.3,Plovdiv,False,False,False
2025-10-08,11.5,6.0,74,27.4,Plovdiv,False,False,False
2025-10-09,14.6,0.0,58,22.4,Plovdiv,False,False,False
2025-10-10,15.7,0.0,58,18.5,Plovdiv,False,False,False
2025-10-11,15.3,0.0,56,24.6,Plovdiv,False,True,True
2025-10-12,15.4,0.0,57,18.1,Plovdiv,False,True,True
2025-10-13,14.7,0.0,60,16.9,Plovdiv,False,False,False
2025-10-14,14.4,0.0,60,16.5,Plovdiv,False,False,False
2025-10-15,14.0,0.0,70,9.6,Plovdiv,False,False,False
2025-10-16,12.7,0.1,74,13.2,Plovdiv,False,False,False
2025-10-17,12.2,1.8,83,9.8,Plovdiv,False,False,False
2025-10-18,13.0,3.2,87,13.2,Plovdiv,False,True,True
2025-10-19,13.8,0.3,56,19.9,Plovdiv,False,True,True
2025-10-20,9.7,0.0,66,7.0,Plovdiv,False,False,False
2025-10-21,10.8,0.0,80,7.2,Plovdiv,False,False,False
2025-10-22,12.3,0.0,82,7.4,Plovdiv,False,False,False
2025-10-23,14.5,0.0,80,8.5,Plovdiv,False,False,False
2025-10-24,15.0,1.9,80,13.2,Plovdiv,False,False,False
2025-10-25,14.2,0.0,61,17.3,Plovdiv,False,True,True
2025-10-26,10.2,0.1,84,8.5,Plovdiv,False,True,True
2025-10-27,11.1,9.2,86,20.9,Plovdiv,False,False,False
2025-10-28,11.2,0.0,71,20.3,Plovdiv,False,False,False
2025-10-29,10.9,0.0,61,11.3,Plovdiv,False,False,False
2025-10-30,9.8,0.0,67,6.8,Plovdiv,False,False,False
2025-10-31,11.7,0.0,64,5.5,Plovdiv,False,False,False
2025-11-01,12.8,0.0,66,7.8,Plovdiv,False,True,True
2025-11-02,11.7,0.0,78,5.0,Plovdiv,False,True,True
2025-11-03,11.4,0.0,81,4.9,Plovdiv,False,False,False
2025-11-04,12.2,4.1,80,18.5,Plovdiv,False,False,False
2025-11-05,11.7,0.0,79,11.9,Plovdiv,False,False,False
2025-11-06,11.4,0.0,71,10.7,Plovdiv,False,False,False
2025-11-07,11.2,0.2,91,8.7,Plovdiv,False,False,False
2025-11-08,12.4,0.3,94,14.1,Plovdiv,False,True,True
2025-11-09,12.8,0.5,93,9.6,Plovdiv,False,True,True
2025-11-10,13.6,1.2,92,7.6,Plovdiv,False,False,False
2025-11-11,13.2,5.1,76,25.6,Plovdiv,False,False,False
2025-11-12,11.6,0.0,55,18.4,Plovdiv,False,False,False
2025-11-13,9.6,0.0,67,7.1,Plovdiv,False,False,False
2025-11-14,9.1,0.0,73,5.9,Plovdiv,False,False,False
2025-11-15,8.4,0.0,75,5.0,Plovdiv,False,True,True
2025-11-16,9.1,0.0,71,6.0,Plovdiv,False,True,True
2025-11-17,8.6,0.0,82,10.0,Plovdiv,False,False,False
2025-11-18,12.4,2.3,80,9.1,Plovdiv,False,False,False
2025-11-19,13.0,2.8,91,6.4,Plovdiv,False,False,False
2025-11-20,13.8,0.0,84,6.9,Plovdiv,False,False,False
2025-11-21,13.6,0.6,80,9.1,Plovdiv,False,False,False
2025-11-22,14.3,0.0,76,10.7,Plovdiv,False,True,True
2025-11-23,11.6,0.1,73,18.3,Plovdiv,False,True,True
2025-11-24,8.0,0.0,71,17.0,Plovdiv,False,False,False
2025-11-25,5.4,0.0,82,7.4,Plovdiv,False,False,False
2025-11-26,10.0,0.0,80,6.3,Plovdiv,False,False,False
2025-11-27,11.5,8.7,90,9.3,Plovdiv,False,False,False
2025-11-28,10.7,5.7,96,13.2,Plovdiv,False,False,False
2025-11-29,9.4,7.1,94,21.8,Plovdiv,False,True,True
2025-11-30,7.5,0.2,67,21.3,Plovdiv,False,True,True
2025-12-01,8.9,0.0,67,17.3,Plovdiv,False,False,False
2025-12-02,6.0,0.0,79,8.0,Plovdiv,False,False,False
2025-12-03,6.8,0.1,86,8.6,Plovdiv,False,False,False
2025-12-04,8.3,0.5,95,14.1,Plovdiv,False,False,False
2025-12-05,10.1,4.1,93,24.8,Plovdiv,False,False,False
2025-12-06,10.1,18.4,95,23.6,Plovdiv,False,True,True
2025-12-07,9.6,0.7,83,14.8,Plovdiv,False,True,True
2025-12-08,9.4,0.0,73,16.5,Plovdiv,False,False,False
2025-12-09,6.9,0.0,79,10.7,Plovdiv,False,False,False
2025-12-10,7.0,0.0,74,6.7,Plovdiv,False,False,False
2025-12-11,6.5,0.0,80,6.1,Plovdiv,False,False,False
2025-12-12,8.6,0.8,70,21.5,Plovdiv,False,False,False
2025-12-13,6.9,0.0,75,15.1,Plovdiv,False,True,True
2025-12-14,7.1,0.0,67,16.3,Plovdiv,False,True,True
2025-12-15,4.9,0.0,68,15.8,Plovdiv,False,False,False
2025-12-16,3.1,0.0,68,5.6,Plovdiv,False,False,False
2025-12-17,1.7,0.0,76,3.6,Plovdiv,False,False,False
2025-12-18,3.4,0.0,63,3.1,Plovdiv,False,False,False
2025-12-19,4.7,0.0,68,6.3,Plovdiv,False,False,False
2025-12-20,3.5,0.0,83,5.7,Plovdiv,False,True,True
2025-12-21,5.3,0.0,90,10.2,Plovdiv,False,True,True
2025-12-22,5.5,0.0,89,7.6,Plovdiv,False,False,False
2025-12-23,6.3,0.1,91,9.5,Plovdiv,False,False,False
2025-12-24,5.7,6.7,96,12.5,Plovdiv,True,False,True
2025-12-25,6.2,59.3,95,17.1,Plovdiv,True,False,True
2025-12-26,5.0,0.4,81,23.1,Plovdiv,True,False,True
2025-12-27,4.9,0.0,59,25.3,Plovdiv,False,True,True
2025-12-28,5.3,0.0,47,38.1,Plovdiv,False,True,True
2025-12-29,4.5,0.0,49,26.6,Plovdiv,False,False,False
2025-12-30,4.0,0.0,48,25.0,Plovdiv,False,False,False
2025-12-31,-0.5,0.0,50,22.7,Plovdiv,True,False,True
2025-01-01,5.5,0.0,64,10.2,Razgrad,True,False,True
2025-01-02,5.8,0.0,61,10.1,Razgrad,False,False,False
2025-01-03,5.9,0.0,59,13.3,Razgrad,False,False,False
2025-01-04,2.2,3.0,79,20.9,Razgrad,False,True,True
2025-01-05,0.3,0.0,78,10.9,Razgrad,False,True,True
2025-01-06,4.3,0.0,75,12.7,Razgrad,False,False,False
2025-01-07,7.4,0.0,77,11.7,Razgrad,False,False,False
2025-01-08,9.6,0.0,80,11.7,Razgrad,False,False,False
2025-01-09,10.2,0.0,77,13.0,Razgrad,False,False,False
2025-01-10,8.5,0.0,86,22.0,Razgrad,False,False,False
2025-01-11,2.0,5.0,80,21.1,Razgrad,False,True,True
2025-01-12,0.5,0.7,80,13.6,Razgrad,False,True,True
2025-01-13,0.3,0.0,72,17.9,Razgrad,False,False,False
2025-01-14,-0.9,0.0,72,16.7,Razgrad,False,False,False
2025-01-15,-1.1,0.7,75,8.5,Razgrad,False,False,False
2025-01-16,-0.3,0.0,78,10.6,Razgrad,False,False,False
2025-01-17,0.9,0.0,73,15.1,Razgrad,False,False,False
2025-01-18,1.9,0.0,68,17.1,Razgrad,False,True,True
2025-01-19,2.6,0.0,68,14.3,Razgrad,False,True,True
2025-01-20,3.0,0.0,70,7.2,Razgrad,False,False,False
2025-01-21,3.6,0.0,83,20.0,Razgrad,False,False,False
2025-01-22,3.0,0.0,88,13.1,Razgrad,False,False,False
2025-01-23,6.3,0.0,76,11.1,Razgrad,False,False,False
2025-01-24,8.2,3.9,77,19.0,Razgrad,False,False,False
2025-01-25,5.5,0.1,87,21.1,Razgrad,False,True,True
2025-01-26,6.4,0.0,86,15.9,Razgrad,False,True,True
2025-01-27,7.4,0.0,81,13.7,Razgrad,False,False,False
2025-01-28,9.2,0.0,76,15.0,Razgrad,False,False,False
2025-01-29,10.7,0.0,68,15.1,Razgrad,False,False,False
2025-01-30,11.4,0.0,84,13.7,Razgrad,False,False,False
2025-01-31,8.1,0.0,94,8.6,Razgrad,False,False,False
2025-02-01,8.0,0.0,85,13.2,Razgrad,False,True,True
2025-02-02,7.2,0.0,87,20.4,Razgrad,False,True,True
2025-02-03,3.8,1.3,94,17.6,Razgrad,False,False,False
2025-02-04,-0.4,0.0,75,9.0,Razgrad,False,False,False
2025-02-05,1.1,0.3,71,19.5,Razgrad,False,False,False
2025-02-06,-0.9,0.1,69,17.0,Razgrad,False,False,False
2025-02-07,-1.1,0.0,65,19.0,Razgrad,False,False,False
2025-02-08,-2.7,0.0,76,15.0,Razgrad,False,True,True
2025-02-09,-3.8,0.0,73,15.4,Razgrad,False,True,True
2025-02-10,-4.0,0.0,69,10.9,Razgrad,False,False,False
2025-02-11,-4.7,0.0,78,11.7,Razgrad,False,False,False
2025-02-12,-2.6,0.0,76,12.7,Razgrad,False,False,False
2025-02-13,1.1,0.0,65,11.5,Razgrad,False,False,False
2025-02-14,5.5,0.3,75,10.7,Razgrad,False,False,False
2025-02-15,2.5,0.0,82,11.7,Razgrad,False,True,True
2025-02-16,-0.1,3.6,88,9.5,Razgrad,False,True,True
2025-02-17,-2.4,10.5,95,15.3,Razgrad,False,False,False
2025-02-18,-2.8,10.5,95,15.2,Razgrad,False,False,False
2025-02-19,-4.9,7.6,91,12.5,Razgrad,False,False,False
2025-02-20,-8.3,0.0,90,8.3,Razgrad,False,False,False
2025-02-21,-8.8,0.0,86,13.4,Razgrad,False,False,False
2025-02-22,-10.4,0.0,82,9.7,Razgrad,False,True,True
2025-02-23,-6.6,0.0,78,11.6,Razgrad,False,True,True
2025-02-24,-5.1,0.0,79,11.4,Razgrad,False,False,False
2025-02-25,-1.5,0.0,74,7.8,Razgrad,False,False,False
2025-02-26,1.2,0.0,79,11.8,Razgrad,False,False,False
2025-02-27,4.3,0.0,89,14.8,Razgrad,False,False,False
2025-02-28,5.7,0.0,95,16.9,Razgrad,False,False,False
2025-03-01,5.4,1.7,96,15.3,Razgrad,False,True,True
2025-03-02,4.1,4.8,95,12.1,Razgrad,False,True,True
2025-03-03,3.3,2.0,77,13.4,Razgrad,True,False,True
2025-03-04,4.1,0.0,70,7.6,Razgrad,False,False,False
2025-03-05,7.2,0.0,63,9.5,Razgrad,False,False,False
2025-03-06,9.2,0.0,55,8.3,Razgrad,False,False,False
2025-03-07,10.0,0.0,49,14.3,Razgrad,False,False,False
2025-03-08,10.2,0.0,40,14.2,Razgrad,False,True,True
2025-03-09,9.7,0.0,50,10.8,Razgrad,False,True,True
2025-03-10,11.5,0.0,55,12.3,Razgrad,False,False,False
2025-03-11,14.1,0.0,57,20.2,Razgrad,False,False,False
2025-03-12,15.9,0.0,72,16.4,Razgrad,False,False,False
2025-03-13,16.8,0.7,66,29.5,Razgrad,False,False,False
2025-03-14,16.1,0.2,68,21.3,Razgrad,False,False,False
2025-03-15,20.4,0.0,46,21.8,Razgrad,False,True,True
2025-03-16,15.9,0.0,64,19.3,Razgrad,False,True,True
2025-03-17,10.2,2.1,82,19.9,Razgrad,False,False,False
2025-03-18,1.2,7.0,64,24.2,Razgrad,False,False,False
2025-03-19,1.1,0.0,70,17.6,Razgrad,False,False,False
2025-03-20,4.4,0.0,57,12.0,Razgrad,False,False,False
2025-03-21,6.2,0.0,57,9.6,Razgrad,False,False,False
2025-03-22,8.0,0.0,60,22.5,Razgrad,False,True,True
2025-03-23,10.2,0.0,69,23.8,Razgrad,False,True,True
2025-03-24,14.0,0.0,75,15.2,Razgrad,False,False,False
2025-03-25,17.3,0.0,65,15.2,Razgrad,False,False,False
2025-03-26,14.3,4.7,90,17.1,Razgrad,False,False,False
2025-03-27,13.0,0.4,84,16.9,Razgrad,False,False,False
2025-03-28,11.5,5.2,80,28.9,Razgrad,False,False,False
2025-03-29,10.9,1.6,88,13.8,Razgrad,False,True,True
2025-03-30,11.0,1.3,88,9.8,Razgrad,False,True,True
2025-03-31,11.4,0.5,82,12.1,Razgrad,False,False,False
2025-04-01,9.9,3.8,91,24.0,Razgrad,False,False,False
2025-04-02,10.2,9.1,88,18.7,Razgrad,False,False,False
2025-04-03,10.7,4.0,85,13.5,Razgrad,False,False,False
2025-04-04,9.3,1.8,92,15.9,Razgrad,False,False,False
2025-04-05,12.0,0.2,78,17.1,Razgrad,False,True,True
2025-04-06,7.5,4.6,75,31.0,Razgrad,False,True,True
2025-04-07,1.5,5.1,81,13.7,Razgrad,False,False,False
2025-04-08,2.3,0.1,68,12.1,Razgrad,False,False,False
2025-04-09,4.6,0.2,58,14.9,Razgrad,False,False,False
2025-04-10,5.1,7.5,73,34.5,Razgrad,False,False,False
2025-04-11,2.5,0.2,70,25.6,Razgrad,False,False,False
2025-04-12,5.5,0.2,78,20.2,Razgrad,False,True,True
2025-04-13,9.2,0.0,70,18.1,Razgrad,False,True,True
2025-04-14,9.7,0.0,69,25.3,Razgrad,False,False,False
2025-04-15,10.1,0.0,62,25.8,Razgrad,False,False,False
2025-04-16,13.6,0.0,64,25.9,Razgrad,False,False,False
2025-04-17,14.5,0.0,62,26.7,Razgrad,False,False,False
2025-04-18,13.3,0.0,73,28.0,Razgrad,True,False,True
2025-04-19,10.6,0.3,88,19.2,Razgrad,True,True,True
2025-04-20,13.3,0.0,77,8.9,Razgrad,True,True,True
2025-04-21,16.5,0.0,70,13.9,Razgrad,True,False,True
2025-04-22,17.0,0.3,63,15.9,Razgrad,False,False,False
2025-04-23,16.2,0.1,68,15.8,Razgrad,False,False,False
2025-04-24,15.4,0.0,70,16.3,Razgrad,False,False,False
2025-04-25,15.7,1.9,72,9.5,Razgrad,False,False,False
2025-04-26,15.6,5.6,77,18.1,Razgrad,False,True,True
2025-04-27,12.1,0.2,71,16.7,Razgrad,False,True,True
2025-04-28,10.1,0.0,61,14.9,Razgrad,False,False,False
2025-04-29,9.3,0.0,62,10.9,Razgrad,False,False,False
2025-04-30,12.1,0.0,69,9.8,Razgrad,False,False,False
2025-05-01,14.7,3.2,67,16.7,Razgrad,True,False,True
2025-05-02,14.8,0.1,65,14.8,Razgrad,False,False,False
2025-05-03,15.8,0.1,56,15.4,Razgrad,False,True,True
2025-05-04,18.2,0.0,65,13.7,Razgrad,False,True,True
2025-05-05,19.1,0.6,71,13.7,Razgrad,False,False,False
2025-05-06,18.0,3.6,85,10.4,Razgrad,True,False,True
2025-05-07,17.2,1.5,81,15.9,Razgrad,False,False,False
2025-05-08,15.8,0.8,84,23.0,Razgrad,False,False,False
2025-05-09,14.5,1.4,77,25.2,Razgrad,False,False,False
2025-05-10,11.5,6.7,87,13.7,Razgrad,False,True,True
2025-05-11,12.7,0.6,75,7.9,Razgrad,False,True,True
2025-05-12,10.2,0.7,83,21.1,Razgrad,False,False,False
2025-05-13,10.6,1.1,76,17.1,Razgrad,False,False,False
2025-05-14,11.8,0.2,71,10.3,Razgrad,False,False,False
2025-05-15,14.9,0.0,63,16.5,Razgrad,False,False,False
2025-05-16,14.5,5.2,73,21.4,Razgrad,False,False,False
2025-05-17,12.0,9.0,77,30.2,Razgrad,False,True,True
2025-05-18,13.2,0.1,66,23.1,Razgrad,False,True,True
2025-05-19,15.3,0.2,66,19.7,Razgrad,False,False,False
2025-05-20,14.8,0.0,67,20.7,Razgrad,False,False,False
2025-05-21,17.0,1.9,73,15.4,Razgrad,False,False,False
2025-05-22,18.7,1.5,78,14.0,Razgrad,False,False,False
2025-05-23,19.6,0.6,77,8.9,Razgrad,False,False,False
2025-05-24,16.3,2.3,86,18.6,Razgrad,True,True,True
2025-05-25,12.6,6.9,88,14.6,Razgrad,False,True,True
2025-05-26,11.3,14.5,95,17.1,Razgrad,True,False,True
2025-05-27,14.1,2.5,86,20.6,Razgrad,False,False,False
2025-05-28,15.4,7.9,84,20.0,Razgrad,False,False,False
2025-05-29,16.1,2.7,83,17.1,Razgrad,False,False,False
2025-05-30,15.7,2.2,88,17.8,Razgrad,False,False,False
2025-05-31,16.5,0.7,80,12.7,Razgrad,False,True,True
2025-06-01,18.3,0.4,75,13.4,Razgrad,False,True,True
2025-06-02,20.2,0.4,74,8.5,Razgrad,False,False,False
2025-06-03,22.5,0.0,70,9.3,Razgrad,False,False,False
2025-06-04,23.6,0.3,70,9.2,Razgrad,False,False,False
2025-06-05,24.4,0.1,70,15.4,Razgrad,False,False,False
2025-06-06,23.6,0.0,63,16.1,Razgrad,False,False,False
2025-06-07,22.5,0.0,69,17.5,Razgrad,False,True,True
2025-06-08,20.9,0.0,58,17.4,Razgrad,False,True,True
2025-06-09,22.3,0.0,69,18.6,Razgrad,False,False,False
2025-06-10,21.4,0.0,71,15.3,Razgrad,False,False,False
2025-06-11,21.7,0.0,60,11.3,Razgrad,False,False,False
2025-06-12,20.6,0.4,73,12.2,Razgrad,False,False,False
2025-06-13,20.4,1.1,68,13.3,Razgrad,False,False,False
2025-06-14,18.4,0.2,67,14.7,Razgrad,False,True,True
2025-06-15,17.9,0.0,68,14.1,Razgrad,False,True,True
2025-06-16,20.6,0.0,62,10.9,Razgrad,False,False,False
2025-06-17,22.7,0.0,61,8.9,Razgrad,False,False,False
2025-06-18,23.2,0.4,67,14.4,Razgrad,False,False,False
2025-06-19,24.3,0.2,67,12.9,Razgrad,False,False,False
2025-06-20,22.0,0.0,63,17.6,Razgrad,False,False,False
2025-06-21,19.2,0.3,56,13.6,Razgrad,False,True,True
2025-06-22,20.2,0.0,53,16.4,Razgrad,False,True,True
2025-06-23,22.8,0.0,51,11.5,Razgrad,False,False,False
2025-06-24,25.0,0.0,47,15.1,Razgrad,False,False,False
2025-06-25,25.8,0.0,51,11.4,Razgrad,False,False,False
2025-06-26,27.7,0.0,50,10.1,Razgrad,False,False,False
2025-06-27,28.0,0.0,50,17.4,Razgrad,False,False,False
2025-06-28,23.1,1.7,73,14.5,Razgrad,False,True,True
2025-06-29,21.3,0.0,59,22.7,Razgrad,False,True,True
2025-06-30,24.6,0.0,57,15.9,Razgrad,False,False,False
2025-07-01,23.5,0.0,47,19.6,Razgrad,False,False,False
2025-07-02,22.2,0.0,54,14.5,Razgrad,False,False,False
2025-07-03,24.0,0.0,47,12.3,Razgrad,False,False,False
2025-07-04,25.9,0.0,48,13.6,Razgrad,False,False,False
2025-07-05,27.5,0.0,46,11.9,Razgrad,False,True,True
2025-07-06,28.2,0.0,39,19.4,Razgrad,False,True,True
2025-07-07,28.5,0.0,38,21.4,Razgrad,False,False,False
2025-07-08,27.9,0.0,47,21.5,Razgrad,False,False,False
2025-07-09,25.4,0.5,58,32.5,Razgrad,False,False,False
2025-07-10,20.2,0.0,56,28.2,Razgrad,False,False,False
2025-07-11,21.3,0.3,58,13.0,Razgrad,False,False,False
2025-07-12,22.9,0.0,56,8.1,Razgrad,False,True,True
2025-07-13,25.5,0.0,45,13.2,Razgrad,False,True,True
2025-07-14,27.3,0.0,41,15.6,Razgrad,False,False,False
2025-07-15,26.9,0.6,41,13.5,Razgrad,False,False,False
2025-07-16,25.9,0.0,56,11.1,Razgrad,False,False,False
2025-07-17,24.5,10.1,60,18.4,Razgrad,False,False,False
2025-07-18,20.4,0.1,66,20.5,Razgrad,False,False,False
2025-07-19,22.4,0.0,53,16.8,Razgrad,False,True,True
2025-07-20,24.8,0.0,49,16.6,Razgrad,False,True,True
2025-07-21,27.7,0.0,48,10.3,Razgrad,False,False,False
2025-07-22,30.4,0.0,41,17.6,Razgrad,False,False,False
2025-07-23,28.6,0.0,53,18.2,Razgrad,False,False,False
2025-07-24,27.9,2.3,53,18.5,Razgrad,False,False,False
2025-07-25,29.4,0.0,44,16.8,Razgrad,False,False,False
2025-07-26,30.5,0.0,37,18.0,Razgrad,False,True,True
2025-07-27,28.7,0.0,37,27.2,Razgrad,False,True,True
2025-07-28,26.7,0.0,58,16.6,Razgrad,False,False,False
2025-07-29,22.5,12.7,76,19.7,Razgrad,False,False,False
2025-07-30,21.9,1.3,77,16.5,Razgrad,False,False,False
2025-07-31,21.8,3.4,76,14.3,Razgrad,False,False,False
2025-08-01,22.1,1.1,74,11.9,Razgrad,False,False,False
2025-08-02,24.4,0.0,50,13.6,Razgrad,False,True,True
2025-08-03,25.1,0.0,49,13.3,Razgrad,False,True,True
2025-08-04,26.8,0.0,43,15.7,Razgrad,False,False,False
2025-08-05,24.9,0.0,56,17.1,Razgrad,False,False,False
2025-08-06,26.1,0.0,55,13.0,Razgrad,False,False,False
2025-08-07,24.8,0.0,57,22.2,Razgrad,False,False,False
2025-08-08,23.9,0.0,50,13.5,Razgrad,False,False,False
2025-08-09,25.3,0.0,50,12.7,Razgrad,False,True,True
2025-08-10,27.0,0.0,41,15.0,Razgrad,False,True,True
2025-08-11,27.6,0.0,46,19.4,Razgrad,False,False,False
2025-08-12,25.6,0.0,49,15.8,Razgrad,False,False,False
2025-08-13,24.5,0.0,48,15.2,Razgrad,False,False,False
2025-08-14,24.3,0.0,48,18.1,Razgrad,False,False,False
2025-08-15,25.6,0.0,41,18.7,Razgrad,False,False,False
2025-08-16,24.8,0.0,48,13.9,Razgrad,False,True,True
2025-08-17,24.0,0.0,49,14.7,Razgrad,False,True,True
2025-08-18,23.4,10.2,61,15.1,Razgrad,False,False,False
2025-08-19,19.3,6.2,73,13.7,Razgrad,False,False,False
2025-08-20,20.2,0.0,74,5.8,Razgrad,False,False,False
2025-08-21,23.9,0.0,58,19.5,Razgrad,False,False,False
2025-08-22,24.5,0.7,61,20.0,Razgrad,False,False,False
2025-08-23,20.8,0.0,65,19.7,Razgrad,False,True,True
2025-08-24,19.3,0.0,51,23.1,Razgrad,False,True,True
2025-08-25,17.2,3.6,70,12.8,Razgrad,False,False,False
2025-08-26,19.0,0.0,59,7.7,Razgrad,False,False,False
2025-08-27,20.9,0.0,54,17.3,Razgrad,False,False,False
2025-08-28,21.2,0.0,61,15.4,Razgrad,False,False,False
2025-08-29,22.2,0.0,55,17.1,Razgrad,False,False,False
2025-08-30,24.8,0.0,57,16.0,Razgrad,False,True,True
2025-08-31,21.6,2.0,69,16.6,Razgrad,False,True,True
2025-09-01,20.9,0.5,67,24.8,Razgrad,False,False,False
2025-09-02,23.8,0.0,61,13.3,Razgrad,False,False,False
2025-09-03,26.1,0.0,49,17.7,Razgrad,False,False,False
2025-09-04,24.3,0.0,52,15.8,Razgrad,False,False,False
2025-09-05,22.1,0.0,58,15.4,Razgrad,False,False,False
2025-09-06,20.8,0.0,59,12.6,Razgrad,True,True,True
2025-09-07,21.1,0.0,57,12.6,Razgrad,False,True,True
2025-09-08,20.7,0.0,53,12.3,Razgrad,True,False,True
2025-09-09,22.3,0.0,50,10.5,Razgrad,False,False,False
2025-09-10,23.6,0.0,48,19.0,Razgrad,False,False,False
2025-09-11,22.7,0.4,64,18.6,Razgrad,False,False,False
2025-09-12,20.5,26.4,88,17.3,Razgrad,False,False,False
2025-09-13,20.8,0.7,75,14.1,Razgrad,False,True,True
2025-09-14,19.2,0.0,66,16.2,Razgrad,False,True,True
2025-09-15,19.3,0.0,67,12.7,Razgrad,False,False,False
2025-09-16,20.4,0.0,61,14.3,Razgrad,False,False,False
2025-09-17,17.5,2.7,80,21.0,Razgrad,False,False,False
2025-09-18,16.3,0.0,60,19.4,Razgrad,False,False,False
2025-09-19,16.7,0.0,53,12.8,Razgrad,False,False,False
2025-09-20,19.3,0.0,61,16.2,Razgrad,False,True,True
2025-09-21,20.6,0.0,60,15.7,Razgrad,False,True,True
2025-09-22,18.8,0.0,68,15.4,Razgrad,True,False,True
2025-09-23,19.1,0.0,70,14.2,Razgrad,False,False,False
2025-09-24,19.2,0.0,70,14.3,Razgrad,False,False,False
2025-09-25,16.6,0.0,69,21.2,Razgrad,False,False,False
2025-09-26,14.8,0.0,51,19.4,Razgrad,False,False,False
2025-09-27,13.6,0.0,62,16.1,Razgrad,False,True,True
2025-09-28,14.1,0.0,60,14.2,Razgrad,False,True,True
2025-09-29,13.9,5.7,75,13.1,Razgrad,False,False,False
2025-09-30,13.1,0.7,70,16.5,Razgrad,False,False,False
2025-10-01,12.9,0.0,59,17.7,Razgrad,False,False,False
2025-10-02,8.9,6.5,76,29.6,Razgrad,False,False,False
2025-10-03,7.3,25.8,95,41.8,Razgrad,False,False,False
2025-10-04,8.2,2.5,89,16.1,Razgrad,False,True,True
2025-10-05,11.2,0.0,69,14.4,Razgrad,False,True,True
2025-10-06,12.2,7.1,84,13.9,Razgrad,False,False,False
2025-10-07,10.9,48.8,99,24.0,Razgrad,False,False,False
2025-10-08,11.4,39.8,98,20.2,Razgrad,False,False,False
2025-10-09,11.8,11.5,89,20.6,Razgrad,False,False,False
2025-10-10,13.1,0.1,74,18.7,Razgrad,False,False,False
2025-10-11,12.3,4.6,79,18.4,Razgrad,False,True,True
2025-10-12,12.4,0.0,77,10.9,Razgrad,False,True,True
2025-10-13,13.3,0.0,78,18.2,Razgrad,False,False,False
2025-10-14,11.8,0.2,83,14.4,Razgrad,False,False,False
2025-10-15,10.7,0.9,87,10.8,Razgrad,False,False,False
2025-10-16,11.6,0.6,85,13.6,Razgrad,False,False,False
2025-10-17,12.6,0.1,79,17.7,Razgrad,False,False,False
2025-10-18,12.5,3.9,93,13.0,Razgrad,False,True,True
2025-10-19,10.9,0.1,75,18.8,Razgrad,False,True,True
2025-10-20,8.9,0.0,64,10.6,Razgrad,False,False,False
2025-10-21,11.6,0.0,74,15.1,Razgrad,False,False,False
2025-10-22,13.9,0.0,74,14.1,Razgrad,False,False,False
2025-10-23,15.9,0.0,76,11.7,Razgrad,False,False,False
2025-10-24,15.0,1.8,79,24.3,Razgrad,False,False,False
2025-10-25,11.5,0.0,68,16.4,Razgrad,False,True,True
2025-10-26,12.6,1.8,80,16.1,Razgrad,False,True,True
2025-10-27,11.8,7.8,86,19.4,Razgrad,False,False,False
2025-10-28,10.6,3.0,73,25.2,Razgrad,False,False,False
2025-10-29,11.6,0.0,57,16.2,Razgrad,False,False,False
2025-10-30,13.1,0.0,62,14.4,Razgrad,False,False,False
2025-10-31,13.7,0.0,63,10.3,Razgrad,False,False,False
2025-11-01,15.2,0.0,69,13.4,Razgrad,False,True,True
2025-11-02,14.1,0.0,73,20.9,Razgrad,False,True,True
2025-11-03,13.7,0.0,80,19.9,Razgrad,False,False,False
2025-11-04,11.7,1.0,83,17.5,Razgrad,False,False,False
2025-11-05,9.9,5.9,87,11.7,Razgrad,False,False,False
2025-11-06,8.5,9.5,93,17.6,Razgrad,False,False,False
2025-11-07,9.9,10.9,95,20.5,Razgrad,False,False,False
2025-11-08,12.9,2.7,92,25.3,Razgrad,False,True,True
2025-11-09,13.6,0.1,94,20.5,Razgrad,False,True,True
2025-11-10,14.3,12.5,93,20.5,Razgrad,False,False,False
2025-11-11,11.9,4.3,98,11.9,Razgrad,False,False,False
2025-11-12,9.3,0.6,85,13.1,Razgrad,False,False,False
2025-11-13,7.1,0.0,88,10.4,Razgrad,False,False,False
2025-11-14,7.4,0.0,90,8.0,Razgrad,False,False,False
2025-11-15,8.9,0.0,88,10.9,Razgrad,False,True,True
2025-11-16,8.7,0.0,87,6.9,Razgrad,False,True,True
2025-11-17,12.0,0.0,79,18.7,Razgrad,False,False,False
2025-11-18,14.4,6.0,74,17.4,Razgrad,False,False,False
2025-11-19,7.5,7.2,94,14.9,Razgrad,False,False,False
2025-11-20,12.3,0.4,89,14.1,Razgrad,False,False,False
2025-11-21,15.8,0.2,79,29.3,Razgrad,False,False,False
2025-11-22,16.7,0.0,80,24.6,Razgrad,False,True,True
2025-11-23,9.5,1.1,92,23.1,Razgrad,False,True,True
2025-11-24,5.1,0.0,80,16.1,Razgrad,False,False,False
2025-11-25,8.7,0.0,81,18.5,Razgrad,False,False,False
2025-11-26,13.1,0.0,79,19.8,Razgrad,False,False,False
2025-11-27,12.6,2.1,90,22.6,Razgrad,False,False,False
2025-11-28,9.9,3.7,96,15.0,Razgrad,False,False,False
2025-11-29,9.9,6.5,96,15.5,Razgrad,False,True,True
2025-11-30,5.4,0.0,85,18.0,Razgrad,False,True,True
2025-12-01,5.4,0.2,88,13.0,Razgrad,False,False,False
2025-12-02,6.0,0.0,85,10.3,Razgrad,False,False,False
2025-12-03,8.4,0.0,89,13.1,Razgrad,False,False,False
2025-12-04,10.3,0.0,90,20.2,Razgrad,False,False,False
2025-12-05,11.1,0.1,86,25.8,Razgrad,False,False,False
2025-12-06,4.9,6.7,97,29.3,Razgrad,False,True,True
2025-12-07,3.0,2.0,98,15.4,Razgrad,False,True,True
2025-12-08,4.5,0.5,94,13.1,Razgrad,False,False,False
2025-12-09,5.9,0.2,92,12.0,Razgrad,False,False,False
2025-12-10,6.5,0.0,86,11.7,Razgrad,False,False,False
2025-12-11,6.8,0.0,84,9.2,Razgrad,False,False,False
2025-12-12,5.2,0.0,93,11.3,Razgrad,False,False,False
2025-12-13,5.8,0.0,88,14.1,Razgrad,False,True,True
2025-12-14,3.2,0.0,93,16.2,Razgrad,False,True,True
2025-12-15,2.0,0.0,93,11.2,Razgrad,False,False,False
2025-12-16,1.9,0.0,93,9.8,Razgrad,False,False,False
2025-12-17,1.4,0.0,92,13.4,Razgrad,False,False,False
2025-12-18,3.7,0.0,80,10.7,Razgrad,False,False,False
2025-12-19,6.8,0.0,80,9.5,Razgrad,False,False,False
2025-12-20,4.5,0.0,94,11.1,Razgrad,False,True,True
2025-12-21,5.2,0.8,97,7.7,Razgrad,False,True,True
2025-12-22,4.4,0.0,96,10.0,Razgrad,False,False,False
2025-12-23,3.3,0.0,91,9.7,Razgrad,False,False,False
2025-12-24,5.2,6.4,95,25.8,Razgrad,True,False,True
2025-12-25,-0.5,7.3,95,30.2,Razgrad,True,False,True
2025-12-26,-2.3,0.0,90,18.0,Razgrad,True,False,True
2025-12-27,-0.0,0.0,97,17.6,Razgrad,False,True,True
2025-12-28,1.2,0.6,81,28.4,Razgrad,False,True,True
2025-12-29,0.1,0.0,80,24.1,Razgrad,False,False,False
2025-12-30,1.6,0.0,65,26.3,Razgrad,False,False,False
2025-12-31,-3.0,0.0,75,27.4,Razgrad,True,False,True
2025-01-01,3.1,0.0,75,10.8,Ruse,True,False,True
2025-01-02,3.5,0.0,70,12.4,Ruse,False,False,False
2025-01-03,6.0,0.0,60,13.0,Ruse,False,False,False
2025-01-04,2.9,3.0,76,21.5,Ruse,False,True,True
2025-01-05,0.5,0.0,77,9.6,Ruse,False,True,True
2025-01-06,2.1,0.0,77,6.7,Ruse,False,False,False
2025-01-07,4.4,0.0,81,8.1,Ruse,False,False,False
2025-01-08,8.0,0.0,79,10.4,Ruse,False,False,False
2025-01-09,9.1,0.0,78,10.4,Ruse,False,False,False
2025-01-10,8.2,0.0,80,24.0,Ruse,False,False,False
2025-01-11,2.9,6.8,74,23.6,Ruse,False,True,True
2025-01-12,0.3,0.0,79,14.7,Ruse,False,True,True
2025-01-13,0.3,0.0,73,14.5,Ruse,False,False,False
2025-01-14,-0.3,0.0,64,16.1,Ruse,False,False,False
2025-01-15,-1.1,0.2,76,10.5,Ruse,False,False,False
2025-01-16,-0.1,0.0,77,8.9,Ruse,False,False,False
2025-01-17,0.5,0.0,73,15.6,Ruse,False,False,False
2025-01-18,0.8,0.0,70,16.9,Ruse,False,True,True
2025-01-19,1.3,0.0,73,16.1,Ruse,False,True,True
2025-01-20,1.3,0.0,76,6.7,Ruse,False,False,False
2025-01-21,2.2,0.2,81,8.3,Ruse,False,False,False
2025-01-22,3.0,0.0,85,14.6,Ruse,False,False,False
2025-01-23,5.8,0.0,79,9.9,Ruse,False,False,False
2025-01-24,8.0,2.9,77,19.5,Ruse,False,False,False
2025-01-25,6.1,0.0,81,19.8,Ruse,False,True,True
2025-01-26,6.0,0.0,85,12.6,Ruse,False,True,True
2025-01-27,5.7,0.0,87,11.0,Ruse,False,False,False
2025-01-28,7.7,0.0,77,12.1,Ruse,False,False,False
2025-01-29,9.5,0.0,69,11.4,Ruse,False,False,False
2025-01-30,8.9,0.0,86,8.7,Ruse,False,False,False
2025-01-31,7.3,0.0,97,8.0,Ruse,False,False,False
2025-02-01,7.5,0.0,86,12.0,Ruse,False,True,True
2025-02-02,6.6,0.0,85,11.7,Ruse,False,True,True
2025-02-03,4.0,2.1,91,16.4,Ruse,False,False,False
2025-02-04,1.0,0.0,73,8.9,Ruse,False,False,False
2025-02-05,2.3,0.2,66,14.8,Ruse,False,False,False
2025-02-06,0.1,0.0,70,12.3,Ruse,False,False,False
2025-02-07,-0.9,0.0,67,13.8,Ruse,False,False,False
2025-02-08,-1.8,0.0,68,13.5,Ruse,False,True,True
2025-02-09,-2.1,0.0,66,12.1,Ruse,False,True,True
2025-02-10,-3.2,0.0,68,8.5,Ruse,False,False,False
2025-02-11,-3.9,0.0,73,12.7,Ruse,False,False,False
2025-02-12,-2.3,0.0,71,12.1,Ruse,False,False,False
2025-02-13,-0.3,0.0,69,7.8,Ruse,False,False,False
2025-02-14,3.7,0.0,69,5.1,Ruse,False,False,False
2025-02-15,0.9,0.2,79,16.3,Ruse,False,True,True
2025-02-16,-2.1,5.4,88,12.5,Ruse,False,True,True
2025-02-17,-2.8,12.2,94,16.3,Ruse,False,False,False
2025-02-18,-2.9,13.0,94,16.1,Ruse,False,False,False
2025-02-19,-4.2,5.1,90,8.8,Ruse,False,False,False
2025-02-20,-8.0,0.0,95,7.6,Ruse,False,False,False
2025-02-21,-7.9,0.0,89,5.5,Ruse,False,False,False
2025-02-22,-10.2,0.0,88,9.5,Ruse,False,True,True
2025-02-23,-9.7,0.0,87,9.6,Ruse,False,True,True
2025-02-24,-8.7,0.0,90,7.1,Ruse,False,False,False
2025-02-25,-5.0,0.0,83,6.0,Ruse,False,False,False
2025-02-26,-4.3,0.0,93,6.3,Ruse,False,False,False
2025-02-27,-0.4,0.0,96,12.1,Ruse,False,False,False
2025-02-28,1.8,0.0,97,11.4,Ruse,False,False,False
2025-03-01,3.2,1.1,98,7.1,Ruse,False,True,True
2025-03-02,3.3,10.0,95,12.3,Ruse,False,True,True
2025-03-03,3.2,1.1,77,11.7,Ruse,True,False,True
2025-03-04,3.7,0.0,71,8.0,Ruse,False,False,False
2025-03-05,6.2,0.0,67,10.6,Ruse,False,False,False
2025-03-06,7.6,0.0,62,11.2,Ruse,False,False,False
2025-03-07,7.5,0.0,71,11.7,Ruse,False,False,False
2025-03-08,8.7,0.0,51,14.5,Ruse,False,True,True
2025-03-09,9.0,0.0,56,11.2,Ruse,False,True,True
2025-03-10,9.8,0.0,62,13.8,Ruse,False,False,False
2025-03-11,14.1,0.0,56,24.8,Ruse,False,False,False
2025-03-12,16.3,0.0,68,16.8,Ruse,False,False,False
2025-03-13,18.2,4.3,60,30.1,Ruse,False,False,False
2025-03-14,17.1,2.2,64,24.7,Ruse,False,False,False
2025-03-15,21.4,0.0,44,27.5,Ruse,False,True,True
2025-03-16,14.5,0.0,67,25.8,Ruse,False,True,True
2025-03-17,10.0,2.9,81,18.3,Ruse,False,False,False
2025-03-18,2.3,4.5,63,22.7,Ruse,False,False,False
2025-03-19,2.4,0.0,68,13.8,Ruse,False,False,False
2025-03-20,5.0,0.0,61,8.6,Ruse,False,False,False
2025-03-21,7.3,0.0,58,13.1,Ruse,False,False,False
2025-03-22,9.8,0.0,55,19.3,Ruse,False,True,True
2025-03-23,12.4,0.0,61,19.0,Ruse,False,True,True
2025-03-24,13.4,0.4,79,11.2,Ruse,False,False,False
2025-03-25,17.4,0.0,66,11.5,Ruse,False,False,False
2025-03-26,14.4,10.0,90,14.8,Ruse,False,False,False
2025-03-27,12.7,3.3,87,23.7,Ruse,False,False,False
2025-03-28,11.5,5.4,79,39.6,Ruse,False,False,False
2025-03-29,10.6,0.9,84,19.1,Ruse,False,True,True
2025-03-30,11.1,0.0,83,11.3,Ruse,False,True,True
2025-03-31,11.4,0.2,81,9.0,Ruse,False,False,False
2025-04-01,10.8,4.8,87,25.6,Ruse,False,False,False
2025-04-02,11.3,3.4,84,18.5,Ruse,False,False,False
2025-04-03,11.3,5.1,83,13.9,Ruse,False,False,False
2025-04-04,10.6,1.5,87,11.4,Ruse,False,False,False
2025-04-05,13.0,0.7,76,18.1,Ruse,False,True,True
2025-04-06,8.4,5.4,72,26.8,Ruse,False,True,True
2025-04-07,3.4,3.6,74,15.7,Ruse,False,False,False
2025-04-08,3.8,0.7,67,10.5,Ruse,False,False,False
2025-04-09,5.9,0.2,58,13.4,Ruse,False,False,False
2025-04-10,6.0,8.7,72,34.8,Ruse,False,False,False
2025-04-11,5.4,0.1,60,24.0,Ruse,False,False,False
2025-04-12,7.9,0.3,75,14.9,Ruse,False,True,True
2025-04-13,11.6,0.0,62,17.1,Ruse,False,True,True
2025-04-14,11.6,0.0,66,19.6,Ruse,False,False,False
2025-04-15,11.8,0.0,59,20.8,Ruse,False,False,False
2025-04-16,15.1,0.0,63,20.0,Ruse,False,False,False
2025-04-17,16.2,0.0,61,17.0,Ruse,False,False,False
2025-04-18,15.8,0.0,63,15.0,Ruse,True,False,True
2025-04-19,11.0,0.1,83,11.8,Ruse,True,True,True
2025-04-20,13.9,0.0,74,8.4,Ruse,True,True,True
2025-04-21,16.5,0.0,69,11.1,Ruse,True,False,True
2025-04-22,18.5,0.0,65,12.9,Ruse,False,False,False
2025-04-23,17.9,0.0,61,14.0,Ruse,False,False,False
2025-04-24,16.8,0.0,67,14.1,Ruse,False,False,False
2025-04-25,17.2,0.8,67,10.3,Ruse,False,False,False
2025-04-26,15.9,10.5,79,19.0,Ruse,False,True,True
2025-04-27,12.9,0.6,60,20.0,Ruse,False,True,True
2025-04-28,11.8,0.0,56,14.8,Ruse,False,False,False
2025-04-29,11.0,0.0,55,12.9,Ruse,False,False,False
2025-04-30,14.0,0.0,61,12.6,Ruse,False,False,False
2025-05-01,16.4,0.0,64,14.9,Ruse,True,False,True
2025-05-02,16.1,0.0,59,13.6,Ruse,False,False,False
2025-05-03,18.2,0.0,51,14.7,Ruse,False,True,True
2025-05-04,21.5,0.0,48,14.0,Ruse,False,True,True
2025-05-05,21.1,0.3,59,16.8,Ruse,False,False,False
2025-05-06,19.1,2.9,78,17.3,Ruse,True,False,True
2025-05-07,18.1,0.5,77,19.4,Ruse,False,False,False
2025-05-08,16.6,0.7,80,14.3,Ruse,False,False,False
2025-05-09,15.5,2.1,75,25.2,Ruse,False,False,False
2025-05-10,11.0,7.3,83,17.8,Ruse,False,True,True
2025-05-11,13.6,0.2,71,9.1,Ruse,False,True,True
2025-05-12,11.1,0.1,75,18.7,Ruse,False,False,False
2025-05-13,11.9,0.2,68,14.1,Ruse,False,False,False
2025-05-14,12.9,0.0,66,13.7,Ruse,False,False,False
2025-05-15,16.7,0.0,52,14.1,Ruse,False,False,False
2025-05-16,15.8,6.7,71,16.7,Ruse,False,False,False
2025-05-17,12.8,6.8,73,30.9,Ruse,False,True,True
2025-05-18,14.5,0.0,62,20.9,Ruse,False,True,True
2025-05-19,16.2,0.3,63,26.0,Ruse,False,False,False
2025-05-20,16.2,0.0,60,19.7,Ruse,False,False,False
2025-05-21,17.9,0.0,65,8.9,Ruse,False,False,False
2025-05-22,19.4,3.0,74,11.7,Ruse,False,False,False
2025-05-23,20.3,0.1,73,11.1,Ruse,False,False,False
2025-05-24,16.0,20.4,86,19.1,Ruse,True,True,True
2025-05-25,13.0,11.7,87,14.3,Ruse,False,True,True
2025-05-26,12.2,16.9,95,15.7,Ruse,True,False,True
2025-05-27,15.3,3.1,80,15.0,Ruse,False,False,False
2025-05-28,16.6,10.9,80,16.1,Ruse,False,False,False
2025-05-29,17.2,2.8,80,18.2,Ruse,False,False,False
2025-05-30,16.6,5.3,87,12.4,Ruse,False,False,False
2025-05-31,17.5,0.2,80,10.5,Ruse,False,True,True
2025-06-01,19.3,0.0,76,10.7,Ruse,False,True,True
2025-06-02,21.5,0.0,71,10.5,Ruse,False,False,False
2025-06-03,23.4,0.0,65,11.0,Ruse,False,False,False
2025-06-04,24.1,0.0,72,15.0,Ruse,False,False,False
2025-06-05,25.3,0.1,71,15.0,Ruse,False,False,False
2025-06-06,25.7,0.0,59,15.5,Ruse,False,False,False
2025-06-07,24.1,0.0,69,16.6,Ruse,False,True,True
2025-06-08,23.2,0.0,56,16.2,Ruse,False,True,True
2025-06-09,23.1,0.1,70,20.7,Ruse,False,False,False
2025-06-10,22.1,0.1,64,17.7,Ruse,False,False,False
2025-06-11,22.9,0.0,59,17.0,Ruse,False,False,False
2025-06-12,21.8,0.0,67,14.0,Ruse,False,False,False
2025-06-13,21.4,2.2,67,10.9,Ruse,False,False,False
2025-06-14,19.8,0.1,59,16.9,Ruse,False,True,True
2025-06-15,19.5,0.0,64,8.5,Ruse,False,True,True
2025-06-16,22.1,0.0,58,9.2,Ruse,False,False,False
2025-06-17,24.0,0.0,56,11.0,Ruse,False,False,False
2025-06-18,24.2,0.0,62,13.8,Ruse,False,False,False
2025-06-19,25.7,0.1,62,15.1,Ruse,False,False,False
2025-06-20,22.8,0.0,57,20.4,Ruse,False,False,False
2025-06-21,21.0,0.0,48,12.5,Ruse,False,True,True
2025-06-22,21.7,0.0,48,15.5,Ruse,False,True,True
2025-06-23,24.0,0.0,47,12.2,Ruse,False,False,False
2025-06-24,26.7,0.0,41,16.9,Ruse,False,False,False
2025-06-25,26.8,0.0,48,12.2,Ruse,False,False,False
2025-06-26,28.5,0.1,49,13.0,Ruse,False,False,False
2025-06-27,28.5,0.0,53,11.1,Ruse,False,False,False
2025-06-28,24.5,1.3,70,13.2,Ruse,False,True,True
2025-06-29,22.7,0.2,61,12.8,Ruse,False,True,True
2025-06-30,25.7,0.1,56,14.1,Ruse,False,False,False
2025-07-01,25.2,0.0,40,21.3,Ruse,False,False,False
2025-07-02,24.3,0.0,41,15.6,Ruse,False,False,False
2025-07-03,25.3,0.0,42,9.5,Ruse,False,False,False
2025-07-04,27.8,0.0,42,12.9,Ruse,False,False,False
2025-07-05,28.4,0.0,45,17.2,Ruse,False,True,True
2025-07-06,28.3,0.0,44,14.5,Ruse,False,True,True
2025-07-07,31.6,0.0,32,23.0,Ruse,False,False,False
2025-07-08,30.3,0.0,37,23.4,Ruse,False,False,False
2025-07-09,26.2,4.3,52,27.7,Ruse,False,False,False
2025-07-10,21.5,0.0,54,23.2,Ruse,False,False,False
2025-07-11,22.4,0.0,55,13.7,Ruse,False,False,False
2025-07-12,23.2,0.0,58,6.2,Ruse,False,True,True
2025-07-13,26.3,0.0,43,10.4,Ruse,False,True,True
2025-07-14,28.7,0.0,37,13.2,Ruse,False,False,False
2025-07-15,28.4,0.2,35,15.6,Ruse,False,False,False
2025-07-16,27.1,0.0,52,13.5,Ruse,False,False,False
2025-07-17,24.6,7.5,66,19.7,Ruse,False,False,False
2025-07-18,22.1,0.0,58,20.7,Ruse,False,False,False
2025-07-19,23.8,0.0,48,17.8,Ruse,False,True,True
2025-07-20,26.1,0.0,46,17.7,Ruse,False,True,True
2025-07-21,29.2,0.0,44,13.1,Ruse,False,False,False
2025-07-22,31.8,0.0,37,16.1,Ruse,False,False,False
2025-07-23,29.5,0.0,47,18.0,Ruse,False,False,False
2025-07-24,28.8,11.2,55,15.8,Ruse,False,False,False
2025-07-25,30.7,0.0,39,15.9,Ruse,False,False,False
2025-07-26,32.7,0.0,34,18.1,Ruse,False,True,True
2025-07-27,31.3,0.0,30,25.9,Ruse,False,True,True
2025-07-28,27.7,0.0,52,19.5,Ruse,False,False,False
2025-07-29,22.8,16.4,74,19.3,Ruse,False,False,False
2025-07-30,22.9,0.7,75,14.9,Ruse,False,False,False
2025-07-31,22.9,0.9,74,9.0,Ruse,False,False,False
2025-08-01,23.2,18.7,72,12.9,Ruse,False,False,False
2025-08-02,24.5,0.0,56,16.4,Ruse,False,True,True
2025-08-03,25.5,0.0,50,16.0,Ruse,False,True,True
2025-08-04,27.5,0.0,43,18.4,Ruse,False,False,False
2025-08-05,25.4,0.0,57,16.2,Ruse,False,False,False
2025-08-06,26.0,0.0,55,7.7,Ruse,False,False,False
2025-08-07,25.3,0.0,55,22.1,Ruse,False,False,False
2025-08-08,24.7,0.0,47,13.5,Ruse,False,False,False
2025-08-09,26.2,0.0,48,11.1,Ruse,False,True,True
2025-08-10,27.7,0.0,38,15.7,Ruse,False,True,True
2025-08-11,28.2,0.0,41,22.4,Ruse,False,False,False
2025-08-12,25.8,0.0,42,21.8,Ruse,False,False,False
2025-08-13,25.6,0.0,44,17.4,Ruse,False,False,False
2025-08-14,25.1,0.0,47,21.4,Ruse,False,False,False
2025-08-15,26.1,0.0,40,18.8,Ruse,False,False,False
2025-08-16,25.8,0.0,45,19.5,Ruse,False,True,True
2025-08-17,25.8,0.0,38,18.0,Ruse,False,True,True
2025-08-18,25.2,0.5,48,15.4,Ruse,False,False,False
2025-08-19,20.7,3.5,59,15.4,Ruse,False,False,False
2025-08-20,21.5,0.0,65,5.9,Ruse,False,False,False
2025-08-21,25.3,0.0,52,17.2,Ruse,False,False,False
2025-08-22,25.9,16.9,55,19.4,Ruse,False,False,False
2025-08-23,22.3,0.0,55,20.2,Ruse,False,True,True
2025-08-24,21.2,0.0,45,26.3,Ruse,False,True,True
2025-08-25,19.3,0.4,49,12.1,Ruse,False,False,False
2025-08-26,20.1,0.0,51,7.0,Ruse,False,False,False
2025-08-27,22.1,0.0,43,14.6,Ruse,False,False,False
2025-08-28,23.4,0.0,47,17.6,Ruse,False,False,False
2025-08-29,23.9,0.0,46,14.5,Ruse,False,False,False
2025-08-30,26.8,0.0,45,15.7,Ruse,False,True,True
2025-08-31,23.3,2.7,58,23.0,Ruse,False,True,True
2025-09-01,22.5,1.3,61,22.1,Ruse,False,False,False
2025-09-02,24.9,0.0,58,14.6,Ruse,False,False,False
2025-09-03,26.9,0.0,47,20.6,Ruse,False,False,False
2025-09-04,25.6,0.0,46,18.6,Ruse,False,False,False
2025-09-05,23.3,0.0,47,16.0,Ruse,False,False,False
2025-09-06,22.6,0.0,47,12.1,Ruse,True,True,True
2025-09-07,22.7,0.0,48,11.1,Ruse,False,True,True
2025-09-08,22.6,0.0,46,10.4,Ruse,True,False,True
2025-09-09,24.2,0.0,39,13.6,Ruse,False,False,False
2025-09-10,24.1,0.0,44,21.9,Ruse,False,False,False
2025-09-11,24.0,0.1,55,18.2,Ruse,False,False,False
2025-09-12,22.5,2.1,75,17.3,Ruse,False,False,False
2025-09-13,22.0,0.2,71,17.5,Ruse,False,True,True
2025-09-14,20.9,0.0,59,14.4,Ruse,False,True,True
2025-09-15,21.3,0.0,59,10.4,Ruse,False,False,False
2025-09-16,22.1,0.0,53,11.1,Ruse,False,False,False
2025-09-17,19.1,0.4,65,19.7,Ruse,False,False,False
2025-09-18,18.2,0.0,54,14.5,Ruse,False,False,False
2025-09-19,18.6,0.0,49,11.9,Ruse,False,False,False
2025-09-20,21.1,0.0,53,10.3,Ruse,False,True,True
2025-09-21,21.8,0.0,56,14.9,Ruse,False,True,True
2025-09-22,20.8,0.0,58,14.4,Ruse,True,False,True
2025-09-23,20.2,0.0,62,12.5,Ruse,False,False,False
2025-09-24,19.8,0.0,63,14.6,Ruse,False,False,False
2025-09-25,17.7,0.0,57,22.5,Ruse,False,False,False
2025-09-26,15.7,0.2,44,20.2,Ruse,False,False,False
2025-09-27,15.3,0.0,51,15.3,Ruse,False,True,True
2025-09-28,14.5,0.0,54,11.6,Ruse,False,True,True
2025-09-29,14.8,3.0,73,13.2,Ruse,False,False,False
2025-09-30,14.2,2.9,68,13.3,Ruse,False,False,False
2025-10-01,13.6,0.0,59,21.1,Ruse,False,False,False
2025-10-02,8.5,9.8,78,30.7,Ruse,False,False,False
2025-10-03,7.3,29.2,92,42.8,Ruse,False,False,False
2025-10-04,9.1,0.2,85,17.2,Ruse,False,True,True
2025-10-05,11.4,0.0,69,13.5,Ruse,False,True,True
2025-10-06,12.2,7.7,87,11.2,Ruse,False,False,False
2025-10-07,11.2,50.0,97,18.8,Ruse,False,False,False
2025-10-08,11.9,74.7,96,23.5,Ruse,False,False,False
2025-10-09,12.6,11.2,84,17.2,Ruse,False,False,False
2025-10-10,14.0,0.0,70,17.5,Ruse,False,False,False
2025-10-11,13.9,2.7,70,17.4,Ruse,False,True,True
2025-10-12,13.8,0.0,72,14.8,Ruse,False,True,True
2025-10-13,14.4,0.0,72,13.8,Ruse,False,False,False
2025-10-14,11.8,0.4,78,11.1,Ruse,False,False,False
2025-10-15,11.5,0.4,81,14.3,Ruse,False,False,False
2025-10-16,11.4,2.8,84,10.2,Ruse,False,False,False
2025-10-17,12.9,0.5,77,14.3,Ruse,False,False,False
2025-10-18,13.2,2.2,87,13.8,Ruse,False,True,True
2025-10-19,11.8,0.0,69,17.2,Ruse,False,True,True
2025-10-20,8.7,0.0,66,9.0,Ruse,False,False,False
2025-10-21,9.9,0.0,79,10.1,Ruse,False,False,False
2025-10-22,13.6,0.0,73,8.7,Ruse,False,False,False
2025-10-23,15.4,0.0,77,10.5,Ruse,False,False,False
2025-10-24,15.6,1.7,73,27.0,Ruse,False,False,False
2025-10-25,12.2,0.0,67,17.4,Ruse,False,True,True
2025-10-26,12.4,1.8,80,13.8,Ruse,False,True,True
2025-10-27,11.7,6.3,85,18.2,Ruse,False,False,False
2025-10-28,11.7,2.0,67,25.2,Ruse,False,False,False
2025-10-29,11.9,0.0,58,14.2,Ruse,False,False,False
2025-10-30,12.5,0.0,64,8.1,Ruse,False,False,False
2025-10-31,13.3,0.0,69,10.3,Ruse,False,False,False
2025-11-01,12.7,0.0,80,8.0,Ruse,False,True,True
2025-11-02,13.8,0.0,74,20.0,Ruse,False,True,True
2025-11-03,13.7,0.0,75,18.0,Ruse,False,False,False
2025-11-04,11.7,2.3,82,18.3,Ruse,False,False,False
2025-11-05,10.7,4.2,85,8.5,Ruse,False,False,False
2025-11-06,9.6,2.3,88,16.3,Ruse,False,False,False
2025-11-07,10.0,3.9,91,20.1,Ruse,False,False,False
2025-11-08,13.2,8.8,87,18.7,Ruse,False,True,True
2025-11-09,12.5,0.5,96,9.7,Ruse,False,True,True
2025-11-10,12.7,8.5,97,10.1,Ruse,False,False,False
2025-11-11,11.8,10.7,98,10.8,Ruse,False,False,False
2025-11-12,9.4,0.0,83,12.8,Ruse,False,False,False
2025-11-13,6.9,0.0,89,6.5,Ruse,False,False,False
2025-11-14,6.7,0.0,94,6.5,Ruse,False,False,False
2025-11-15,6.8,0.0,93,10.7,Ruse,False,True,True
2025-11-16,6.2,0.0,95,6.2,Ruse,False,True,True
2025-11-17,9.6,0.0,84,16.3,Ruse,False,False,False
2025-11-18,11.6,9.7,82,19.5,Ruse,False,False,False
2025-11-19,6.1,5.2,92,17.2,Ruse,False,False,False
2025-11-20,7.6,1.5,94,13.7,Ruse,False,False,False
2025-11-21,12.9,1.8,86,25.6,Ruse,False,False,False
2025-11-22,16.0,0.0,78,23.7,Ruse,False,True,True
2025-11-23,7.7,0.9,89,15.7,Ruse,False,True,True
2025-11-24,4.9,0.0,78,17.1,Ruse,False,False,False
2025-11-25,7.6,0.0,77,13.0,Ruse,False,False,False
2025-11-26,12.4,0.0,78,12.6,Ruse,False,False,False
2025-11-27,10.1,3.1,96,15.5,Ruse,False,False,False
2025-11-28,7.3,4.0,95,16.8,Ruse,False,False,False
2025-11-29,7.7,7.3,97,18.8,Ruse,False,True,True
2025-11-30,5.7,0.0,83,15.9,Ruse,False,True,True
2025-12-01,6.4,0.0,82,14.2,Ruse,False,False,False
2025-12-02,5.6,0.0,89,7.4,Ruse,False,False,False
2025-12-03,6.3,0.0,92,7.4,Ruse,False,False,False
2025-12-04,9.4,0.0,85,17.2,Ruse,False,False,False
2025-12-05,10.6,0.3,85,26.1,Ruse,False,False,False
2025-12-06,5.0,5.3,91,29.0,Ruse,False,True,True
2025-12-07,4.0,4.1,94,11.2,Ruse,False,True,True
2025-12-08,6.1,0.1,88,7.7,Ruse,False,False,False
2025-12-09,6.6,0.3,90,10.8,Ruse,False,False,False
2025-12-10,5.5,0.0,90,11.4,Ruse,False,False,False
2025-12-11,4.8,0.0,91,8.0,Ruse,False,False,False
2025-12-12,4.6,0.0,95,11.9,Ruse,False,False,False
2025-12-13,5.3,0.0,89,9.0,Ruse,False,True,True
2025-12-14,3.3,0.1,93,16.4,Ruse,False,True,True
2025-12-15,2.1,0.0,95,11.6,Ruse,False,False,False
2025-12-16,1.7,0.0,96,10.9,Ruse,False,False,False
2025-12-17,1.4,0.0,96,9.6,Ruse,False,False,False
2025-12-18,3.2,0.0,88,12.6,Ruse,False,False,False
2025-12-19,5.1,0.0,84,8.8,Ruse,False,False,False
2025-12-20,3.9,0.1,93,12.1,Ruse,False,True,True
2025-12-21,4.8,0.2,93,9.3,Ruse,False,True,True
2025-12-22,4.9,0.0,90,12.6,Ruse,False,False,False
2025-12-23,3.6,0.0,86,11.7,Ruse,False,False,False
2025-12-24,5.1,8.6,94,28.3,Ruse,True,False,True
2025-12-25,-0.9,5.5,87,31.1,Ruse,True,False,True
2025-12-26,-2.6,0.0,87,21.3,Ruse,True,False,True
2025-12-27,0.4,0.0,92,17.0,Ruse,False,True,True
2025-12-28,2.3,0.1,75,26.7,Ruse,False,True,True
2025-12-29,1.3,0.0,72,24.4,Ruse,False,False,False
2025-12-30,1.3,0.0,68,25.6,Ruse,False,False,False
2025-12-31,-2.0,0.0,68,22.4,Ruse,True,False,True
2025-01-01,2.6,0.0,78,5.5,Shumen,True,False,True
2025-01-02,2.0,0.0,81,4.5,Shumen,False,False,False
2025-01-03,2.1,0.0,85,4.9,Shumen,False,False,False
2025-01-04,2.1,1.7,79,24.2,Shumen,False,True,True
2025-01-05,0.1,0.0,80,5.7,Shumen,False,True,True
2025-01-06,2.1,0.0,82,5.7,Shumen,False,False,False
2025-01-07,4.7,0.0,86,6.6,Shumen,False,False,False
2025-01-08,6.2,0.0,90,5.0,Shumen,False,False,False
2025-01-09,6.4,0.0,91,11.4,Shumen,False,False,False
2025-01-10,6.3,0.0,94,22.6,Shumen,False,False,False
2025-01-11,1.4,7.8,86,25.8,Shumen,False,True,True
2025-01-12,-0.2,2.2,88,14.9,Shumen,False,True,True
2025-01-13,0.4,0.1,74,15.3,Shumen,False,False,False
2025-01-14,-0.6,0.1,74,15.1,Shumen,False,False,False
2025-01-15,-0.6,1.0,76,7.3,Shumen,False,False,False
2025-01-16,-0.2,0.0,78,10.5,Shumen,False,False,False
2025-01-17,0.3,0.0,77,15.4,Shumen,False,False,False
2025-01-18,2.0,0.0,70,16.0,Shumen,False,True,True
2025-01-19,2.5,0.0,71,13.6,Shumen,False,True,True
2025-01-20,2.2,0.0,76,7.3,Shumen,False,False,False
2025-01-21,2.1,0.0,87,15.1,Shumen,False,False,False
2025-01-22,2.5,0.0,88,14.5,Shumen,False,False,False
2025-01-23,4.7,0.0,78,5.2,Shumen,False,False,False
2025-01-24,6.5,1.3,82,12.0,Shumen,False,False,False
2025-01-25,5.9,0.1,86,19.4,Shumen,False,True,True
2025-01-26,5.6,0.0,87,12.2,Shumen,False,True,True
2025-01-27,4.8,0.0,88,4.7,Shumen,False,False,False
2025-01-28,5.3,0.0,90,8.0,Shumen,False,False,False
2025-01-29,7.9,0.0,82,6.4,Shumen,False,False,False
2025-01-30,10.7,0.0,84,15.3,Shumen,False,False,False
2025-01-31,7.6,0.0,91,8.9,Shumen,False,False,False
2025-02-01,7.5,0.0,85,15.2,Shumen,False,True,True
2025-02-02,6.9,0.0,88,12.9,Shumen,False,True,True
2025-02-03,4.0,0.9,91,15.2,Shumen,False,False,False
2025-02-04,-0.1,0.0,75,11.1,Shumen,False,False,False
2025-02-05,0.9,0.6,71,20.8,Shumen,False,False,False
2025-02-06,-0.1,0.0,63,17.9,Shumen,False,False,False
2025-02-07,-0.6,0.0,64,17.3,Shumen,False,False,False
2025-02-08,-2.2,0.0,73,16.8,Shumen,False,True,True
2025-02-09,-2.6,0.0,66,16.1,Shumen,False,True,True
2025-02-10,-3.0,0.0,62,10.0,Shumen,False,False,False
2025-02-11,-3.8,0.0,72,11.9,Shumen,False,False,False
2025-02-12,-1.7,0.0,71,11.0,Shumen,False,False,False
2025-02-13,0.3,0.0,69,11.3,Shumen,False,False,False
2025-02-14,4.4,0.4,80,6.9,Shumen,False,False,False
2025-02-15,3.0,0.0,81,10.9,Shumen,False,True,True
2025-02-16,-0.3,2.7,87,8.5,Shumen,False,True,True
2025-02-17,-0.4,12.0,94,14.1,Shumen,False,False,False
2025-02-18,-1.2,14.5,92,14.1,Shumen,False,False,False
2025-02-19,-4.1,10.9,85,13.2,Shumen,False,False,False
2025-02-20,-8.2,0.0,86,10.3,Shumen,False,False,False
2025-02-21,-8.1,0.0,80,14.0,Shumen,False,False,False
2025-02-22,-10.2,0.0,80,10.9,Shumen,False,True,True
2025-02-23,-9.5,0.0,84,6.8,Shumen,False,True,True
2025-02-24,-8.5,0.0,86,4.4,Shumen,False,False,False
2025-02-25,-3.5,0.0,79,4.9,Shumen,False,False,False
2025-02-26,-2.0,0.0,85,6.7,Shumen,False,False,False
2025-02-27,1.7,0.0,94,8.1,Shumen,False,False,False
2025-02-28,3.8,0.0,97,7.4,Shumen,False,False,False
2025-03-01,4.5,0.2,95,10.8,Shumen,False,True,True
2025-03-02,3.4,4.1,96,11.1,Shumen,False,True,True
2025-03-03,3.0,2.1,78,14.8,Shumen,True,False,True
2025-03-04,3.6,0.0,73,9.4,Shumen,False,False,False
2025-03-05,5.4,0.0,72,7.4,Shumen,False,False,False
2025-03-06,7.2,0.0,67,7.6,Shumen,False,False,False
2025-03-07,7.6,0.0,62,9.3,Shumen,False,False,False
2025-03-08,6.6,0.0,56,8.4,Shumen,False,True,True
2025-03-09,7.8,0.0,58,5.0,Shumen,False,True,True
2025-03-10,8.2,0.0,69,6.5,Shumen,False,False,False
2025-03-11,10.6,0.0,71,17.2,Shumen,False,False,False
2025-03-12,15.1,0.0,74,16.3,Shumen,False,False,False
2025-03-13,16.0,1.5,69,31.0,Shumen,False,False,False
2025-03-14,15.4,0.0,71,18.1,Shumen,False,False,False
2025-03-15,18.0,0.0,58,17.9,Shumen,False,True,True
2025-03-16,16.4,0.1,63,18.4,Shumen,False,True,True
2025-03-17,10.0,5.6,83,17.1,Shumen,False,False,False
2025-03-18,1.5,5.8,66,20.9,Shumen,False,False,False
2025-03-19,1.2,0.0,63,18.4,Shumen,False,False,False
2025-03-20,4.4,0.0,59,14.3,Shumen,False,False,False
2025-03-21,5.4,0.0,63,5.6,Shumen,False,False,False
2025-03-22,6.1,0.0,66,14.4,Shumen,False,True,True
2025-03-23,8.7,0.0,75,16.7,Shumen,False,True,True
2025-03-24,12.5,0.1,80,11.9,Shumen,False,False,False
2025-03-25,16.0,0.0,72,8.5,Shumen,False,False,False
2025-03-26,13.9,9.2,91,11.9,Shumen,False,False,False
2025-03-27,11.2,0.5,90,14.7,Shumen,False,False,False
2025-03-28,11.6,6.4,81,26.1,Shumen,False,False,False
2025-03-29,11.5,0.5,84,13.1,Shumen,False,True,True
2025-03-30,11.4,1.0,86,6.9,Shumen,False,True,True
2025-03-31,10.9,5.8,87,10.9,Shumen,False,False,False
2025-04-01,9.8,2.3,90,21.5,Shumen,False,False,False
2025-04-02,10.2,8.5,88,14.5,Shumen,False,False,False
2025-04-03,11.0,1.2,82,15.0,Shumen,False,False,False
2025-04-04,10.0,2.4,87,14.6,Shumen,False,False,False
2025-04-05,12.1,0.6,76,17.1,Shumen,False,True,True
2025-04-06,7.4,1.8,72,32.6,Shumen,False,True,True
2025-04-07,1.5,6.6,81,13.9,Shumen,False,False,False
2025-04-08,2.4,0.0,67,11.2,Shumen,False,False,False
2025-04-09,4.0,0.8,64,16.5,Shumen,False,False,False
2025-04-10,4.9,4.0,70,29.8,Shumen,False,False,False
2025-04-11,2.8,0.2,65,27.2,Shumen,False,False,False
2025-04-12,5.3,0.0,75,20.4,Shumen,False,True,True
2025-04-13,8.1,0.0,74,10.6,Shumen,False,True,True
2025-04-14,8.2,0.0,74,17.6,Shumen,False,False,False
2025-04-15,9.3,0.0,72,15.4,Shumen,False,False,False
2025-04-16,12.1,0.0,65,16.1,Shumen,False,False,False
2025-04-17,12.2,0.0,74,18.4,Shumen,False,False,False
2025-04-18,11.1,0.2,83,15.9,Shumen,True,False,True
2025-04-19,11.2,2.1,85,10.6,Shumen,True,True,True
2025-04-20,13.4,0.0,77,9.2,Shumen,True,True,True
2025-04-21,15.1,0.0,78,11.3,Shumen,True,False,True
2025-04-22,14.8,0.0,72,13.6,Shumen,False,False,False
2025-04-23,14.1,0.0,74,13.5,Shumen,False,False,False
2025-04-24,14.2,0.0,73,13.5,Shumen,False,False,False
2025-04-25,15.2,0.8,73,11.4,Shumen,False,False,False
2025-04-26,14.4,4.2,81,15.4,Shumen,False,True,True
2025-04-27,12.9,0.0,68,16.0,Shumen,False,True,True
2025-04-28,9.9,0.0,59,16.5,Shumen,False,False,False
2025-04-29,9.2,0.0,61,12.0,Shumen,False,False,False
2025-04-30,11.6,0.0,62,11.1,Shumen,False,False,False
2025-05-01,14.6,0.1,60,19.6,Shumen,True,False,True
2025-05-02,15.7,0.1,56,16.0,Shumen,False,False,False
2025-05-03,15.0,0.0,53,9.7,Shumen,False,True,True
2025-05-04,16.8,0.0,58,13.7,Shumen,False,True,True
2025-05-05,17.4,4.3,71,12.1,Shumen,False,False,False
2025-05-06,18.8,0.3,79,10.8,Shumen,True,False,True
2025-05-07,17.9,1.5,77,16.1,Shumen,False,False,False
2025-05-08,15.6,0.3,80,17.0,Shumen,False,False,False
2025-05-09,15.3,0.0,71,23.1,Shumen,False,False,False
2025-05-10,11.2,10.6,87,12.5,Shumen,False,True,True
2025-05-11,12.8,0.0,75,7.5,Shumen,False,True,True
2025-05-12,11.1,1.7,81,12.1,Shumen,False,False,False
2025-05-13,11.3,0.8,74,9.8,Shumen,False,False,False
2025-05-14,11.7,1.4,74,9.3,Shumen,False,False,False
2025-05-15,14.3,0.0,66,17.5,Shumen,False,False,False
2025-05-16,14.4,5.8,69,12.7,Shumen,False,False,False
2025-05-17,12.7,4.5,74,28.6,Shumen,False,True,True
2025-05-18,13.1,0.0,65,20.1,Shumen,False,True,True
2025-05-19,15.0,0.4,67,18.2,Shumen,False,False,False
2025-05-20,15.5,0.0,62,19.9,Shumen,False,False,False
2025-05-21,17.2,0.0,69,14.2,Shumen,False,False,False
2025-05-22,18.9,0.9,72,9.9,Shumen,False,False,False
2025-05-23,19.9,0.5,73,10.4,Shumen,False,False,False
2025-05-24,17.6,0.0,80,19.5,Shumen,True,True,True
2025-05-25,13.4,6.7,83,16.1,Shumen,False,True,True
2025-05-26,11.8,14.5,89,18.4,Shumen,True,False,True
2025-05-27,14.2,1.1,81,21.9,Shumen,False,False,False
2025-05-28,15.4,4.0,82,18.3,Shumen,False,False,False
2025-05-29,16.1,2.0,80,17.1,Shumen,False,False,False
2025-05-30,16.4,2.5,81,17.7,Shumen,False,False,False
2025-05-31,17.2,0.5,75,13.9,Shumen,False,True,True
2025-06-01,18.3,0.3,72,12.2,Shumen,False,True,True
2025-06-02,20.0,0.1,73,8.9,Shumen,False,False,False
2025-06-03,22.3,0.0,68,6.6,Shumen,False,False,False
2025-06-04,24.1,0.1,64,9.3,Shumen,False,False,False
2025-06-05,23.9,1.3,68,12.0,Shumen,False,False,False
2025-06-06,22.4,0.0,66,13.9,Shumen,False,False,False
2025-06-07,20.8,0.0,70,14.7,Shumen,False,True,True
2025-06-08,19.7,0.0,67,12.6,Shumen,False,True,True
2025-06-09,21.6,0.0,67,15.7,Shumen,False,False,False
2025-06-10,22.5,0.0,60,15.6,Shumen,False,False,False
2025-06-11,21.6,0.0,55,11.0,Shumen,False,False,False
2025-06-12,22.1,0.1,59,13.4,Shumen,False,False,False
2025-06-13,21.1,1.5,63,14.3,Shumen,False,False,False
2025-06-14,19.6,0.2,64,12.0,Shumen,False,True,True
2025-06-15,18.8,0.3,64,15.4,Shumen,False,True,True
2025-06-16,20.8,0.0,57,14.3,Shumen,False,False,False
2025-06-17,23.4,0.0,54,11.4,Shumen,False,False,False
2025-06-18,23.7,0.1,59,8.6,Shumen,False,False,False
2025-06-19,24.8,0.3,61,12.3,Shumen,False,False,False
2025-06-20,23.1,0.8,58,17.3,Shumen,False,False,False
2025-06-21,20.4,0.2,52,15.1,Shumen,False,True,True
2025-06-22,20.6,0.0,54,16.7,Shumen,False,True,True
2025-06-23,23.1,0.0,50,14.2,Shumen,False,False,False
2025-06-24,25.0,0.0,49,16.1,Shumen,False,False,False
2025-06-25,27.0,0.0,41,10.9,Shumen,False,False,False
2025-06-26,28.1,0.0,46,10.5,Shumen,False,False,False
2025-06-27,27.3,0.0,52,16.6,Shumen,False,False,False
2025-06-28,23.8,14.2,67,15.5,Shumen,False,True,True
2025-06-29,21.5,0.0,55,21.2,Shumen,False,True,True
2025-06-30,24.3,0.1,60,15.4,Shumen,False,False,False
2025-07-01,24.6,1.1,44,16.6,Shumen,False,False,False
2025-07-02,22.9,0.0,50,15.3,Shumen,False,False,False
2025-07-03,24.4,0.0,43,13.0,Shumen,False,False,False
2025-07-04,25.9,0.0,44,13.6,Shumen,False,False,False
2025-07-05,27.0,0.0,44,17.1,Shumen,False,True,True
2025-07-06,27.2,0.0,42,17.3,Shumen,False,True,True
2025-07-07,27.2,0.0,42,19.6,Shumen,False,False,False
2025-07-08,26.7,0.0,56,21.3,Shumen,False,False,False
2025-07-09,25.9,0.0,59,38.4,Shumen,False,False,False
2025-07-10,21.1,0.0,50,28.6,Shumen,False,False,False
2025-07-11,22.3,0.2,51,13.1,Shumen,False,False,False
2025-07-12,23.9,0.0,54,8.9,Shumen,False,True,True
2025-07-13,25.7,0.0,48,12.5,Shumen,False,True,True
2025-07-14,26.5,0.0,45,19.2,Shumen,False,False,False
2025-07-15,27.1,0.1,39,8.7,Shumen,False,False,False
2025-07-16,25.8,0.9,57,11.7,Shumen,False,False,False
2025-07-17,25.0,10.5,60,16.5,Shumen,False,False,False
2025-07-18,20.5,1.5,69,22.8,Shumen,False,False,False
2025-07-19,21.7,0.0,60,15.5,Shumen,False,True,True
2025-07-20,24.1,0.0,55,11.7,Shumen,False,True,True
2025-07-21,26.9,0.0,50,8.5,Shumen,False,False,False
2025-07-22,29.4,0.0,43,9.3,Shumen,False,False,False
2025-07-23,28.3,0.0,51,17.8,Shumen,False,False,False
2025-07-24,26.4,5.7,61,16.4,Shumen,False,False,False
2025-07-25,27.5,0.0,56,15.4,Shumen,False,False,False
2025-07-26,28.6,0.0,47,15.4,Shumen,False,True,True
2025-07-27,26.7,0.0,48,24.2,Shumen,False,True,True
2025-07-28,27.2,0.0,55,18.2,Shumen,False,False,False
2025-07-29,24.2,18.5,68,22.8,Shumen,False,False,False
2025-07-30,22.9,0.3,71,18.7,Shumen,False,False,False
2025-07-31,23.0,0.4,67,19.6,Shumen,False,False,False
2025-08-01,22.7,13.8,73,12.8,Shumen,False,False,False
2025-08-02,24.1,0.0,52,20.8,Shumen,False,True,True
2025-08-03,24.4,0.0,53,16.4,Shumen,False,True,True
2025-08-04,25.8,0.0,50,17.0,Shumen,False,False,False
2025-08-05,25.6,0.0,48,20.8,Shumen,False,False,False
2025-08-06,26.0,0.3,58,9.0,Shumen,False,False,False
2025-08-07,26.1,0.3,51,20.2,Shumen,False,False,False
2025-08-08,25.7,0.0,41,15.8,Shumen,False,False,False
2025-08-09,25.4,0.0,50,17.1,Shumen,False,True,True
2025-08-10,26.6,0.0,44,20.1,Shumen,False,True,True
2025-08-11,27.3,0.0,50,19.5,Shumen,False,False,False
2025-08-12,25.3,0.0,52,17.7,Shumen,False,False,False
2025-08-13,23.8,0.0,52,18.0,Shumen,False,False,False
2025-08-14,24.2,0.0,48,19.1,Shumen,False,False,False
2025-08-15,25.5,0.0,43,19.6,Shumen,False,False,False
2025-08-16,24.6,0.0,49,18.9,Shumen,False,True,True
2025-08-17,23.0,0.0,55,12.6,Shumen,False,True,True
2025-08-18,24.0,2.0,58,11.9,Shumen,False,False,False
2025-08-19,20.0,5.1,71,7.6,Shumen,False,False,False
2025-08-20,20.7,0.1,75,6.0,Shumen,False,False,False
2025-08-21,22.7,0.0,67,14.4,Shumen,False,False,False
2025-08-22,24.0,0.1,63,15.8,Shumen,False,False,False
2025-08-23,21.2,0.0,60,21.7,Shumen,False,True,True
2025-08-24,19.6,0.0,52,19.6,Shumen,False,True,True
2025-08-25,16.7,2.4,74,11.3,Shumen,False,False,False
2025-08-26,17.9,0.0,73,9.9,Shumen,False,False,False
2025-08-27,19.4,0.0,66,12.2,Shumen,False,False,False
2025-08-28,19.7,0.0,69,12.5,Shumen,False,False,False
2025-08-29,20.7,0.0,65,11.0,Shumen,False,False,False
2025-08-30,23.0,0.0,68,12.6,Shumen,False,True,True
2025-08-31,20.5,5.7,79,16.2,Shumen,False,True,True
2025-09-01,20.4,0.0,69,23.6,Shumen,False,False,False
2025-09-02,22.9,0.0,66,12.1,Shumen,False,False,False
2025-09-03,24.2,0.0,60,19.4,Shumen,False,False,False
2025-09-04,23.0,0.0,64,14.1,Shumen,False,False,False
2025-09-05,21.9,0.0,66,14.6,Shumen,False,False,False
2025-09-06,20.9,0.0,64,12.3,Shumen,True,True,True
2025-09-07,21.1,0.0,60,14.6,Shumen,False,True,True
2025-09-08,21.1,0.0,52,11.8,Shumen,True,False,True
2025-09-09,21.6,0.0,54,8.7,Shumen,False,False,False
2025-09-10,21.9,0.0,58,21.4,Shumen,False,False,False
2025-09-11,21.8,0.0,68,18.9,Shumen,False,False,False
2025-09-12,20.4,16.5,86,12.3,Shumen,False,False,False
2025-09-13,20.4,0.1,77,16.4,Shumen,False,True,True
2025-09-14,18.2,0.0,73,14.0,Shumen,False,True,True
2025-09-15,18.6,0.0,69,10.5,Shumen,False,False,False
2025-09-16,19.6,0.0,70,9.8,Shumen,False,False,False
2025-09-17,16.8,5.4,85,22.8,Shumen,False,False,False
2025-09-18,15.9,0.0,64,17.8,Shumen,False,False,False
2025-09-19,15.8,0.0,60,12.2,Shumen,False,False,False
2025-09-20,18.4,0.0,66,15.0,Shumen,False,True,True
2025-09-21,19.2,0.0,68,15.3,Shumen,False,True,True
2025-09-22,17.3,0.0,74,14.9,Shumen,True,False,True
2025-09-23,17.3,0.0,78,8.9,Shumen,False,False,False
2025-09-24,17.5,0.0,80,15.0,Shumen,False,False,False
2025-09-25,16.7,0.0,70,17.6,Shumen,False,False,False
2025-09-26,15.3,0.0,51,20.1,Shumen,False,False,False
2025-09-27,13.7,0.1,61,16.6,Shumen,False,True,True
2025-09-28,13.7,0.0,64,11.2,Shumen,False,True,True
2025-09-29,13.8,5.2,76,12.4,Shumen,False,False,False
2025-09-30,13.4,0.1,69,17.8,Shumen,False,False,False
2025-10-01,12.3,0.0,65,16.7,Shumen,False,False,False
2025-10-02,10.5,2.8,73,27.2,Shumen,False,False,False
2025-10-03,9.1,29.5,93,38.9,Shumen,False,False,False
2025-10-04,8.8,3.0,84,14.0,Shumen,False,True,True
2025-10-05,11.0,0.0,73,11.2,Shumen,False,True,True
2025-10-06,11.3,7.1,87,11.7,Shumen,False,False,False
2025-10-07,11.4,43.9,97,15.3,Shumen,False,False,False
2025-10-08,11.2,26.6,95,19.4,Shumen,False,False,False
2025-10-09,11.6,8.3,88,23.1,Shumen,False,False,False
2025-10-10,12.9,0.0,75,18.2,Shumen,False,False,False
2025-10-11,12.1,4.2,80,19.5,Shumen,False,True,True
2025-10-12,12.0,0.0,79,13.8,Shumen,False,True,True
2025-10-13,13.3,0.0,77,19.1,Shumen,False,False,False
2025-10-14,12.1,0.0,83,15.3,Shumen,False,False,False
2025-10-15,11.0,0.1,85,9.9,Shumen,False,False,False
2025-10-16,11.6,0.8,85,9.3,Shumen,False,False,False
2025-10-17,11.6,0.0,82,11.5,Shumen,False,False,False
2025-10-18,12.7,1.6,90,11.9,Shumen,False,True,True
2025-10-19,11.5,0.0,74,21.0,Shumen,False,True,True
2025-10-20,8.6,0.0,73,7.9,Shumen,False,False,False
2025-10-21,10.3,0.0,80,13.6,Shumen,False,False,False
2025-10-22,12.5,0.0,81,8.1,Shumen,False,False,False
2025-10-23,14.1,0.2,84,9.3,Shumen,False,False,False
2025-10-24,14.7,1.7,83,20.8,Shumen,False,False,False
2025-10-25,11.9,0.0,69,16.1,Shumen,False,True,True
2025-10-26,12.3,1.0,83,7.7,Shumen,False,True,True
2025-10-27,11.2,13.5,92,15.7,Shumen,False,False,False
2025-10-28,9.8,1.3,76,23.9,Shumen,False,False,False
2025-10-29,10.6,0.0,66,13.7,Shumen,False,False,False
2025-10-30,10.5,0.0,75,11.1,Shumen,False,False,False
2025-10-31,11.9,0.0,75,10.4,Shumen,False,False,False
2025-11-01,12.8,0.0,79,7.2,Shumen,False,True,True
2025-11-02,12.4,0.0,85,13.7,Shumen,False,True,True
2025-11-03,11.8,0.0,87,7.4,Shumen,False,False,False
2025-11-04,11.9,0.2,81,19.2,Shumen,False,False,False
2025-11-05,9.9,4.8,87,8.8,Shumen,False,False,False
2025-11-06,8.7,16.4,93,11.1,Shumen,False,False,False
2025-11-07,10.4,4.5,93,16.8,Shumen,False,False,False
2025-11-08,12.6,2.2,92,18.4,Shumen,False,True,True
2025-11-09,13.9,0.3,93,12.9,Shumen,False,True,True
2025-11-10,14.1,5.5,93,12.6,Shumen,False,False,False
2025-11-11,12.4,6.2,95,14.3,Shumen,False,False,False
2025-11-12,10.1,0.2,81,12.7,Shumen,False,False,False
2025-11-13,7.1,0.0,86,8.4,Shumen,False,False,False
2025-11-14,6.7,0.0,90,4.4,Shumen,False,False,False
2025-11-15,7.4,0.0,92,4.1,Shumen,False,True,True
2025-11-16,7.7,0.0,91,4.1,Shumen,False,True,True
2025-11-17,10.0,0.0,86,20.0,Shumen,False,False,False
2025-11-18,15.8,1.1,75,17.9,Shumen,False,False,False
2025-11-19,9.8,20.4,91,14.7,Shumen,False,False,False
2025-11-20,12.6,0.5,90,14.3,Shumen,False,False,False
2025-11-21,15.8,0.2,79,20.3,Shumen,False,False,False
2025-11-22,16.4,0.0,80,18.3,Shumen,False,True,True
2025-11-23,10.9,2.1,87,15.5,Shumen,False,True,True
2025-11-24,5.8,0.0,79,15.1,Shumen,False,False,False
2025-11-25,7.4,0.0,85,11.4,Shumen,False,False,False
2025-11-26,12.5,0.0,83,16.3,Shumen,False,False,False
2025-11-27,13.0,0.1,87,16.3,Shumen,False,False,False
2025-11-28,11.3,4.2,92,10.7,Shumen,False,False,False
2025-11-29,10.2,9.8,96,12.9,Shumen,False,True,True
2025-11-30,6.1,0.0,81,18.7,Shumen,False,True,True
2025-12-01,5.4,0.0,86,15.0,Shumen,False,False,False
2025-12-02,5.6,0.0,87,5.7,Shumen,False,False,False
2025-12-03,7.1,0.0,91,9.3,Shumen,False,False,False
2025-12-04,9.6,0.0,92,15.3,Shumen,False,False,False
2025-12-05,10.5,0.8,89,25.4,Shumen,False,False,False
2025-12-06,7.4,7.4,89,24.3,Shumen,False,True,True
2025-12-07,4.2,0.9,91,17.4,Shumen,False,True,True
2025-12-08,5.1,1.0,87,14.0,Shumen,False,False,False
2025-12-09,6.6,0.1,85,10.2,Shumen,False,False,False
2025-12-10,5.6,0.0,87,10.3,Shumen,False,False,False
2025-12-11,6.2,0.0,84,4.1,Shumen,False,False,False
2025-12-12,5.3,0.0,90,15.4,Shumen,False,False,False
2025-12-13,6.1,0.0,85,13.2,Shumen,False,True,True
2025-12-14,3.1,0.0,90,15.7,Shumen,False,True,True
2025-12-15,2.5,0.0,91,9.8,Shumen,False,False,False
2025-12-16,1.4,0.0,92,7.5,Shumen,False,False,False
2025-12-17,0.7,0.0,95,7.3,Shumen,False,False,False
2025-12-18,2.5,0.0,84,9.9,Shumen,False,False,False
2025-12-19,5.2,0.0,84,8.5,Shumen,False,False,False
2025-12-20,3.0,0.5,96,4.5,Shumen,False,True,True
2025-12-21,5.8,0.5,95,6.4,Shumen,False,True,True
2025-12-22,5.1,0.4,90,8.1,Shumen,False,False,False
2025-12-23,2.9,0.0,92,7.0,Shumen,False,False,False
2025-12-24,5.2,6.7,95,19.0,Shumen,True,False,True
2025-12-25,2.0,11.6,91,28.1,Shumen,True,False,True
2025-12-26,-1.2,0.0,84,22.4,Shumen,True,False,True
2025-12-27,0.9,0.0,89,18.2,Shumen,False,True,True
2025-12-28,2.1,0.7,74,26.4,Shumen,False,True,True
2025-12-29,0.8,0.0,73,25.7,Shumen,False,False,False
2025-12-30,1.4,0.0,65,26.8,Shumen,False,False,False
2025-12-31,-2.2,0.0,69,28.8,Shumen,True,False,True
2025-01-01,4.7,0.0,74,13.0,Silistra,True,False,True
2025-01-02,6.4,0.0,62,14.1,Silistra,False,False,False
2025-01-03,7.1,0.0,58,15.4,Silistra,False,False,False
2025-01-04,3.1,5.7,85,13.7,Silistra,False,True,True
2025-01-05,1.1,0.0,77,8.6,Silistra,False,True,True
2025-01-06,3.8,0.0,75,10.1,Silistra,False,False,False
2025-01-07,7.0,0.0,78,10.4,Silistra,False,False,False
2025-01-08,9.8,0.0,80,11.6,Silistra,False,False,False
2025-01-09,10.8,0.0,76,13.3,Silistra,False,False,False
2025-01-10,9.4,0.0,82,23.9,Silistra,False,False,False
2025-01-11,3.7,1.8,81,27.2,Silistra,False,True,True
2025-01-12,0.3,0.0,85,11.0,Silistra,False,True,True
2025-01-13,0.2,0.0,74,18.3,Silistra,False,False,False
2025-01-14,-0.2,0.0,70,14.7,Silistra,False,False,False
2025-01-15,-0.4,0.2,77,13.2,Silistra,False,False,False
2025-01-16,0.5,0.0,78,9.4,Silistra,False,False,False
2025-01-17,1.0,0.0,71,18.3,Silistra,False,False,False
2025-01-18,1.7,0.0,70,17.7,Silistra,False,True,True
2025-01-19,1.9,0.0,76,18.2,Silistra,False,True,True
2025-01-20,1.5,0.0,81,7.5,Silistra,False,False,False
2025-01-21,2.4,0.0,87,13.2,Silistra,False,False,False
2025-01-22,3.5,0.0,89,14.9,Silistra,False,False,False
2025-01-23,5.2,0.0,83,12.3,Silistra,False,False,False
2025-01-24,7.0,5.3,81,14.3,Silistra,False,False,False
2025-01-25,6.1,2.3,88,18.6,Silistra,False,True,True
2025-01-26,7.1,0.0,83,13.5,Silistra,False,True,True
2025-01-27,7.0,0.0,82,12.8,Silistra,False,False,False
2025-01-28,8.4,0.0,81,15.3,Silistra,False,False,False
2025-01-29,9.8,0.0,73,12.3,Silistra,False,False,False
2025-01-30,10.3,0.0,87,10.4,Silistra,False,False,False
2025-01-31,7.1,0.0,97,7.4,Silistra,False,False,False
2025-02-01,7.1,0.3,90,11.1,Silistra,False,True,True
2025-02-02,6.1,0.0,81,12.4,Silistra,False,True,True
2025-02-03,4.0,0.7,88,15.3,Silistra,False,False,False
2025-02-04,0.4,0.0,73,12.4,Silistra,False,False,False
2025-02-05,0.9,0.2,77,13.6,Silistra,False,False,False
2025-02-06,0.1,0.0,64,20.0,Silistra,False,False,False
2025-02-07,0.2,0.0,64,18.2,Silistra,False,False,False
2025-02-08,-1.9,0.0,71,15.6,Silistra,False,True,True
2025-02-09,-2.7,0.0,70,16.9,Silistra,False,True,True
2025-02-10,-3.8,0.0,74,11.2,Silistra,False,False,False
2025-02-11,-3.7,0.0,77,13.7,Silistra,False,False,False
2025-02-12,-2.3,0.0,71,11.0,Silistra,False,False,False
2025-02-13,0.1,0.0,71,10.3,Silistra,False,False,False
2025-02-14,5.2,0.1,78,10.2,Silistra,False,False,False
2025-02-15,1.1,0.2,79,17.5,Silistra,False,True,True
2025-02-16,-2.6,7.7,88,11.8,Silistra,False,True,True
2025-02-17,-2.2,9.9,92,17.2,Silistra,False,False,False
2025-02-18,-2.4,10.8,92,16.3,Silistra,False,False,False
2025-02-19,-4.4,4.0,89,11.4,Silistra,False,False,False
2025-02-20,-7.1,0.0,95,11.9,Silistra,False,False,False
2025-02-21,-7.6,0.0,87,12.5,Silistra,False,False,False
2025-02-22,-11.4,0.0,91,7.9,Silistra,False,True,True
2025-02-23,-9.8,0.0,91,7.0,Silistra,False,True,True
2025-02-24,-8.4,0.0,88,8.5,Silistra,False,False,False
2025-02-25,-5.9,0.0,88,7.2,Silistra,False,False,False
2025-02-26,-1.6,0.0,81,10.8,Silistra,False,False,False
2025-02-27,3.0,0.0,91,11.4,Silistra,False,False,False
2025-02-28,4.7,0.0,91,13.1,Silistra,False,False,False
2025-03-01,5.2,2.1,93,13.4,Silistra,False,True,True
2025-03-02,3.6,3.2,93,11.4,Silistra,False,True,True
2025-03-03,2.8,0.6,80,13.2,Silistra,True,False,True
2025-03-04,4.0,0.0,74,7.5,Silistra,False,False,False
2025-03-05,6.9,0.0,69,11.8,Silistra,False,False,False
2025-03-06,9.2,0.0,62,13.6,Silistra,False,False,False
2025-03-07,9.1,0.0,62,11.1,Silistra,False,False,False
2025-03-08,8.1,0.0,56,11.7,Silistra,False,True,True
2025-03-09,7.9,0.0,63,7.0,Silistra,False,True,True
2025-03-10,10.3,0.0,65,13.3,Silistra,False,False,False
2025-03-11,14.7,0.0,56,18.9,Silistra,False,False,False
2025-03-12,16.9,0.0,65,19.7,Silistra,False,False,False
2025-03-13,17.9,1.0,60,33.0,Silistra,False,False,False
2025-03-14,16.8,2.2,65,21.8,Silistra,False,False,False
2025-03-15,20.7,0.0,49,26.7,Silistra,False,True,True
2025-03-16,13.3,0.0,68,26.8,Silistra,False,True,True
2025-03-17,7.0,0.3,84,19.3,Silistra,False,False,False
2025-03-18,2.3,2.0,55,22.7,Silistra,False,False,False
2025-03-19,2.8,0.0,67,17.1,Silistra,False,False,False
2025-03-20,5.3,0.0,65,13.1,Silistra,False,False,False
2025-03-21,7.3,0.0,61,12.5,Silistra,False,False,False
2025-03-22,9.2,0.0,55,21.7,Silistra,False,True,True
2025-03-23,10.4,0.1,65,21.4,Silistra,False,True,True
2025-03-24,13.5,0.4,78,17.5,Silistra,False,False,False
2025-03-25,17.5,0.0,66,14.7,Silistra,False,False,False
2025-03-26,14.3,0.9,82,16.9,Silistra,False,False,False
2025-03-27,11.9,3.2,87,18.7,Silistra,False,False,False
2025-03-28,11.1,4.2,78,28.6,Silistra,False,False,False
2025-03-29,10.9,2.4,84,22.7,Silistra,False,True,True
2025-03-30,11.2,0.1,84,8.9,Silistra,False,True,True
2025-03-31,11.4,3.4,83,11.5,Silistra,False,False,False
2025-04-01,10.7,4.6,87,20.3,Silistra,False,False,False
2025-04-02,11.9,1.7,76,18.4,Silistra,False,False,False
2025-04-03,11.6,0.1,72,9.6,Silistra,False,False,False
2025-04-04,10.6,3.1,87,12.5,Silistra,False,False,False
2025-04-05,12.9,0.6,78,15.8,Silistra,False,True,True
2025-04-06,6.3,3.0,81,18.7,Silistra,False,True,True
2025-04-07,3.2,3.5,71,13.1,Silistra,False,False,False
2025-04-08,4.2,0.1,70,12.4,Silistra,False,False,False
2025-04-09,5.2,0.1,68,13.3,Silistra,False,False,False
2025-04-10,5.8,7.7,71,28.8,Silistra,False,False,False
2025-04-11,3.6,0.4,67,21.0,Silistra,False,False,False
2025-04-12,7.1,0.0,70,20.2,Silistra,False,True,True
2025-04-13,9.9,0.0,72,19.0,Silistra,False,True,True
2025-04-14,10.3,0.0,66,19.3,Silistra,False,False,False
2025-04-15,11.7,0.1,62,20.0,Silistra,False,False,False
2025-04-16,14.3,0.0,55,19.2,Silistra,False,False,False
2025-04-17,14.5,0.0,66,17.9,Silistra,False,False,False
2025-04-18,13.5,0.0,73,20.0,Silistra,True,False,True
2025-04-19,12.3,0.1,79,11.8,Silistra,True,True,True
2025-04-20,14.1,0.0,76,9.6,Silistra,True,True,True
2025-04-21,16.5,0.0,72,11.0,Silistra,True,False,True
2025-04-22,17.5,0.0,61,14.8,Silistra,False,False,False
2025-04-23,16.4,0.0,67,13.8,Silistra,False,False,False
2025-04-24,15.6,0.0,72,13.8,Silistra,False,False,False
2025-04-25,16.1,3.2,76,13.6,Silistra,False,False,False
2025-04-26,15.6,9.3,82,14.3,Silistra,False,True,True
2025-04-27,13.2,0.0,59,15.8,Silistra,False,True,True
2025-04-28,10.6,0.0,65,14.4,Silistra,False,False,False
2025-04-29,10.1,0.0,68,10.9,Silistra,False,False,False
2025-04-30,12.5,0.0,69,11.0,Silistra,False,False,False
2025-05-01,15.2,1.0,72,13.1,Silistra,True,False,True
2025-05-02,16.1,0.0,52,15.2,Silistra,False,False,False
2025-05-03,16.5,0.0,52,17.0,Silistra,False,True,True
2025-05-04,19.2,0.0,58,18.1,Silistra,False,True,True
2025-05-05,19.8,0.0,67,17.5,Silistra,False,False,False
2025-05-06,18.6,1.3,80,12.5,Silistra,True,False,True
2025-05-07,18.1,0.0,79,18.7,Silistra,False,False,False
2025-05-08,16.2,2.3,78,17.6,Silistra,False,False,False
2025-05-09,14.3,4.9,81,22.5,Silistra,False,False,False
2025-05-10,10.9,0.6,76,13.9,Silistra,False,True,True
2025-05-11,13.5,0.3,75,12.7,Silistra,False,True,True
2025-05-12,10.7,2.4,77,16.9,Silistra,False,False,False
2025-05-13,11.8,3.1,76,13.1,Silistra,False,False,False
2025-05-14,12.6,0.9,75,12.6,Silistra,False,False,False
2025-05-15,15.9,0.0,62,19.3,Silistra,False,False,False
2025-05-16,15.7,3.2,68,19.7,Silistra,False,False,False
2025-05-17,12.8,8.2,82,25.9,Silistra,False,True,True
2025-05-18,14.0,0.0,70,17.9,Silistra,False,True,True
2025-05-19,15.9,0.2,67,23.3,Silistra,False,False,False
2025-05-20,14.8,0.2,67,18.3,Silistra,False,False,False
2025-05-21,16.9,0.0,69,10.0,Silistra,False,False,False
2025-05-22,19.6,0.1,73,13.5,Silistra,False,False,False
2025-05-23,19.4,0.2,82,16.0,Silistra,False,False,False
2025-05-24,18.0,9.0,84,17.7,Silistra,True,True,True
2025-05-25,14.5,14.5,87,16.9,Silistra,False,True,True
2025-05-26,12.8,10.9,92,19.4,Silistra,True,False,True
2025-05-27,14.3,1.9,86,18.8,Silistra,False,False,False
2025-05-28,15.9,2.3,82,16.3,Silistra,False,False,False
2025-05-29,17.7,2.0,79,14.2,Silistra,False,False,False
2025-05-30,17.3,7.6,82,20.5,Silistra,False,False,False
2025-05-31,17.9,0.1,75,14.5,Silistra,False,True,True
2025-06-01,19.5,0.1,74,9.5,Silistra,False,True,True
2025-06-02,21.3,0.0,74,9.8,Silistra,False,False,False
2025-06-03,23.5,0.0,67,9.5,Silistra,False,False,False
2025-06-04,24.4,0.0,69,11.7,Silistra,False,False,False
2025-06-05,25.2,0.0,60,15.2,Silistra,False,False,False
2025-06-06,24.8,0.0,57,14.3,Silistra,False,False,False
2025-06-07,23.3,0.0,60,15.3,Silistra,False,True,True
2025-06-08,22.2,0.0,58,16.2,Silistra,False,True,True
2025-06-09,22.9,0.0,64,20.6,Silistra,False,False,False
2025-06-10,22.7,0.0,59,16.3,Silistra,False,False,False
2025-06-11,22.5,0.0,60,7.9,Silistra,False,False,False
2025-06-12,21.7,0.0,64,12.7,Silistra,False,False,False
2025-06-13,21.4,0.0,65,12.5,Silistra,False,False,False
2025-06-14,19.3,0.1,60,15.4,Silistra,False,True,True
2025-06-15,19.2,0.0,65,13.9,Silistra,False,True,True
2025-06-16,21.6,0.0,62,10.3,Silistra,False,False,False
2025-06-17,24.0,0.0,58,10.9,Silistra,False,False,False
2025-06-18,24.3,0.0,59,11.9,Silistra,False,False,False
2025-06-19,25.3,0.1,64,14.4,Silistra,False,False,False
2025-06-20,22.0,0.3,58,19.7,Silistra,False,False,False
2025-06-21,21.2,0.0,48,14.9,Silistra,False,True,True
2025-06-22,21.3,0.0,57,13.0,Silistra,False,True,True
2025-06-23,23.6,0.0,53,12.7,Silistra,False,False,False
2025-06-24,26.1,0.0,46,15.9,Silistra,False,False,False
2025-06-25,26.2,0.0,53,12.4,Silistra,False,False,False
2025-06-26,28.4,0.0,50,12.3,Silistra,False,False,False
2025-06-27,28.7,0.0,49,14.1,Silistra,False,False,False
2025-06-28,24.1,4.8,69,19.0,Silistra,False,True,True
2025-06-29,22.6,0.0,55,22.3,Silistra,False,True,True
2025-06-30,25.4,0.1,60,13.0,Silistra,False,False,False
2025-07-01,24.2,0.0,44,17.8,Silistra,False,False,False
2025-07-02,23.1,0.0,45,11.7,Silistra,False,False,False
2025-07-03,24.7,0.0,51,13.6,Silistra,False,False,False
2025-07-04,26.6,0.0,48,16.7,Silistra,False,False,False
2025-07-05,27.6,0.0,46,18.4,Silistra,False,True,True
2025-07-06,28.6,0.0,44,15.4,Silistra,False,True,True
2025-07-07,29.8,0.0,35,18.5,Silistra,False,False,False
2025-07-08,29.0,0.0,45,17.9,Silistra,False,False,False
2025-07-09,26.7,0.7,59,27.7,Silistra,False,False,False
2025-07-10,21.7,0.1,56,26.1,Silistra,False,False,False
2025-07-11,22.4,0.0,59,12.6,Silistra,False,False,False
2025-07-12,23.6,0.0,61,7.3,Silistra,False,True,True
2025-07-13,25.5,0.0,51,7.9,Silistra,False,True,True
2025-07-14,27.1,0.0,46,14.8,Silistra,False,False,False
2025-07-15,26.9,0.0,49,11.3,Silistra,False,False,False
2025-07-16,25.7,0.0,64,21.1,Silistra,False,False,False
2025-07-17,24.3,10.1,73,16.1,Silistra,False,False,False
2025-07-18,21.7,0.5,69,22.3,Silistra,False,False,False
2025-07-19,22.4,0.0,65,11.9,Silistra,False,True,True
2025-07-20,24.4,0.0,58,9.9,Silistra,False,True,True
2025-07-21,27.9,0.0,50,15.7,Silistra,False,False,False
2025-07-22,30.3,0.0,44,20.9,Silistra,False,False,False
2025-07-23,28.2,0.0,56,13.5,Silistra,False,False,False
2025-07-24,28.7,0.0,54,15.8,Silistra,False,False,False
2025-07-25,29.0,0.0,51,15.5,Silistra,False,False,False
2025-07-26,30.7,0.0,42,19.0,Silistra,False,True,True
2025-07-27,29.2,0.0,40,22.9,Silistra,False,True,True
2025-07-28,26.9,0.0,64,9.7,Silistra,False,False,False
2025-07-29,23.4,5.0,78,21.0,Silistra,False,False,False
2025-07-30,22.5,0.5,78,10.4,Silistra,False,False,False
2025-07-31,23.2,0.1,69,10.2,Silistra,False,False,False
2025-08-01,23.6,1.4,70,10.6,Silistra,False,False,False
2025-08-02,24.5,0.0,57,12.9,Silistra,False,True,True
2025-08-03,25.2,0.0,55,14.4,Silistra,False,True,True
2025-08-04,26.6,0.0,51,19.3,Silistra,False,False,False
2025-08-05,26.3,0.0,51,13.4,Silistra,False,False,False
2025-08-06,26.3,0.0,65,9.7,Silistra,False,False,False
2025-08-07,25.4,0.0,56,19.4,Silistra,False,False,False
2025-08-08,24.3,0.0,49,14.3,Silistra,False,False,False
2025-08-09,25.6,0.0,51,13.7,Silistra,False,True,True
2025-08-10,26.9,0.0,46,13.3,Silistra,False,True,True
2025-08-11,27.1,0.0,51,18.9,Silistra,False,False,False
2025-08-12,24.9,0.0,47,17.4,Silistra,False,False,False
2025-08-13,23.9,0.0,56,14.7,Silistra,False,False,False
2025-08-14,23.9,0.0,55,18.8,Silistra,False,False,False
2025-08-15,24.9,0.0,55,19.9,Silistra,False,False,False
2025-08-16,24.4,0.0,56,14.6,Silistra,False,True,True
2025-08-17,23.9,0.0,55,14.3,Silistra,False,True,True
2025-08-18,24.4,0.0,57,15.7,Silistra,False,False,False
2025-08-19,22.0,0.8,54,15.3,Silistra,False,False,False
2025-08-20,22.4,0.0,63,9.1,Silistra,False,False,False
2025-08-21,25.4,0.0,51,19.3,Silistra,False,False,False
2025-08-22,26.2,3.4,55,25.6,Silistra,False,False,False
2025-08-23,21.3,0.3,71,21.0,Silistra,False,True,True
2025-08-24,21.1,0.1,57,21.2,Silistra,False,True,True
2025-08-25,17.9,2.2,64,11.1,Silistra,False,False,False
2025-08-26,19.9,0.0,61,9.8,Silistra,False,False,False
2025-08-27,21.7,0.0,55,13.5,Silistra,False,False,False
2025-08-28,21.6,0.0,61,16.0,Silistra,False,False,False
2025-08-29,22.5,0.0,62,15.8,Silistra,False,False,False
2025-08-30,25.0,0.0,60,11.1,Silistra,False,True,True
2025-08-31,22.9,1.8,66,22.7,Silistra,False,True,True
2025-09-01,22.2,0.0,65,21.8,Silistra,False,False,False
2025-09-02,24.8,0.1,61,11.8,Silistra,False,False,False
2025-09-03,25.5,0.0,57,16.0,Silistra,False,False,False
2025-09-04,23.8,0.0,61,14.9,Silistra,False,False,False
2025-09-05,22.0,0.0,63,13.3,Silistra,False,False,False
2025-09-06,21.5,0.0,63,10.5,Silistra,True,True,True
2025-09-07,21.5,0.0,61,14.1,Silistra,False,True,True
2025-09-08,21.2,0.0,59,11.3,Silistra,True,False,True
2025-09-09,22.4,0.0,55,13.1,Silistra,False,False,False
2025-09-10,22.7,0.0,59,17.6,Silistra,False,False,False
2025-09-11,22.1,3.2,67,18.6,Silistra,False,False,False
2025-09-12,21.0,11.7,89,13.2,Silistra,False,False,False
2025-09-13,21.3,0.0,74,14.4,Silistra,False,True,True
2025-09-14,19.2,0.0,69,17.1,Silistra,False,True,True
2025-09-15,18.9,0.0,72,7.9,Silistra,False,False,False
2025-09-16,20.1,0.0,69,13.3,Silistra,False,False,False
2025-09-17,18.3,4.0,83,18.3,Silistra,False,False,False
2025-09-18,16.9,0.0,67,18.9,Silistra,False,False,False
2025-09-19,17.1,0.0,67,15.9,Silistra,False,False,False
2025-09-20,19.6,0.0,70,14.2,Silistra,False,True,True
2025-09-21,20.3,0.0,68,14.0,Silistra,False,True,True
2025-09-22,18.8,0.0,72,14.7,Silistra,True,False,True
2025-09-23,18.6,0.0,77,12.3,Silistra,False,False,False
2025-09-24,18.3,0.0,76,9.1,Silistra,False,False,False
2025-09-25,16.9,0.0,61,18.7,Silistra,False,False,False
2025-09-26,14.8,0.0,53,18.5,Silistra,False,False,False
2025-09-27,14.2,0.0,58,12.6,Silistra,False,True,True
2025-09-28,13.9,0.0,65,13.2,Silistra,False,True,True
2025-09-29,14.7,0.6,68,8.8,Silistra,False,False,False
2025-09-30,14.0,0.8,74,11.4,Silistra,False,False,False
2025-10-01,12.0,0.5,75,16.7,Silistra,False,False,False
2025-10-02,10.0,1.8,67,23.6,Silistra,False,False,False
2025-10-03,8.3,41.9,91,32.2,Silistra,False,False,False
2025-10-04,9.9,1.1,87,15.3,Silistra,False,True,True
2025-10-05,11.8,0.0,69,16.5,Silistra,False,True,True
2025-10-06,12.9,4.8,87,9.0,Silistra,False,False,False
2025-10-07,12.0,28.3,97,26.6,Silistra,False,False,False
2025-10-08,12.8,39.2,96,29.3,Silistra,False,False,False
2025-10-09,13.0,21.0,87,23.1,Silistra,False,False,False
2025-10-10,14.2,0.0,71,16.2,Silistra,False,False,False
2025-10-11,13.2,6.2,77,21.0,Silistra,False,True,True
2025-10-12,13.2,0.0,72,12.6,Silistra,False,True,True
2025-10-13,14.3,0.0,74,18.0,Silistra,False,False,False
2025-10-14,11.8,1.9,85,9.7,Silistra,False,False,False
2025-10-15,10.7,0.7,85,11.8,Silistra,False,False,False
2025-10-16,11.9,1.2,81,8.8,Silistra,False,False,False
2025-10-17,12.9,0.1,77,11.0,Silistra,False,False,False
2025-10-18,13.2,3.9,90,14.1,Silistra,False,True,True
2025-10-19,11.9,0.9,75,13.2,Silistra,False,True,True
2025-10-20,8.7,0.0,76,7.2,Silistra,False,False,False
2025-10-21,11.4,0.0,78,16.0,Silistra,False,False,False
2025-10-22,14.7,0.0,72,16.4,Silistra,False,False,False
2025-10-23,15.9,0.0,78,13.4,Silistra,False,False,False
2025-10-24,15.9,1.4,77,25.5,Silistra,False,False,False
2025-10-25,12.3,0.0,68,19.8,Silistra,False,True,True
2025-10-26,13.1,0.2,76,15.5,Silistra,False,True,True
2025-10-27,11.5,5.0,92,20.4,Silistra,False,False,False
2025-10-28,11.3,2.0,73,22.0,Silistra,False,False,False
2025-10-29,11.7,0.0,60,18.8,Silistra,False,False,False
2025-10-30,13.4,0.0,63,13.9,Silistra,False,False,False
2025-10-31,13.9,0.0,68,14.6,Silistra,False,False,False
2025-11-01,12.8,0.0,83,11.5,Silistra,False,True,True
2025-11-02,14.3,0.0,76,18.1,Silistra,False,True,True
2025-11-03,14.2,0.0,81,15.2,Silistra,False,False,False
2025-11-04,12.8,5.0,82,17.5,Silistra,False,False,False
2025-11-05,10.7,4.7,84,10.3,Silistra,False,False,False
2025-11-06,8.7,10.3,96,16.4,Silistra,False,False,False
2025-11-07,9.8,7.2,91,19.7,Silistra,False,False,False
2025-11-08,12.2,1.4,87,18.0,Silistra,False,True,True
2025-11-09,14.3,4.9,93,18.5,Silistra,False,True,True
2025-11-10,14.3,4.8,93,15.5,Silistra,False,False,False
2025-11-11,12.5,2.4,92,10.7,Silistra,False,False,False
2025-11-12,10.2,0.9,90,9.1,Silistra,False,False,False
2025-11-13,7.7,0.0,91,8.0,Silistra,False,False,False
2025-11-14,6.6,0.0,93,6.9,Silistra,False,False,False
2025-11-15,8.1,0.0,91,10.4,Silistra,False,True,True
2025-11-16,6.6,0.0,96,7.5,Silistra,False,True,True
2025-11-17,10.7,0.0,84,18.4,Silistra,False,False,False
2025-11-18,12.9,3.8,78,17.9,Silistra,False,False,False
2025-11-19,6.2,6.8,91,14.8,Silistra,False,False,False
2025-11-20,8.6,1.5,95,11.8,Silistra,False,False,False
2025-11-21,15.1,0.0,80,24.0,Silistra,False,False,False
2025-11-22,16.9,0.0,76,24.4,Silistra,False,True,True
2025-11-23,7.6,2.8,92,18.1,Silistra,False,True,True
2025-11-24,5.7,0.0,79,21.2,Silistra,False,False,False
2025-11-25,9.1,0.0,80,16.5,Silistra,False,False,False
2025-11-26,13.6,0.0,79,18.2,Silistra,False,False,False
2025-11-27,14.4,0.1,81,17.1,Silistra,False,False,False
2025-11-28,8.1,0.5,92,14.3,Silistra,False,False,False
2025-11-29,10.2,21.2,97,17.7,Silistra,False,True,True
2025-11-30,6.6,0.1,87,17.3,Silistra,False,True,True
2025-12-01,6.8,0.0,83,13.2,Silistra,False,False,False
2025-12-02,6.9,0.0,87,9.0,Silistra,False,False,False
2025-12-03,8.7,0.0,90,15.9,Silistra,False,False,False
2025-12-04,10.2,0.0,87,14.6,Silistra,False,False,False
2025-12-05,10.4,0.0,87,25.5,Silistra,False,False,False
2025-12-06,5.4,3.1,89,23.8,Silistra,False,True,True
2025-12-07,4.4,2.5,91,16.8,Silistra,False,True,True
2025-12-08,4.9,0.0,84,12.6,Silistra,False,False,False
2025-12-09,6.0,0.0,85,9.9,Silistra,False,False,False
2025-12-10,6.4,0.0,88,13.1,Silistra,False,False,False
2025-12-11,5.9,0.0,90,7.6,Silistra,False,False,False
2025-12-12,4.9,0.0,96,14.1,Silistra,False,False,False
2025-12-13,5.5,0.0,91,14.1,Silistra,False,True,True
2025-12-14,3.0,0.0,95,17.0,Silistra,False,True,True
2025-12-15,2.9,0.0,94,12.2,Silistra,False,False,False
2025-12-16,1.7,0.0,96,12.9,Silistra,False,False,False
2025-12-17,1.0,0.0,97,9.9,Silistra,False,False,False
2025-12-18,2.9,0.0,90,13.4,Silistra,False,False,False
2025-12-19,4.7,0.0,88,11.5,Silistra,False,False,False
2025-12-20,2.4,0.0,96,8.4,Silistra,False,True,True
2025-12-21,4.0,0.6,94,5.7,Silistra,False,True,True
2025-12-22,3.6,0.0,88,10.0,Silistra,False,False,False
2025-12-23,3.7,0.0,87,7.7,Silistra,False,False,False
2025-12-24,5.4,3.3,94,25.3,Silistra,True,False,True
2025-12-25,-0.6,1.5,81,26.0,Silistra,True,False,True
2025-12-26,-2.5,0.0,83,23.8,Silistra,True,False,True
2025-12-27,-0.6,0.0,93,15.7,Silistra,False,True,True
2025-12-28,2.0,0.3,69,25.2,Silistra,False,True,True
2025-12-29,1.3,0.0,72,21.2,Silistra,False,False,False
2025-12-30,0.4,0.5,70,17.1,Silistra,False,False,False
2025-12-31,-1.8,0.1,68,19.2,Silistra,True,False,True
2025-01-01,3.4,0.0,62,4.0,Sliven,True,False,True
2025-01-02,2.2,0.0,69,4.6,Sliven,False,False,False
2025-01-03,3.2,0.0,73,5.1,Sliven,False,False,False
2025-01-04,2.5,0.3,68,21.8,Sliven,False,True,True
2025-01-05,0.0,0.0,72,7.6,Sliven,False,True,True
2025-01-06,2.4,0.0,74,6.2,Sliven,False,False,False
2025-01-07,5.9,0.0,85,7.9,Sliven,False,False,False
2025-01-08,7.3,0.0,84,5.5,Sliven,False,False,False
2025-01-09,7.8,0.0,87,7.0,Sliven,False,False,False
2025-01-10,7.2,0.0,93,10.7,Sliven,False,False,False
2025-01-11,1.9,9.7,86,13.7,Sliven,False,True,True
2025-01-12,0.5,7.2,88,6.1,Sliven,False,True,True
2025-01-13,0.3,1.2,72,15.1,Sliven,False,False,False
2025-01-14,-0.1,0.0,69,15.5,Sliven,False,False,False
2025-01-15,0.6,1.7,80,8.4,Sliven,False,False,False
2025-01-16,0.7,0.0,79,9.2,Sliven,False,False,False
2025-01-17,-1.0,0.0,83,7.2,Sliven,False,False,False
2025-01-18,1.9,0.0,79,10.1,Sliven,False,True,True
2025-01-19,2.5,0.0,75,8.5,Sliven,False,True,True
2025-01-20,2.3,0.0,74,6.1,Sliven,False,False,False
2025-01-21,2.4,0.0,79,5.7,Sliven,False,False,False
2025-01-22,3.0,0.0,82,6.0,Sliven,False,False,False
2025-01-23,5.0,0.0,78,6.6,Sliven,False,False,False
2025-01-24,5.5,2.5,86,5.0,Sliven,False,False,False
2025-01-25,6.3,4.6,75,15.4,Sliven,False,True,True
2025-01-26,4.5,0.0,88,7.8,Sliven,False,True,True
2025-01-27,5.0,0.0,86,7.1,Sliven,False,False,False
2025-01-28,5.6,0.0,90,6.6,Sliven,False,False,False
2025-01-29,8.4,0.0,83,6.1,Sliven,False,False,False
2025-01-30,10.3,0.0,88,13.3,Sliven,False,False,False
2025-01-31,8.7,0.0,88,7.1,Sliven,False,False,False
2025-02-01,7.5,0.2,83,10.6,Sliven,False,True,True
2025-02-02,6.1,0.3,86,7.6,Sliven,False,True,True
2025-02-03,7.0,0.0,80,11.0,Sliven,False,False,False
2025-02-04,1.4,0.0,66,8.0,Sliven,False,False,False
2025-02-05,0.5,0.0,69,17.8,Sliven,False,False,False
2025-02-06,0.8,0.1,62,14.5,Sliven,False,False,False
2025-02-07,-0.9,0.0,58,14.7,Sliven,False,False,False
2025-02-08,-1.7,0.0,66,17.1,Sliven,False,True,True
2025-02-09,-2.2,0.0,61,19.9,Sliven,False,True,True
2025-02-10,-2.2,0.0,58,11.7,Sliven,False,False,False
2025-02-11,-2.3,0.0,57,13.7,Sliven,False,False,False
2025-02-12,-1.4,0.0,70,10.1,Sliven,False,False,False
2025-02-13,0.2,0.0,71,7.6,Sliven,False,False,False
2025-02-14,3.4,0.0,77,7.2,Sliven,False,False,False
2025-02-15,5.8,0.0,78,9.2,Sliven,False,True,True
2025-02-16,1.8,3.9,93,8.7,Sliven,False,True,True
2025-02-17,1.3,6.0,81,13.0,Sliven,False,False,False
2025-02-18,-1.1,13.1,84,12.0,Sliven,False,False,False
2025-02-19,-2.8,4.0,79,19.7,Sliven,False,False,False
2025-02-20,-4.4,0.0,71,10.5,Sliven,False,False,False
2025-02-21,-5.2,0.0,62,13.7,Sliven,False,False,False
2025-02-22,-5.4,0.0,56,10.7,Sliven,False,True,True
2025-02-23,-3.4,0.0,58,8.4,Sliven,False,True,True
2025-02-24,-1.7,0.0,64,7.4,Sliven,False,False,False
2025-02-25,1.2,0.0,64,8.7,Sliven,False,False,False
2025-02-26,2.1,0.0,81,7.3,Sliven,False,False,False
2025-02-27,4.9,0.0,90,6.8,Sliven,False,False,False
2025-02-28,6.1,0.4,91,10.2,Sliven,False,False,False
2025-03-01,5.7,0.3,92,8.5,Sliven,False,True,True
2025-03-02,4.4,4.2,95,7.7,Sliven,False,True,True
2025-03-03,3.6,0.0,71,12.8,Sliven,True,False,True
2025-03-04,2.7,0.0,78,11.3,Sliven,False,False,False
2025-03-05,5.2,0.0,73,7.7,Sliven,False,False,False
2025-03-06,8.4,0.0,53,5.8,Sliven,False,False,False
2025-03-07,10.1,0.0,48,6.9,Sliven,False,False,False
2025-03-08,9.1,0.0,41,12.2,Sliven,False,True,True
2025-03-09,9.5,0.0,42,9.5,Sliven,False,True,True
2025-03-10,9.9,0.0,53,6.8,Sliven,False,False,False
2025-03-11,11.5,0.2,66,20.4,Sliven,False,False,False
2025-03-12,14.0,1.2,82,26.3,Sliven,False,False,False
2025-03-13,14.9,1.2,73,28.2,Sliven,False,False,False
2025-03-14,14.9,0.0,73,12.5,Sliven,False,False,False
2025-03-15,16.4,0.0,63,7.6,Sliven,False,True,True
2025-03-16,15.8,0.0,63,13.8,Sliven,False,True,True
2025-03-17,10.2,6.2,82,12.7,Sliven,False,False,False
2025-03-18,2.6,0.8,57,18.0,Sliven,False,False,False
2025-03-19,2.0,0.0,56,16.4,Sliven,False,False,False
2025-03-20,4.4,0.0,55,12.2,Sliven,False,False,False
2025-03-21,5.4,0.0,62,8.5,Sliven,False,False,False
2025-03-22,7.2,0.0,67,10.7,Sliven,False,True,True
2025-03-23,9.5,0.0,73,13.2,Sliven,False,True,True
2025-03-24,12.2,0.2,80,13.9,Sliven,False,False,False
2025-03-25,14.8,0.5,76,10.4,Sliven,False,False,False
2025-03-26,15.1,0.8,81,14.4,Sliven,False,False,False
2025-03-27,13.5,0.4,72,17.9,Sliven,False,False,False
2025-03-28,12.4,3.6,69,27.0,Sliven,False,False,False
2025-03-29,11.3,1.8,81,7.8,Sliven,False,True,True
2025-03-30,11.0,4.3,87,12.6,Sliven,False,True,True
2025-03-31,10.5,0.7,88,9.2,Sliven,False,False,False
2025-04-01,10.1,0.8,84,22.8,Sliven,False,False,False
2025-04-02,10.0,8.3,85,17.4,Sliven,False,False,False
2025-04-03,11.1,1.0,74,12.1,Sliven,False,False,False
2025-04-04,10.3,0.7,75,14.2,Sliven,False,False,False
2025-04-05,11.0,5.2,79,10.4,Sliven,False,True,True
2025-04-06,6.7,2.6,69,28.6,Sliven,False,True,True
2025-04-07,1.9,8.4,79,8.1,Sliven,False,False,False
2025-04-08,2.6,0.0,59,14.9,Sliven,False,False,False
2025-04-09,4.3,0.0,59,15.9,Sliven,False,False,False
2025-04-10,6.1,3.3,64,25.3,Sliven,False,False,False
2025-04-11,4.3,0.6,56,17.4,Sliven,False,False,False
2025-04-12,7.2,0.6,74,18.7,Sliven,False,True,True
2025-04-13,8.1,0.0,72,13.7,Sliven,False,True,True
2025-04-14,8.9,0.0,74,11.7,Sliven,False,False,False
2025-04-15,8.9,0.0,62,8.9,Sliven,False,False,False
2025-04-16,12.3,0.0,61,11.5,Sliven,False,False,False
2025-04-17,13.7,0.0,63,12.7,Sliven,False,False,False
2025-04-18,13.3,0.0,70,13.4,Sliven,True,False,True
2025-04-19,12.0,0.2,76,11.7,Sliven,True,True,True
2025-04-20,13.7,0.0,77,9.5,Sliven,True,True,True
2025-04-21,15.9,0.0,72,7.1,Sliven,True,False,True
2025-04-22,15.7,0.0,64,11.2,Sliven,False,False,False
2025-04-23,14.3,0.0,72,12.5,Sliven,False,False,False
2025-04-24,14.3,0.1,70,14.5,Sliven,False,False,False
2025-04-25,14.1,7.5,78,10.4,Sliven,False,False,False
2025-04-26,14.6,1.9,74,10.8,Sliven,False,True,True
2025-04-27,13.2,1.3,73,17.2,Sliven,False,True,True
2025-04-28,9.5,0.0,59,16.4,Sliven,False,False,False
2025-04-29,8.8,0.0,63,12.7,Sliven,False,False,False
2025-04-30,11.1,0.0,69,13.5,Sliven,False,False,False
2025-05-01,14.2,0.1,61,20.1,Sliven,True,False,True
2025-05-02,15.6,0.0,61,18.7,Sliven,False,False,False
2025-05-03,14.6,0.0,64,9.7,Sliven,False,True,True
2025-05-04,17.8,0.0,56,9.4,Sliven,False,True,True
2025-05-05,19.1,0.2,62,15.9,Sliven,False,False,False
2025-05-06,19.5,1.1,65,18.0,Sliven,True,False,True
2025-05-07,17.8,1.6,73,11.6,Sliven,False,False,False
2025-05-08,15.7,1.1,78,16.9,Sliven,False,False,False
2025-05-09,16.1,0.6,65,16.9,Sliven,False,False,False
2025-05-10,12.0,17.4,88,11.9,Sliven,False,True,True
2025-05-11,12.7,0.5,76,9.4,Sliven,False,True,True
2025-05-12,13.3,0.6,71,9.9,Sliven,False,False,False
2025-05-13,12.1,0.6,73,8.6,Sliven,False,False,False
2025-05-14,10.9,1.8,73,5.8,Sliven,False,False,False
2025-05-15,14.3,0.0,62,14.5,Sliven,False,False,False
2025-05-16,14.2,6.4,70,15.6,Sliven,False,False,False
2025-05-17,13.1,4.5,70,18.6,Sliven,False,True,True
2025-05-18,13.3,0.0,62,13.5,Sliven,False,True,True
2025-05-19,15.8,0.1,59,18.1,Sliven,False,False,False
2025-05-20,15.8,0.0,63,16.0,Sliven,False,False,False
2025-05-21,17.6,0.0,63,15.2,Sliven,False,False,False
2025-05-22,19.3,0.7,63,17.6,Sliven,False,False,False
2025-05-23,20.5,0.1,62,14.2,Sliven,False,False,False
2025-05-24,19.0,4.3,68,18.7,Sliven,True,True,True
2025-05-25,13.7,20.2,75,19.2,Sliven,False,True,True
2025-05-26,12.6,10.7,74,15.2,Sliven,True,False,True
2025-05-27,14.7,1.9,75,16.7,Sliven,False,False,False
2025-05-28,16.0,0.0,70,15.6,Sliven,False,False,False
2025-05-29,16.3,0.2,70,10.8,Sliven,False,False,False
2025-05-30,16.7,1.5,72,17.1,Sliven,False,False,False
2025-05-31,17.4,0.9,70,12.8,Sliven,False,True,True
2025-06-01,18.2,0.5,69,15.1,Sliven,False,True,True
2025-06-02,20.1,0.3,67,8.5,Sliven,False,False,False
2025-06-03,22.6,0.0,59,8.8,Sliven,False,False,False
2025-06-04,24.8,0.0,55,6.9,Sliven,False,False,False
2025-06-05,25.1,0.0,57,14.6,Sliven,False,False,False
2025-06-06,24.3,0.0,49,15.6,Sliven,False,False,False
2025-06-07,22.7,0.0,57,18.0,Sliven,False,True,True
2025-06-08,21.8,0.0,53,13.8,Sliven,False,True,True
2025-06-09,23.3,0.4,63,24.5,Sliven,False,False,False
2025-06-10,23.8,0.1,57,19.3,Sliven,False,False,False
2025-06-11,23.1,0.0,43,12.2,Sliven,False,False,False
2025-06-12,23.0,0.0,54,19.3,Sliven,False,False,False
2025-06-13,21.9,0.0,52,16.1,Sliven,False,False,False
2025-06-14,20.6,1.6,59,15.0,Sliven,False,True,True
2025-06-15,20.1,0.0,51,15.4,Sliven,False,True,True
2025-06-16,21.8,0.0,45,16.8,Sliven,False,False,False
2025-06-17,24.1,0.0,45,16.0,Sliven,False,False,False
2025-06-18,24.6,0.3,50,9.3,Sliven,False,False,False
2025-06-19,25.5,0.5,59,9.8,Sliven,False,False,False
2025-06-20,24.6,1.2,52,16.9,Sliven,False,False,False
2025-06-21,20.7,0.7,54,9.0,Sliven,False,True,True
2025-06-22,20.3,0.0,51,14.7,Sliven,False,True,True
2025-06-23,22.7,0.0,45,14.0,Sliven,False,False,False
2025-06-24,26.0,0.0,38,14.2,Sliven,False,False,False
2025-06-25,27.6,0.0,36,17.2,Sliven,False,False,False
2025-06-26,29.1,0.0,38,19.0,Sliven,False,False,False
2025-06-27,29.1,0.0,40,11.2,Sliven,False,False,False
2025-06-28,24.8,1.8,60,14.6,Sliven,False,True,True
2025-06-29,22.2,0.0,54,22.0,Sliven,False,True,True
2025-06-30,24.8,1.0,50,12.0,Sliven,False,False,False
2025-07-01,25.8,0.0,46,11.6,Sliven,False,False,False
2025-07-02,23.9,0.0,44,16.2,Sliven,False,False,False
2025-07-03,25.1,0.0,36,12.9,Sliven,False,False,False
2025-07-04,26.1,0.0,38,13.9,Sliven,False,False,False
2025-07-05,27.6,0.0,38,16.9,Sliven,False,True,True
2025-07-06,28.0,0.0,34,16.6,Sliven,False,True,True
2025-07-07,28.3,0.0,36,19.0,Sliven,False,False,False
2025-07-08,28.8,0.0,37,19.5,Sliven,False,False,False
2025-07-09,27.1,1.2,46,42.3,Sliven,False,False,False
2025-07-10,21.2,0.0,47,25.6,Sliven,False,False,False
2025-07-11,22.8,0.0,46,17.1,Sliven,False,False,False
2025-07-12,24.5,0.0,43,18.2,Sliven,False,True,True
2025-07-13,26.6,0.0,35,16.9,Sliven,False,True,True
2025-07-14,27.8,0.0,33,17.6,Sliven,False,False,False
2025-07-15,27.5,0.5,34,24.6,Sliven,False,False,False
2025-07-16,27.3,0.1,43,14.3,Sliven,False,False,False
2025-07-17,26.7,8.0,47,21.1,Sliven,False,False,False
2025-07-18,21.9,0.8,57,14.8,Sliven,False,False,False
2025-07-19,23.1,0.0,52,11.6,Sliven,False,True,True
2025-07-20,25.4,0.0,46,11.5,Sliven,False,True,True
2025-07-21,28.0,0.0,43,10.4,Sliven,False,False,False
2025-07-22,30.4,0.0,36,17.0,Sliven,False,False,False
2025-07-23,30.0,0.1,41,19.6,Sliven,False,False,False
2025-07-24,28.9,0.0,37,17.5,Sliven,False,False,False
2025-07-25,28.8,0.0,38,19.1,Sliven,False,False,False
2025-07-26,29.8,0.0,36,18.0,Sliven,False,True,True
2025-07-27,28.0,0.0,38,24.3,Sliven,False,True,True
2025-07-28,28.0,0.0,49,19.5,Sliven,False,False,False
2025-07-29,26.0,0.5,55,24.4,Sliven,False,False,False
2025-07-30,25.4,0.0,52,17.4,Sliven,False,False,False
2025-07-31,23.4,11.1,69,15.0,Sliven,False,False,False
2025-08-01,22.7,7.1,69,12.8,Sliven,False,False,False
2025-08-02,23.6,0.0,54,15.1,Sliven,False,True,True
2025-08-03,24.5,0.0,47,14.6,Sliven,False,True,True
2025-08-04,26.0,0.0,44,18.4,Sliven,False,False,False
2025-08-05,25.6,0.0,46,15.9,Sliven,False,False,False
2025-08-06,25.5,11.1,54,17.3,Sliven,False,False,False
2025-08-07,26.4,0.1,52,17.1,Sliven,False,False,False
2025-08-08,26.5,0.0,41,14.9,Sliven,False,False,False
2025-08-09,25.9,0.0,44,15.7,Sliven,False,True,True
2025-08-10,27.2,0.0,33,17.5,Sliven,False,True,True
2025-08-11,28.5,0.0,34,20.9,Sliven,False,False,False
2025-08-12,26.1,0.0,49,19.9,Sliven,False,False,False
2025-08-13,24.5,0.0,46,17.5,Sliven,False,False,False
2025-08-14,23.7,0.0,50,18.6,Sliven,False,False,False
2025-08-15,25.2,0.0,41,18.9,Sliven,False,False,False
2025-08-16,24.9,0.0,41,17.8,Sliven,False,True,True
2025-08-17,22.9,0.0,50,13.6,Sliven,False,True,True
2025-08-18,23.9,8.8,57,18.8,Sliven,False,False,False
2025-08-19,19.8,11.4,82,15.6,Sliven,False,False,False
2025-08-20,21.1,0.4,68,7.2,Sliven,False,False,False
2025-08-21,24.1,0.0,54,10.2,Sliven,False,False,False
2025-08-22,25.3,0.1,52,13.4,Sliven,False,False,False
2025-08-23,22.5,0.0,48,14.6,Sliven,False,True,True
2025-08-24,21.2,0.0,39,20.2,Sliven,False,True,True
2025-08-25,19.2,0.4,56,17.1,Sliven,False,False,False
2025-08-26,19.5,0.0,55,15.9,Sliven,False,False,False
2025-08-27,21.0,0.0,50,14.9,Sliven,False,False,False
2025-08-28,20.9,0.0,55,14.7,Sliven,False,False,False
2025-08-29,22.4,0.0,53,11.7,Sliven,False,False,False
2025-08-30,24.9,0.0,48,13.1,Sliven,False,True,True
2025-08-31,22.4,3.0,63,10.7,Sliven,False,True,True
2025-09-01,21.4,0.0,60,15.9,Sliven,False,False,False
2025-09-02,24.2,0.0,55,8.8,Sliven,False,False,False
2025-09-03,25.7,0.0,48,15.7,Sliven,False,False,False
2025-09-04,23.9,0.0,50,18.2,Sliven,False,False,False
2025-09-05,23.1,0.0,56,14.8,Sliven,False,False,False
2025-09-06,21.9,0.0,49,11.3,Sliven,True,True,True
2025-09-07,21.6,0.0,49,14.2,Sliven,False,True,True
2025-09-08,21.5,0.0,49,10.8,Sliven,True,False,True
2025-09-09,21.9,0.0,45,11.9,Sliven,False,False,False
2025-09-10,23.3,0.0,47,21.4,Sliven,False,False,False
2025-09-11,22.7,0.0,65,15.3,Sliven,False,False,False
2025-09-12,21.5,5.6,75,10.9,Sliven,False,False,False
2025-09-13,20.8,0.1,70,15.1,Sliven,False,True,True
2025-09-14,19.4,0.1,64,14.3,Sliven,False,True,True
2025-09-15,19.5,0.0,64,14.0,Sliven,False,False,False
2025-09-16,20.8,0.0,55,12.3,Sliven,False,False,False
2025-09-17,18.4,1.2,65,19.1,Sliven,False,False,False
2025-09-18,16.6,0.0,51,19.3,Sliven,False,False,False
2025-09-19,16.1,0.0,52,11.5,Sliven,False,False,False
2025-09-20,18.8,0.0,56,16.1,Sliven,False,True,True
2025-09-21,19.7,0.0,60,14.1,Sliven,False,True,True
2025-09-22,18.8,0.0,64,14.3,Sliven,True,False,True
2025-09-23,18.6,0.0,67,11.8,Sliven,False,False,False
2025-09-24,19.3,0.0,68,12.7,Sliven,False,False,False
2025-09-25,17.9,0.0,65,16.3,Sliven,False,False,False
2025-09-26,16.1,0.0,53,17.6,Sliven,False,False,False
2025-09-27,15.0,0.0,54,15.4,Sliven,False,True,True
2025-09-28,14.5,0.1,56,10.1,Sliven,False,True,True
2025-09-29,13.6,3.9,80,7.6,Sliven,False,False,False
2025-09-30,13.8,0.0,58,14.8,Sliven,False,False,False
2025-10-01,13.7,0.0,55,8.6,Sliven,False,False,False
2025-10-02,12.2,4.3,76,28.0,Sliven,False,False,False
2025-10-03,10.8,51.3,84,31.2,Sliven,False,False,False
2025-10-04,9.7,2.3,78,12.1,Sliven,False,True,True
2025-10-05,11.6,0.0,69,9.8,Sliven,False,True,True
2025-10-06,12.1,10.3,82,21.5,Sliven,False,False,False
2025-10-07,10.3,29.9,85,29.8,Sliven,False,False,False
2025-10-08,11.4,6.8,79,14.9,Sliven,False,False,False
2025-10-09,12.3,3.6,75,13.5,Sliven,False,False,False
2025-10-10,12.3,0.0,75,12.6,Sliven,False,False,False
2025-10-11,12.0,2.8,76,19.7,Sliven,False,True,True
2025-10-12,12.6,0.0,76,12.7,Sliven,False,True,True
2025-10-13,13.4,0.0,70,10.2,Sliven,False,False,False
2025-10-14,11.9,0.0,75,9.6,Sliven,False,False,False
2025-10-15,11.5,0.6,79,6.7,Sliven,False,False,False
2025-10-16,11.5,0.3,81,12.5,Sliven,False,False,False
2025-10-17,12.3,0.3,78,12.7,Sliven,False,False,False
2025-10-18,14.0,0.6,80,7.5,Sliven,False,True,True
2025-10-19,11.8,0.0,62,13.1,Sliven,False,True,True
2025-10-20,8.9,0.0,65,7.8,Sliven,False,False,False
2025-10-21,11.6,0.0,68,9.5,Sliven,False,False,False
2025-10-22,13.0,0.0,72,6.9,Sliven,False,False,False
2025-10-23,14.7,0.0,78,7.3,Sliven,False,False,False
2025-10-24,14.7,3.4,85,11.3,Sliven,False,False,False
2025-10-25,12.6,0.0,62,11.4,Sliven,False,True,True
2025-10-26,12.2,0.6,84,5.7,Sliven,False,True,True
2025-10-27,11.4,10.3,87,12.8,Sliven,False,False,False
2025-10-28,9.9,0.0,72,13.4,Sliven,False,False,False
2025-10-29,9.0,0.0,67,7.3,Sliven,False,False,False
2025-10-30,11.8,0.0,61,5.1,Sliven,False,False,False
2025-10-31,12.1,0.0,69,6.6,Sliven,False,False,False
2025-11-01,13.5,0.0,71,5.5,Sliven,False,True,True
2025-11-02,12.7,0.0,71,8.4,Sliven,False,True,True
2025-11-03,12.1,0.0,78,5.8,Sliven,False,False,False
2025-11-04,12.4,0.9,73,14.2,Sliven,False,False,False
2025-11-05,11.0,0.6,74,9.9,Sliven,False,False,False
2025-11-06,9.4,6.7,85,7.7,Sliven,False,False,False
2025-11-07,11.8,3.8,85,12.7,Sliven,False,False,False
2025-11-08,12.9,15.3,95,13.8,Sliven,False,True,True
2025-11-09,14.0,4.6,92,6.1,Sliven,False,True,True
2025-11-10,14.1,25.4,95,10.6,Sliven,False,False,False
2025-11-11,12.8,2.7,83,15.9,Sliven,False,False,False
2025-11-12,11.2,0.6,70,7.6,Sliven,False,False,False
2025-11-13,7.8,0.0,85,7.2,Sliven,False,False,False
2025-11-14,8.1,0.0,83,6.7,Sliven,False,False,False
2025-11-15,8.4,0.0,88,6.5,Sliven,False,True,True
2025-11-16,8.7,0.0,77,5.1,Sliven,False,True,True
2025-11-17,10.5,0.0,89,10.7,Sliven,False,False,False
2025-11-18,14.3,8.5,85,18.9,Sliven,False,False,False
2025-11-19,13.4,35.4,95,14.3,Sliven,False,False,False
2025-11-20,13.7,3.0,87,17.6,Sliven,False,False,False
2025-11-21,14.4,8.5,85,24.1,Sliven,False,False,False
2025-11-22,15.1,2.9,87,17.8,Sliven,False,True,True
2025-11-23,11.8,13.4,86,14.6,Sliven,False,True,True
2025-11-24,6.8,0.0,80,8.9,Sliven,False,False,False
2025-11-25,7.2,0.0,82,6.8,Sliven,False,False,False
2025-11-26,11.5,1.3,85,15.4,Sliven,False,False,False
2025-11-27,11.9,18.6,90,19.7,Sliven,False,False,False
2025-11-28,11.2,13.0,92,12.2,Sliven,False,False,False
2025-11-29,10.3,9.9,93,12.7,Sliven,False,True,True
2025-11-30,7.2,0.4,75,12.8,Sliven,False,True,True
2025-12-01,7.2,0.0,76,7.4,Sliven,False,False,False
2025-12-02,6.6,0.0,83,4.9,Sliven,False,False,False
2025-12-03,8.4,0.0,87,6.2,Sliven,False,False,False
2025-12-04,9.1,0.1,90,14.0,Sliven,False,False,False
2025-12-05,11.5,0.0,84,24.7,Sliven,False,False,False
2025-12-06,9.9,5.1,80,23.1,Sliven,False,True,True
2025-12-07,6.2,0.8,77,17.1,Sliven,False,True,True
2025-12-08,6.5,1.4,80,15.8,Sliven,False,False,False
2025-12-09,7.4,0.0,82,6.0,Sliven,False,False,False
2025-12-10,5.2,0.0,87,5.6,Sliven,False,False,False
2025-12-11,5.7,0.0,84,4.5,Sliven,False,False,False
2025-12-12,6.8,0.0,81,13.2,Sliven,False,False,False
2025-12-13,6.1,0.0,82,5.2,Sliven,False,True,True
2025-12-14,5.0,0.0,82,10.5,Sliven,False,True,True
2025-12-15,3.8,0.0,82,10.8,Sliven,False,False,False
2025-12-16,3.3,0.0,84,5.2,Sliven,False,False,False
2025-12-17,3.2,0.0,80,4.2,Sliven,False,False,False
2025-12-18,2.8,0.0,75,5.5,Sliven,False,False,False
2025-12-19,5.4,0.0,88,4.2,Sliven,False,False,False
2025-12-20,5.7,0.7,87,7.2,Sliven,False,True,True
2025-12-21,7.1,0.6,90,4.6,Sliven,False,True,True
2025-12-22,6.8,0.4,88,7.6,Sliven,False,False,False
2025-12-23,4.0,0.0,94,6.6,Sliven,False,False,False
2025-12-24,5.6,3.3,93,17.7,Sliven,True,False,True
2025-12-25,5.4,13.9,88,24.4,Sliven,True,False,True
2025-12-26,1.7,0.1,80,8.8,Sliven,True,False,True
2025-12-27,2.3,0.0,76,21.6,Sliven,False,True,True
2025-12-28,0.9,5.2,77,35.9,Sliven,False,True,True
2025-12-29,1.6,0.0,63,35.5,Sliven,False,False,False
2025-12-30,1.4,0.0,62,23.1,Sliven,False,False,False
2025-12-31,-1.7,0.0,58,20.4,Sliven,True,False,True
2025-01-01,0.7,0.0,80,6.2,Stara Zagora,True,False,True
2025-01-02,0.1,0.0,80,5.7,Stara Zagora,False,False,False
2025-01-03,0.9,0.0,79,4.8,Stara Zagora,False,False,False
2025-01-04,2.7,0.0,63,18.5,Stara Zagora,False,True,True
2025-01-05,-0.2,0.0,77,5.7,Stara Zagora,False,True,True
2025-01-06,0.8,0.0,82,6.1,Stara Zagora,False,False,False
2025-01-07,2.4,0.0,85,5.4,Stara Zagora,False,False,False
2025-01-08,4.2,0.0,85,5.6,Stara Zagora,False,False,False
2025-01-09,5.3,0.0,91,6.3,Stara Zagora,False,False,False
2025-01-10,5.1,0.0,95,7.9,Stara Zagora,False,False,False
2025-01-11,1.5,11.5,94,11.1,Stara Zagora,False,True,True
2025-01-12,0.1,8.3,93,3.8,Stara Zagora,False,True,True
2025-01-13,-1.1,1.5,84,11.7,Stara Zagora,False,False,False
2025-01-14,-1.1,0.0,80,12.8,Stara Zagora,False,False,False
2025-01-15,-0.5,1.0,89,6.6,Stara Zagora,False,False,False
2025-01-16,0.1,0.0,89,4.9,Stara Zagora,False,False,False
2025-01-17,-2.3,0.0,88,7.6,Stara Zagora,False,False,False
2025-01-18,0.1,0.0,80,9.1,Stara Zagora,False,True,True
2025-01-19,1.9,0.0,69,9.1,Stara Zagora,False,True,True
2025-01-20,1.3,0.0,78,6.6,Stara Zagora,False,False,False
2025-01-21,1.6,0.0,84,8.4,Stara Zagora,False,False,False
2025-01-22,2.3,0.0,85,6.2,Stara Zagora,False,False,False
2025-01-23,2.8,0.0,88,7.1,Stara Zagora,False,False,False
2025-01-24,3.9,1.2,89,6.8,Stara Zagora,False,False,False
2025-01-25,6.3,0.0,71,20.9,Stara Zagora,False,True,True
2025-01-26,2.8,0.0,88,5.4,Stara Zagora,False,True,True
2025-01-27,4.2,0.0,89,5.2,Stara Zagora,False,False,False
2025-01-28,5.0,0.0,91,8.1,Stara Zagora,False,False,False
2025-01-29,6.1,0.0,86,8.6,Stara Zagora,False,False,False
2025-01-30,9.2,0.0,85,11.3,Stara Zagora,False,False,False
2025-01-31,8.7,0.0,86,7.6,Stara Zagora,False,False,False
2025-02-01,7.5,0.1,81,8.9,Stara Zagora,False,True,True
2025-02-02,5.8,0.0,92,10.6,Stara Zagora,False,True,True
2025-02-03,7.0,0.4,81,12.1,Stara Zagora,False,False,False
2025-02-04,2.6,0.0,69,8.9,Stara Zagora,False,False,False
2025-02-05,-0.1,0.0,70,17.5,Stara Zagora,False,False,False
2025-02-06,1.7,0.0,63,16.0,Stara Zagora,False,False,False
2025-02-07,-1.5,0.0,64,13.4,Stara Zagora,False,False,False
2025-02-08,-2.1,0.0,67,14.9,Stara Zagora,False,True,True
2025-02-09,-2.6,0.0,65,13.7,Stara Zagora,False,True,True
2025-02-10,-2.7,0.0,57,8.7,Stara Zagora,False,False,False
2025-02-11,-2.6,0.0,59,13.9,Stara Zagora,False,False,False
2025-02-12,-2.0,0.0,68,10.2,Stara Zagora,False,False,False
2025-02-13,-0.2,0.0,73,7.4,Stara Zagora,False,False,False
2025-02-14,2.2,0.0,76,6.0,Stara Zagora,False,False,False
2025-02-15,4.6,0.0,79,13.4,Stara Zagora,False,True,True
2025-02-16,1.3,4.2,97,12.8,Stara Zagora,False,True,True
2025-02-17,0.6,6.2,86,11.8,Stara Zagora,False,False,False
2025-02-18,-1.2,7.5,85,9.3,Stara Zagora,False,False,False
2025-02-19,-2.0,0.3,75,15.9,Stara Zagora,False,False,False
2025-02-20,-2.0,0.0,62,13.6,Stara Zagora,False,False,False
2025-02-21,-3.5,0.0,62,14.3,Stara Zagora,False,False,False
2025-02-22,-4.0,0.0,57,9.1,Stara Zagora,False,True,True
2025-02-23,-2.6,0.0,59,9.2,Stara Zagora,False,True,True
2025-02-24,-1.4,0.0,66,6.8,Stara Zagora,False,False,False
2025-02-25,0.5,0.0,76,5.2,Stara Zagora,False,False,False
2025-02-26,2.2,0.0,84,6.8,Stara Zagora,False,False,False
2025-02-27,4.8,0.1,88,9.5,Stara Zagora,False,False,False
2025-02-28,6.4,0.4,94,11.3,Stara Zagora,False,False,False
2025-03-01,6.0,0.0,94,9.2,Stara Zagora,False,True,True
2025-03-02,5.5,3.9,97,7.5,Stara Zagora,False,True,True
2025-03-03,3.8,0.0,70,12.8,Stara Zagora,True,False,True
2025-03-04,2.4,0.0,77,8.9,Stara Zagora,False,False,False
2025-03-05,4.0,0.0,73,8.3,Stara Zagora,False,False,False
2025-03-06,5.5,0.0,71,7.8,Stara Zagora,False,False,False
2025-03-07,6.5,0.0,66,10.1,Stara Zagora,False,False,False
2025-03-08,7.2,0.0,60,8.4,Stara Zagora,False,True,True
2025-03-09,6.9,0.0,64,8.4,Stara Zagora,False,True,True
2025-03-10,6.3,0.0,66,8.5,Stara Zagora,False,False,False
2025-03-11,9.5,0.3,73,16.7,Stara Zagora,False,False,False
2025-03-12,13.5,0.5,85,24.4,Stara Zagora,False,False,False
2025-03-13,14.7,0.5,77,31.0,Stara Zagora,False,False,False
2025-03-14,13.9,0.0,78,18.7,Stara Zagora,False,False,False
2025-03-15,15.9,0.0,67,13.8,Stara Zagora,False,True,True
2025-03-16,14.9,1.4,70,15.7,Stara Zagora,False,True,True
2025-03-17,9.8,18.9,83,15.9,Stara Zagora,False,False,False
2025-03-18,2.5,2.1,63,19.2,Stara Zagora,False,False,False
2025-03-19,2.6,0.0,54,14.0,Stara Zagora,False,False,False
2025-03-20,3.3,0.0,61,10.5,Stara Zagora,False,False,False
2025-03-21,3.6,0.0,68,8.6,Stara Zagora,False,False,False
2025-03-22,6.0,0.0,68,7.2,Stara Zagora,False,True,True
2025-03-23,8.8,0.2,79,8.9,Stara Zagora,False,True,True
2025-03-24,10.8,0.0,86,8.4,Stara Zagora,False,False,False
2025-03-25,13.9,0.3,82,9.2,Stara Zagora,False,False,False
2025-03-26,15.0,1.1,78,11.4,Stara Zagora,False,False,False
2025-03-27,13.3,0.2,74,19.9,Stara Zagora,False,False,False
2025-03-28,11.1,11.7,82,19.9,Stara Zagora,False,False,False
2025-03-29,10.8,0.4,83,13.2,Stara Zagora,False,True,True
2025-03-30,10.9,11.2,87,10.9,Stara Zagora,False,True,True
2025-03-31,10.6,6.1,88,11.9,Stara Zagora,False,False,False
2025-04-01,9.6,2.2,90,21.5,Stara Zagora,False,False,False
2025-04-02,9.7,16.5,92,7.8,Stara Zagora,False,False,False
2025-04-03,10.6,1.8,82,9.5,Stara Zagora,False,False,False
2025-04-04,10.6,0.7,74,15.8,Stara Zagora,False,False,False
2025-04-05,10.9,0.1,77,14.8,Stara Zagora,False,True,True
2025-04-06,6.8,8.0,67,23.8,Stara Zagora,False,True,True
2025-04-07,1.4,12.3,90,7.5,Stara Zagora,False,False,False
2025-04-08,2.5,0.0,64,10.9,Stara Zagora,False,False,False
2025-04-09,4.1,0.0,61,14.8,Stara Zagora,False,False,False
2025-04-10,6.2,1.3,64,25.3,Stara Zagora,False,False,False
2025-04-11,4.7,0.3,60,13.7,Stara Zagora,False,False,False
2025-04-12,7.7,5.0,76,17.6,Stara Zagora,False,True,True
2025-04-13,9.1,0.0,71,12.4,Stara Zagora,False,True,True
2025-04-14,9.4,0.0,78,10.1,Stara Zagora,False,False,False
2025-04-15,8.8,1.1,78,9.9,Stara Zagora,False,False,False
2025-04-16,11.7,0.0,77,13.0,Stara Zagora,False,False,False
2025-04-17,14.1,0.0,67,14.4,Stara Zagora,False,False,False
2025-04-18,13.0,0.0,72,15.7,Stara Zagora,True,False,True
2025-04-19,12.4,0.9,78,11.8,Stara Zagora,True,True,True
2025-04-20,13.6,0.0,77,7.8,Stara Zagora,True,True,True
2025-04-21,15.5,0.4,75,10.8,Stara Zagora,True,False,True
2025-04-22,16.9,0.0,61,14.1,Stara Zagora,False,False,False
2025-04-23,15.3,0.2,66,12.4,Stara Zagora,False,False,False
2025-04-24,15.3,0.0,69,11.7,Stara Zagora,False,False,False
2025-04-25,15.3,0.5,69,10.8,Stara Zagora,False,False,False
2025-04-26,15.7,0.1,66,13.8,Stara Zagora,False,True,True
2025-04-27,13.6,5.4,74,17.5,Stara Zagora,False,True,True
2025-04-28,10.6,0.0,54,17.7,Stara Zagora,False,False,False
2025-04-29,10.3,0.0,52,15.0,Stara Zagora,False,False,False
2025-04-30,12.4,0.0,61,16.4,Stara Zagora,False,False,False
2025-05-01,15.3,1.0,59,20.2,Stara Zagora,True,False,True
2025-05-02,16.8,0.0,56,18.8,Stara Zagora,False,False,False
2025-05-03,16.3,0.0,52,10.0,Stara Zagora,False,True,True
2025-05-04,18.9,0.0,50,10.6,Stara Zagora,False,True,True
2025-05-05,19.6,0.0,59,15.4,Stara Zagora,False,False,False
2025-05-06,19.6,0.6,67,20.4,Stara Zagora,True,False,True
2025-05-07,17.8,10.4,74,12.8,Stara Zagora,False,False,False
2025-05-08,16.2,4.9,76,12.7,Stara Zagora,False,False,False
2025-05-09,16.1,1.1,71,17.7,Stara Zagora,False,False,False
2025-05-10,12.3,17.8,87,13.0,Stara Zagora,False,True,True
2025-05-11,13.0,0.4,76,8.9,Stara Zagora,False,True,True
2025-05-12,14.0,0.3,70,13.4,Stara Zagora,False,False,False
2025-05-13,12.2,0.3,69,10.9,Stara Zagora,False,False,False
2025-05-14,12.4,0.1,68,9.6,Stara Zagora,False,False,False
2025-05-15,13.7,0.0,67,16.2,Stara Zagora,False,False,False
2025-05-16,13.8,14.6,74,19.2,Stara Zagora,False,False,False
2025-05-17,13.3,6.7,74,11.1,Stara Zagora,False,True,True
2025-05-18,13.8,0.4,65,7.7,Stara Zagora,False,True,True
2025-05-19,15.2,0.1,64,15.8,Stara Zagora,False,False,False
2025-05-20,16.3,0.1,63,10.5,Stara Zagora,False,False,False
2025-05-21,16.9,0.0,71,13.9,Stara Zagora,False,False,False
2025-05-22,18.7,0.4,72,11.0,Stara Zagora,False,False,False
2025-05-23,20.1,0.1,66,12.2,Stara Zagora,False,False,False
2025-05-24,18.9,4.7,68,15.9,Stara Zagora,True,True,True
2025-05-25,12.9,38.9,84,16.3,Stara Zagora,False,True,True
2025-05-26,12.5,5.5,77,17.4,Stara Zagora,True,False,True
2025-05-27,15.1,0.0,72,16.4,Stara Zagora,False,False,False
2025-05-28,16.5,0.2,65,13.6,Stara Zagora,False,False,False
2025-05-29,16.6,0.3,68,9.3,Stara Zagora,False,False,False
2025-05-30,16.4,0.2,73,14.7,Stara Zagora,False,False,False
2025-05-31,17.5,1.2,70,9.8,Stara Zagora,False,True,True
2025-06-01,17.8,0.5,69,12.6,Stara Zagora,False,True,True
2025-06-02,19.5,0.2,70,8.5,Stara Zagora,False,False,False
2025-06-03,21.6,0.0,66,6.9,Stara Zagora,False,False,False
2025-06-04,23.7,0.0,62,7.4,Stara Zagora,False,False,False
2025-06-05,25.0,0.0,59,13.5,Stara Zagora,False,False,False
2025-06-06,24.4,0.0,51,11.9,Stara Zagora,False,False,False
2025-06-07,22.9,0.0,61,15.0,Stara Zagora,False,True,True
2025-06-08,22.4,0.0,54,11.5,Stara Zagora,False,True,True
2025-06-09,23.3,0.0,58,19.2,Stara Zagora,False,False,False
2025-06-10,23.5,0.1,51,17.4,Stara Zagora,False,False,False
2025-06-11,22.8,0.0,46,11.9,Stara Zagora,False,False,False
2025-06-12,23.5,0.0,51,16.8,Stara Zagora,False,False,False
2025-06-13,22.2,0.0,52,15.7,Stara Zagora,False,False,False
2025-06-14,20.6,1.6,60,15.4,Stara Zagora,False,True,True
2025-06-15,20.3,0.6,57,16.3,Stara Zagora,False,True,True
2025-06-16,22.1,0.0,51,13.2,Stara Zagora,False,False,False
2025-06-17,24.1,0.0,47,13.4,Stara Zagora,False,False,False
2025-06-18,24.3,0.1,54,14.7,Stara Zagora,False,False,False
2025-06-19,25.6,0.0,57,9.8,Stara Zagora,False,False,False
2025-06-20,25.7,0.2,48,17.1,Stara Zagora,False,False,False
2025-06-21,20.5,0.9,55,16.4,Stara Zagora,False,True,True
2025-06-22,20.9,0.0,52,13.7,Stara Zagora,False,True,True
2025-06-23,23.4,0.0,45,13.4,Stara Zagora,False,False,False
2025-06-24,25.5,0.0,43,10.8,Stara Zagora,False,False,False
2025-06-25,27.6,0.0,37,11.9,Stara Zagora,False,False,False
2025-06-26,28.6,0.0,42,13.0,Stara Zagora,False,False,False
2025-06-27,29.0,0.0,41,12.5,Stara Zagora,False,False,False
2025-06-28,25.2,2.1,61,16.5,Stara Zagora,False,True,True
2025-06-29,22.0,1.1,61,21.3,Stara Zagora,False,True,True
2025-06-30,24.4,0.2,55,14.1,Stara Zagora,False,False,False
2025-07-01,25.3,0.2,50,15.7,Stara Zagora,False,False,False
2025-07-02,23.9,0.0,50,18.5,Stara Zagora,False,False,False
2025-07-03,24.6,0.0,44,15.0,Stara Zagora,False,False,False
2025-07-04,26.0,0.0,41,9.0,Stara Zagora,False,False,False
2025-07-05,27.7,0.0,38,14.7,Stara Zagora,False,True,True
2025-07-06,27.8,0.0,37,11.3,Stara Zagora,False,True,True
2025-07-07,28.6,0.0,39,18.6,Stara Zagora,False,False,False
2025-07-08,28.8,0.0,37,15.1,Stara Zagora,False,False,False
2025-07-09,27.1,0.0,47,28.4,Stara Zagora,False,False,False
2025-07-10,21.6,0.0,45,18.4,Stara Zagora,False,False,False
2025-07-11,23.0,0.0,44,14.2,Stara Zagora,False,False,False
2025-07-12,25.2,0.0,41,14.2,Stara Zagora,False,True,True
2025-07-13,26.5,0.0,37,16.6,Stara Zagora,False,True,True
2025-07-14,27.6,0.0,35,12.2,Stara Zagora,False,False,False
2025-07-15,27.1,0.8,37,15.4,Stara Zagora,False,False,False
2025-07-16,27.0,0.2,46,13.2,Stara Zagora,False,False,False
2025-07-17,26.2,4.2,52,23.4,Stara Zagora,False,False,False
2025-07-18,22.3,0.8,58,16.1,Stara Zagora,False,False,False
2025-07-19,22.8,0.0,55,9.5,Stara Zagora,False,True,True
2025-07-20,24.7,0.1,54,8.7,Stara Zagora,False,True,True
2025-07-21,27.4,0.0,49,12.6,Stara Zagora,False,False,False
2025-07-22,30.2,0.0,40,12.3,Stara Zagora,False,False,False
2025-07-23,29.8,0.0,41,18.4,Stara Zagora,False,False,False
2025-07-24,29.1,0.0,41,16.4,Stara Zagora,False,False,False
2025-07-25,29.4,0.0,38,15.9,Stara Zagora,False,False,False
2025-07-26,30.1,0.0,38,14.4,Stara Zagora,False,True,True
2025-07-27,28.5,0.0,38,22.2,Stara Zagora,False,True,True
2025-07-28,27.4,6.2,50,16.7,Stara Zagora,False,False,False
2025-07-29,25.1,0.6,60,22.6,Stara Zagora,False,False,False
2025-07-30,25.0,0.1,54,16.9,Stara Zagora,False,False,False
2025-07-31,23.0,4.2,70,11.0,Stara Zagora,False,False,False
2025-08-01,22.8,0.5,71,12.9,Stara Zagora,False,False,False
2025-08-02,23.9,0.0,58,15.5,Stara Zagora,False,True,True
2025-08-03,24.8,0.0,47,12.9,Stara Zagora,False,True,True
2025-08-04,26.5,0.0,42,16.3,Stara Zagora,False,False,False
2025-08-05,25.8,0.0,45,20.2,Stara Zagora,False,False,False
2025-08-06,25.2,9.8,56,14.9,Stara Zagora,False,False,False
2025-08-07,25.9,0.9,57,17.4,Stara Zagora,False,False,False
2025-08-08,25.6,0.0,50,15.3,Stara Zagora,False,False,False
2025-08-09,26.0,0.0,49,14.0,Stara Zagora,False,True,True
2025-08-10,26.8,0.0,39,13.8,Stara Zagora,False,True,True
2025-08-11,28.2,0.0,37,19.9,Stara Zagora,False,False,False
2025-08-12,26.5,0.0,46,16.0,Stara Zagora,False,False,False
2025-08-13,24.6,0.0,50,15.8,Stara Zagora,False,False,False
2025-08-14,23.6,0.0,51,19.2,Stara Zagora,False,False,False
2025-08-15,24.9,0.0,40,17.3,Stara Zagora,False,False,False
2025-08-16,24.9,0.0,42,16.0,Stara Zagora,False,True,True
2025-08-17,23.8,0.0,48,13.7,Stara Zagora,False,True,True
2025-08-18,24.3,5.3,54,21.6,Stara Zagora,False,False,False
2025-08-19,19.9,3.0,81,11.2,Stara Zagora,False,False,False
2025-08-20,21.1,0.1,70,8.1,Stara Zagora,False,False,False
2025-08-21,23.5,0.0,61,7.3,Stara Zagora,False,False,False
2025-08-22,24.8,1.6,60,15.0,Stara Zagora,False,False,False
2025-08-23,23.1,0.0,48,14.7,Stara Zagora,False,True,True
2025-08-24,21.5,0.0,36,20.2,Stara Zagora,False,True,True
2025-08-25,20.1,1.1,49,15.8,Stara Zagora,False,False,False
2025-08-26,20.4,0.0,49,12.9,Stara Zagora,False,False,False
2025-08-27,21.3,0.0,47,12.9,Stara Zagora,False,False,False
2025-08-28,21.2,0.0,57,14.1,Stara Zagora,False,False,False
2025-08-29,22.2,0.0,54,11.3,Stara Zagora,False,False,False
2025-08-30,24.5,0.0,50,10.5,Stara Zagora,False,True,True
2025-08-31,22.5,4.8,63,12.3,Stara Zagora,False,True,True
2025-09-01,21.2,0.0,60,13.4,Stara Zagora,False,False,False
2025-09-02,23.8,0.0,57,12.6,Stara Zagora,False,False,False
2025-09-03,24.9,0.0,54,17.3,Stara Zagora,False,False,False
2025-09-04,24.4,0.0,50,19.7,Stara Zagora,False,False,False
2025-09-05,23.5,0.0,52,12.5,Stara Zagora,False,False,False
2025-09-06,22.5,0.0,45,16.7,Stara Zagora,True,True,True
2025-09-07,22.0,0.0,44,14.7,Stara Zagora,False,True,True
2025-09-08,22.0,0.0,51,11.5,Stara Zagora,True,False,True
2025-09-09,22.0,0.0,50,14.5,Stara Zagora,False,False,False
2025-09-10,23.4,0.0,47,20.8,Stara Zagora,False,False,False
2025-09-11,22.8,0.0,67,16.3,Stara Zagora,False,False,False
2025-09-12,21.5,7.0,75,13.8,Stara Zagora,False,False,False
2025-09-13,21.2,0.1,70,14.7,Stara Zagora,False,True,True
2025-09-14,20.1,0.0,61,13.6,Stara Zagora,False,True,True
2025-09-15,20.3,0.0,60,15.3,Stara Zagora,False,False,False
2025-09-16,21.0,0.0,52,12.4,Stara Zagora,False,False,False
2025-09-17,18.6,2.6,62,19.0,Stara Zagora,False,False,False
2025-09-18,17.4,0.0,47,18.7,Stara Zagora,False,False,False
2025-09-19,17.5,0.0,47,13.3,Stara Zagora,False,False,False
2025-09-20,19.3,0.0,53,16.3,Stara Zagora,False,True,True
2025-09-21,19.7,0.0,60,13.0,Stara Zagora,False,True,True
2025-09-22,18.9,0.0,64,12.1,Stara Zagora,True,False,True
2025-09-23,19.1,0.0,65,12.0,Stara Zagora,False,False,False
2025-09-24,19.7,0.0,66,14.0,Stara Zagora,False,False,False
2025-09-25,18.5,0.0,66,16.5,Stara Zagora,False,False,False
2025-09-26,16.5,0.0,56,18.0,Stara Zagora,False,False,False
2025-09-27,15.2,0.0,52,13.2,Stara Zagora,False,True,True
2025-09-28,14.8,0.1,55,12.3,Stara Zagora,False,True,True
2025-09-29,13.7,5.3,80,7.7,Stara Zagora,False,False,False
2025-09-30,13.7,0.5,65,12.9,Stara Zagora,False,False,False
2025-10-01,13.2,0.0,59,13.8,Stara Zagora,False,False,False
2025-10-02,11.7,20.3,82,23.5,Stara Zagora,False,False,False
2025-10-03,9.8,39.8,89,24.5,Stara Zagora,False,False,False
2025-10-04,9.7,2.9,77,9.7,Stara Zagora,False,True,True
2025-10-05,11.0,0.0,71,9.4,Stara Zagora,False,True,True
2025-10-06,11.6,9.9,85,12.2,Stara Zagora,False,False,False
2025-10-07,9.5,31.6,91,22.1,Stara Zagora,False,False,False
2025-10-08,11.3,3.1,78,18.1,Stara Zagora,False,False,False
2025-10-09,13.6,0.6,66,17.9,Stara Zagora,False,False,False
2025-10-10,12.4,0.0,74,9.3,Stara Zagora,False,False,False
2025-10-11,12.2,0.3,74,20.2,Stara Zagora,False,True,True
2025-10-12,13.2,0.0,72,11.1,Stara Zagora,False,True,True
2025-10-13,13.2,0.0,75,5.6,Stara Zagora,False,False,False
2025-10-14,13.3,0.0,71,8.0,Stara Zagora,False,False,False
2025-10-15,12.9,0.0,75,8.9,Stara Zagora,False,False,False
2025-10-16,11.9,0.2,80,10.5,Stara Zagora,False,False,False
2025-10-17,12.0,0.8,82,10.5,Stara Zagora,False,False,False
2025-10-18,13.6,0.8,85,9.1,Stara Zagora,False,True,True
2025-10-19,12.5,0.3,59,15.8,Stara Zagora,False,True,True
2025-10-20,8.6,0.0,71,7.2,Stara Zagora,False,False,False
2025-10-21,11.4,0.0,72,9.0,Stara Zagora,False,False,False
2025-10-22,12.4,0.0,77,6.1,Stara Zagora,False,False,False
2025-10-23,13.9,0.0,82,8.2,Stara Zagora,False,False,False
2025-10-24,14.5,1.6,88,9.4,Stara Zagora,False,False,False
2025-10-25,11.9,0.0,75,9.9,Stara Zagora,False,True,True
2025-10-26,11.8,0.6,82,5.9,Stara Zagora,False,True,True
2025-10-27,11.1,12.1,93,6.8,Stara Zagora,False,False,False
2025-10-28,9.8,0.0,75,14.3,Stara Zagora,False,False,False
2025-10-29,8.8,0.0,70,9.7,Stara Zagora,False,False,False
2025-10-30,9.6,0.0,72,5.3,Stara Zagora,False,False,False
2025-10-31,10.6,0.0,80,7.7,Stara Zagora,False,False,False
2025-11-01,11.9,0.0,80,6.6,Stara Zagora,False,True,True
2025-11-02,12.2,0.0,81,8.4,Stara Zagora,False,True,True
2025-11-03,10.8,0.0,88,6.5,Stara Zagora,False,False,False
2025-11-04,11.2,6.0,85,11.5,Stara Zagora,False,False,False
2025-11-05,11.2,0.5,79,8.8,Stara Zagora,False,False,False
2025-11-06,9.9,0.1,82,7.0,Stara Zagora,False,False,False
2025-11-07,11.2,5.5,91,14.5,Stara Zagora,False,False,False
2025-11-08,12.6,18.5,94,11.3,Stara Zagora,False,True,True
2025-11-09,13.5,0.2,94,8.3,Stara Zagora,False,True,True
2025-11-10,14.7,7.8,92,16.9,Stara Zagora,False,False,False
2025-11-11,13.1,5.6,80,13.4,Stara Zagora,False,False,False
2025-11-12,10.4,0.0,76,7.0,Stara Zagora,False,False,False
2025-11-13,7.6,0.0,84,7.3,Stara Zagora,False,False,False
2025-11-14,7.0,0.0,88,6.5,Stara Zagora,False,False,False
2025-11-15,7.2,0.0,91,6.0,Stara Zagora,False,True,True
2025-11-16,7.8,0.0,86,7.0,Stara Zagora,False,True,True
2025-11-17,9.3,0.0,88,6.5,Stara Zagora,False,False,False
2025-11-18,13.6,0.0,83,14.9,Stara Zagora,False,False,False
2025-11-19,14.2,12.3,93,16.9,Stara Zagora,False,False,False
2025-11-20,14.3,2.2,88,17.0,Stara Zagora,False,False,False
2025-11-21,14.9,0.5,85,25.7,Stara Zagora,False,False,False
2025-11-22,15.3,0.5,88,20.3,Stara Zagora,False,True,True
2025-11-23,11.4,5.1,89,15.9,Stara Zagora,False,True,True
2025-11-24,6.2,0.0,86,8.0,Stara Zagora,False,False,False
2025-11-25,6.7,0.0,84,9.2,Stara Zagora,False,False,False
2025-11-26,10.8,0.0,89,15.4,Stara Zagora,False,False,False
2025-11-27,11.5,8.3,96,15.2,Stara Zagora,False,False,False
2025-11-28,10.8,18.5,94,13.2,Stara Zagora,False,False,False
2025-11-29,9.5,17.6,95,14.7,Stara Zagora,False,True,True
2025-11-30,7.7,0.2,83,10.0,Stara Zagora,False,True,True
2025-12-01,7.2,0.6,85,7.6,Stara Zagora,False,False,False
2025-12-02,6.1,0.0,87,7.1,Stara Zagora,False,False,False
2025-12-03,7.9,0.0,90,5.5,Stara Zagora,False,False,False
2025-12-04,8.2,0.0,94,13.7,Stara Zagora,False,False,False
2025-12-05,11.0,1.1,88,22.7,Stara Zagora,False,False,False
2025-12-06,9.1,8.5,83,19.7,Stara Zagora,False,True,True
2025-12-07,6.9,0.4,76,12.1,Stara Zagora,False,True,True
2025-12-08,7.8,1.9,78,9.6,Stara Zagora,False,False,False
2025-12-09,7.4,0.0,83,7.2,Stara Zagora,False,False,False
2025-12-10,5.1,0.0,91,7.7,Stara Zagora,False,False,False
2025-12-11,5.0,0.0,90,4.1,Stara Zagora,False,False,False
2025-12-12,6.4,0.0,86,8.6,Stara Zagora,False,False,False
2025-12-13,5.5,0.0,86,8.7,Stara Zagora,False,True,True
2025-12-14,6.4,0.0,79,9.7,Stara Zagora,False,True,True
2025-12-15,3.6,0.0,82,7.7,Stara Zagora,False,False,False
2025-12-16,1.7,0.0,88,8.6,Stara Zagora,False,False,False
2025-12-17,0.6,0.0,91,5.2,Stara Zagora,False,False,False
2025-12-18,1.1,0.0,83,4.6,Stara Zagora,False,False,False
2025-12-19,2.2,0.0,90,6.6,Stara Zagora,False,False,False
2025-12-20,3.8,0.0,95,6.9,Stara Zagora,False,True,True
2025-12-21,6.0,0.2,92,7.1,Stara Zagora,False,True,True
2025-12-22,6.0,1.4,95,10.0,Stara Zagora,False,False,False
2025-12-23,5.0,0.0,94,9.4,Stara Zagora,False,False,False
2025-12-24,5.1,8.7,98,16.6,Stara Zagora,True,False,True
2025-12-25,5.4,33.5,95,21.9,Stara Zagora,True,False,True
2025-12-26,2.3,1.5,88,6.8,Stara Zagora,True,False,True
2025-12-27,2.6,0.0,73,17.8,Stara Zagora,False,True,True
2025-12-28,0.5,0.6,76,33.5,Stara Zagora,False,True,True
2025-12-29,1.4,0.0,64,27.3,Stara Zagora,False,False,False
2025-12-30,1.2,0.0,60,24.7,Stara Zagora,False,False,False
2025-12-31,-1.6,0.0,52,22.3,Stara Zagora,True,False,True
2025-01-01,3.4,0.0,73,3.8,Targovishte,True,False,True
2025-01-02,2.2,0.0,80,5.0,Targovishte,False,False,False
2025-01-03,2.9,0.0,80,7.5,Targovishte,False,False,False
2025-01-04,2.0,1.7,78,25.2,Targovishte,False,True,True
2025-01-05,-0.0,0.0,79,7.0,Targovishte,False,True,True
2025-01-06,2.5,0.0,82,6.8,Targovishte,False,False,False
2025-01-07,5.1,0.0,85,6.7,Targovishte,False,False,False
2025-01-08,6.9,0.0,87,7.2,Targovishte,False,False,False
2025-01-09,7.4,0.0,86,9.1,Targovishte,False,False,False
2025-01-10,7.2,0.0,90,24.4,Targovishte,False,False,False
2025-01-11,1.3,8.1,85,24.2,Targovishte,False,True,True
2025-01-12,-0.6,1.8,87,13.5,Targovishte,False,True,True
2025-01-13,-0.6,0.2,80,9.8,Targovishte,False,False,False
2025-01-14,-1.2,0.0,78,11.2,Targovishte,False,False,False
2025-01-15,-1.3,0.6,83,8.4,Targovishte,False,False,False
2025-01-16,-1.7,0.0,84,8.7,Targovishte,False,False,False
2025-01-17,-0.6,0.0,79,14.3,Targovishte,False,False,False
2025-01-18,1.8,0.0,70,14.7,Targovishte,False,True,True
2025-01-19,2.2,0.0,67,11.0,Targovishte,False,True,True
2025-01-20,1.9,0.0,70,5.4,Targovishte,False,False,False
2025-01-21,1.5,0.0,87,18.7,Targovishte,False,False,False
2025-01-22,2.1,0.0,86,14.3,Targovishte,False,False,False
2025-01-23,4.9,0.0,76,8.1,Targovishte,False,False,False
2025-01-24,6.5,2.7,81,10.9,Targovishte,False,False,False
2025-01-25,5.7,0.1,85,19.9,Targovishte,False,True,True
2025-01-26,5.5,0.0,88,11.9,Targovishte,False,True,True
2025-01-27,5.9,0.0,84,5.5,Targovishte,False,False,False
2025-01-28,5.8,0.0,88,7.9,Targovishte,False,False,False
2025-01-29,8.0,0.0,81,7.2,Targovishte,False,False,False
2025-01-30,10.2,0.0,85,15.3,Targovishte,False,False,False
2025-01-31,7.6,0.0,91,11.1,Targovishte,False,False,False
2025-02-01,7.5,0.0,83,16.1,Targovishte,False,True,True
2025-02-02,6.9,0.0,88,16.5,Targovishte,False,True,True
2025-02-03,4.0,1.5,92,15.3,Targovishte,False,False,False
2025-02-04,-0.0,0.0,75,10.0,Targovishte,False,False,False
2025-02-05,1.3,0.5,68,21.3,Targovishte,False,False,False
2025-02-06,-0.4,0.1,66,16.3,Targovishte,False,False,False
2025-02-07,-0.9,0.0,63,17.3,Targovishte,False,False,False
2025-02-08,-2.3,0.0,74,13.7,Targovishte,False,True,True
2025-02-09,-3.0,0.0,69,15.0,Targovishte,False,True,True
2025-02-10,-3.4,0.0,65,9.9,Targovishte,False,False,False
2025-02-11,-4.3,0.0,75,10.5,Targovishte,False,False,False
2025-02-12,-1.9,0.0,73,9.0,Targovishte,False,False,False
2025-02-13,0.4,0.0,70,9.3,Targovishte,False,False,False
2025-02-14,4.3,0.1,78,8.2,Targovishte,False,False,False
2025-02-15,3.3,0.0,79,11.8,Targovishte,False,True,True
2025-02-16,0.2,2.5,87,6.9,Targovishte,False,True,True
2025-02-17,-0.6,14.4,94,9.8,Targovishte,False,False,False
2025-02-18,-1.7,18.7,93,9.9,Targovishte,False,False,False
2025-02-19,-4.7,5.9,89,13.9,Targovishte,False,False,False
2025-02-20,-8.8,0.0,87,8.1,Targovishte,False,False,False
2025-02-21,-9.3,0.0,85,11.9,Targovishte,False,False,False
2025-02-22,-11.8,0.0,82,5.5,Targovishte,False,True,True
2025-02-23,-9.8,0.0,85,9.5,Targovishte,False,True,True
2025-02-24,-7.2,0.0,83,3.9,Targovishte,False,False,False
2025-02-25,-2.5,0.0,78,3.4,Targovishte,False,False,False
2025-02-26,-1.4,0.0,82,5.0,Targovishte,False,False,False
2025-02-27,1.8,0.0,94,8.5,Targovishte,False,False,False
2025-02-28,3.7,0.0,98,10.7,Targovishte,False,False,False
2025-03-01,4.9,0.8,94,12.2,Targovishte,False,True,True
2025-03-02,3.6,5.0,97,11.4,Targovishte,False,True,True
2025-03-03,3.4,2.5,76,13.5,Targovishte,True,False,True
2025-03-04,3.4,0.0,72,8.1,Targovishte,False,False,False
2025-03-05,5.7,0.0,68,8.4,Targovishte,False,False,False
2025-03-06,7.4,0.0,62,5.4,Targovishte,False,False,False
2025-03-07,7.3,0.0,61,11.7,Targovishte,False,False,False
2025-03-08,6.5,0.0,60,10.0,Targovishte,False,True,True
2025-03-09,8.0,0.0,54,5.6,Targovishte,False,True,True
2025-03-10,8.1,0.0,67,6.7,Targovishte,False,False,False
2025-03-11,11.2,0.0,69,19.6,Targovishte,False,False,False
2025-03-12,15.5,0.0,73,15.0,Targovishte,False,False,False
2025-03-13,16.7,4.3,66,28.7,Targovishte,False,False,False
2025-03-14,15.7,0.3,70,19.6,Targovishte,False,False,False
2025-03-15,19.0,0.0,53,25.2,Targovishte,False,True,True
2025-03-16,16.7,0.2,61,23.7,Targovishte,False,True,True
2025-03-17,10.7,4.0,80,19.4,Targovishte,False,False,False
2025-03-18,1.6,2.7,63,21.0,Targovishte,False,False,False
2025-03-19,0.8,0.0,67,18.4,Targovishte,False,False,False
2025-03-20,3.9,0.0,61,14.1,Targovishte,False,False,False
2025-03-21,5.2,0.0,61,4.7,Targovishte,False,False,False
2025-03-22,5.5,0.0,71,14.2,Targovishte,False,True,True
2025-03-23,8.7,0.0,76,17.6,Targovishte,False,True,True
2025-03-24,12.6,0.1,79,14.1,Targovishte,False,False,False
2025-03-25,16.7,0.0,70,5.4,Targovishte,False,False,False
2025-03-26,14.3,6.8,90,14.2,Targovishte,False,False,False
2025-03-27,11.8,0.6,89,16.9,Targovishte,False,False,False
2025-03-28,11.9,5.7,81,27.4,Targovishte,False,False,False
2025-03-29,11.7,0.6,84,10.7,Targovishte,False,True,True
2025-03-30,11.5,0.8,85,6.9,Targovishte,False,True,True
2025-03-31,11.5,2.9,86,9.8,Targovishte,False,False,False
2025-04-01,10.1,4.2,91,21.1,Targovishte,False,False,False
2025-04-02,10.3,8.8,88,14.6,Targovishte,False,False,False
2025-04-03,11.0,1.4,82,17.0,Targovishte,False,False,False
2025-04-04,9.4,2.1,90,15.2,Targovishte,False,False,False
2025-04-05,12.2,1.9,76,17.2,Targovishte,False,True,True
2025-04-06,7.8,2.9,68,34.0,Targovishte,False,True,True
2025-04-07,1.7,6.5,81,10.3,Targovishte,False,False,False
2025-04-08,2.3,0.0,66,12.1,Targovishte,False,False,False
2025-04-09,3.9,0.2,62,17.7,Targovishte,False,False,False
2025-04-10,5.2,2.7,69,31.7,Targovishte,False,False,False
2025-04-11,3.0,0.2,66,25.0,Targovishte,False,False,False
2025-04-12,5.3,0.0,77,21.1,Targovishte,False,True,True
2025-04-13,8.6,0.0,71,9.3,Targovishte,False,True,True
2025-04-14,8.3,0.0,76,19.2,Targovishte,False,False,False
2025-04-15,9.5,0.0,67,19.9,Targovishte,False,False,False
2025-04-16,12.3,0.0,70,17.7,Targovishte,False,False,False
2025-04-17,13.1,0.0,70,20.3,Targovishte,False,False,False
2025-04-18,11.9,0.0,81,18.9,Targovishte,True,False,True
2025-04-19,10.6,0.0,87,13.7,Targovishte,True,True,True
2025-04-20,13.0,0.0,79,8.6,Targovishte,True,True,True
2025-04-21,15.2,0.0,77,10.3,Targovishte,True,False,True
2025-04-22,15.3,0.0,75,13.6,Targovishte,False,False,False
2025-04-23,14.4,0.2,77,14.7,Targovishte,False,False,False
2025-04-24,14.2,0.0,77,12.3,Targovishte,False,False,False
2025-04-25,14.5,2.0,79,11.5,Targovishte,False,False,False
2025-04-26,14.1,6.8,83,10.1,Targovishte,False,True,True
2025-04-27,12.8,0.0,71,16.9,Targovishte,False,True,True
2025-04-28,9.6,0.0,64,15.1,Targovishte,False,False,False
2025-04-29,9.0,0.0,67,9.6,Targovishte,False,False,False
2025-04-30,11.5,0.0,69,9.1,Targovishte,False,False,False
2025-05-01,13.7,2.9,72,17.7,Targovishte,True,False,True
2025-05-02,14.6,0.4,66,12.2,Targovishte,False,False,False
2025-05-03,14.7,0.0,69,7.7,Targovishte,False,True,True
2025-05-04,16.6,0.0,73,9.8,Targovishte,False,True,True
2025-05-05,17.4,3.0,81,10.4,Targovishte,False,False,False
2025-05-06,18.0,1.6,86,9.3,Targovishte,True,False,True
2025-05-07,17.2,6.5,83,16.0,Targovishte,False,False,False
2025-05-08,15.6,0.1,83,15.7,Targovishte,False,False,False
2025-05-09,14.9,1.1,75,23.5,Targovishte,False,False,False
2025-05-10,11.6,10.2,88,14.0,Targovishte,False,True,True
2025-05-11,12.8,0.0,75,7.4,Targovishte,False,True,True
2025-05-12,11.3,1.5,82,10.7,Targovishte,False,False,False
2025-05-13,11.2,0.7,77,9.3,Targovishte,False,False,False
2025-05-14,11.4,1.3,76,7.7,Targovishte,False,False,False
2025-05-15,14.2,0.0,67,14.7,Targovishte,False,False,False
2025-05-16,14.0,6.9,75,14.3,Targovishte,False,False,False
2025-05-17,12.5,5.1,75,28.3,Targovishte,False,True,True
2025-05-18,13.1,0.0,66,22.7,Targovishte,False,True,True
2025-05-19,15.2,0.5,64,18.4,Targovishte,False,False,False
2025-05-20,15.4,0.0,66,20.7,Targovishte,False,False,False
2025-05-21,17.0,0.0,73,11.6,Targovishte,False,False,False
2025-05-22,18.1,1.3,79,10.0,Targovishte,False,False,False
2025-05-23,19.5,0.0,78,11.1,Targovishte,False,False,False
2025-05-24,17.0,0.0,81,19.6,Targovishte,True,True,True
2025-05-25,13.0,6.1,84,15.9,Targovishte,False,True,True
2025-05-26,11.5,15.9,91,18.3,Targovishte,True,False,True
2025-05-27,14.4,1.1,81,22.9,Targovishte,False,False,False
2025-05-28,15.7,4.4,82,20.2,Targovishte,False,False,False
2025-05-29,16.1,1.5,81,16.2,Targovishte,False,False,False
2025-05-30,16.1,3.1,83,18.7,Targovishte,False,False,False
2025-05-31,16.7,0.2,78,13.9,Targovishte,False,True,True
2025-06-01,17.8,0.9,76,13.5,Targovishte,False,True,True
2025-06-02,19.8,0.8,75,7.5,Targovishte,False,False,False
2025-06-03,21.9,0.0,69,6.9,Targovishte,False,False,False
2025-06-04,23.4,0.1,69,9.9,Targovishte,False,False,False
2025-06-05,23.7,0.7,72,12.6,Targovishte,False,False,False
2025-06-06,22.8,0.0,69,12.6,Targovishte,False,False,False
2025-06-07,21.3,0.0,71,14.8,Targovishte,False,True,True
2025-06-08,19.8,0.0,69,14.3,Targovishte,False,True,True
2025-06-09,21.6,0.1,71,21.0,Targovishte,False,False,False
2025-06-10,22.4,0.0,65,15.9,Targovishte,False,False,False
2025-06-11,21.9,0.0,57,8.1,Targovishte,False,False,False
2025-06-12,21.9,0.0,65,13.5,Targovishte,False,False,False
2025-06-13,21.0,0.3,66,13.9,Targovishte,False,False,False
2025-06-14,19.6,0.0,64,12.3,Targovishte,False,True,True
2025-06-15,18.6,0.0,63,15.8,Targovishte,False,True,True
2025-06-16,20.7,0.0,60,14.1,Targovishte,False,False,False
2025-06-17,22.5,0.0,60,10.7,Targovishte,False,False,False
2025-06-18,23.0,0.4,67,9.1,Targovishte,False,False,False
2025-06-19,24.3,0.0,69,12.6,Targovishte,False,False,False
2025-06-20,23.4,0.3,60,17.1,Targovishte,False,False,False
2025-06-21,20.2,0.3,58,14.9,Targovishte,False,True,True
2025-06-22,20.4,0.0,50,15.9,Targovishte,False,True,True
2025-06-23,22.7,0.0,49,11.4,Targovishte,False,False,False
2025-06-24,24.6,0.0,47,15.6,Targovishte,False,False,False
2025-06-25,26.0,0.0,46,11.5,Targovishte,False,False,False
2025-06-26,27.6,0.0,49,10.1,Targovishte,False,False,False
2025-06-27,27.6,0.0,55,13.5,Targovishte,False,False,False
2025-06-28,23.6,1.6,70,15.2,Targovishte,False,True,True
2025-06-29,21.6,0.2,57,23.1,Targovishte,False,True,True
2025-06-30,24.3,0.0,57,16.7,Targovishte,False,False,False
2025-07-01,24.8,0.0,43,17.6,Targovishte,False,False,False
2025-07-02,22.7,0.0,53,15.7,Targovishte,False,False,False
2025-07-03,24.2,0.0,45,13.2,Targovishte,False,False,False
2025-07-04,25.9,0.0,46,12.3,Targovishte,False,False,False
2025-07-05,27.1,0.0,45,13.9,Targovishte,False,True,True
2025-07-06,27.5,0.0,43,17.4,Targovishte,False,True,True
2025-07-07,27.5,0.0,42,20.8,Targovishte,False,False,False
2025-07-08,27.3,0.0,50,22.5,Targovishte,False,False,False
2025-07-09,25.7,0.8,57,33.4,Targovishte,False,False,False
2025-07-10,21.0,0.0,51,29.9,Targovishte,False,False,False
2025-07-11,22.3,0.0,51,12.5,Targovishte,False,False,False
2025-07-12,23.7,0.0,51,9.6,Targovishte,False,True,True
2025-07-13,25.6,0.0,45,13.0,Targovishte,False,True,True
2025-07-14,26.4,0.0,46,14.0,Targovishte,False,False,False
2025-07-15,26.8,0.1,42,16.3,Targovishte,False,False,False
2025-07-16,26.2,0.1,54,13.7,Targovishte,False,False,False
2025-07-17,25.3,8.6,55,16.9,Targovishte,False,False,False
2025-07-18,20.7,2.1,66,23.2,Targovishte,False,False,False
2025-07-19,21.9,0.0,58,16.1,Targovishte,False,True,True
2025-07-20,24.4,0.0,53,12.6,Targovishte,False,True,True
2025-07-21,26.8,0.0,54,9.8,Targovishte,False,False,False
2025-07-22,29.1,0.0,50,18.5,Targovishte,False,False,False
2025-07-23,28.4,0.2,53,17.4,Targovishte,False,False,False
2025-07-24,26.8,6.5,60,16.9,Targovishte,False,False,False
2025-07-25,27.9,0.0,54,16.6,Targovishte,False,False,False
2025-07-26,28.9,0.0,48,15.8,Targovishte,False,True,True
2025-07-27,26.7,0.0,49,26.4,Targovishte,False,True,True
2025-07-28,26.9,0.0,58,20.4,Targovishte,False,False,False
2025-07-29,23.7,9.3,70,19.1,Targovishte,False,False,False
2025-07-30,22.7,0.2,73,20.5,Targovishte,False,False,False
2025-07-31,22.3,2.3,77,17.2,Targovishte,False,False,False
2025-08-01,22.1,4.3,76,13.5,Targovishte,False,False,False
2025-08-02,23.8,0.0,58,18.2,Targovishte,False,True,True
2025-08-03,24.3,0.0,55,12.7,Targovishte,False,True,True
2025-08-04,25.2,0.0,55,13.8,Targovishte,False,False,False
2025-08-05,25.1,0.1,54,16.0,Targovishte,False,False,False
2025-08-06,25.6,0.4,58,9.4,Targovishte,False,False,False
2025-08-07,25.7,0.1,55,16.5,Targovishte,False,False,False
2025-08-08,25.0,0.0,46,13.8,Targovishte,False,False,False
2025-08-09,25.3,0.0,50,11.9,Targovishte,False,True,True
2025-08-10,26.2,0.0,48,15.9,Targovishte,False,True,True
2025-08-11,27.0,0.0,49,19.8,Targovishte,False,False,False
2025-08-12,25.3,0.0,55,15.9,Targovishte,False,False,False
2025-08-13,23.7,0.0,57,18.8,Targovishte,False,False,False
2025-08-14,23.6,0.0,55,18.4,Targovishte,False,False,False
2025-08-15,25.0,0.0,48,18.5,Targovishte,False,False,False
2025-08-16,24.3,0.0,53,20.0,Targovishte,False,True,True
2025-08-17,22.7,0.0,57,12.2,Targovishte,False,True,True
2025-08-18,23.6,0.1,59,13.1,Targovishte,False,False,False
2025-08-19,19.5,7.8,81,7.1,Targovishte,False,False,False
2025-08-20,21.0,0.0,72,4.3,Targovishte,False,False,False
2025-08-21,23.2,0.0,64,12.8,Targovishte,False,False,False
2025-08-22,24.0,2.4,63,14.5,Targovishte,False,False,False
2025-08-23,21.5,0.0,57,23.4,Targovishte,False,True,True
2025-08-24,20.0,0.0,48,21.9,Targovishte,False,True,True
2025-08-25,16.8,5.4,73,10.6,Targovishte,False,False,False
2025-08-26,18.5,0.0,64,7.7,Targovishte,False,False,False
2025-08-27,19.7,0.0,60,11.9,Targovishte,False,False,False
2025-08-28,19.8,0.0,68,13.5,Targovishte,False,False,False
2025-08-29,21.1,0.0,64,12.2,Targovishte,False,False,False
2025-08-30,23.4,0.0,62,16.7,Targovishte,False,True,True
2025-08-31,20.8,1.4,74,17.2,Targovishte,False,True,True
2025-09-01,21.0,0.1,66,25.2,Targovishte,False,False,False
2025-09-02,23.4,0.0,62,13.2,Targovishte,False,False,False
2025-09-03,25.5,0.0,54,18.5,Targovishte,False,False,False
2025-09-04,23.2,0.0,65,16.4,Targovishte,False,False,False
2025-09-05,22.2,0.0,62,15.1,Targovishte,False,False,False
2025-09-06,21.0,0.0,62,12.2,Targovishte,True,True,True
2025-09-07,21.1,0.0,61,12.9,Targovishte,False,True,True
2025-09-08,20.8,0.0,56,11.0,Targovishte,True,False,True
2025-09-09,21.5,0.0,51,9.2,Targovishte,False,False,False
2025-09-10,21.8,0.0,61,22.6,Targovishte,False,False,False
2025-09-11,22.3,0.0,69,18.9,Targovishte,False,False,False
2025-09-12,20.6,37.1,87,15.5,Targovishte,False,False,False
2025-09-13,20.7,0.0,76,15.1,Targovishte,False,True,True
2025-09-14,18.2,0.0,72,15.3,Targovishte,False,True,True
2025-09-15,18.8,0.0,70,14.2,Targovishte,False,False,False
2025-09-16,19.8,0.0,64,7.6,Targovishte,False,False,False
2025-09-17,16.3,5.1,85,26.4,Targovishte,False,False,False
2025-09-18,16.2,0.0,58,19.3,Targovishte,False,False,False
2025-09-19,15.6,0.0,58,12.9,Targovishte,False,False,False
2025-09-20,18.3,0.0,65,14.9,Targovishte,False,True,True
2025-09-21,19.3,0.0,67,13.7,Targovishte,False,True,True
2025-09-22,17.4,0.0,74,16.2,Targovishte,True,False,True
2025-09-23,17.3,0.0,75,10.7,Targovishte,False,False,False
2025-09-24,17.3,0.0,78,11.3,Targovishte,False,False,False
2025-09-25,16.7,0.0,72,14.9,Targovishte,False,False,False
2025-09-26,15.6,0.0,51,19.2,Targovishte,False,False,False
2025-09-27,13.9,0.0,61,15.5,Targovishte,False,True,True
2025-09-28,13.6,0.0,65,9.4,Targovishte,False,True,True
2025-09-29,13.8,7.4,78,13.9,Targovishte,False,False,False
2025-09-30,13.1,0.2,68,18.8,Targovishte,False,False,False
2025-10-01,12.9,0.0,59,14.0,Targovishte,False,False,False
2025-10-02,10.5,4.1,73,23.6,Targovishte,False,False,False
2025-10-03,9.0,39.1,94,33.8,Targovishte,False,False,False
2025-10-04,8.6,2.9,84,16.1,Targovishte,False,True,True
2025-10-05,11.3,0.1,69,12.6,Targovishte,False,True,True
2025-10-06,11.0,6.1,87,14.9,Targovishte,False,False,False
2025-10-07,10.9,63.1,97,19.5,Targovishte,False,False,False
2025-10-08,10.9,24.0,96,22.1,Targovishte,False,False,False
2025-10-09,11.8,6.3,86,21.5,Targovishte,False,False,False
2025-10-10,13.4,0.0,72,18.7,Targovishte,False,False,False
2025-10-11,12.5,3.3,78,19.5,Targovishte,False,True,True
2025-10-12,12.3,0.0,78,14.6,Targovishte,False,True,True
2025-10-13,13.4,0.0,75,20.7,Targovishte,False,False,False
2025-10-14,11.9,0.0,80,17.0,Targovishte,False,False,False
2025-10-15,10.8,0.4,84,8.8,Targovishte,False,False,False
2025-10-16,11.6,0.4,85,10.9,Targovishte,False,False,False
2025-10-17,11.8,0.2,81,13.2,Targovishte,False,False,False
2025-10-18,12.6,1.9,92,14.1,Targovishte,False,True,True
2025-10-19,11.4,0.1,73,20.6,Targovishte,False,True,True
2025-10-20,8.6,0.0,70,4.3,Targovishte,False,False,False
2025-10-21,9.9,0.0,78,15.9,Targovishte,False,False,False
2025-10-22,11.9,0.0,83,7.3,Targovishte,False,False,False
2025-10-23,14.0,0.0,83,6.5,Targovishte,False,False,False
2025-10-24,14.5,1.7,83,20.5,Targovishte,False,False,False
2025-10-25,11.9,0.0,68,15.4,Targovishte,False,True,True
2025-10-26,11.8,1.3,86,6.4,Targovishte,False,True,True
2025-10-27,11.2,11.1,91,17.7,Targovishte,False,False,False
2025-10-28,10.3,1.6,73,24.4,Targovishte,False,False,False
2025-10-29,10.9,0.0,62,14.2,Targovishte,False,False,False
2025-10-30,10.4,0.0,74,11.0,Targovishte,False,False,False
2025-10-31,12.4,0.0,70,11.6,Targovishte,False,False,False
2025-11-01,12.7,0.0,78,8.2,Targovishte,False,True,True
2025-11-02,12.3,0.0,82,16.2,Targovishte,False,True,True
2025-11-03,11.6,0.0,87,8.2,Targovishte,False,False,False
2025-11-04,11.7,1.5,82,19.6,Targovishte,False,False,False
2025-11-05,10.1,3.7,86,8.3,Targovishte,False,False,False
2025-11-06,8.9,12.8,92,8.6,Targovishte,False,False,False
2025-11-07,10.4,5.8,94,11.7,Targovishte,False,False,False
2025-11-08,12.5,2.8,95,17.9,Targovishte,False,True,True
2025-11-09,13.5,0.1,93,13.7,Targovishte,False,True,True
2025-11-10,13.7,7.5,94,14.8,Targovishte,False,False,False
2025-11-11,12.1,4.1,96,15.4,Targovishte,False,False,False
2025-11-12,9.9,0.0,79,14.1,Targovishte,False,False,False
2025-11-13,6.8,0.0,86,13.6,Targovishte,False,False,False
2025-11-14,7.5,0.0,89,5.7,Targovishte,False,False,False
2025-11-15,7.9,0.0,92,5.6,Targovishte,False,True,True
2025-11-16,8.4,0.0,87,3.5,Targovishte,False,True,True
2025-11-17,10.9,0.0,82,22.0,Targovishte,False,False,False
2025-11-18,15.8,1.1,71,19.7,Targovishte,False,False,False
2025-11-19,9.6,9.3,92,16.8,Targovishte,False,False,False
2025-11-20,12.1,0.3,88,15.9,Targovishte,False,False,False
2025-11-21,15.9,2.3,78,20.0,Targovishte,False,False,False
2025-11-22,16.5,0.0,81,17.5,Targovishte,False,True,True
2025-11-23,10.5,4.2,88,15.8,Targovishte,False,True,True
2025-11-24,5.8,0.0,79,14.3,Targovishte,False,False,False
2025-11-25,7.0,0.0,84,12.8,Targovishte,False,False,False
2025-11-26,13.0,0.0,79,17.2,Targovishte,False,False,False
2025-11-27,12.5,0.5,88,15.9,Targovishte,False,False,False
2025-11-28,10.6,6.9,94,8.2,Targovishte,False,False,False
2025-11-29,9.7,5.5,96,15.2,Targovishte,False,True,True
2025-11-30,5.9,0.0,81,20.4,Targovishte,False,True,True
2025-12-01,5.3,0.0,86,14.9,Targovishte,False,False,False
2025-12-02,5.8,0.0,86,4.9,Targovishte,False,False,False
2025-12-03,7.3,0.0,90,12.7,Targovishte,False,False,False
2025-12-04,10.0,0.1,91,17.1,Targovishte,False,False,False
2025-12-05,11.0,0.5,88,25.9,Targovishte,False,False,False
2025-12-06,7.1,6.6,91,21.0,Targovishte,False,True,True
2025-12-07,3.7,7.0,96,16.4,Targovishte,False,True,True
2025-12-08,5.2,0.3,90,15.2,Targovishte,False,False,False
2025-12-09,6.5,0.0,88,11.2,Targovishte,False,False,False
2025-12-10,5.8,0.0,84,10.8,Targovishte,False,False,False
2025-12-11,6.1,0.0,85,2.7,Targovishte,False,False,False
2025-12-12,5.2,0.0,91,17.2,Targovishte,False,False,False
2025-12-13,5.9,0.0,86,11.3,Targovishte,False,True,True
2025-12-14,2.9,0.0,93,17.0,Targovishte,False,True,True
2025-12-15,2.2,0.0,90,11.1,Targovishte,False,False,False
2025-12-16,1.0,0.0,94,7.6,Targovishte,False,False,False
2025-12-17,1.0,0.0,95,5.9,Targovishte,False,False,False
2025-12-18,3.0,0.0,78,7.4,Targovishte,False,False,False
2025-12-19,5.4,0.0,82,8.9,Targovishte,False,False,False
2025-12-20,3.8,0.6,97,6.1,Targovishte,False,True,True
2025-12-21,5.6,1.9,97,8.2,Targovishte,False,True,True
2025-12-22,5.4,0.7,94,6.8,Targovishte,False,False,False
2025-12-23,3.3,0.0,93,7.0,Targovishte,False,False,False
2025-12-24,5.1,7.9,96,20.0,Targovishte,True,False,True
2025-12-25,2.0,13.7,92,25.6,Targovishte,True,False,True
2025-12-26,-1.0,0.0,86,19.7,Targovishte,True,False,True
2025-12-27,1.1,0.0,89,19.7,Targovishte,False,True,True
2025-12-28,2.1,0.4,75,29.7,Targovishte,False,True,True
2025-12-29,0.9,0.0,72,26.5,Targovishte,False,False,False
2025-12-30,2.2,0.0,59,27.5,Targovishte,False,False,False
2025-12-31,-2.1,0.0,70,29.0,Targovishte,True,False,True
2025-01-01,4.9,0.0,74,9.9,Varna,True,False,True
2025-01-02,5.6,0.0,71,15.5,Varna,False,False,False
2025-01-03,6.4,0.0,76,16.8,Varna,False,False,False
2025-01-04,4.5,1.7,77,20.7,Varna,False,True,True
2025-01-05,1.9,0.0,78,8.0,Varna,False,True,True
2025-01-06,5.2,0.0,77,10.7,Varna,False,False,False
2025-01-07,8.5,0.0,85,15.8,Varna,False,False,False
2025-01-08,10.6,0.0,84,14.7,Varna,False,False,False
2025-01-09,10.2,0.0,87,14.8,Varna,False,False,False
2025-01-10,9.9,0.0,87,16.1,Varna,False,False,False
2025-01-11,3.7,11.6,85,27.0,Varna,False,True,True
2025-01-12,1.6,7.6,91,13.0,Varna,False,True,True
2025-01-13,2.2,0.5,67,19.0,Varna,False,False,False
2025-01-14,0.8,0.0,72,20.7,Varna,False,False,False
2025-01-15,0.7,1.3,76,13.4,Varna,False,False,False
2025-01-16,1.4,0.0,74,10.0,Varna,False,False,False
2025-01-17,2.1,0.0,71,18.1,Varna,False,False,False
2025-01-18,4.6,0.0,62,20.7,Varna,False,True,True
2025-01-19,5.2,0.0,67,19.3,Varna,False,True,True
2025-01-20,3.3,0.0,79,7.5,Varna,False,False,False
2025-01-21,4.9,0.0,86,12.1,Varna,False,False,False
2025-01-22,6.5,0.0,84,12.1,Varna,False,False,False
2025-01-23,6.1,0.0,84,9.3,Varna,False,False,False
2025-01-24,7.5,5.3,85,11.4,Varna,False,False,False
2025-01-25,6.4,3.3,87,20.9,Varna,False,True,True
2025-01-26,6.7,0.1,90,15.5,Varna,False,True,True
2025-01-27,6.6,0.0,89,7.8,Varna,False,False,False
2025-01-28,8.4,0.0,82,13.0,Varna,False,False,False
2025-01-29,11.4,0.0,81,17.6,Varna,False,False,False
2025-01-30,10.4,0.0,91,15.6,Varna,False,False,False
2025-01-31,9.6,0.0,92,6.0,Varna,False,False,False
2025-02-01,7.9,0.0,90,7.7,Varna,False,True,True
2025-02-02,6.8,0.0,88,10.3,Varna,False,True,True
2025-02-03,5.8,0.1,86,15.8,Varna,False,False,False
2025-02-04,1.2,0.0,65,15.2,Varna,False,False,False
2025-02-05,0.7,0.1,69,21.6,Varna,False,False,False
2025-02-06,-0.2,0.0,60,22.5,Varna,False,False,False
2025-02-07,-0.0,0.0,63,21.3,Varna,False,False,False
2025-02-08,-0.8,0.0,69,22.6,Varna,False,True,True
2025-02-09,-1.6,0.0,67,26.9,Varna,False,True,True
2025-02-10,-1.2,0.0,60,20.3,Varna,False,False,False
2025-02-11,-2.0,0.0,70,19.5,Varna,False,False,False
2025-02-12,-0.5,0.0,71,21.1,Varna,False,False,False
2025-02-13,0.8,0.0,76,15.0,Varna,False,False,False
2025-02-14,5.7,0.3,82,11.3,Varna,False,False,False
2025-02-15,4.9,0.0,81,15.5,Varna,False,True,True
2025-02-16,0.1,5.0,86,14.9,Varna,False,True,True
2025-02-17,1.5,12.9,94,24.6,Varna,False,False,False
2025-02-18,1.6,6.2,85,22.0,Varna,False,False,False
2025-02-19,-1.8,12.6,83,23.1,Varna,False,False,False
2025-02-20,-4.7,0.0,75,12.4,Varna,False,False,False
2025-02-21,-5.3,0.0,72,19.4,Varna,False,False,False
2025-02-22,-4.9,0.0,64,18.3,Varna,False,True,True
2025-02-23,-3.3,0.0,60,10.0,Varna,False,True,True
2025-02-24,-1.0,0.0,61,11.8,Varna,False,False,False
2025-02-25,0.8,0.0,67,7.4,Varna,False,False,False
2025-02-26,2.7,0.0,77,11.2,Varna,False,False,False
2025-02-27,5.1,0.0,94,9.4,Varna,False,False,False
2025-02-28,5.8,0.0,94,15.2,Varna,False,False,False
2025-03-01,5.8,0.5,90,12.0,Varna,False,True,True
2025-03-02,4.8,3.4,93,9.9,Varna,False,True,True
2025-03-03,3.4,0.0,81,15.0,Varna,True,False,True
2025-03-04,4.3,0.0,78,9.3,Varna,False,False,False
2025-03-05,6.4,0.0,75,9.6,Varna,False,False,False
2025-03-06,9.1,0.0,68,10.7,Varna,False,False,False
2025-03-07,9.3,0.0,54,8.5,Varna,False,False,False
2025-03-08,8.5,0.0,55,12.4,Varna,False,True,True
2025-03-09,7.2,0.0,73,8.9,Varna,False,True,True
2025-03-10,9.5,0.0,73,7.8,Varna,False,False,False
2025-03-11,13.2,0.0,65,17.1,Varna,False,False,False
2025-03-12,16.4,0.0,70,20.4,Varna,False,False,False
2025-03-13,16.1,3.9,68,26.6,Varna,False,False,False
2025-03-14,15.4,0.0,75,21.7,Varna,False,False,False
2025-03-15,18.3,0.0,59,17.4,Varna,False,True,True
2025-03-16,15.9,0.1,70,19.6,Varna,False,True,True
2025-03-17,8.5,9.4,96,13.1,Varna,False,False,False
2025-03-18,2.7,3.2,64,21.8,Varna,False,False,False
2025-03-19,3.0,0.0,51,17.5,Varna,False,False,False
2025-03-20,6.0,0.0,56,19.4,Varna,False,False,False
2025-03-21,6.8,0.0,63,15.3,Varna,False,False,False
2025-03-22,7.4,0.0,63,16.4,Varna,False,True,True
2025-03-23,8.2,0.0,83,18.7,Varna,False,True,True
2025-03-24,13.7,0.0,80,15.5,Varna,False,False,False
2025-03-25,17.0,0.1,72,18.0,Varna,False,False,False
2025-03-26,13.7,6.1,92,13.3,Varna,False,False,False
2025-03-27,10.3,1.5,94,17.7,Varna,False,False,False
2025-03-28,10.9,4.3,83,30.8,Varna,False,False,False
2025-03-29,11.1,0.9,88,27.1,Varna,False,True,True
2025-03-30,10.2,3.1,94,10.1,Varna,False,True,True
2025-03-31,10.0,0.7,94,11.6,Varna,False,False,False
2025-04-01,9.0,4.8,94,24.1,Varna,False,False,False
2025-04-02,10.1,6.1,90,19.7,Varna,False,False,False
2025-04-03,10.7,1.8,81,9.0,Varna,False,False,False
2025-04-04,10.6,3.6,86,11.0,Varna,False,False,False
2025-04-05,12.3,2.3,81,11.6,Varna,False,True,True
2025-04-06,8.7,6.2,77,27.8,Varna,False,True,True
2025-04-07,1.5,9.9,84,19.7,Varna,False,False,False
2025-04-08,3.6,0.0,72,11.8,Varna,False,False,False
2025-04-09,5.5,1.5,64,15.2,Varna,False,False,False
2025-04-10,6.8,4.5,69,27.6,Varna,False,False,False
2025-04-11,4.2,0.2,54,26.7,Varna,False,False,False
2025-04-12,7.3,0.0,65,19.1,Varna,False,True,True
2025-04-13,7.8,0.1,75,11.2,Varna,False,True,True
2025-04-14,8.5,0.0,82,17.3,Varna,False,False,False
2025-04-15,9.0,0.0,85,13.9,Varna,False,False,False
2025-04-16,10.4,0.0,78,12.5,Varna,False,False,False
2025-04-17,10.5,0.0,86,11.1,Varna,False,False,False
2025-04-18,10.4,0.2,88,16.3,Varna,True,False,True
2025-04-19,10.2,0.0,88,12.4,Varna,True,True,True
2025-04-20,11.7,0.0,84,13.0,Varna,True,True,True
2025-04-21,13.3,0.0,80,8.9,Varna,True,False,True
2025-04-22,13.2,0.0,74,9.9,Varna,False,False,False
2025-04-23,12.5,0.0,78,9.9,Varna,False,False,False
2025-04-24,12.8,0.0,74,10.3,Varna,False,False,False
2025-04-25,15.7,0.4,71,14.6,Varna,False,False,False
2025-04-26,16.3,4.0,71,15.2,Varna,False,True,True
2025-04-27,13.1,0.1,66,21.9,Varna,False,True,True
2025-04-28,10.4,0.0,55,21.7,Varna,False,False,False
2025-04-29,9.6,0.0,63,17.6,Varna,False,False,False
2025-04-30,9.9,0.0,59,11.2,Varna,False,False,False
2025-05-01,13.1,0.0,45,13.7,Varna,True,False,True
2025-05-02,14.8,0.0,52,22.9,Varna,False,False,False
2025-05-03,13.4,0.0,44,13.7,Varna,False,True,True
2025-05-04,13.9,0.0,65,11.1,Varna,False,True,True
2025-05-05,16.1,0.0,67,7.9,Varna,False,False,False
2025-05-06,17.5,0.2,77,11.5,Varna,True,False,True
2025-05-07,18.1,3.2,75,18.4,Varna,False,False,False
2025-05-08,15.0,9.5,84,13.0,Varna,False,False,False
2025-05-09,16.0,0.1,76,23.1,Varna,False,False,False
2025-05-10,11.2,13.5,84,18.0,Varna,False,True,True
2025-05-11,12.2,1.1,84,13.7,Varna,False,True,True
2025-05-12,11.3,1.7,84,15.1,Varna,False,False,False
2025-05-13,11.0,2.2,80,11.1,Varna,False,False,False
2025-05-14,12.1,1.5,73,11.1,Varna,False,False,False
2025-05-15,13.9,0.0,72,20.3,Varna,False,False,False
2025-05-16,14.2,5.4,79,17.0,Varna,False,False,False
2025-05-17,14.2,8.9,75,22.7,Varna,False,True,True
2025-05-18,14.2,0.2,66,18.7,Varna,False,True,True
2025-05-19,16.8,0.1,66,13.6,Varna,False,False,False
2025-05-20,16.0,0.0,62,20.7,Varna,False,False,False
2025-05-21,16.5,0.0,74,11.6,Varna,False,False,False
2025-05-22,18.8,0.0,72,13.4,Varna,False,False,False
2025-05-23,18.9,0.1,73,10.4,Varna,False,False,False
2025-05-24,19.5,0.9,83,13.5,Varna,True,True,True
2025-05-25,16.7,6.7,78,16.6,Varna,False,True,True
2025-05-26,14.5,5.6,84,17.9,Varna,True,False,True
2025-05-27,15.4,0.9,76,15.8,Varna,False,False,False
2025-05-28,16.3,4.0,80,15.0,Varna,False,False,False
2025-05-29,17.1,0.6,83,11.5,Varna,False,False,False
2025-05-30,17.4,8.8,84,12.7,Varna,False,False,False
2025-05-31,18.2,0.0,72,17.5,Varna,False,True,True
2025-06-01,19.1,0.0,68,12.7,Varna,False,True,True
2025-06-02,20.6,0.6,69,11.0,Varna,False,False,False
2025-06-03,21.5,0.0,72,13.2,Varna,False,False,False
2025-06-04,23.3,0.7,67,8.6,Varna,False,False,False
2025-06-05,22.4,0.0,67,10.5,Varna,False,False,False
2025-06-06,21.5,0.0,74,11.4,Varna,False,False,False
2025-06-07,20.3,0.0,76,12.2,Varna,False,True,True
2025-06-08,20.3,0.0,66,11.5,Varna,False,True,True
2025-06-09,21.6,0.0,62,9.4,Varna,False,False,False
2025-06-10,22.6,0.0,55,22.5,Varna,False,False,False
2025-06-11,21.6,0.0,55,13.6,Varna,False,False,False
2025-06-12,21.0,0.2,65,18.5,Varna,False,False,False
2025-06-13,20.4,0.8,65,13.0,Varna,False,False,False
2025-06-14,20.2,0.2,62,12.0,Varna,False,True,True
2025-06-15,20.8,0.0,48,15.2,Varna,False,True,True
2025-06-16,21.9,0.0,55,12.8,Varna,False,False,False
2025-06-17,23.4,0.0,55,14.4,Varna,False,False,False
2025-06-18,22.8,0.0,59,12.6,Varna,False,False,False
2025-06-19,23.8,2.4,66,16.5,Varna,False,False,False
2025-06-20,22.9,0.0,59,22.9,Varna,False,False,False
2025-06-21,20.9,0.0,52,15.4,Varna,False,True,True
2025-06-22,20.7,0.0,58,20.6,Varna,False,True,True
2025-06-23,23.7,0.0,48,14.4,Varna,False,False,False
2025-06-24,25.8,0.0,47,18.4,Varna,False,False,False
2025-06-25,26.4,0.0,48,12.5,Varna,False,False,False
2025-06-26,26.9,0.0,53,19.2,Varna,False,False,False
2025-06-27,25.1,0.0,67,14.1,Varna,False,False,False
2025-06-28,23.7,0.5,70,15.8,Varna,False,True,True
2025-06-29,22.6,0.0,51,21.4,Varna,False,True,True
2025-06-30,24.5,1.1,61,15.1,Varna,False,False,False
2025-07-01,23.2,0.0,58,17.7,Varna,False,False,False
2025-07-02,21.7,0.0,56,19.8,Varna,False,False,False
2025-07-03,23.2,0.0,48,16.2,Varna,False,False,False
2025-07-04,24.9,0.0,48,18.8,Varna,False,False,False
2025-07-05,25.3,0.0,52,13.4,Varna,False,True,True
2025-07-06,25.1,0.0,58,13.4,Varna,False,True,True
2025-07-07,25.5,0.0,57,12.2,Varna,False,False,False
2025-07-08,24.7,0.0,78,12.9,Varna,False,False,False
2025-07-09,25.4,0.0,73,27.5,Varna,False,False,False
2025-07-10,23.5,0.0,44,29.2,Varna,False,False,False
2025-07-11,22.8,0.4,54,15.1,Varna,False,False,False
2025-07-12,23.6,0.1,59,14.5,Varna,False,True,True
2025-07-13,25.3,0.0,53,21.8,Varna,False,True,True
2025-07-14,26.6,0.0,44,15.6,Varna,False,False,False
2025-07-15,27.2,0.0,44,13.4,Varna,False,False,False
2025-07-16,27.3,1.9,51,14.5,Varna,False,False,False
2025-07-17,25.1,0.1,72,15.7,Varna,False,False,False
2025-07-18,23.3,3.0,59,20.9,Varna,False,False,False
2025-07-19,25.0,0.0,43,18.6,Varna,False,True,True
2025-07-20,26.6,0.0,43,21.7,Varna,False,True,True
2025-07-21,26.6,0.0,56,19.2,Varna,False,False,False
2025-07-22,27.4,0.0,56,16.0,Varna,False,False,False
2025-07-23,26.7,0.0,66,18.7,Varna,False,False,False
2025-07-24,26.1,0.1,68,16.6,Varna,False,False,False
2025-07-25,26.4,0.0,72,11.0,Varna,False,False,False
2025-07-26,27.5,0.0,57,12.9,Varna,False,True,True
2025-07-27,27.2,0.0,54,20.1,Varna,False,True,True
2025-07-28,27.8,0.0,64,15.8,Varna,False,False,False
2025-07-29,26.6,0.3,64,17.3,Varna,False,False,False
2025-07-30,25.5,0.3,63,13.9,Varna,False,False,False
2025-07-31,23.8,0.0,63,18.4,Varna,False,False,False
2025-08-01,25.1,0.3,55,18.5,Varna,False,False,False
2025-08-02,25.1,0.0,48,21.7,Varna,False,True,True
2025-08-03,25.6,0.0,51,15.5,Varna,False,True,True
2025-08-04,26.2,0.0,55,15.2,Varna,False,False,False
2025-08-05,25.9,0.0,56,16.7,Varna,False,False,False
2025-08-06,26.2,0.0,66,17.7,Varna,False,False,False
2025-08-07,26.8,0.2,52,21.8,Varna,False,False,False
2025-08-08,25.6,0.0,44,21.0,Varna,False,False,False
2025-08-09,24.6,0.0,49,15.9,Varna,False,True,True
2025-08-10,25.7,0.0,55,17.1,Varna,False,True,True
2025-08-11,25.7,0.0,63,14.6,Varna,False,False,False
2025-08-12,24.6,0.0,60,20.4,Varna,False,False,False
2025-08-13,23.0,0.0,59,18.2,Varna,False,False,False
2025-08-14,24.5,0.0,53,24.9,Varna,False,False,False
2025-08-15,25.3,0.0,53,24.2,Varna,False,False,False
2025-08-16,24.3,0.0,53,21.9,Varna,False,True,True
2025-08-17,23.2,0.0,58,15.7,Varna,False,True,True
2025-08-18,23.9,0.0,61,12.5,Varna,False,False,False
2025-08-19,22.6,2.0,61,16.4,Varna,False,False,False
2025-08-20,21.6,0.8,70,15.4,Varna,False,False,False
2025-08-21,23.3,0.0,70,20.9,Varna,False,False,False
2025-08-22,24.7,0.2,72,18.8,Varna,False,False,False
2025-08-23,22.6,0.0,63,20.5,Varna,False,True,True
2025-08-24,22.2,0.0,50,19.2,Varna,False,True,True
2025-08-25,19.9,0.6,62,18.1,Varna,False,False,False
2025-08-26,19.9,0.2,66,15.8,Varna,False,False,False
2025-08-27,21.2,0.0,60,14.1,Varna,False,False,False
2025-08-28,21.6,0.0,61,18.9,Varna,False,False,False
2025-08-29,22.6,0.0,63,16.4,Varna,False,False,False
2025-08-30,23.6,0.0,68,9.6,Varna,False,True,True
2025-08-31,24.6,0.2,69,22.7,Varna,False,True,True
2025-09-01,22.8,0.0,59,20.4,Varna,False,False,False
2025-09-02,25.1,0.0,58,13.4,Varna,False,False,False
2025-09-03,25.2,0.0,60,14.7,Varna,False,False,False
2025-09-04,23.5,0.0,72,22.5,Varna,False,False,False
2025-09-05,23.4,0.0,65,22.5,Varna,False,False,False
2025-09-06,22.1,0.1,64,20.0,Varna,True,True,True
2025-09-07,22.2,0.0,56,23.3,Varna,False,True,True
2025-09-08,22.1,0.0,56,22.6,Varna,True,False,True
2025-09-09,22.3,0.0,56,14.9,Varna,False,False,False
2025-09-10,22.4,0.0,66,19.2,Varna,False,False,False
2025-09-11,21.5,0.0,73,13.1,Varna,False,False,False
2025-09-12,21.6,3.4,82,11.1,Varna,False,False,False
2025-09-13,21.4,1.4,72,19.2,Varna,False,True,True
2025-09-14,19.8,0.5,66,19.6,Varna,False,True,True
2025-09-15,19.2,0.0,67,12.1,Varna,False,False,False
2025-09-16,20.8,0.0,69,14.1,Varna,False,False,False
2025-09-17,20.1,1.3,74,22.8,Varna,False,False,False
2025-09-18,17.3,0.0,61,21.8,Varna,False,False,False
2025-09-19,17.9,0.0,52,14.9,Varna,False,False,False
2025-09-20,19.2,0.0,63,14.1,Varna,False,True,True
2025-09-21,19.9,0.0,67,16.8,Varna,False,True,True
2025-09-22,20.0,0.0,65,20.9,Varna,True,False,True
2025-09-23,19.8,0.0,73,13.1,Varna,False,False,False
2025-09-24,18.4,0.0,75,13.5,Varna,False,False,False
2025-09-25,17.5,0.0,71,24.7,Varna,False,False,False
2025-09-26,16.5,0.0,54,26.8,Varna,False,False,False
2025-09-27,15.7,0.0,54,20.0,Varna,False,True,True
2025-09-28,15.2,0.0,61,15.4,Varna,False,True,True
2025-09-29,14.2,2.6,72,13.0,Varna,False,False,False
2025-09-30,14.1,0.3,68,14.4,Varna,False,False,False
2025-10-01,13.4,0.1,69,13.9,Varna,False,False,False
2025-10-02,12.7,4.4,75,29.6,Varna,False,False,False
2025-10-03,14.4,36.1,91,34.9,Varna,False,False,False
2025-10-04,10.9,1.7,83,17.1,Varna,False,True,True
2025-10-05,13.1,0.0,72,13.7,Varna,False,True,True
2025-10-06,15.0,11.8,81,10.5,Varna,False,False,False
2025-10-07,13.8,35.2,94,23.3,Varna,False,False,False
2025-10-08,13.4,11.3,89,16.8,Varna,False,False,False
2025-10-09,13.1,4.8,84,20.5,Varna,False,False,False
2025-10-10,14.0,0.0,72,15.1,Varna,False,False,False
2025-10-11,13.1,3.3,75,19.1,Varna,False,True,True
2025-10-12,13.0,0.0,71,15.2,Varna,False,True,True
2025-10-13,14.6,0.1,74,16.8,Varna,False,False,False
2025-10-14,12.9,1.3,82,10.1,Varna,False,False,False
2025-10-15,12.3,0.9,85,12.8,Varna,False,False,False
2025-10-16,13.1,1.7,81,13.1,Varna,False,False,False
2025-10-17,14.3,0.7,73,15.1,Varna,False,False,False
2025-10-18,14.2,9.0,90,9.9,Varna,False,True,True
2025-10-19,13.0,0.6,75,16.5,Varna,False,True,True
2025-10-20,10.3,0.0,73,10.2,Varna,False,False,False
2025-10-21,13.5,0.7,72,16.3,Varna,False,False,False
2025-10-22,15.3,0.0,77,12.0,Varna,False,False,False
2025-10-23,15.8,0.0,89,10.8,Varna,False,False,False
2025-10-24,16.4,0.9,81,22.5,Varna,False,False,False
2025-10-25,13.2,0.0,64,18.8,Varna,False,True,True
2025-10-26,13.7,0.5,79,13.3,Varna,False,True,True
2025-10-27,12.9,12.5,88,14.6,Varna,False,False,False
2025-10-28,11.2,0.2,75,21.5,Varna,False,False,False
2025-10-29,12.1,0.0,62,17.8,Varna,False,False,False
2025-10-30,13.2,0.0,71,11.4,Varna,False,False,False
2025-10-31,14.5,0.0,71,11.5,Varna,False,False,False
2025-11-01,13.8,0.0,83,8.5,Varna,False,True,True
2025-11-02,14.0,0.0,90,10.0,Varna,False,True,True
2025-11-03,13.9,0.0,86,9.4,Varna,False,False,False
2025-11-04,13.8,0.3,79,17.0,Varna,False,False,False
2025-11-05,10.9,6.3,81,19.1,Varna,False,False,False
2025-11-06,10.5,25.7,90,20.7,Varna,False,False,False
2025-11-07,12.0,5.5,92,20.6,Varna,False,False,False
2025-11-08,13.7,1.6,92,16.6,Varna,False,True,True
2025-11-09,15.9,5.8,90,14.7,Varna,False,True,True
2025-11-10,15.5,0.2,92,10.6,Varna,False,False,False
2025-11-11,14.0,7.3,88,17.7,Varna,False,False,False
2025-11-12,11.7,0.1,81,12.5,Varna,False,False,False
2025-11-13,9.3,0.0,83,7.6,Varna,False,False,False
2025-11-14,8.3,0.0,86,7.7,Varna,False,False,False
2025-11-15,10.5,0.0,83,11.2,Varna,False,True,True
2025-11-16,9.6,0.0,85,8.2,Varna,False,True,True
2025-11-17,13.1,0.0,82,20.0,Varna,False,False,False
2025-11-18,17.4,9.0,79,22.5,Varna,False,False,False
2025-11-19,11.3,6.4,92,14.5,Varna,False,False,False
2025-11-20,15.3,0.2,87,17.0,Varna,False,False,False
2025-11-21,16.5,0.0,80,22.3,Varna,False,False,False
2025-11-22,16.4,0.0,80,15.9,Varna,False,True,True
2025-11-23,13.9,0.2,84,16.0,Varna,False,True,True
2025-11-24,8.2,0.0,72,21.5,Varna,False,False,False
2025-11-25,10.8,0.0,78,18.3,Varna,False,False,False
2025-11-26,14.7,0.0,79,18.6,Varna,False,False,False
2025-11-27,14.7,0.1,82,11.8,Varna,False,False,False
2025-11-28,13.4,2.4,87,14.5,Varna,False,False,False
2025-11-29,12.7,10.6,95,11.4,Varna,False,True,True
2025-11-30,8.5,0.0,82,16.7,Varna,False,True,True
2025-12-01,6.5,0.0,81,14.6,Varna,False,False,False
2025-12-02,8.0,0.0,83,8.7,Varna,False,False,False
2025-12-03,10.4,2.4,87,10.9,Varna,False,False,False
2025-12-04,12.0,0.3,85,15.1,Varna,False,False,False
2025-12-05,12.5,5.0,86,30.4,Varna,False,False,False
2025-12-06,10.6,23.3,92,29.3,Varna,False,True,True
2025-12-07,7.0,1.3,86,26.3,Varna,False,True,True
2025-12-08,5.7,0.0,80,21.1,Varna,False,False,False
2025-12-09,6.4,0.0,81,12.0,Varna,False,False,False
2025-12-10,7.3,0.0,85,9.5,Varna,False,False,False
2025-12-11,7.6,0.0,89,6.1,Varna,False,False,False
2025-12-12,7.7,0.0,88,13.1,Varna,False,False,False
2025-12-13,6.8,0.0,83,15.8,Varna,False,True,True
2025-12-14,4.6,0.0,85,15.5,Varna,False,True,True
2025-12-15,4.5,0.0,83,13.3,Varna,False,False,False
2025-12-16,4.0,0.0,84,8.2,Varna,False,False,False
2025-12-17,5.6,0.0,87,9.1,Varna,False,False,False
2025-12-18,5.4,0.0,84,12.6,Varna,False,False,False
2025-12-19,6.7,0.0,84,7.8,Varna,False,False,False
2025-12-20,5.8,0.0,91,13.0,Varna,False,True,True
2025-12-21,7.2,3.4,92,11.5,Varna,False,True,True
2025-12-22,5.5,0.0,86,13.7,Varna,False,False,False
2025-12-23,4.8,0.0,84,9.0,Varna,False,False,False
2025-12-24,6.1,2.6,89,29.1,Varna,True,False,True
2025-12-25,4.9,13.1,89,33.1,Varna,True,False,True
2025-12-26,0.3,0.0,78,22.8,Varna,True,False,True
2025-12-27,1.3,0.0,76,20.1,Varna,False,True,True
2025-12-28,2.6,0.6,70,27.0,Varna,False,True,True
2025-12-29,2.1,0.0,68,26.8,Varna,False,False,False
2025-12-30,2.5,0.0,63,23.2,Varna,False,False,False
2025-12-31,-0.9,0.0,65,22.0,Varna,True,False,True
2025-01-01,2.8,0.0,68,10.0,Veliko Tarnovo,True,False,True
2025-01-02,3.8,0.0,64,12.1,Veliko Tarnovo,False,False,False
2025-01-03,4.7,0.0,60,11.5,Veliko Tarnovo,False,False,False
2025-01-04,1.7,1.3,74,20.9,Veliko Tarnovo,False,True,True
2025-01-05,-0.6,0.0,74,8.7,Veliko Tarnovo,False,True,True
2025-01-06,3.5,0.0,71,10.7,Veliko Tarnovo,False,False,False
2025-01-07,6.0,0.0,70,12.1,Veliko Tarnovo,False,False,False
2025-01-08,8.8,0.0,70,11.5,Veliko Tarnovo,False,False,False
2025-01-09,9.1,0.0,72,13.4,Veliko Tarnovo,False,False,False
2025-01-10,9.0,0.0,72,20.7,Veliko Tarnovo,False,False,False
2025-01-11,1.7,8.0,81,15.1,Veliko Tarnovo,False,True,True
2025-01-12,0.8,1.2,71,15.3,Veliko Tarnovo,False,True,True
2025-01-13,0.3,0.7,72,12.1,Veliko Tarnovo,False,False,False
2025-01-14,-0.9,0.1,73,9.3,Veliko Tarnovo,False,False,False
2025-01-15,-1.3,0.7,74,4.8,Veliko Tarnovo,False,False,False
2025-01-16,-0.1,0.0,80,7.2,Veliko Tarnovo,False,False,False
2025-01-17,0.2,0.0,79,8.5,Veliko Tarnovo,False,False,False
2025-01-18,0.7,0.0,74,7.3,Veliko Tarnovo,False,True,True
2025-01-19,1.8,0.0,66,5.1,Veliko Tarnovo,False,True,True
2025-01-20,2.7,0.0,62,7.0,Veliko Tarnovo,False,False,False
2025-01-21,1.8,0.1,77,7.5,Veliko Tarnovo,False,False,False
2025-01-22,2.9,0.0,83,7.4,Veliko Tarnovo,False,False,False
2025-01-23,5.6,0.0,73,10.7,Veliko Tarnovo,False,False,False
2025-01-24,8.8,1.4,72,14.0,Veliko Tarnovo,False,False,False
2025-01-25,7.0,0.1,70,17.1,Veliko Tarnovo,False,True,True
2025-01-26,5.3,0.0,80,8.8,Veliko Tarnovo,False,True,True
2025-01-27,7.6,0.0,71,10.2,Veliko Tarnovo,False,False,False
2025-01-28,9.8,0.0,63,17.1,Veliko Tarnovo,False,False,False
2025-01-29,10.7,0.0,63,11.8,Veliko Tarnovo,False,False,False
2025-01-30,11.2,0.0,78,11.5,Veliko Tarnovo,False,False,False
2025-01-31,8.5,0.0,85,7.7,Veliko Tarnovo,False,False,False
2025-02-01,8.5,0.0,75,13.6,Veliko Tarnovo,False,True,True
2025-02-02,5.6,0.0,82,10.1,Veliko Tarnovo,False,True,True
2025-02-03,4.8,0.6,88,14.5,Veliko Tarnovo,False,False,False
2025-02-04,1.6,0.0,73,8.9,Veliko Tarnovo,False,False,False
2025-02-05,0.8,0.0,67,19.1,Veliko Tarnovo,False,False,False
2025-02-06,-0.0,0.0,73,11.8,Veliko Tarnovo,False,False,False
2025-02-07,-1.9,0.0,67,10.4,Veliko Tarnovo,False,False,False
2025-02-08,-2.9,0.0,70,8.6,Veliko Tarnovo,False,True,True
2025-02-09,-3.7,0.0,71,10.7,Veliko Tarnovo,False,True,True
2025-02-10,-3.8,0.0,62,7.4,Veliko Tarnovo,False,False,False
2025-02-11,-4.1,0.0,66,10.1,Veliko Tarnovo,False,False,False
2025-02-12,-2.2,0.0,68,9.6,Veliko Tarnovo,False,False,False
2025-02-13,-0.1,0.0,69,6.0,Veliko Tarnovo,False,False,False
2025-02-14,3.8,1.0,75,9.2,Veliko Tarnovo,False,False,False
2025-02-15,3.4,0.0,81,9.3,Veliko Tarnovo,False,True,True
2025-02-16,-0.4,1.2,89,10.1,Veliko Tarnovo,False,True,True
2025-02-17,-2.5,6.7,92,8.9,Veliko Tarnovo,False,False,False
2025-02-18,-3.2,7.1,93,9.7,Veliko Tarnovo,False,False,False
2025-02-19,-3.5,1.2,91,12.2,Veliko Tarnovo,False,False,False
2025-02-20,-5.5,0.0,85,8.4,Veliko Tarnovo,False,False,False
2025-02-21,-6.4,0.0,79,8.8,Veliko Tarnovo,False,False,False
2025-02-22,-6.0,0.0,65,10.1,Veliko Tarnovo,False,True,True
2025-02-23,-5.6,0.0,71,8.8,Veliko Tarnovo,False,True,True
2025-02-24,-3.2,0.0,70,7.1,Veliko Tarnovo,False,False,False
2025-02-25,1.1,0.0,79,7.5,Veliko Tarnovo,False,False,False
2025-02-26,2.5,0.0,77,9.8,Veliko Tarnovo,False,False,False
2025-02-27,4.3,0.0,82,11.6,Veliko Tarnovo,False,False,False
2025-02-28,2.8,0.0,95,7.9,Veliko Tarnovo,False,False,False
2025-03-01,5.3,1.0,94,9.6,Veliko Tarnovo,False,True,True
2025-03-02,4.3,5.9,97,12.7,Veliko Tarnovo,False,True,True
2025-03-03,3.8,0.4,72,15.4,Veliko Tarnovo,True,False,True
2025-03-04,4.0,0.0,67,10.1,Veliko Tarnovo,False,False,False
2025-03-05,5.9,0.0,64,10.9,Veliko Tarnovo,False,False,False
2025-03-06,7.5,0.0,58,10.2,Veliko Tarnovo,False,False,False
2025-03-07,6.5,0.0,68,9.4,Veliko Tarnovo,False,False,False
2025-03-08,7.8,0.0,57,9.1,Veliko Tarnovo,False,True,True
2025-03-09,7.9,0.0,58,8.5,Veliko Tarnovo,False,True,True
2025-03-10,11.3,0.0,45,14.4,Veliko Tarnovo,False,False,False
2025-03-11,14.3,0.0,52,23.6,Veliko Tarnovo,False,False,False
2025-03-12,16.0,0.0,67,21.4,Veliko Tarnovo,False,False,False
2025-03-13,16.8,2.8,65,29.7,Veliko Tarnovo,False,False,False
2025-03-14,16.2,0.0,67,18.8,Veliko Tarnovo,False,False,False
2025-03-15,21.5,0.0,40,26.6,Veliko Tarnovo,False,True,True
2025-03-16,15.2,2.0,68,25.9,Veliko Tarnovo,False,True,True
2025-03-17,10.7,1.0,71,23.1,Veliko Tarnovo,False,False,False
2025-03-18,1.5,5.4,67,17.9,Veliko Tarnovo,False,False,False
2025-03-19,2.2,0.0,60,14.0,Veliko Tarnovo,False,False,False
2025-03-20,3.8,0.0,58,9.1,Veliko Tarnovo,False,False,False
2025-03-21,4.5,0.0,62,11.2,Veliko Tarnovo,False,False,False
2025-03-22,9.4,0.0,53,16.9,Veliko Tarnovo,False,True,True
2025-03-23,13.0,0.0,59,17.5,Veliko Tarnovo,False,True,True
2025-03-24,14.5,0.7,70,20.0,Veliko Tarnovo,False,False,False
2025-03-25,17.5,0.0,63,16.3,Veliko Tarnovo,False,False,False
2025-03-26,14.2,14.3,92,11.1,Veliko Tarnovo,False,False,False
2025-03-27,14.1,0.2,79,14.3,Veliko Tarnovo,False,False,False
2025-03-28,12.4,4.9,75,19.2,Veliko Tarnovo,False,False,False
2025-03-29,11.2,0.1,81,13.1,Veliko Tarnovo,False,True,True
2025-03-30,10.7,2.3,88,12.1,Veliko Tarnovo,False,True,True
2025-03-31,11.3,5.3,85,8.7,Veliko Tarnovo,False,False,False
2025-04-01,9.7,3.5,89,20.1,Veliko Tarnovo,False,False,False
2025-04-02,9.2,16.0,94,13.6,Veliko Tarnovo,False,False,False
2025-04-03,10.7,0.3,73,18.6,Veliko Tarnovo,False,False,False
2025-04-04,9.6,4.0,82,12.6,Veliko Tarnovo,False,False,False
2025-04-05,11.7,0.5,73,13.7,Veliko Tarnovo,False,True,True
2025-04-06,7.4,3.9,62,28.1,Veliko Tarnovo,False,True,True
2025-04-07,1.3,8.6,85,12.2,Veliko Tarnovo,False,False,False
2025-04-08,2.7,0.0,56,15.9,Veliko Tarnovo,False,False,False
2025-04-09,4.5,2.4,57,18.7,Veliko Tarnovo,False,False,False
2025-04-10,6.9,4.4,59,34.4,Veliko Tarnovo,False,False,False
2025-04-11,4.5,0.3,59,24.0,Veliko Tarnovo,False,False,False
2025-04-12,7.6,4.1,78,14.8,Veliko Tarnovo,False,True,True
2025-04-13,10.8,0.0,62,10.7,Veliko Tarnovo,False,True,True
2025-04-14,11.2,0.0,71,15.8,Veliko Tarnovo,False,False,False
2025-04-15,12.0,1.1,65,18.2,Veliko Tarnovo,False,False,False
2025-04-16,15.3,0.0,67,15.1,Veliko Tarnovo,False,False,False
2025-04-17,17.7,0.0,61,13.6,Veliko Tarnovo,False,False,False
2025-04-18,16.5,0.1,69,13.6,Veliko Tarnovo,True,False,True
2025-04-19,12.5,0.5,84,13.9,Veliko Tarnovo,True,True,True
2025-04-20,13.1,0.0,78,7.5,Veliko Tarnovo,True,True,True
2025-04-21,15.9,0.0,72,8.8,Veliko Tarnovo,True,False,True
2025-04-22,16.4,2.1,75,9.6,Veliko Tarnovo,False,False,False
2025-04-23,15.4,7.7,80,11.5,Veliko Tarnovo,False,False,False
2025-04-24,15.3,0.0,72,13.6,Veliko Tarnovo,False,False,False
2025-04-25,15.3,1.6,73,10.1,Veliko Tarnovo,False,False,False
2025-04-26,14.7,2.5,75,13.5,Veliko Tarnovo,False,True,True
2025-04-27,12.6,0.6,78,15.9,Veliko Tarnovo,False,True,True
2025-04-28,10.9,0.0,62,13.1,Veliko Tarnovo,False,False,False
2025-04-29,9.7,0.0,58,8.8,Veliko Tarnovo,False,False,False
2025-04-30,12.3,0.0,65,9.3,Veliko Tarnovo,False,False,False
2025-05-01,14.3,0.3,72,14.8,Veliko Tarnovo,True,False,True
2025-05-02,14.8,0.1,71,10.1,Veliko Tarnovo,False,False,False
2025-05-03,16.4,0.0,66,11.2,Veliko Tarnovo,False,True,True
2025-05-04,18.7,0.0,64,12.0,Veliko Tarnovo,False,True,True
2025-05-05,18.4,1.4,74,10.6,Veliko Tarnovo,False,False,False
2025-05-06,17.4,1.6,82,8.9,Veliko Tarnovo,True,False,True
2025-05-07,16.6,6.3,84,13.8,Veliko Tarnovo,False,False,False
2025-05-08,15.3,8.2,85,12.6,Veliko Tarnovo,False,False,False
2025-05-09,14.6,0.0,73,23.2,Veliko Tarnovo,False,False,False
2025-05-10,12.3,10.0,86,14.9,Veliko Tarnovo,False,True,True
2025-05-11,12.2,0.1,77,7.9,Veliko Tarnovo,False,True,True
2025-05-12,11.3,0.0,81,12.1,Veliko Tarnovo,False,False,False
2025-05-13,10.9,0.7,74,10.2,Veliko Tarnovo,False,False,False
2025-05-14,11.2,1.4,70,10.3,Veliko Tarnovo,False,False,False
2025-05-15,15.0,0.0,60,17.5,Veliko Tarnovo,False,False,False
2025-05-16,14.5,4.2,73,18.0,Veliko Tarnovo,False,False,False
2025-05-17,11.7,2.9,73,25.1,Veliko Tarnovo,False,True,True
2025-05-18,13.4,0.4,63,17.1,Veliko Tarnovo,False,True,True
2025-05-19,15.2,0.9,64,16.7,Veliko Tarnovo,False,False,False
2025-05-20,15.2,0.1,70,19.1,Veliko Tarnovo,False,False,False
2025-05-21,16.4,0.9,77,10.2,Veliko Tarnovo,False,False,False
2025-05-22,17.9,0.4,79,10.2,Veliko Tarnovo,False,False,False
2025-05-23,18.3,0.8,79,7.8,Veliko Tarnovo,False,False,False
2025-05-24,15.6,12.0,82,16.5,Veliko Tarnovo,True,True,True
2025-05-25,11.4,19.7,89,14.4,Veliko Tarnovo,False,True,True
2025-05-26,10.8,10.7,92,18.8,Veliko Tarnovo,True,False,True
2025-05-27,14.6,7.8,82,23.7,Veliko Tarnovo,False,False,False
2025-05-28,16.6,3.8,69,22.6,Veliko Tarnovo,False,False,False
2025-05-29,16.7,3.9,71,16.7,Veliko Tarnovo,False,False,False
2025-05-30,15.0,8.6,84,16.1,Veliko Tarnovo,False,False,False
2025-05-31,16.0,9.4,83,10.1,Veliko Tarnovo,False,True,True
2025-06-01,17.6,0.7,75,11.6,Veliko Tarnovo,False,True,True
2025-06-02,19.6,0.0,74,9.0,Veliko Tarnovo,False,False,False
2025-06-03,21.5,0.0,72,8.9,Veliko Tarnovo,False,False,False
2025-06-04,23.1,0.1,68,10.5,Veliko Tarnovo,False,False,False
2025-06-05,23.4,0.0,75,7.9,Veliko Tarnovo,False,False,False
2025-06-06,23.9,0.0,69,11.6,Veliko Tarnovo,False,False,False
2025-06-07,22.6,0.0,76,7.8,Veliko Tarnovo,False,True,True
2025-06-08,22.5,0.0,71,7.1,Veliko Tarnovo,False,True,True
2025-06-09,22.3,0.6,73,17.9,Veliko Tarnovo,False,False,False
2025-06-10,20.8,1.0,78,11.2,Veliko Tarnovo,False,False,False
2025-06-11,21.4,0.3,65,10.1,Veliko Tarnovo,False,False,False
2025-06-12,21.1,0.0,63,14.8,Veliko Tarnovo,False,False,False
2025-06-13,20.3,0.0,65,10.9,Veliko Tarnovo,False,False,False
2025-06-14,18.9,0.5,71,11.8,Veliko Tarnovo,False,True,True
2025-06-15,18.4,0.1,71,12.2,Veliko Tarnovo,False,True,True
2025-06-16,20.5,0.0,62,10.5,Veliko Tarnovo,False,False,False
2025-06-17,22.6,0.0,58,10.0,Veliko Tarnovo,False,False,False
2025-06-18,22.6,0.7,68,10.2,Veliko Tarnovo,False,False,False
2025-06-19,24.4,0.3,66,14.3,Veliko Tarnovo,False,False,False
2025-06-20,23.8,0.2,59,16.7,Veliko Tarnovo,False,False,False
2025-06-21,18.0,4.4,81,9.2,Veliko Tarnovo,False,True,True
2025-06-22,19.1,0.0,66,10.3,Veliko Tarnovo,False,True,True
2025-06-23,22.1,0.0,52,12.2,Veliko Tarnovo,False,False,False
2025-06-24,24.6,0.0,50,13.4,Veliko Tarnovo,False,False,False
2025-06-25,25.5,0.0,52,14.0,Veliko Tarnovo,False,False,False
2025-06-26,27.2,0.0,49,11.5,Veliko Tarnovo,False,False,False
2025-06-27,27.1,0.1,58,10.6,Veliko Tarnovo,False,False,False
2025-06-28,23.8,3.8,71,26.1,Veliko Tarnovo,False,True,True
2025-06-29,20.6,3.7,73,13.5,Veliko Tarnovo,False,True,True
2025-06-30,23.6,0.0,59,13.5,Veliko Tarnovo,False,False,False
2025-07-01,23.3,0.0,58,11.9,Veliko Tarnovo,False,False,False
2025-07-02,21.9,0.0,62,12.8,Veliko Tarnovo,False,False,False
2025-07-03,22.3,0.0,60,10.0,Veliko Tarnovo,False,False,False
2025-07-04,24.4,0.0,57,9.2,Veliko Tarnovo,False,False,False
2025-07-05,26.7,0.0,52,12.0,Veliko Tarnovo,False,True,True
2025-07-06,28.0,0.0,43,12.5,Veliko Tarnovo,False,True,True
2025-07-07,29.6,0.0,40,18.3,Veliko Tarnovo,False,False,False
2025-07-08,28.9,0.0,41,18.6,Veliko Tarnovo,False,False,False
2025-07-09,24.6,2.3,55,26.5,Veliko Tarnovo,False,False,False
2025-07-10,19.6,0.0,54,26.9,Veliko Tarnovo,False,False,False
2025-07-11,21.0,0.3,55,13.1,Veliko Tarnovo,False,False,False
2025-07-12,22.2,0.0,55,8.7,Veliko Tarnovo,False,True,True
2025-07-13,25.1,0.0,45,10.7,Veliko Tarnovo,False,True,True
2025-07-14,26.9,0.0,40,11.4,Veliko Tarnovo,False,False,False
2025-07-15,25.4,0.3,47,14.7,Veliko Tarnovo,False,False,False
2025-07-16,25.4,0.0,54,12.4,Veliko Tarnovo,False,False,False
2025-07-17,24.2,14.9,57,18.6,Veliko Tarnovo,False,False,False
2025-07-18,20.3,0.0,66,15.7,Veliko Tarnovo,False,False,False
2025-07-19,22.0,0.0,57,13.4,Veliko Tarnovo,False,True,True
2025-07-20,24.1,0.6,57,10.1,Veliko Tarnovo,False,True,True
2025-07-21,27.4,0.0,49,10.6,Veliko Tarnovo,False,False,False
2025-07-22,30.0,0.0,44,12.5,Veliko Tarnovo,False,False,False
2025-07-23,28.0,0.0,55,16.3,Veliko Tarnovo,False,False,False
2025-07-24,27.6,0.0,53,11.5,Veliko Tarnovo,False,False,False
2025-07-25,29.0,0.0,44,9.9,Veliko Tarnovo,False,False,False
2025-07-26,30.5,0.0,40,14.1,Veliko Tarnovo,False,True,True
2025-07-27,29.8,0.0,33,17.6,Veliko Tarnovo,False,True,True
2025-07-28,26.2,0.0,54,18.4,Veliko Tarnovo,False,False,False
2025-07-29,22.7,0.8,70,13.5,Veliko Tarnovo,False,False,False
2025-07-30,22.9,0.0,65,19.9,Veliko Tarnovo,False,False,False
2025-07-31,21.8,1.2,71,9.9,Veliko Tarnovo,False,False,False
2025-08-01,22.0,1.4,74,10.5,Veliko Tarnovo,False,False,False
2025-08-02,23.5,0.0,59,13.4,Veliko Tarnovo,False,True,True
2025-08-03,24.5,0.0,49,10.4,Veliko Tarnovo,False,True,True
2025-08-04,26.5,0.0,39,13.1,Veliko Tarnovo,False,False,False
2025-08-05,23.8,0.3,60,11.0,Veliko Tarnovo,False,False,False
2025-08-06,24.5,0.0,58,9.2,Veliko Tarnovo,False,False,False
2025-08-07,24.6,0.0,56,13.1,Veliko Tarnovo,False,False,False
2025-08-08,24.1,0.0,54,12.1,Veliko Tarnovo,False,False,False
2025-08-09,24.9,0.0,52,9.2,Veliko Tarnovo,False,True,True
2025-08-10,26.3,0.0,46,12.5,Veliko Tarnovo,False,True,True
2025-08-11,27.9,0.0,41,13.3,Veliko Tarnovo,False,False,False
2025-08-12,26.4,0.0,50,13.6,Veliko Tarnovo,False,False,False
2025-08-13,24.9,0.0,47,12.4,Veliko Tarnovo,False,False,False
2025-08-14,23.4,0.0,50,14.5,Veliko Tarnovo,False,False,False
2025-08-15,25.1,0.0,42,16.1,Veliko Tarnovo,False,False,False
2025-08-16,24.8,0.0,44,11.6,Veliko Tarnovo,False,True,True
2025-08-17,23.8,0.0,44,11.9,Veliko Tarnovo,False,True,True
2025-08-18,23.4,9.2,55,16.2,Veliko Tarnovo,False,False,False
2025-08-19,18.9,5.2,85,8.6,Veliko Tarnovo,False,False,False
2025-08-20,20.6,0.3,71,7.5,Veliko Tarnovo,False,False,False
2025-08-21,25.0,0.0,51,15.6,Veliko Tarnovo,False,False,False
2025-08-22,25.9,5.6,56,20.3,Veliko Tarnovo,False,False,False
2025-08-23,21.9,0.0,48,22.1,Veliko Tarnovo,False,True,True
2025-08-24,20.6,0.0,40,24.1,Veliko Tarnovo,False,True,True
2025-08-25,17.8,0.3,53,12.3,Veliko Tarnovo,False,False,False
2025-08-26,19.8,0.0,47,11.7,Veliko Tarnovo,False,False,False
2025-08-27,20.8,0.0,42,10.9,Veliko Tarnovo,False,False,False
2025-08-28,21.9,0.0,50,13.5,Veliko Tarnovo,False,False,False
2025-08-29,23.2,0.0,46,10.5,Veliko Tarnovo,False,False,False
2025-08-30,25.9,0.0,42,11.1,Veliko Tarnovo,False,True,True
2025-08-31,22.3,6.0,59,11.0,Veliko Tarnovo,False,True,True
2025-09-01,21.5,0.0,59,21.5,Veliko Tarnovo,False,False,False
2025-09-02,24.3,0.0,54,13.2,Veliko Tarnovo,False,False,False
2025-09-03,25.8,0.0,47,16.0,Veliko Tarnovo,False,False,False
2025-09-04,24.6,0.0,46,15.4,Veliko Tarnovo,False,False,False
2025-09-05,23.0,0.0,55,11.6,Veliko Tarnovo,False,False,False
2025-09-06,22.2,0.0,43,11.1,Veliko Tarnovo,True,True,True
2025-09-07,22.1,0.0,41,11.9,Veliko Tarnovo,False,True,True
2025-09-08,22.0,0.0,45,9.6,Veliko Tarnovo,True,False,True
2025-09-09,23.0,0.0,41,10.3,Veliko Tarnovo,False,False,False
2025-09-10,25.2,0.0,39,13.6,Veliko Tarnovo,False,False,False
2025-09-11,24.0,0.7,59,17.0,Veliko Tarnovo,False,False,False
2025-09-12,21.1,7.3,81,9.6,Veliko Tarnovo,False,False,False
2025-09-13,21.3,0.7,70,14.7,Veliko Tarnovo,False,True,True
2025-09-14,20.5,0.0,61,10.9,Veliko Tarnovo,False,True,True
2025-09-15,20.5,0.0,60,15.0,Veliko Tarnovo,False,False,False
2025-09-16,22.0,0.0,44,12.1,Veliko Tarnovo,False,False,False
2025-09-17,18.0,9.9,61,21.7,Veliko Tarnovo,False,False,False
2025-09-18,17.7,0.0,45,20.3,Veliko Tarnovo,False,False,False
2025-09-19,17.8,0.0,45,12.7,Veliko Tarnovo,False,False,False
2025-09-20,20.2,0.0,48,12.3,Veliko Tarnovo,False,True,True
2025-09-21,20.4,0.0,57,13.4,Veliko Tarnovo,False,True,True
2025-09-22,20.2,0.0,56,10.3,Veliko Tarnovo,True,False,True
2025-09-23,19.6,0.0,55,9.0,Veliko Tarnovo,False,False,False
2025-09-24,19.2,0.0,57,9.7,Veliko Tarnovo,False,False,False
2025-09-25,18.0,0.0,66,17.6,Veliko Tarnovo,False,False,False
2025-09-26,16.1,0.0,49,15.0,Veliko Tarnovo,False,False,False
2025-09-27,14.7,0.0,55,16.5,Veliko Tarnovo,False,True,True
2025-09-28,14.6,0.0,53,9.9,Veliko Tarnovo,False,True,True
2025-09-29,12.8,10.2,81,9.7,Veliko Tarnovo,False,False,False
2025-09-30,13.9,0.0,60,18.8,Veliko Tarnovo,False,False,False
2025-10-01,13.7,0.0,50,11.5,Veliko Tarnovo,False,False,False
2025-10-02,9.6,23.9,86,16.3,Veliko Tarnovo,False,False,False
2025-10-03,6.9,37.8,96,20.9,Veliko Tarnovo,False,False,False
2025-10-04,8.0,0.1,80,11.8,Veliko Tarnovo,False,True,True
2025-10-05,11.0,0.0,68,9.0,Veliko Tarnovo,False,True,True
2025-10-06,10.6,9.6,89,14.1,Veliko Tarnovo,False,False,False
2025-10-07,9.0,46.9,97,19.7,Veliko Tarnovo,False,False,False
2025-10-08,9.7,38.9,97,20.9,Veliko Tarnovo,False,False,False
2025-10-09,12.6,5.8,73,26.7,Veliko Tarnovo,False,False,False
2025-10-10,13.6,0.3,70,18.4,Veliko Tarnovo,False,False,False
2025-10-11,13.8,0.8,66,23.0,Veliko Tarnovo,False,True,True
2025-10-12,13.8,0.0,71,14.8,Veliko Tarnovo,False,True,True
2025-10-13,13.3,0.1,69,18.5,Veliko Tarnovo,False,False,False
2025-10-14,11.8,0.4,77,17.1,Veliko Tarnovo,False,False,False
2025-10-15,11.1,0.5,78,7.6,Veliko Tarnovo,False,False,False
2025-10-16,9.8,0.0,86,7.9,Veliko Tarnovo,False,False,False
2025-10-17,12.1,0.7,77,11.5,Veliko Tarnovo,False,False,False
2025-10-18,12.2,1.8,92,8.1,Veliko Tarnovo,False,True,True
2025-10-19,11.0,0.0,65,20.0,Veliko Tarnovo,False,True,True
2025-10-20,8.7,0.0,61,10.0,Veliko Tarnovo,False,False,False
2025-10-21,10.2,0.0,75,11.1,Veliko Tarnovo,False,False,False
2025-10-22,13.7,0.0,72,10.6,Veliko Tarnovo,False,False,False
2025-10-23,15.5,0.0,75,12.2,Veliko Tarnovo,False,False,False
2025-10-24,15.7,5.5,73,17.2,Veliko Tarnovo,False,False,False
2025-10-25,12.2,0.0,67,11.7,Veliko Tarnovo,False,True,True
2025-10-26,13.7,1.8,74,17.3,Veliko Tarnovo,False,True,True
2025-10-27,11.9,12.5,86,11.7,Veliko Tarnovo,False,False,False
2025-10-28,10.2,1.1,74,21.4,Veliko Tarnovo,False,False,False
2025-10-29,12.1,0.0,51,14.5,Veliko Tarnovo,False,False,False
2025-10-30,12.5,0.0,62,10.1,Veliko Tarnovo,False,False,False
2025-10-31,13.5,0.0,62,10.7,Veliko Tarnovo,False,False,False
2025-11-01,13.8,0.0,73,10.1,Veliko Tarnovo,False,True,True
2025-11-02,14.5,0.0,66,12.5,Veliko Tarnovo,False,True,True
2025-11-03,14.1,0.0,72,8.1,Veliko Tarnovo,False,False,False
2025-11-04,11.6,4.3,79,13.8,Veliko Tarnovo,False,False,False
2025-11-05,10.0,0.4,88,5.7,Veliko Tarnovo,False,False,False
2025-11-06,9.3,0.2,84,12.4,Veliko Tarnovo,False,False,False
2025-11-07,10.0,0.4,91,14.8,Veliko Tarnovo,False,False,False
2025-11-08,12.2,7.3,90,11.9,Veliko Tarnovo,False,True,True
2025-11-09,12.1,0.1,94,7.8,Veliko Tarnovo,False,True,True
2025-11-10,13.0,2.6,94,10.1,Veliko Tarnovo,False,False,False
2025-11-11,10.9,7.6,94,13.5,Veliko Tarnovo,False,False,False
2025-11-12,10.1,0.1,69,12.0,Veliko Tarnovo,False,False,False
2025-11-13,7.6,0.0,85,8.8,Veliko Tarnovo,False,False,False
2025-11-14,8.4,0.0,82,8.2,Veliko Tarnovo,False,False,False
2025-11-15,7.6,0.0,82,6.8,Veliko Tarnovo,False,True,True
2025-11-16,8.0,0.0,78,8.1,Veliko Tarnovo,False,True,True
2025-11-17,13.3,0.0,62,24.1,Veliko Tarnovo,False,False,False
2025-11-18,14.5,3.6,66,23.4,Veliko Tarnovo,False,False,False
2025-11-19,7.1,5.5,95,15.1,Veliko Tarnovo,False,False,False
2025-11-20,7.0,1.5,98,9.6,Veliko Tarnovo,False,False,False
2025-11-21,15.5,0.6,77,22.7,Veliko Tarnovo,False,False,False
2025-11-22,17.1,0.0,74,20.9,Veliko Tarnovo,False,True,True
2025-11-23,8.3,2.4,88,12.2,Veliko Tarnovo,False,True,True
2025-11-24,6.2,0.0,81,8.9,Veliko Tarnovo,False,False,False
2025-11-25,9.3,0.0,67,19.0,Veliko Tarnovo,False,False,False
2025-11-26,13.3,0.0,74,22.2,Veliko Tarnovo,False,False,False
2025-11-27,9.3,5.0,95,13.9,Veliko Tarnovo,False,False,False
2025-11-28,5.7,4.9,95,7.4,Veliko Tarnovo,False,False,False
2025-11-29,5.3,8.0,97,10.1,Veliko Tarnovo,False,True,True
2025-11-30,5.6,0.0,82,13.1,Veliko Tarnovo,False,True,True
2025-12-01,7.1,0.0,78,10.2,Veliko Tarnovo,False,False,False
2025-12-02,5.8,0.0,83,7.9,Veliko Tarnovo,False,False,False
2025-12-03,5.5,0.0,92,6.7,Veliko Tarnovo,False,False,False
2025-12-04,7.8,0.0,86,11.5,Veliko Tarnovo,False,False,False
2025-12-05,10.6,0.5,83,18.9,Veliko Tarnovo,False,False,False
2025-12-06,5.7,12.4,97,19.1,Veliko Tarnovo,False,True,True
2025-12-07,3.2,2.4,97,10.2,Veliko Tarnovo,False,True,True
2025-12-08,5.9,0.4,90,11.7,Veliko Tarnovo,False,False,False
2025-12-09,6.7,0.2,88,10.6,Veliko Tarnovo,False,False,False
2025-12-10,6.7,0.0,77,8.0,Veliko Tarnovo,False,False,False
2025-12-11,7.0,0.0,81,8.0,Veliko Tarnovo,False,False,False
2025-12-12,6.2,0.1,85,17.2,Veliko Tarnovo,False,False,False
2025-12-13,5.3,0.0,86,9.6,Veliko Tarnovo,False,True,True
2025-12-14,4.0,0.0,89,10.0,Veliko Tarnovo,False,True,True
2025-12-15,2.5,0.0,86,6.9,Veliko Tarnovo,False,False,False
2025-12-16,0.7,0.0,90,6.7,Veliko Tarnovo,False,False,False
2025-12-17,-0.4,0.0,96,5.9,Veliko Tarnovo,False,False,False
2025-12-18,3.0,0.0,75,11.8,Veliko Tarnovo,False,False,False
2025-12-19,7.0,0.0,82,10.8,Veliko Tarnovo,False,False,False
2025-12-20,3.3,0.0,96,6.9,Veliko Tarnovo,False,True,True
2025-12-21,4.3,0.1,94,5.3,Veliko Tarnovo,False,True,True
2025-12-22,4.7,0.0,95,8.6,Veliko Tarnovo,False,False,False
2025-12-23,4.7,0.0,93,7.1,Veliko Tarnovo,False,False,False
2025-12-24,4.7,7.7,95,12.6,Veliko Tarnovo,True,False,True
2025-12-25,1.5,23.5,97,18.5,Veliko Tarnovo,True,False,True
2025-12-26,-1.9,0.1,93,15.6,Veliko Tarnovo,True,False,True
2025-12-27,0.7,0.0,86,22.7,Veliko Tarnovo,False,True,True
2025-12-28,1.5,0.2,74,31.6,Veliko Tarnovo,False,True,True
2025-12-29,1.0,0.0,66,26.2,Veliko Tarnovo,False,False,False
2025-12-30,2.3,0.0,53,23.9,Veliko Tarnovo,False,False,False
2025-12-31,-2.4,0.3,64,26.5,Veliko Tarnovo,True,False,True
2025-01-01,1.0,0.0,88,6.1,Yambol,True,False,True
2025-01-02,0.6,0.0,92,7.8,Yambol,False,False,False
2025-01-03,2.9,0.0,89,8.3,Yambol,False,False,False
2025-01-04,3.4,0.1,72,13.3,Yambol,False,True,True
2025-01-05,0.3,0.0,79,3.3,Yambol,False,True,True
2025-01-06,1.7,0.0,83,9.6,Yambol,False,False,False
2025-01-07,4.5,0.0,91,9.0,Yambol,False,False,False
2025-01-08,6.7,0.0,89,8.2,Yambol,False,False,False
2025-01-09,6.9,0.0,93,11.3,Yambol,False,False,False
2025-01-10,7.5,0.0,91,10.6,Yambol,False,False,False
2025-01-11,2.5,10.2,91,6.4,Yambol,False,True,True
2025-01-12,0.6,9.3,97,7.9,Yambol,False,True,True
2025-01-13,0.8,1.2,82,17.2,Yambol,False,False,False
2025-01-14,1.1,0.3,69,15.6,Yambol,False,False,False
2025-01-15,1.0,1.8,87,5.3,Yambol,False,False,False
2025-01-16,1.2,0.0,91,5.1,Yambol,False,False,False
2025-01-17,-1.1,0.0,91,7.3,Yambol,False,False,False
2025-01-18,0.6,0.0,88,4.8,Yambol,False,True,True
2025-01-19,1.8,0.0,82,5.3,Yambol,False,True,True
2025-01-20,2.6,0.0,79,8.9,Yambol,False,False,False
2025-01-21,2.1,0.0,89,8.1,Yambol,False,False,False
2025-01-22,2.5,0.0,90,5.3,Yambol,False,False,False
2025-01-23,3.4,0.0,90,5.3,Yambol,False,False,False
2025-01-24,5.0,0.6,91,7.6,Yambol,False,False,False
2025-01-25,6.7,2.6,82,13.9,Yambol,False,True,True
2025-01-26,5.0,0.0,88,7.1,Yambol,False,True,True
2025-01-27,4.5,0.0,91,9.5,Yambol,False,False,False
2025-01-28,5.4,0.0,92,10.7,Yambol,False,False,False
2025-01-29,8.0,0.0,88,9.2,Yambol,False,False,False
2025-01-30,11.0,0.0,89,12.6,Yambol,False,False,False
2025-01-31,8.6,0.0,93,5.7,Yambol,False,False,False
2025-02-01,7.4,0.0,87,15.3,Yambol,False,True,True
2025-02-02,7.9,0.6,86,12.7,Yambol,False,True,True
2025-02-03,7.7,0.1,82,20.0,Yambol,False,False,False
2025-02-04,2.2,0.0,66,14.5,Yambol,False,False,False
2025-02-05,0.8,0.9,73,18.4,Yambol,False,False,False
2025-02-06,0.7,1.8,69,16.7,Yambol,False,False,False
2025-02-07,-0.3,0.0,61,14.3,Yambol,False,False,False
2025-02-08,-0.9,0.0,67,18.2,Yambol,False,True,True
2025-02-09,-1.0,0.0,60,17.0,Yambol,False,True,True
2025-02-10,-1.0,0.0,60,14.0,Yambol,False,False,False
2025-02-11,-2.3,0.0,66,17.9,Yambol,False,False,False
2025-02-12,-1.0,0.0,70,11.5,Yambol,False,False,False
2025-02-13,-0.1,0.0,76,10.9,Yambol,False,False,False
2025-02-14,3.0,0.0,85,9.8,Yambol,False,False,False
2025-02-15,4.9,0.0,84,23.4,Yambol,False,True,True
2025-02-16,2.2,5.7,92,12.9,Yambol,False,True,True
2025-02-17,2.0,5.4,89,19.0,Yambol,False,False,False
2025-02-18,0.3,11.2,90,13.9,Yambol,False,False,False
2025-02-19,-1.7,2.6,81,15.1,Yambol,False,False,False
2025-02-20,-2.8,0.0,70,12.0,Yambol,False,False,False
2025-02-21,-3.5,0.0,67,16.0,Yambol,False,False,False
2025-02-22,-3.7,0.0,62,12.5,Yambol,False,True,True
2025-02-23,-2.4,0.0,68,10.2,Yambol,False,True,True
2025-02-24,-1.1,0.0,70,7.1,Yambol,False,False,False
2025-02-25,0.7,0.0,77,9.4,Yambol,False,False,False
2025-02-26,1.3,0.0,85,8.8,Yambol,False,False,False
2025-02-27,4.4,0.0,92,12.8,Yambol,False,False,False
2025-02-28,6.6,0.2,91,13.3,Yambol,False,False,False
2025-03-01,7.0,0.0,90,8.9,Yambol,False,True,True
2025-03-02,5.8,6.0,93,5.8,Yambol,False,True,True
2025-03-03,4.9,0.5,74,15.0,Yambol,True,False,True
2025-03-04,3.6,0.0,78,8.4,Yambol,False,False,False
2025-03-05,5.2,0.0,79,6.5,Yambol,False,False,False
2025-03-06,6.9,0.0,75,4.3,Yambol,False,False,False
2025-03-07,7.2,0.0,69,11.9,Yambol,False,False,False
2025-03-08,6.5,0.0,67,14.0,Yambol,False,True,True
2025-03-09,7.2,0.0,70,6.3,Yambol,False,True,True
2025-03-10,7.7,0.0,75,8.0,Yambol,False,False,False
2025-03-11,10.5,1.7,76,18.8,Yambol,False,False,False
2025-03-12,14.9,0.0,78,26.0,Yambol,False,False,False
2025-03-13,16.0,3.9,71,33.5,Yambol,False,False,False
2025-03-14,15.1,0.0,73,18.7,Yambol,False,False,False
2025-03-15,16.1,0.0,70,15.4,Yambol,False,True,True
2025-03-16,15.1,1.7,74,13.1,Yambol,False,True,True
2025-03-17,9.7,24.2,90,13.5,Yambol,False,False,False
2025-03-18,3.6,0.2,60,19.5,Yambol,False,False,False
2025-03-19,2.5,0.0,58,16.1,Yambol,False,False,False
2025-03-20,5.5,0.0,58,15.2,Yambol,False,False,False
2025-03-21,5.4,0.0,68,8.9,Yambol,False,False,False
2025-03-22,6.7,0.0,74,12.6,Yambol,False,True,True
2025-03-23,10.2,0.1,71,15.4,Yambol,False,True,True
2025-03-24,13.0,0.2,80,23.4,Yambol,False,False,False
2025-03-25,15.4,0.0,74,15.4,Yambol,False,False,False
2025-03-26,15.7,0.2,77,17.2,Yambol,False,False,False
2025-03-27,12.5,0.6,84,25.8,Yambol,False,False,False
2025-03-28,12.1,5.4,77,34.3,Yambol,False,False,False
2025-03-29,11.7,0.4,83,11.1,Yambol,False,True,True
2025-03-30,11.7,2.9,87,11.4,Yambol,False,True,True
2025-03-31,11.0,0.5,88,14.8,Yambol,False,False,False
2025-04-01,10.1,3.3,88,27.4,Yambol,False,False,False
2025-04-02,10.6,8.7,90,19.1,Yambol,False,False,False
2025-04-03,12.0,0.3,80,11.9,Yambol,False,False,False
2025-04-04,10.8,3.7,82,11.0,Yambol,False,False,False
2025-04-05,11.7,0.6,82,12.7,Yambol,False,True,True
2025-04-06,8.0,1.3,72,18.1,Yambol,False,True,True
2025-04-07,2.4,9.2,86,11.0,Yambol,False,False,False
2025-04-08,3.2,0.0,71,15.5,Yambol,False,False,False
2025-04-09,5.1,0.0,64,17.2,Yambol,False,False,False
2025-04-10,6.7,2.0,68,24.5,Yambol,False,False,False
2025-04-11,5.0,0.0,62,19.2,Yambol,False,False,False
2025-04-12,8.1,0.9,71,20.8,Yambol,False,True,True
2025-04-13,9.1,0.0,73,12.3,Yambol,False,True,True
2025-04-14,9.6,0.0,75,13.8,Yambol,False,False,False
2025-04-15,9.5,0.0,74,8.0,Yambol,False,False,False
2025-04-16,12.1,0.0,75,14.3,Yambol,False,False,False
2025-04-17,12.9,0.0,70,17.6,Yambol,False,False,False
2025-04-18,12.2,0.0,78,18.6,Yambol,True,False,True
2025-04-19,12.1,0.0,81,13.2,Yambol,True,True,True
2025-04-20,14.1,0.0,76,8.1,Yambol,True,True,True
2025-04-21,15.9,0.2,73,13.5,Yambol,True,False,True
2025-04-22,16.2,0.0,58,15.5,Yambol,False,False,False
2025-04-23,15.2,0.0,68,15.2,Yambol,False,False,False
2025-04-24,14.4,0.0,72,15.8,Yambol,False,False,False
2025-04-25,15.7,0.0,68,6.1,Yambol,False,False,False
2025-04-26,16.0,2.4,71,11.7,Yambol,False,True,True
2025-04-27,14.4,1.5,68,22.9,Yambol,False,True,True
2025-04-28,11.0,0.0,51,20.7,Yambol,False,False,False
2025-04-29,10.3,0.0,54,19.2,Yambol,False,False,False
2025-04-30,11.9,0.0,57,18.4,Yambol,False,False,False
2025-05-01,14.9,0.1,52,24.7,Yambol,True,False,True
2025-05-02,16.5,0.0,54,20.0,Yambol,False,False,False
2025-05-03,16.2,0.0,48,12.9,Yambol,False,True,True
2025-05-04,18.9,0.0,49,13.0,Yambol,False,True,True
2025-05-05,20.6,0.1,51,20.0,Yambol,False,False,False
2025-05-06,21.2,0.1,64,15.9,Yambol,True,False,True
2025-05-07,19.2,5.6,73,16.2,Yambol,False,False,False
2025-05-08,16.9,2.0,78,18.4,Yambol,False,False,False
2025-05-09,17.8,6.2,62,16.0,Yambol,False,False,False
2025-05-10,13.0,18.9,84,17.6,Yambol,False,True,True
2025-05-11,13.6,0.0,74,8.3,Yambol,False,True,True
2025-05-12,13.5,1.4,80,17.1,Yambol,False,False,False
2025-05-13,12.7,0.6,72,14.8,Yambol,False,False,False
2025-05-14,12.4,0.2,68,14.3,Yambol,False,False,False
2025-05-15,15.4,0.0,59,18.7,Yambol,False,False,False
2025-05-16,15.7,4.4,63,20.5,Yambol,False,False,False
2025-05-17,14.6,6.4,74,14.8,Yambol,False,True,True
2025-05-18,14.4,1.1,66,14.8,Yambol,False,True,True
2025-05-19,16.5,0.0,62,17.5,Yambol,False,False,False
2025-05-20,17.7,0.0,57,16.2,Yambol,False,False,False
2025-05-21,19.5,0.1,59,19.3,Yambol,False,False,False
2025-05-22,21.4,0.4,52,21.4,Yambol,False,False,False
2025-05-23,21.5,2.5,61,17.1,Yambol,False,False,False
2025-05-24,21.0,3.9,65,15.4,Yambol,True,True,True
2025-05-25,15.9,13.2,79,13.4,Yambol,False,True,True
2025-05-26,14.0,15.3,75,16.7,Yambol,True,False,True
2025-05-27,16.1,0.7,71,19.4,Yambol,False,False,False
2025-05-28,17.5,0.1,68,16.4,Yambol,False,False,False
2025-05-29,17.5,0.4,68,10.0,Yambol,False,False,False
2025-05-30,17.8,0.6,74,14.8,Yambol,False,False,False
2025-05-31,18.1,0.6,71,12.8,Yambol,False,True,True
2025-06-01,18.8,0.6,71,13.7,Yambol,False,True,True
2025-06-02,20.5,0.0,68,11.0,Yambol,False,False,False
2025-06-03,23.1,0.0,60,9.9,Yambol,False,False,False
2025-06-04,25.5,0.0,58,12.6,Yambol,False,False,False
2025-06-05,25.9,0.0,52,16.8,Yambol,False,False,False
2025-06-06,24.7,0.0,50,16.7,Yambol,False,False,False
2025-06-07,23.0,0.0,59,18.0,Yambol,False,True,True
2025-06-08,22.2,0.0,56,15.5,Yambol,False,True,True
2025-06-09,23.6,0.0,63,19.6,Yambol,False,False,False
2025-06-10,24.4,0.0,56,24.3,Yambol,False,False,False
2025-06-11,23.6,0.0,44,16.8,Yambol,False,False,False
2025-06-12,24.3,0.0,48,15.7,Yambol,False,False,False
2025-06-13,23.4,0.1,56,12.5,Yambol,False,False,False
2025-06-14,22.3,0.5,55,18.0,Yambol,False,True,True
2025-06-15,22.1,0.0,45,17.3,Yambol,False,True,True
2025-06-16,23.2,0.0,44,14.0,Yambol,False,False,False
2025-06-17,25.7,0.0,41,15.0,Yambol,False,False,False
2025-06-18,25.4,0.9,50,14.0,Yambol,False,False,False
2025-06-19,26.6,0.3,55,14.1,Yambol,False,False,False
2025-06-20,25.5,0.8,54,20.4,Yambol,False,False,False
2025-06-21,21.7,0.6,53,16.1,Yambol,False,True,True
2025-06-22,21.8,0.0,50,16.0,Yambol,False,True,True
2025-06-23,24.8,0.0,42,14.9,Yambol,False,False,False
2025-06-24,27.0,0.0,40,15.7,Yambol,False,False,False
2025-06-25,28.6,0.0,39,12.6,Yambol,False,False,False
2025-06-26,30.1,0.0,41,13.3,Yambol,False,False,False
2025-06-27,29.7,0.0,44,22.5,Yambol,False,False,False
2025-06-28,26.1,3.9,56,14.6,Yambol,False,True,True
2025-06-29,23.6,0.0,51,22.9,Yambol,False,True,True
2025-06-30,26.1,0.7,50,12.1,Yambol,False,False,False
2025-07-01,26.2,0.0,49,20.3,Yambol,False,False,False
2025-07-02,24.3,0.0,52,19.4,Yambol,False,False,False
2025-07-03,25.3,0.0,43,22.3,Yambol,False,False,False
2025-07-04,27.0,0.0,38,12.2,Yambol,False,False,False
2025-07-05,28.4,0.0,36,19.5,Yambol,False,True,True
2025-07-06,28.7,0.0,39,18.8,Yambol,False,True,True
2025-07-07,28.8,0.0,41,22.0,Yambol,False,False,False
2025-07-08,29.1,0.0,49,22.3,Yambol,False,False,False
2025-07-09,28.5,0.0,48,33.6,Yambol,False,False,False
2025-07-10,23.2,0.0,42,21.0,Yambol,False,False,False
2025-07-11,24.4,0.0,43,16.6,Yambol,False,False,False
2025-07-12,25.9,0.0,47,18.2,Yambol,False,True,True
2025-07-13,27.3,0.0,38,15.9,Yambol,False,True,True
2025-07-14,28.4,0.0,36,16.5,Yambol,False,False,False
2025-07-15,28.6,0.2,34,17.5,Yambol,False,False,False
2025-07-16,28.4,0.1,42,15.4,Yambol,False,False,False
2025-07-17,28.4,10.7,47,20.4,Yambol,False,False,False
2025-07-18,23.7,0.3,54,15.8,Yambol,False,False,False
2025-07-19,24.7,0.0,52,15.0,Yambol,False,True,True
2025-07-20,26.7,0.0,47,15.8,Yambol,False,True,True
2025-07-21,29.4,0.0,42,15.2,Yambol,False,False,False
2025-07-22,32.0,0.0,34,13.9,Yambol,False,False,False
2025-07-23,30.7,0.1,43,23.1,Yambol,False,False,False
2025-07-24,29.8,0.0,44,19.8,Yambol,False,False,False
2025-07-25,29.8,0.0,45,20.2,Yambol,False,False,False
2025-07-26,30.4,0.0,43,19.4,Yambol,False,True,True
2025-07-27,28.5,0.0,43,25.9,Yambol,False,True,True
2025-07-28,29.5,0.2,49,15.1,Yambol,False,False,False
2025-07-29,28.2,0.3,49,23.2,Yambol,False,False,False
2025-07-30,27.4,0.0,48,16.4,Yambol,False,False,False
2025-07-31,25.3,7.6,61,12.4,Yambol,False,False,False
2025-08-01,25.2,0.9,60,14.5,Yambol,False,False,False
2025-08-02,25.3,0.0,52,19.5,Yambol,False,True,True
2025-08-03,26.3,0.0,46,19.6,Yambol,False,True,True
2025-08-04,27.2,0.0,48,20.1,Yambol,False,False,False
2025-08-05,26.9,0.0,42,20.4,Yambol,False,False,False
2025-08-06,27.2,0.0,46,21.2,Yambol,False,False,False
2025-08-07,27.8,0.1,49,21.8,Yambol,False,False,False
2025-08-08,27.6,0.0,42,18.0,Yambol,False,False,False
2025-08-09,26.6,0.0,48,20.6,Yambol,False,True,True
2025-08-10,27.6,0.0,38,18.9,Yambol,False,True,True
2025-08-11,28.6,0.0,38,22.7,Yambol,False,False,False
2025-08-12,27.0,0.3,50,20.8,Yambol,False,False,False
2025-08-13,24.9,0.0,52,21.7,Yambol,False,False,False
2025-08-14,25.0,0.0,51,24.5,Yambol,False,False,False
2025-08-15,26.2,0.0,43,23.8,Yambol,False,False,False
2025-08-16,25.7,0.0,45,21.5,Yambol,False,True,True
2025-08-17,23.9,0.0,52,13.5,Yambol,False,True,True
2025-08-18,24.9,0.0,53,29.3,Yambol,False,False,False
2025-08-19,21.4,5.5,75,15.2,Yambol,False,False,False
2025-08-20,22.4,0.0,67,7.6,Yambol,False,False,False
2025-08-21,25.1,0.0,56,9.4,Yambol,False,False,False
2025-08-22,27.4,0.2,43,14.4,Yambol,False,False,False
2025-08-23,24.6,0.0,43,15.3,Yambol,False,True,True
2025-08-24,23.6,0.0,35,21.6,Yambol,False,True,True
2025-08-25,20.6,1.2,54,16.5,Yambol,False,False,False
2025-08-26,21.0,0.0,59,14.8,Yambol,False,False,False
2025-08-27,21.5,0.0,57,19.1,Yambol,False,False,False
2025-08-28,21.6,0.0,60,18.5,Yambol,False,False,False
2025-08-29,23.0,0.0,56,16.9,Yambol,False,False,False
2025-08-30,25.6,0.0,58,15.0,Yambol,False,True,True
2025-08-31,23.2,8.7,66,14.1,Yambol,False,True,True
2025-09-01,22.4,0.0,63,15.7,Yambol,False,False,False
2025-09-02,24.7,0.0,57,18.2,Yambol,False,False,False
2025-09-03,25.8,0.0,56,18.3,Yambol,False,False,False
2025-09-04,24.5,0.0,58,23.1,Yambol,False,False,False
2025-09-05,23.9,0.0,59,19.4,Yambol,False,False,False
2025-09-06,23.0,0.0,54,14.0,Yambol,True,True,True
2025-09-07,22.7,0.0,56,17.3,Yambol,False,True,True
2025-09-08,22.4,0.0,53,16.1,Yambol,True,False,True
2025-09-09,23.0,0.0,50,18.1,Yambol,False,False,False
2025-09-10,23.8,0.0,53,23.0,Yambol,False,False,False
2025-09-11,24.2,0.0,64,19.3,Yambol,False,False,False
2025-09-12,22.5,5.0,74,20.9,Yambol,False,False,False
2025-09-13,22.1,0.0,69,17.4,Yambol,False,True,True
2025-09-14,20.0,0.0,65,16.5,Yambol,False,True,True
2025-09-15,20.1,0.0,67,13.2,Yambol,False,False,False
2025-09-16,21.3,0.0,63,15.0,Yambol,False,False,False
2025-09-17,18.5,1.7,76,16.9,Yambol,False,False,False
2025-09-18,18.2,0.0,49,21.7,Yambol,False,False,False
2025-09-19,17.1,0.0,56,9.9,Yambol,False,False,False
2025-09-20,19.2,0.0,62,18.6,Yambol,False,True,True
2025-09-21,20.3,0.0,63,18.6,Yambol,False,True,True
2025-09-22,19.3,0.0,65,17.1,Yambol,True,False,True
2025-09-23,19.4,0.0,66,14.6,Yambol,False,False,False
2025-09-24,19.7,0.0,69,17.4,Yambol,False,False,False
2025-09-25,18.6,0.0,68,20.4,Yambol,False,False,False
2025-09-26,17.0,0.0,52,21.7,Yambol,False,False,False
2025-09-27,16.0,0.0,53,19.2,Yambol,False,True,True
2025-09-28,15.6,0.1,56,12.6,Yambol,False,True,True
2025-09-29,14.7,6.7,78,8.5,Yambol,False,False,False
2025-09-30,14.8,0.0,62,15.8,Yambol,False,False,False
2025-10-01,14.8,0.0,57,14.4,Yambol,False,False,False
2025-10-02,13.0,3.3,77,31.0,Yambol,False,False,False
2025-10-03,12.1,46.6,89,35.4,Yambol,False,False,False
2025-10-04,10.8,2.6,82,8.1,Yambol,False,True,True
2025-10-05,12.4,0.0,70,10.8,Yambol,False,True,True
2025-10-06,12.6,15.0,89,7.4,Yambol,False,False,False
2025-10-07,11.8,46.2,89,13.9,Yambol,False,False,False
2025-10-08,12.6,6.8,76,13.9,Yambol,False,False,False
2025-10-09,13.6,2.7,73,14.4,Yambol,False,False,False
2025-10-10,13.2,0.0,74,14.0,Yambol,False,False,False
2025-10-11,13.3,2.8,73,15.8,Yambol,False,True,True
2025-10-12,13.1,0.0,75,11.9,Yambol,False,True,True
2025-10-13,14.7,0.0,71,10.5,Yambol,False,False,False
2025-10-14,13.0,0.0,78,9.9,Yambol,False,False,False
2025-10-15,13.1,0.0,77,12.3,Yambol,False,False,False
2025-10-16,12.2,0.7,82,14.0,Yambol,False,False,False
2025-10-17,12.6,0.2,79,13.0,Yambol,False,False,False
2025-10-18,14.8,1.5,82,9.0,Yambol,False,True,True
2025-10-19,13.4,0.0,64,12.6,Yambol,False,True,True
2025-10-20,9.4,0.0,77,8.7,Yambol,False,False,False
2025-10-21,11.4,0.0,75,9.6,Yambol,False,False,False
2025-10-22,13.2,0.0,77,5.6,Yambol,False,False,False
2025-10-23,14.8,0.0,85,9.0,Yambol,False,False,False
2025-10-24,15.9,1.1,85,24.8,Yambol,False,False,False
2025-10-25,12.7,0.0,74,6.4,Yambol,False,True,True
2025-10-26,12.8,0.1,88,8.2,Yambol,False,True,True
2025-10-27,12.0,10.5,92,8.2,Yambol,False,False,False
2025-10-28,10.6,0.0,80,14.1,Yambol,False,False,False
2025-10-29,9.6,0.0,73,9.6,Yambol,False,False,False
2025-10-30,10.1,0.0,83,5.4,Yambol,False,False,False
2025-10-31,10.7,0.0,84,5.5,Yambol,False,False,False
2025-11-01,12.3,0.0,83,8.4,Yambol,False,True,True
2025-11-02,13.0,0.0,89,9.6,Yambol,False,True,True
2025-11-03,12.2,0.0,87,6.5,Yambol,False,False,False
2025-11-04,12.5,1.5,83,8.3,Yambol,False,False,False
2025-11-05,11.8,0.8,75,13.0,Yambol,False,False,False
2025-11-06,10.1,10.4,87,11.8,Yambol,False,False,False
2025-11-07,12.4,4.2,86,18.1,Yambol,False,False,False
2025-11-08,14.5,3.3,88,14.5,Yambol,False,True,True
2025-11-09,15.2,3.8,90,9.8,Yambol,False,True,True
2025-11-10,15.8,10.1,90,13.9,Yambol,False,False,False
2025-11-11,13.9,15.5,85,10.5,Yambol,False,False,False
2025-11-12,12.1,0.3,75,8.5,Yambol,False,False,False
2025-11-13,8.3,0.0,86,4.4,Yambol,False,False,False
2025-11-14,8.0,0.0,89,7.6,Yambol,False,False,False
2025-11-15,8.0,0.0,90,8.3,Yambol,False,True,True
2025-11-16,8.1,0.0,91,6.4,Yambol,False,True,True
2025-11-17,11.2,0.0,89,15.0,Yambol,False,False,False
2025-11-18,16.8,8.0,84,25.2,Yambol,False,False,False
2025-11-19,15.1,14.3,88,28.0,Yambol,False,False,False
2025-11-20,15.3,0.8,83,19.3,Yambol,False,False,False
2025-11-21,16.0,0.2,81,26.0,Yambol,False,False,False
2025-11-22,17.4,0.0,80,18.8,Yambol,False,True,True
2025-11-23,14.1,10.8,86,19.0,Yambol,False,True,True
2025-11-24,7.5,0.0,87,5.8,Yambol,False,False,False
2025-11-25,7.1,0.0,89,9.5,Yambol,False,False,False
2025-11-26,12.8,0.0,87,22.3,Yambol,False,False,False
2025-11-27,14.0,2.0,83,21.9,Yambol,False,False,False
2025-11-28,12.2,6.4,90,13.4,Yambol,False,False,False
2025-11-29,11.0,9.7,95,12.3,Yambol,False,True,True
2025-11-30,8.8,1.9,82,9.7,Yambol,False,True,True
2025-12-01,7.7,0.1,83,6.5,Yambol,False,False,False
2025-12-02,6.7,0.0,88,6.4,Yambol,False,False,False
2025-12-03,8.1,0.0,90,6.4,Yambol,False,False,False
2025-12-04,9.9,0.2,93,15.7,Yambol,False,False,False
2025-12-05,12.4,0.0,85,27.6,Yambol,False,False,False
2025-12-06,10.8,6.5,83,27.2,Yambol,False,True,True
2025-12-07,8.1,0.1,77,17.2,Yambol,False,True,True
2025-12-08,7.9,1.5,81,9.1,Yambol,False,False,False
2025-12-09,7.6,0.0,86,7.2,Yambol,False,False,False
2025-12-10,5.2,0.0,92,7.4,Yambol,False,False,False
2025-12-11,5.1,0.0,92,2.8,Yambol,False,False,False
2025-12-12,6.0,0.0,90,10.3,Yambol,False,False,False
2025-12-13,5.6,0.0,85,10.6,Yambol,False,True,True
2025-12-14,4.7,0.0,88,6.7,Yambol,False,True,True
2025-12-15,3.6,0.0,86,7.1,Yambol,False,False,False
2025-12-16,1.7,0.0,94,6.0,Yambol,False,False,False
2025-12-17,1.7,0.0,96,7.4,Yambol,False,False,False
2025-12-18,0.5,0.0,95,7.1,Yambol,False,False,False
2025-12-19,2.8,0.0,93,5.2,Yambol,False,False,False
2025-12-20,5.1,0.1,94,8.7,Yambol,False,True,True
2025-12-21,7.3,0.0,93,8.5,Yambol,False,True,True
2025-12-22,7.3,0.0,87,13.9,Yambol,False,False,False
2025-12-23,5.0,0.0,87,11.9,Yambol,False,False,False
2025-12-24,6.5,2.3,94,19.5,Yambol,True,False,True
2025-12-25,6.4,15.6,91,29.2,Yambol,True,False,True
2025-12-26,1.9,0.0,83,15.1,Yambol,True,False,True
2025-12-27,3.4,0.0,75,15.2,Yambol,False,True,True
2025-12-28,1.7,2.2,77,34.9,Yambol,False,True,True
2025-12-29,2.4,0.0,65,27.5,Yambol,False,False,False
2025-12-30,1.4,0.0,71,12.6,Yambol,False,False,False
2025-12-31,-0.9,0.0,61,18.5,Yambol,True,False,True
