Customer ,Type,Branding,Status,"Number of 
Equipments",Number of doors
111009,Cooler,Water,placed,5,5
111009,Cooler,Soft Drinks,placed,1,1
111009,Fountain,Soft Drinks,placed,16,0
110455,Fountain,Soft Drinks,placed,1,0
110453,Fountain,Soft Drinks,placed,1,0
111822,Cooler,Water,placed,1,1
110269,Fountain,Soft Drinks,placed,1,0
110750,Cooler,Soft Drinks,placed,1,"0,3"
110750,Fountain,Soft Drinks,placed,1,0
110750,Fountain,Soft Drinks,placed,1,0
110750,Dispenser,Water,placed,1,0
110274,Cooler,Soft Drinks,placed,2,2
110274,Fountain,Soft Drinks,placed,3,0
101119,Cooler,Soft Drinks,placed,1,1
111820,Cooler,Soft Drinks,placed,2,2
110150,Cooler,Soft Drinks,placed,2,"1,3"
110150,Fountain,Soft Drinks,placed,3,0
111818,Cooler,Soft Drinks,placed,2,"1,7"
110990,Fountain,Soft Drinks,placed,9,0
101255,Cooler,Water,placed,1,1
101255,Cooler,Soft Drinks,placed,1,1
101255,Dispenser,Water,placed,1,0
106462,Dispenser,Water,placed,1,0
106480,Dispenser,Water,placed,1,0
106482,Cooler,Energy,placed,1,"0,7"
106482,Dispenser,Water,placed,2,0
106484,Cooler,Soft Drinks,placed,1,"0,3"
106484,Dispenser,Water,placed,1,0
106522,Dispenser,Water,placed,1,0
106543,Dispenser,Water,placed,1,0
107828,Cooler,Soft Drinks,placed,2,"1,3"
102879,Cooler,Water,placed,1,"1,5"
102879,Cooler,Soft Drinks,placed,1,2
102879,Cooler,Energy,placed,1,"0,7"
106575,Dispenser,Water,placed,1,0
105844,Dispenser,Water,placed,1,0
101992,Cooler,Soft Drinks,placed,1,2
110789,Coffee ,Coffee ,placed,2,0
110789,Cooler,Soft Drinks,placed,1,"0,7"
110789,Dispenser,Water,placed,1,0
101008,Cooler,Soft Drinks,placed,1,1
101008,Cooler,Energy,placed,1,1
106516,Cooler,Energy,placed,1,"0,7"
106516,Dispenser,Water,placed,2,0
104936,Cooler,Soft Drinks,placed,1,1
110193,Cooler,Soft Drinks,placed,1,1
107047,Cooler,Soft Drinks,placed,1,1
107152,Cooler,Soft Drinks,placed,1,"0,7"
102208,Cooler,Water,placed,3,4
102208,Cooler,Soft Drinks,placed,1,2
102208,Cooler,Energy,placed,2,"1,4"
102208,Cooler,Energy,placed,1,"0,7"
108622,Cooler,Water,placed,1,2
108622,Cooler,Soft Drinks,placed,3,4
105330,Cooler,Soft Drinks,placed,1,1
111348,Cooler,Soft Drinks,placed,1,2
104423,Cooler,Water,placed,1,1
104423,Cooler,Soft Drinks,placed,1,2
107927,Cooler,Water,placed,1,"1,5"
110771,Coffee,Coffee ,placed,2,0
110771,Cooler,Soft Drinks,placed,1,1
110771,Fountain,Soft Drinks,placed,1,0
110771,Fountain,Soft Drinks,placed,1,0
110771,Dispenser,Water,placed,1,0
110766,Coffee,Coffee ,placed,2,0
110766,Cooler,Soft Drinks,placed,2,"0,6"
110766,Fountain,Soft Drinks,placed,1,0
110766,Fountain,Soft Drinks,placed,1,0
110766,Dispenser,Water,placed,1,0
110769,Coffee,Coffee ,placed,2,0
110769,Cooler,Water,placed,1,1
110769,Cooler,Soft Drinks,placed,2,"0,6"
110769,Fountain,Soft Drinks,placed,1,0
110769,Fountain,Soft Drinks,placed,1,0
110769,Dispenser,Water,placed,1,0
110768,Coffee,Coffee ,placed,2,0
110768,Cooler,Soft Drinks,placed,1,"0,3"
110768,Fountain,Soft Drinks,placed,1,0
110768,Fountain,Soft Drinks,placed,1,0
110768,Dispenser,Water,placed,1,0
102538,Cooler,Water,placed,1,1
102538,Cooler,Soft Drinks,placed,1,"1,5"
107324,Cooler,Soft Drinks,placed,2,4
111680,Cooler,Water,placed,1,"1,5"
105846,Cooler,Energy,placed,1,"0,3"
101166,Cooler,Energy,placed,1,"0,7"
103828,Cooler,Water,placed,3,"3,5"
105790,Cooler,Soft Drinks,placed,1,1
103445,Cooler,Water,placed,1,"1,5"
103445,Cooler,Soft Drinks,placed,1,"1,5"
103445,Cooler,Energy,placed,1,"0,7"
107940,Cooler,Water,placed,1,1
107940,Cooler,Soft Drinks,placed,1,1
100856,Cooler,Water,placed,1,1
100856,Cooler,Soft Drinks,placed,1,1
100664,Cooler,Soft Drinks,placed,1,1
101699,Cooler,Water,placed,1,1
101699,Cooler,Soft Drinks,placed,1,2
111284,Coffee,Coffee ,placed,1,0
111284,Cooler,Soft Drinks,placed,1,1
106709,Cooler,Soft Drinks,placed,2,"2,3"
103212,Cooler,Water,placed,2,"2,5"
103212,Cooler,Soft Drinks,placed,1,2
110365,Cooler,Soft Drinks,placed,1,1
105952,Cooler,Water,placed,2,2
105952,Dispenser,Water,placed,1,0
100029,Cooler,Water,placed,1,"1,5"
100029,Cooler,Energy,placed,1,"0,7"
110880,Cooler,Soft Drinks,placed,7,5
110880,Cooler,Energy,placed,1,"0,7"
109641,Cooler,Soft Drinks,placed,1,1
103255,Cooler,Soft Drinks,placed,1,2
100257,Cooler,Soft Drinks,placed,1,2
111413,Cooler,Water,placed,1,1
111413,Cooler,Soft Drinks,placed,1,1
109420,Cooler,Water,placed,1,1
105210,Cooler,Soft Drinks,placed,1,"0,7"
104310,Cooler,Soft Drinks,placed,1,2
104310,Cooler,Energy,placed,1,"0,7"
106250,Coffee,Coffee ,placed,2,0
106250,Cooler,Water,placed,1,1
106250,Cooler,Soft Drinks,placed,5,10
100637,Cooler,Soft Drinks,placed,1,1
110595,Cooler,Water,placed,1,1
110595,Cooler,Soft Drinks,placed,2,"2,5"
103562,Cooler,Water,placed,1,1
103562,Cooler,Soft Drinks,placed,2,3
103562,Cooler,Energy,placed,1,"0,7"
105459,Cooler,Juice,placed,1,"0,7"
101707,Cooler,Soft Drinks,placed,2,2
104858,Cooler,Soft Drinks,placed,2,"2,3"
104858,Cooler,Juice,placed,1,"0,3"
104858,Cooler,Energy,placed,1,"0,3"
110168,Cooler,Soft Drinks,placed,1,"0,3"
110168,Fountain,Soft Drinks,placed,3,0
110555,Fountain,Soft Drinks,placed,2,0
110555,Dispenser,Water,placed,1,0
101231,Cooler,Soft Drinks,placed,1,1
106231,Cooler,Energy,placed,1,"0,7"
100126,Cooler,Water,placed,1,"1,5"
100126,Cooler,Soft Drinks,placed,2,3
100126,Cooler,Energy,placed,1,"0,7"
106339,Cooler,Soft Drinks,placed,1,"0,3"
106339,Cooler,Energy,placed,1,"0,7"
111848,Cooler,Water,placed,2,2
111848,Cooler,Soft Drinks,placed,1,2
100944,Cooler,Soft Drinks,placed,1,2
112013,Cooler,Soft Drinks,placed,1,1
100942,Cooler,Soft Drinks,placed,1,2
100948,Cooler,Soft Drinks,placed,1,2
108078,Cooler,Soft Drinks,placed,1,1
104018,Cooler,Energy,placed,1,"0,7"
103521,Cooler,Water,placed,1,"1,5"
103521,Cooler,Soft Drinks,placed,1,2
103521,Cooler,Energy,placed,1,"0,7"
111964,Cooler,Water,placed,1,"1,5"
111964,Cooler,Soft Drinks,placed,1,"1,5"
100762,Cooler,Water,placed,1,"1,5"
100762,Cooler,Soft Drinks,placed,1,"1,5"
100762,Cooler,Energy,placed,1,"0,7"
106719,Cooler,Water,placed,1,1
106719,Cooler,Soft Drinks,placed,1,2
103520,Cooler,Water,placed,1,1
104024,Cooler,Water,placed,1,1
104024,Cooler,Soft Drinks,placed,1,1
100761,Cooler,Water,placed,2,3
104256,Cooler,Water,placed,1,"1,5"
104256,Cooler,Soft Drinks,placed,1,2
103519,Cooler,Water,placed,1,"1,5"
103519,Cooler,Soft Drinks,placed,1,2
104025,Cooler,Water,placed,1,"1,5"
104025,Cooler,Soft Drinks,placed,1,"1,5"
104461,Cooler,Soft Drinks,placed,1,"1,5"
103390,Cooler,Soft Drinks,placed,1,1
103397,Cooler,Water,placed,1,1
103397,Cooler,Soft Drinks,placed,1,2
104180,Cooler,Soft Drinks,placed,2,"2,2"
104058,Cooler,Soft Drinks,placed,1,2
106283,Cooler,Soft Drinks,placed,1,"1,5"
100158,Cooler,Soft Drinks,placed,1,1
104422,Cooler,Soft Drinks,placed,1,"1,5"
104422,Cooler,Energy,placed,1,1
100286,Cooler,Water,placed,1,1
100286,Cooler,Soft Drinks,placed,1,2
100758,Coffee,Coffee ,placed,1,0
100758,Cooler,Water,placed,3,"4,5"
100758,Cooler,Soft Drinks,placed,2,"1,8"
100758,Cooler,Energy,placed,1,"0,7"
100757,Coffee,Coffee ,placed,1,0
100757,Cooler,Water,placed,2,"3,5"
100757,Cooler,Soft Drinks,placed,2,"1,8"
100757,Cooler,Energy,placed,1,"0,7"
103536,Cooler,Soft Drinks,placed,1,"1,5"
102935,Cooler,Water,placed,1,1
102935,Cooler,Soft Drinks,placed,1,2
102935,Cooler,Energy,placed,1,"0,7"
102935,Cooler,Energy,placed,1,"0,7"
106282,Cooler,Soft Drinks,placed,1,"1,5"
103100,Cooler,Water,placed,2,"2,5"
103100,Cooler,Soft Drinks,placed,1,"1,5"
103101,Cooler,Water,placed,1,1
103101,Cooler,Soft Drinks,placed,1,2
104122,Cooler,Water,placed,2,2
104122,Cooler,Soft Drinks,placed,1,2
104122,Cooler,Energy,placed,1,"0,7"
104098,Cooler,Water,placed,1,1
104091,Cooler,Soft Drinks,placed,1,1
111977,Cooler,Water,placed,1,1
102675,Cooler,Soft Drinks,placed,1,1
103417,Cooler,Water,placed,1,"1,5"
104472,Cooler,Water,placed,1,1
111968,Cooler,Soft Drinks,placed,1,2
111968,Cooler,Energy,placed,1,"0,7"
103456,Cooler,Soft Drinks,placed,1,"1,5"
103694,Cooler,Water,placed,1,2
103694,Cooler,Soft Drinks,placed,1,2
111974,Coffee,Coffee ,placed,2,0
111974,Cooler,Soft Drinks,placed,1,"1,5"
106723,Cooler,Water,placed,3,5
106723,Cooler,Energy,placed,1,"0,7"
100801,Cooler,Soft Drinks,placed,3,6
100801,Cooler,Energy,placed,1,"0,7"
112007,Cooler,Water,placed,1,1
112007,Cooler,Soft Drinks,placed,1,1
112007,Cooler,Energy,placed,1,"0,7"
103394,Cooler,Soft Drinks,placed,1,2
104438,Cooler,Water,placed,1,1
104438,Cooler,Soft Drinks,placed,1,1
105280,Cooler,Soft Drinks,placed,1,1
104418,Cooler,Water,placed,1,1
104418,Cooler,Soft Drinks,placed,1,1
104627,Cooler,Water,placed,1,1
104627,Cooler,Soft Drinks,placed,1,1
102627,Cooler,Soft Drinks,placed,1,1
102676,Cooler,Soft Drinks,placed,1,1
102673,Cooler,Soft Drinks,placed,1,1
101064,Cooler,Soft Drinks,placed,1,2
101064,Cooler,Energy,placed,1,"0,7"
104435,Cooler,Water,placed,1,"1,5"
104435,Cooler,Soft Drinks,placed,1,"1,5"
106661,Cooler,Water,placed,1,1
106661,Cooler,Soft Drinks,placed,2,3
106661,Cooler,Energy,placed,1,"0,7"
104436,Cooler,Water,placed,1,1
104436,Cooler,Soft Drinks,placed,1,1
104437,Cooler,Soft Drinks,placed,1,2
106738,Cooler,Soft Drinks,placed,2,3
106738,Cooler,Energy,placed,1,"0,7"
107214,Cooler,Soft Drinks,placed,1,"1,5"
102714,Cooler,Soft Drinks,placed,1,2
102714,Cooler,Energy,placed,1,1
102841,Cooler,Water,placed,1,1
102841,Cooler,Soft Drinks,placed,1,1
112026,Cooler,Soft Drinks,placed,2,"3,5"
106995,Cooler,Soft Drinks,placed,1,1
107282,Cooler,Water,placed,1,1
107282,Cooler,Soft Drinks,placed,1,"1,5"
104796,Cooler,Water,placed,1,1
104725,Cooler,Soft Drinks,placed,1,"1,5"
104725,Cooler,Energy,placed,1,"0,7"
102681,Cooler,Water,placed,1,"1,5"
102681,Cooler,Soft Drinks,placed,1,"1,5"
100701,Cooler,Soft Drinks,placed,1,"1,5"
101178,Cooler,Water,placed,1,1
101303,Cooler,Soft Drinks,placed,1,1
102718,Cooler,Soft Drinks,placed,1,2
104704,Cooler,Water,placed,1,1
102720,Cooler,Soft Drinks,placed,1,1
111950,Cooler,Soft Drinks,placed,1,2
111950,Cooler,Energy,placed,1,"0,7"
112019,Coffee,Coffee ,placed,1,0
112019,Cooler,Water,placed,1,"1,5"
112019,Cooler,Soft Drinks,placed,1,2
112019,Cooler,Energy,placed,1,"0,7"
104778,Cooler,Water,placed,1,"1,5"
104778,Cooler,Soft Drinks,placed,1,"1,5"
104778,Cooler,Energy,placed,1,"0,7"
104774,Cooler,Soft Drinks,placed,1,2
102721,Cooler,Soft Drinks,placed,2,3
106269,Cooler,Water,placed,1,"1,5"
106269,Cooler,Soft Drinks,placed,1,2
107251,Cooler,Soft Drinks,placed,1,1
107251,Cooler,Energy,placed,1,"0,7"
112022,Cooler,Water,placed,1,2
112022,Cooler,Soft Drinks,placed,1,2
101179,Cooler,Soft Drinks,placed,1,2
101305,Cooler,Soft Drinks,placed,1,"1,5"
101305,Cooler,Energy,placed,1,"0,7"
104795,Cooler,Water,placed,1,1
104795,Cooler,Soft Drinks,placed,1,1
104795,Cooler,Energy,placed,1,"0,7"
104777,Cooler,Water,placed,1,1
104777,Cooler,Soft Drinks,placed,1,"1,5"
104758,Cooler,Water,placed,1,1
104776,Cooler,Water,placed,1,2
101052,Cooler,Water,placed,2,2
101052,Cooler,Soft Drinks,placed,1,2
101052,Cooler,Energy,placed,1,"0,7"
106739,Cooler,Water,placed,1,2
106739,Cooler,Soft Drinks,placed,1,2
106739,Cooler,Energy,placed,1,"0,7"
100282,Cooler,Soft Drinks,placed,1,1
102677,Cooler,Water,placed,1,1
102677,Cooler,Soft Drinks,placed,1,2
102701,Cooler,Water,placed,1,2
104789,Cooler,Water,placed,1,"1,5"
104789,Cooler,Soft Drinks,placed,1,"1,5"
104773,Cooler,Water,placed,1,1
104773,Cooler,Soft Drinks,placed,1,2
104771,Cooler,Water,placed,1,"1,5"
104771,Cooler,Soft Drinks,placed,1,1
102691,Cooler,Water,placed,2,"2,5"
102691,Cooler,Soft Drinks,placed,2,3
104757,Cooler,Juice,placed,1,1
104764,Cooler,Water,placed,1,"1,5"
104764,Cooler,Soft Drinks,placed,1,2
104783,Cooler,Water,placed,1,"1,5"
104783,Cooler,Soft Drinks,placed,1,"1,5"
100687,Cooler,Water,placed,1,1
100687,Cooler,Soft Drinks,placed,1,2
101054,Cooler,Water,placed,2,3
101054,Cooler,Soft Drinks,placed,1,"1,5"
101054,Cooler,Energy,placed,1,"0,7"
104791,Cooler,Soft Drinks,placed,1,2
102726,Cooler,Soft Drinks,placed,1,"1,5"
103350,Cooler,Soft Drinks,placed,2,"3,5"
103350,Cooler,Energy,placed,1,"0,7"
103338,Cooler,Water,placed,1,"1,5"
103338,Cooler,Soft Drinks,placed,2,"3,5"
103338,Cooler,Energy,placed,1,"0,7"
100149,Cooler,Water,placed,1,"1,5"
100149,Cooler,Soft Drinks,placed,1,2
109287,Cooler,Soft Drinks,placed,1,1
110881,Cooler,Soft Drinks,placed,1,1
110129,Cooler,Water,placed,1,1
100299,Cooler,Water,placed,1,1
105641,Cooler,Soft Drinks,placed,4,"3,3"
100146,Cooler,Water,placed,1,"1,5"
100146,Cooler,Soft Drinks,placed,1,2
107243,Cooler,Soft Drinks,placed,1,2
107243,Cooler,Energy,placed,1,"0,7"
111328,Cooler,Soft Drinks,placed,2,2
100992,Cooler,Water,placed,2,4
100992,Cooler,Soft Drinks,placed,1,2
111955,Coffee,Coffee ,placed,2,0
105287,Cooler,Soft Drinks,placed,3,4
105287,Fountain,Soft Drinks,placed,1,0
105465,Cooler,Water,placed,2,"2,5"
105465,Cooler,Soft Drinks,placed,2,"2,3"
100507,Cooler,Water,placed,2,3
100507,Cooler,Soft Drinks,placed,3,"4,5"
100507,Cooler,Energy,placed,2,"1,4"
107839,Cooler,Soft Drinks,placed,1,1
100144,Cooler,Soft Drinks,placed,1,2
110492,Cooler,Soft Drinks,placed,1,1
110492,Cooler,Energy,placed,1,"0,7"
103377,Cooler,Water,placed,1,"1,5"
103377,Cooler,Soft Drinks,placed,1,2
103377,Cooler,Energy,placed,1,"0,7"
106477,Cooler,Soft Drinks,placed,1,"0,7"
100792,Cooler,Water,placed,1,1
100792,Cooler,Soft Drinks,placed,1,"1,5"
100792,Cooler,Energy,placed,1,"0,7"
100928,Cooler,Soft Drinks,placed,1,1
111892,Cooler,Water,placed,1,1
106487,Cooler,Energy,placed,1,"0,7"
108259,Cooler,Soft Drinks,placed,1,1
108259,Cooler,Juice,placed,1,1
103786,Cooler,Water,placed,1,1
103786,Cooler,Soft Drinks,placed,1,"1,5"
103785,Cooler,Soft Drinks,placed,1,2
105458,Cooler,Water,placed,1,1
104248,Cooler,Soft Drinks,placed,1,2
110823,Cooler,Soft Drinks,placed,1,1
101243,Cooler,Water,placed,1,1
101244,Cooler,Soft Drinks,placed,1,1
100994,Cooler,Water,placed,1,1
100994,Cooler,Juice,placed,1,1
100788,Cooler,Water,placed,1,1
111975,Cooler,Water,placed,1,"1,5"
111975,Cooler,Soft Drinks,placed,1,2
104109,Cooler,Water,placed,1,1
104109,Cooler,Soft Drinks,placed,1,2
104109,Dispenser,Water,placed,1,0
104082,Cooler,Water,placed,1,"1,5"
104082,Cooler,Soft Drinks,placed,1,2
107838,Cooler,Water,placed,1,1
107838,Cooler,Soft Drinks,placed,2,2
105200,Cooler,Energy,placed,1,"0,7"
105461,Cooler,Water,placed,1,"1,5"
106322,Cooler,Soft Drinks,placed,1,"0,7"
105772,Cooler,Soft Drinks,placed,1,1
105546,Cooler,Water,placed,2,3
109522,Cooler,Soft Drinks,placed,1,1
103412,Cooler,Water,placed,1,1
103412,Cooler,Soft Drinks,placed,1,2
105125,Cooler,Soft Drinks,placed,1,1
103784,Cooler,Water,placed,1,"1,5"
103784,Cooler,Soft Drinks,placed,1,"1,5"
105306,Cooler,Soft Drinks,placed,1,1
108352,Cooler,Water,placed,1,1
108352,Cooler,Soft Drinks,placed,1,1
108050,Cooler,Water,placed,3,3
108050,Cooler,Soft Drinks,placed,2,3
108050,Dispenser,Water,placed,1,0
108070,Cooler,Water,placed,1,1
108070,Cooler,Soft Drinks,placed,1,"1,5"
104508,Cooler,Water,placed,2,2
104508,Cooler,Soft Drinks,placed,2,"2,7"
104508,Cooler,Energy,placed,1,"0,7"
104508,Dispenser,Water,placed,1,0
100756,Cooler,Soft Drinks,placed,1,1
107121,Cooler,Water,placed,1,"1,5"
107121,Cooler,Soft Drinks,placed,1,"1,5"
111417,Cooler,Soft Drinks,placed,1,"1,5"
101016,Cooler,Water,placed,2,2
107248,Cooler,Soft Drinks,placed,1,2
107248,Cooler,Energy,placed,1,"0,7"
106611,Cooler,Soft Drinks,placed,1,1
101374,Cooler,Energy,placed,2,1
108790,Cooler,Soft Drinks,placed,1,2
108790,Cooler,Juice,placed,1,1
108052,Cooler,Water,placed,3,3
108052,Cooler,Soft Drinks,placed,4,5
108052,Dispenser,Water,placed,2,0
112071,Cooler,Soft Drinks,placed,1,1
106441,Cooler,Soft Drinks,placed,1,1
100528,Cooler,Water,placed,1,"1,5"
100528,Cooler,Soft Drinks,placed,1,"1,5"
108657,Cooler,Water,placed,1,1
100508,Cooler,Soft Drinks,placed,2,"3,5"
111799,Cooler,Soft Drinks,placed,1,2
108907,Cooler,Soft Drinks,placed,1,1
108356,Cooler,Water,placed,1,1
105116,Cooler,Soft Drinks,placed,2,"1,7"
110949,Cooler,Water,placed,4,"4,5"
110949,Cooler,Soft Drinks,placed,6,"8,3"
110949,Cooler,Juice,placed,2,3
110949,Fountain,Soft Drinks,placed,4,0
111190,Cooler,Water,placed,2,2
111190,Cooler,Soft Drinks,placed,6,"5,6"
111190,Dispenser,Water,placed,1,0
100496,Cooler,Soft Drinks,placed,2,2
108656,Cooler,Soft Drinks,placed,1,1
108656,Cooler,Energy,placed,1,"0,3"
104083,Cooler,Water,placed,2,"2,5"
104083,Cooler,Soft Drinks,placed,2,3
108044,Cooler,Soft Drinks,placed,1,"1,5"
100529,Cooler,Water,placed,2,2
100529,Cooler,Energy,placed,1,"0,7"
100529,Cooler,Energy,placed,1,"0,7"
108652,Cooler,Water,placed,3,3
108652,Cooler,Soft Drinks,placed,2,"1,7"
108652,Cooler,Juice,placed,1,1
108882,Cooler,Soft Drinks,placed,4,4
109732,Cooler,Soft Drinks,placed,1,1
109125,Cooler,Soft Drinks,placed,3,"2,7"
109125,Dispenser,Water,placed,1,0
106825,Cooler,Soft Drinks,placed,1,1
109126,Cooler,Soft Drinks,placed,1,1
107640,Cooler,Water,placed,1,1
107640,Cooler,Soft Drinks,placed,1,1
107640,Cooler,Juice,placed,1,1
107924,Cooler,Water,placed,1,1
107924,Cooler,Soft Drinks,placed,1,"0,7"
107924,Cooler,Energy,placed,1,1
102305,Cooler,Soft Drinks,placed,1,1
108457,Cooler,Soft Drinks,placed,1,2
108457,Cooler,Juice,placed,1,2
109103,Cooler,Soft Drinks,placed,1,1
109103,Cooler,Juice,placed,1,1
108663,Cooler,Water,placed,1,1
108663,Cooler,Juice,placed,1,1
108793,Cooler,Juice,placed,1,2
108802,Cooler,Juice,placed,1,1
108805,Cooler,Water,placed,1,1
108805,Cooler,Juice,placed,1,2
106190,Cooler,Water,placed,1,1
105132,Cooler,Soft Drinks,placed,1,1
105132,Cooler,Juice,placed,1,"0,3"
109497,Cooler,Soft Drinks,placed,1,2
103682,Cooler,Soft Drinks,placed,1,1
109104,Cooler,Soft Drinks,placed,1,"0,7"
109104,Cooler,Juice,placed,1,2
109104,Dispenser,Water,placed,1,0
109789,Cooler,Soft Drinks,placed,1,1
109129,Cooler,Soft Drinks,placed,1,"0,7"
109129,Cooler,Juice,placed,1,1
110954,Cooler,Soft Drinks,placed,4,"3,4"
110954,Fountain,Soft Drinks,placed,3,0
110954,Dispenser,Water,placed,1,0
109755,Cooler,Juice,placed,1,1
107840,Cooler,Soft Drinks,placed,1,1
108355,Cooler,Soft Drinks,placed,1,1
108355,Cooler,Juice,placed,1,1
109197,Cooler,Water,placed,1,1
109197,Cooler,Soft Drinks,placed,1,1
109192,Cooler,Soft Drinks,placed,2,3
108382,Cooler,Soft Drinks,placed,3,"2,3"
108382,Cooler,Juice,placed,1,2
108382,Dispenser,Water,placed,1,0
108796,Cooler,Water,placed,4,4
108796,Cooler,Soft Drinks,placed,3,4
108796,Cooler,Juice,placed,2,3
108796,Cooler,Energy,placed,1,"0,3"
108796,Dispenser,Water,placed,2,0
108354,Cooler,Water,placed,1,1
108354,Cooler,Soft Drinks,placed,2,3
108354,Cooler,Juice,placed,1,1
101363,Cooler,Water,placed,2,2
101363,Cooler,Juice,placed,1,1
108658,Cooler,Soft Drinks,placed,1,"0,3"
109204,Cooler,Juice,placed,1,1
109203,Cooler,Soft Drinks,placed,1,1
106572,Cooler,Soft Drinks,placed,1,1
108797,Cooler,Water,placed,1,1
108797,Cooler,Soft Drinks,placed,1,"1,5"
108797,Cooler,Juice,placed,2,"1,3"
108797,Dispenser,Water,placed,2,0
109202,Cooler,Juice,placed,1,1
107641,Cooler,Juice,placed,1,1
109201,Cooler,Water,placed,1,1
108798,Cooler,Soft Drinks,placed,1,1
108660,Cooler,Water,placed,1,1
108660,Cooler,Juice,placed,1,1
108660,Cooler,Energy,placed,1,"0,3"
105111,Cooler,Soft Drinks,placed,1,2
105196,Cooler,Water,placed,1,1
105196,Cooler,Soft Drinks,placed,1,"0,7"
108868,Cooler,Water,placed,1,1
107098,Cooler,Soft Drinks,placed,1,1
107239,Cooler,Soft Drinks,placed,2,3
112004,Cooler,Water,placed,1,"1,5"
112004,Cooler,Soft Drinks,placed,1,"1,5"
112004,Cooler,Energy,placed,1,"0,7"
106376,Cooler,Soft Drinks,placed,1,1
106376,Cooler,Energy,placed,1,"0,3"
108789,Cooler,Water,placed,1,1
108789,Cooler,Soft Drinks,placed,1,1
110960,Cooler,Water,placed,3,"3,5"
110960,Cooler,Soft Drinks,placed,5,"5,8"
110960,Fountain,Soft Drinks,placed,4,0
108806,Cooler,Water,placed,1,1
108661,Cooler,Soft Drinks,placed,1,1
109190,Cooler,Soft Drinks,placed,2,3
105554,Cooler,Soft Drinks,placed,1,1
108353,Cooler,Water,placed,1,"1,5"
109083,Cooler,Juice,placed,1,1
108801,Cooler,Soft Drinks,placed,1,1
108801,Dispenser,Water,placed,2,0
105531,Cooler,Water,placed,1,1
109074,Cooler,Soft Drinks,placed,1,"1,5"
108357,Cooler,Water,placed,1,1
108357,Cooler,Soft Drinks,placed,1,"1,5"
105212,Cooler,Soft Drinks,placed,1,2
100926,Cooler,Water,placed,1,1
100926,Cooler,Soft Drinks,placed,1,1
108563,Cooler,Soft Drinks,placed,1,1
108045,Cooler,Water,placed,1,1
108045,Cooler,Soft Drinks,placed,2,2
108841,Cooler,Juice,placed,1,1
105308,Cooler,Soft Drinks,placed,1,1
102296,Cooler,Water,placed,1,"1,5"
102296,Cooler,Soft Drinks,placed,2,3
106878,Cooler,Soft Drinks,placed,2,"1,7"
107111,Cooler,Soft Drinks,placed,1,"1,5"
106841,Cooler,Water,placed,1,1
108048,Cooler,Juice,placed,1,"0,3"
109206,Cooler,Soft Drinks,placed,1,"0,3"
109206,Cooler,Juice,placed,1,"0,3"
101263,Cooler,Water,placed,1,"1,5"
101263,Cooler,Soft Drinks,placed,1,1
106370,Cooler,Energy,placed,1,"0,3"
103782,Cooler,Soft Drinks,placed,1,1
108671,Cooler,Soft Drinks,placed,1,1
109417,Cooler,Soft Drinks,placed,1,1
104080,Cooler,Water,placed,1,1
104080,Cooler,Soft Drinks,placed,2,2
103687,Cooler,Juice,placed,1,1
100268,Cooler,Soft Drinks,placed,1,1
104094,Cooler,Soft Drinks,placed,1,1
100185,Cooler,Soft Drinks,placed,1,1
103983,Cooler,Soft Drinks,placed,1,1
103916,Cooler,Water,placed,1,"1,5"
103916,Cooler,Soft Drinks,placed,1,2
105462,Cooler,Soft Drinks,placed,1,1
106565,Cooler,Soft Drinks,placed,1,"0,7"
107458,Cooler,Soft Drinks,placed,1,1
104128,Cooler,Soft Drinks,placed,1,1
108654,Cooler,Water,placed,1,1
108654,Cooler,Soft Drinks,placed,1,1
105559,Cooler,Soft Drinks,placed,2,2
111670,Cooler,Water,placed,1,1
111670,Cooler,Soft Drinks,placed,1,1
104919,Cooler,Water,placed,1,1
108846,Cooler,Water,placed,1,1
108846,Cooler,Soft Drinks,placed,1,1
106317,Cooler,Soft Drinks,placed,1,2
109078,Cooler,Soft Drinks,placed,1,1
110153,Cooler,Juice,placed,1,"0,7"
106314,Cooler,Water,placed,1,1
106314,Cooler,Soft Drinks,placed,3,"4,5"
108140,Cooler,Water,placed,1,1
108140,Cooler,Soft Drinks,placed,1,1
108141,Cooler,Water,placed,1,1
108141,Cooler,Soft Drinks,placed,1,1
108141,Cooler,Juice,placed,1,1
108141,Dispenser,Water,placed,1,0
100519,Cooler,Water,placed,1,1
100519,Cooler,Soft Drinks,placed,1,2
108614,Cooler,Soft Drinks,placed,1,"0,7"
107466,Cooler,Soft Drinks,placed,1,1
105225,Cooler,Soft Drinks,placed,1,1
106443,Cooler,Soft Drinks,placed,1,1
107932,Cooler,Soft Drinks,placed,1,2
107932,Cooler,Juice,placed,1,1
101371,Cooler,Soft Drinks,placed,3,"3,3"
111206,Cooler,Soft Drinks,placed,1,1
111206,Cooler,Energy,placed,2,"1,7"
111206,Dispenser,Water,placed,1,0
108490,Cooler,Soft Drinks,placed,1,1
108852,Cooler,Soft Drinks,placed,3,"4,5"
104907,Cooler,Soft Drinks,placed,4,4
107462,Cooler,Soft Drinks,placed,3,4
107462,Fountain,Soft Drinks,placed,1,0
108629,Cooler,Water,placed,1,1
108629,Cooler,Soft Drinks,placed,1,1
108629,Cooler,Juice,placed,1,1
111195,Cooler,Water,placed,3,3
111195,Cooler,Soft Drinks,placed,1,1
111195,Cooler,Soft Drinks,placed,6,6
107843,Cooler,Water,placed,1,1
106313,Cooler,Water,placed,1,"1,5"
106313,Cooler,Soft Drinks,placed,1,2
100142,Cooler,Water,placed,1,1
104078,Cooler,Soft Drinks,placed,1,2
108780,Cooler,Soft Drinks,placed,1,1
108792,Cooler,Soft Drinks,placed,1,1
108791,Cooler,Soft Drinks,placed,2,2
109069,Cooler,Soft Drinks,placed,2,2
109134,Cooler,Soft Drinks,placed,1,1
108505,Cooler,Soft Drinks,placed,1,1
109080,Cooler,Soft Drinks,placed,3,"2,1"
108616,Cooler,Soft Drinks,placed,1,1
108613,Cooler,Water,placed,2,3
108613,Cooler,Energy,placed,2,"0,6"
107450,Cooler,Soft Drinks,placed,1,1
109471,Cooler,Soft Drinks,placed,1,1
110139,Cooler,Soft Drinks,placed,1,1
105183,Cooler,Soft Drinks,placed,3,3
102234,Cooler,Water,placed,1,1
102234,Cooler,Soft Drinks,placed,1,2
105058,Cooler,Soft Drinks,placed,1,1
105208,Cooler,Soft Drinks,placed,1,2
109164,Cooler,Soft Drinks,placed,1,1
108830,Cooler,Soft Drinks,placed,1,1
106140,Cooler,Soft Drinks,placed,1,"1,5"
108987,Cooler,Soft Drinks,placed,1,1
104900,Cooler,Soft Drinks,placed,1,1
103485,Cooler,Soft Drinks,placed,1,"1,5"
103468,Cooler,Soft Drinks,placed,1,"1,5"
103468,Cooler,Energy,placed,1,1
109082,Cooler,Juice,placed,1,1
107457,Cooler,Soft Drinks,placed,2,"1,3"
100518,Cooler,Soft Drinks,placed,3,5
108788,Cooler,Juice,placed,1,1
108331,Cooler,Soft Drinks,placed,1,1
107459,Cooler,Soft Drinks,placed,1,1
107459,Cooler,Energy,placed,1,"0,3"
107488,Cooler,Water,placed,1,1
107488,Cooler,Soft Drinks,placed,1,1
108464,Cooler,Juice,placed,1,1
109150,Cooler,Soft Drinks,placed,3,2
109150,Cooler,Juice,placed,2,"1,3"
108513,Cooler,Soft Drinks,placed,1,2
104077,Cooler,Soft Drinks,placed,1,2
103943,Cooler,Water,placed,1,"1,5"
103943,Cooler,Soft Drinks,placed,1,2
108145,Cooler,Soft Drinks,placed,1,1
107487,Cooler,Soft Drinks,placed,1,1
104259,Cooler,Water,placed,1,1
104259,Cooler,Soft Drinks,placed,1,1
103984,Cooler,Water,placed,1,1
103984,Cooler,Soft Drinks,placed,2,"3,5"
103984,Cooler,Energy,placed,1,"0,7"
104222,Cooler,Soft Drinks,placed,1,1
110696,Cooler,Soft Drinks,placed,1,1
111682,Cooler,Soft Drinks,placed,1,1
104096,Cooler,Soft Drinks,placed,1,1
106699,Cooler,Soft Drinks,placed,2,4
109791,Cooler,Water,placed,1,1
109791,Cooler,Soft Drinks,placed,1,1
104497,Cooler,Water,placed,1,1
104497,Cooler,Soft Drinks,placed,1,"1,5"
104497,Cooler,Energy,placed,1,"0,7"
111888,Cooler,Juice,placed,1,1
104507,Cooler,Soft Drinks,placed,2,3
103779,Cooler,Soft Drinks,placed,1,2
104076,Cooler,Soft Drinks,placed,2,2
106375,Cooler,Soft Drinks,placed,1,1
104066,Cooler,Water,placed,1,"1,5"
104066,Cooler,Soft Drinks,placed,1,"1,5"
109913,Cooler,Soft Drinks,placed,1,1
103985,Cooler,Water,placed,2,"2,5"
103985,Cooler,Soft Drinks,placed,1,2
103985,Cooler,Energy,placed,1,"0,7"
107468,Cooler,Soft Drinks,placed,1,2
104488,Cooler,Water,placed,1,1
104488,Cooler,Soft Drinks,placed,1,2
104488,Cooler,Energy,placed,1,"0,7"
104074,Cooler,Water,placed,3,3
104074,Cooler,Soft Drinks,placed,1,2
104074,Cooler,Energy,placed,1,"0,7"
107811,Cooler,Soft Drinks,placed,5,5
106701,Cooler,Water,placed,1,"1,5"
106701,Dispenser,Water,placed,1,0
109152,Cooler,Soft Drinks,placed,1,1
105427,Cooler,Soft Drinks,placed,2,"2,5"
105427,Dispenser,Water,placed,1,0
108956,Cooler,Water,placed,1,1
108956,Cooler,Soft Drinks,placed,4,6
108956,Dispenser,Water,placed,2,0
108515,Cooler,Juice,placed,1,1
107455,Cooler,Soft Drinks,placed,3,4
107884,Cooler,Water,placed,1,1
107884,Cooler,Juice,placed,1,1
100214,Cooler,Energy,placed,1,"0,7"
100517,Cooler,Soft Drinks,placed,2,4
106320,Cooler,Water,placed,1,1
106320,Cooler,Soft Drinks,placed,1,"1,5"
109726,Cooler,Soft Drinks,placed,1,"1,5"
108822,Cooler,Soft Drinks,placed,1,1
106764,Cooler,Soft Drinks,placed,2,2
109029,Cooler,Water,placed,1,1
109039,Cooler,Water,placed,1,1
108781,Cooler,Water,placed,1,1
108781,Cooler,Soft Drinks,placed,1,2
108781,Cooler,Juice,placed,1,"0,3"
108937,Cooler,Water,placed,1,1
108937,Cooler,Soft Drinks,placed,1,1
111321,Cooler,Soft Drinks,placed,1,1
111321,Cooler,Energy,placed,1,"0,7"
107894,Cooler,Soft Drinks,placed,1,1
107894,Dispenser,Water,placed,1,0
109079,Cooler,Water,placed,2,2
109079,Cooler,Soft Drinks,placed,1,1
109079,Cooler,Juice,placed,1,1
106556,Cooler,Water,placed,1,1
107886,Cooler,Water,placed,1,1
107886,Cooler,Soft Drinks,placed,1,2
107867,Cooler,Soft Drinks,placed,1,"1,5"
104898,Cooler,Soft Drinks,placed,1,1
103467,Cooler,Water,placed,1,"1,5"
103467,Cooler,Soft Drinks,placed,1,2
103467,Cooler,Energy,placed,1,"0,7"
111024,Cooler,Water,placed,2,2
111024,Cooler,Soft Drinks,placed,4,4
111024,Cooler,Juice,placed,2,2
111024,Fountain,Soft Drinks,placed,10,0
108317,Cooler,Soft Drinks,placed,1,1
105317,Cooler,Soft Drinks,placed,1,1
103466,Cooler,Water,placed,2,3
103466,Cooler,Energy,placed,1,"0,7"
103465,Cooler,Soft Drinks,placed,2,"1,7"
110089,Cooler,Soft Drinks,placed,1,1
107878,Cooler,Water,placed,1,1
107186,Cooler,Water,placed,1,"1,5"
107186,Cooler,Soft Drinks,placed,1,2
107928,Cooler,Water,placed,2,2
107928,Cooler,Soft Drinks,placed,2,3
100262,Cooler,Water,placed,1,1
108074,Cooler,Water,placed,1,1
108074,Dispenser,Water,placed,1,0
110176,Cooler,Energy,placed,1,"0,7"
108633,Cooler,Juice,placed,1,1
108328,Cooler,Soft Drinks,placed,1,1
107461,Cooler,Soft Drinks,placed,1,2
108634,Cooler,Water,placed,1,1
108634,Cooler,Soft Drinks,placed,2,2
108619,Fountain,Soft Drinks,placed,1,0
100134,Cooler,Soft Drinks,placed,1,2
111178,Cooler,Soft Drinks,placed,3,4
111178,Cooler,Energy,placed,1,"0,3"
111178,Cooler,Juice,placed,1,1
109769,Cooler,Energy,placed,1,"0,3"
107963,Cooler,Soft Drinks,placed,1,1
106246,Cooler,Water,placed,1,1
106246,Cooler,Soft Drinks,placed,1,1
105234,Cooler,Juice,placed,2,2
105236,Cooler,Soft Drinks,placed,1,1
105236,Cooler,Energy,placed,1,"0,3"
103574,Cooler,Water,placed,1,2
103574,Cooler,Soft Drinks,placed,1,2
107955,Cooler,Water,placed,1,1
102139,Cooler,Water,placed,2,2
102139,Cooler,Soft Drinks,placed,1,"1,5"
102139,Cooler,Energy,placed,1,"0,7"
102213,Cooler,Water,placed,2,"2,5"
102213,Cooler,Soft Drinks,placed,2,3
102213,Cooler,Energy,placed,1,"0,7"
103608,Cooler,Soft Drinks,placed,1,1
100241,Cooler,Water,placed,1,1
100241,Cooler,Soft Drinks,placed,1,1
106284,Cooler,Soft Drinks,placed,1,"0,7"
111769,Cooler,Water,placed,1,1
111769,Cooler,Soft Drinks,placed,2,2
103897,Cooler,Soft Drinks,placed,2,3
107956,Cooler,Soft Drinks,placed,1,1
107956,Cooler,Energy,placed,1,"0,7"
105542,Cooler,Water,placed,1,1
105542,Cooler,Soft Drinks,placed,1,"1,5"
108518,Cooler,Juice,placed,1,1
108520,Cooler,Water,placed,2,2
108520,Cooler,Juice,placed,1,1
103942,Cooler,Water,placed,1,1
103942,Cooler,Soft Drinks,placed,1,"1,5"
102164,Cooler,Water,placed,1,2
102164,Cooler,Soft Drinks,placed,1,2
105182,Cooler,Soft Drinks,placed,1,1
103778,Cooler,Soft Drinks,placed,1,1
106182,Cooler,Soft Drinks,placed,1,1
105318,Cooler,Soft Drinks,placed,2,"1,3"
104253,Cooler,Water,placed,4,7
104081,Cooler,Soft Drinks,placed,3,"4,5"
104081,Cooler,Energy,placed,1,"0,7"
104911,Cooler,Soft Drinks,placed,1,1
104916,Cooler,Soft Drinks,placed,1,1
100989,Cooler,Water,placed,1,"1,5"
100989,Cooler,Soft Drinks,placed,1,2
106616,Cooler,Soft Drinks,placed,1,"1,5"
104264,Cooler,Soft Drinks,placed,1,1
100851,Cooler,Soft Drinks,placed,1,1
107483,Cooler,Soft Drinks,placed,1,1
100852,Cooler,Water,placed,1,1
100852,Cooler,Soft Drinks,placed,1,"1,5"
100852,Cooler,Energy,placed,1,"0,7"
110387,Cooler,Water,placed,2,2
103941,Cooler,Soft Drinks,placed,1,"1,5"
100181,Cooler,Soft Drinks,placed,1,1
100781,Cooler,Soft Drinks,placed,1,"1,5"
103559,Cooler,Soft Drinks,placed,1,2
103605,Cooler,Water,placed,1,1
103605,Cooler,Soft Drinks,placed,1,1
109503,Cooler,Soft Drinks,placed,1,"0,7"
103669,Cooler,Soft Drinks,placed,1,1
104275,Cooler,Water,placed,1,1
104275,Cooler,Soft Drinks,placed,2,"2,5"
104275,Cooler,Energy,placed,1,"0,7"
103457,Cooler,Soft Drinks,placed,1,1
103458,Cooler,Soft Drinks,placed,1,2
107086,Cooler,Soft Drinks,placed,1,1
104010,Cooler,Juice,placed,1,1
104917,Cooler,Soft Drinks,placed,1,1
107882,Cooler,Water,placed,3,3
107882,Cooler,Soft Drinks,placed,2,3
107882,Cooler,Energy,placed,1,"0,5"
107882,Cooler,Juice,placed,1,1
107882,Cooler,Energy,placed,1,"0,3"
107815,Cooler,Soft Drinks,placed,1,2
103411,Cooler,Water,placed,1,2
103411,Cooler,Soft Drinks,placed,1,2
103459,Cooler,Water,placed,1,"1,5"
103459,Cooler,Soft Drinks,placed,1,"1,5"
103459,Cooler,Energy,placed,1,"0,7"
107181,Cooler,Water,placed,1,1
107181,Cooler,Soft Drinks,placed,2,3
100175,Cooler,Soft Drinks,placed,1,1
108521,Cooler,Soft Drinks,placed,2,2
104459,Cooler,Water,placed,1,1
104459,Cooler,Soft Drinks,placed,1,"1,5"
104459,Cooler,Energy,placed,1,"0,7"
108062,Cooler,Soft Drinks,placed,1,1
102145,Cooler,Water,placed,1,1
104263,Cooler,Soft Drinks,placed,1,1
105319,Cooler,Soft Drinks,placed,1,"0,7"
105320,Cooler,Water,placed,1,1
105320,Cooler,Soft Drinks,placed,3,2
105320,Cooler,Energy,placed,1,"0,3"
103639,Cooler,Soft Drinks,placed,1,1
106760,Cooler,Soft Drinks,placed,2,2
107448,Cooler,Soft Drinks,placed,1,1
109521,Cooler,Soft Drinks,placed,2,"2,2"
105428,Cooler,Soft Drinks,placed,1,1
109999,Cooler,Soft Drinks,placed,1,1
103712,Cooler,Soft Drinks,placed,1,1
101308,Cooler,Soft Drinks,placed,1,2
108315,Cooler,Water,placed,1,1
108315,Cooler,Soft Drinks,placed,1,1
100200,Cooler,Soft Drinks,placed,1,1
109089,Cooler,Soft Drinks,placed,1,"0,7"
108782,Cooler,Soft Drinks,placed,1,1
108782,Cooler,Soft Drinks,placed,4,"3,7"
108782,Cooler,Energy,placed,1,"0,7"
107816,Cooler,Water,placed,3,3
107816,Cooler,Soft Drinks,placed,2,2
107816,Cooler,Juice,placed,2,2
107816,Cooler,Energy,placed,1,1
100133,Cooler,Soft Drinks,placed,1,1
105417,Cooler,Water,placed,1,1
104130,Cooler,Water,placed,1,"1,5"
104130,Cooler,Soft Drinks,placed,1,2
104130,Cooler,Energy,placed,1,"0,7"
108839,Cooler,Water,placed,1,1
107958,Cooler,Water,placed,1,1
107958,Cooler,Juice,placed,1,"0,3"
100231,Cooler,Water,placed,2,2
100231,Cooler,Soft Drinks,placed,1,1
102212,Cooler,Water,placed,1,2
105218,Cooler,Soft Drinks,placed,1,1
105240,Cooler,Soft Drinks,placed,1,"1,5"
105240,Cooler,Juice,placed,1,"0,3"
109161,Cooler,Water,placed,1,1
109161,Cooler,Soft Drinks,placed,1,1
109490,Cooler,Soft Drinks,placed,1,2
109493,Cooler,Soft Drinks,placed,1,1
108813,Cooler,Juice,placed,1,1
109038,Cooler,Soft Drinks,placed,1,1
100232,Cooler,Soft Drinks,placed,1,1
100221,Cooler,Soft Drinks,placed,1,1
105231,Cooler,Juice,placed,1,"0,7"
101359,Cooler,Soft Drinks,placed,2,1
101360,Cooler,Soft Drinks,placed,1,"0,3"
111651,Cooler,Water,placed,1,1
108756,Cooler,Water,placed,1,1
108758,Cooler,Soft Drinks,placed,1,1
100521,Cooler,Water,placed,1,2
100521,Cooler,Soft Drinks,placed,2,3
105776,Cooler,Soft Drinks,placed,1,1
104918,Cooler,Soft Drinks,placed,1,1
109474,Cooler,Water,placed,1,1
109474,Cooler,Soft Drinks,placed,1,1
109474,Cooler,Juice,placed,1,"0,3"
111583,Cooler,Soft Drinks,placed,1,2
110245,Cooler,Soft Drinks,placed,1,1
109116,Cooler,Soft Drinks,placed,1,1
109116,Cooler,Juice,placed,1,1
107375,Cooler,Soft Drinks,placed,1,1
104962,Cooler,Soft Drinks,placed,1,1
107188,Cooler,Soft Drinks,placed,1,2
107188,Cooler,Juice,placed,1,1
107920,Cooler,Soft Drinks,placed,1,1
108747,Cooler,Soft Drinks,placed,1,1
107922,Cooler,Water,placed,1,1
107922,Cooler,Soft Drinks,placed,1,1
108809,Cooler,Soft Drinks,placed,1,2
111844,Cooler,Water,placed,2,2
111844,Cooler,Soft Drinks,placed,3,"1,6"
105945,Cooler,Water,placed,2,2
105945,Cooler,Soft Drinks,placed,1,2
105945,Cooler,Juice,placed,1,1
103590,Cooler,Soft Drinks,placed,1,2
107923,Cooler,Soft Drinks,placed,1,1
100130,Cooler,Soft Drinks,placed,1,"1,5"
108523,Cooler,Water,placed,1,1
110622,Cooler,Soft Drinks,placed,1,"1,5"
111012,Cooler,Water,placed,1,1
111012,Cooler,Juice,placed,1,1
111012,Dispenser,Water,placed,1,0
100159,Cooler,Soft Drinks,placed,1,"1,5"
104506,Cooler,Water,placed,1,"1,5"
104506,Cooler,Soft Drinks,placed,1,"1,5"
104506,Cooler,Energy,placed,1,"0,7"
104529,Cooler,Water,placed,1,"1,5"
104529,Cooler,Soft Drinks,placed,1,"1,5"
104510,Cooler,Soft Drinks,placed,1,2
108066,Cooler,Water,placed,1,1
108066,Cooler,Soft Drinks,placed,1,"1,5"
111245,Cooler,Soft Drinks,placed,3,"1,6"
109792,Cooler,Soft Drinks,placed,1,1
111660,Cooler,Soft Drinks,placed,1,2
108823,Cooler,Water,placed,1,1
108823,Cooler,Soft Drinks,placed,1,1
107953,Cooler,Water,placed,1,1
107953,Cooler,Soft Drinks,placed,1,1
105275,Cooler,Soft Drinks,placed,1,"0,7"
107929,Cooler,Water,placed,2,2
107929,Cooler,Juice,placed,1,1
105371,Cooler,Soft Drinks,placed,2,"2,3"
108909,Cooler,Water,placed,1,1
107452,Cooler,Water,placed,2,2
107452,Cooler,Soft Drinks,placed,1,1
107452,Fountain,Soft Drinks,placed,1,0
109315,Cooler,Soft Drinks,placed,1,1
102136,Cooler,Soft Drinks,placed,2,3
102136,Cooler,Energy,placed,1,"0,7"
110011,Cooler,Soft Drinks,placed,1,1
110703,Cooler,Water,placed,1,1
110703,Cooler,Soft Drinks,placed,2,2
109480,Cooler,Water,placed,3,3
109480,Cooler,Soft Drinks,placed,2,"2,5"
105927,Cooler,Juice,placed,1,1
108785,Cooler,Soft Drinks,placed,1,1
107814,Cooler,Water,placed,1,1
107814,Cooler,Soft Drinks,placed,2,2
107814,Cooler,Juice,placed,1,2
103640,Cooler,Water,placed,1,1
103640,Cooler,Soft Drinks,placed,1,"1,5"
103640,Cooler,Energy,placed,1,"0,7"
105410,Cooler,Soft Drinks,placed,1,1
105410,Cooler,Juice,placed,1,"0,3"
107925,Cooler,Water,placed,1,1
107925,Cooler,Soft Drinks,placed,1,1
108836,Cooler,Soft Drinks,placed,1,1
105264,Cooler,Water,placed,4,4
107301,Cooler,Soft Drinks,placed,1,1
111966,Cooler,Water,placed,1,2
108116,Cooler,Soft Drinks,placed,2,"3,5"
104136,Cooler,Water,placed,1,1
104136,Cooler,Soft Drinks,placed,1,1
100129,Cooler,Soft Drinks,placed,1,2
107951,Cooler,Water,placed,1,1
107951,Cooler,Soft Drinks,placed,2,2
109737,Cooler,Juice,placed,1,"0,3"
109737,Cooler,Energy,placed,2,2
100853,Cooler,Soft Drinks,placed,1,1
108672,Cooler,Soft Drinks,placed,2,"1,4"
107484,Cooler,Soft Drinks,placed,3,"2,3"
107484,Dispenser,Water,placed,1,0
110051,Cooler,Water,placed,2,2
110051,Cooler,Soft Drinks,placed,1,"0,7"
110051,Cooler,Soft Drinks,placed,2,2
110051,Dispenser,Water,placed,1,0
104495,Cooler,Water,placed,1,1
104495,Cooler,Soft Drinks,placed,1,2
104495,Cooler,Energy,placed,1,"0,7"
104495,Cooler,Energy,placed,1,"0,7"
107078,Cooler,Soft Drinks,placed,1,1
108815,Cooler,Soft Drinks,placed,1,1
108815,Cooler,Soft Drinks,placed,1,1
102135,Cooler,Water,placed,1,"1,5"
102135,Cooler,Soft Drinks,placed,1,2
102135,Cooler,Energy,placed,1,"0,7"
107583,Cooler,Soft Drinks,placed,1,2
107584,Cooler,Juice,placed,1,1
100515,Cooler,Water,placed,2,3
100515,Cooler,Soft Drinks,placed,3,"4,5"
100515,Cooler,Energy,placed,1,"0,7"
105466,Cooler,Soft Drinks,placed,1,"0,3"
105466,Cooler,Soft Drinks,placed,3,"1,3"
104135,Cooler,Water,placed,2,"2,5"
104135,Cooler,Soft Drinks,placed,1,2
110010,Cooler,Soft Drinks,placed,1,1
112082,Cooler,Energy,placed,1,"0,7"
100854,Cooler,Energy,placed,1,"0,7"
109479,Cooler,Soft Drinks,placed,1,2
108568,Cooler,Juice,placed,1,1
108568,Dispenser,Water,placed,3,0
102132,Cooler,Soft Drinks,placed,1,1
100823,Cooler,Soft Drinks,placed,1,2
103986,Cooler,Water,placed,1,1
103986,Cooler,Soft Drinks,placed,1,1
108127,Cooler,Water,placed,1,1
108127,Cooler,Soft Drinks,placed,1,"1,5"
108677,Cooler,Soft Drinks,placed,1,"1,5"
109072,Cooler,Soft Drinks,placed,4,"2,6"
109072,Dispenser,Water,placed,1,0
107813,Cooler,Soft Drinks,placed,1,1
103548,Cooler,Water,placed,2,2
103548,Cooler,Soft Drinks,placed,1,2
103548,Cooler,Energy,placed,1,"0,7"
106472,Cooler,Soft Drinks,placed,1,1
106472,Cooler,Soft Drinks,placed,3,3
106472,Cooler,Juice,placed,1,1
110050,Cooler,Soft Drinks,placed,1,2
106442,Cooler,Soft Drinks,placed,1,1
106607,Cooler,Soft Drinks,placed,1,1
102174,Cooler,Soft Drinks,placed,4,6
102174,Cooler,Energy,placed,2,"1,4"
102174,Cooler,Energy,placed,1,"0,7"
104134,Cooler,Water,placed,1,1
104134,Cooler,Soft Drinks,placed,1,"1,5"
108339,Cooler,Soft Drinks,placed,1,"0,7"
109071,Cooler,Soft Drinks,placed,1,1
111488,Cooler,Soft Drinks,placed,1,1
100526,Cooler,Water,placed,1,"1,5"
100526,Cooler,Soft Drinks,placed,1,2
100526,Cooler,Energy,placed,1,"0,7"
108344,Cooler,Soft Drinks,placed,1,"0,3"
110962,Fountain,Soft Drinks,placed,1,0
107961,Cooler,Soft Drinks,placed,1,1
100753,Cooler,Soft Drinks,placed,1,1
108122,Cooler,Soft Drinks,placed,1,1
108122,Cooler,Juice,placed,1,1
110379,Cooler,Soft Drinks,placed,1,"0,7"
104104,Cooler,Water,placed,1,"1,5"
104104,Cooler,Soft Drinks,placed,1,"1,5"
100516,Cooler,Water,placed,1,"1,5"
100516,Cooler,Soft Drinks,placed,3,"4,5"
110258,Cooler,Soft Drinks,placed,3,3
110258,Cooler,Energy,placed,1,"0,3"
106244,Cooler,Water,placed,1,"1,5"
106244,Cooler,Soft Drinks,placed,2,3
107812,Cooler,Soft Drinks,placed,1,2
105668,Cooler,Water,placed,7,8
105668,Cooler,Soft Drinks,placed,8,12
105668,Cooler,Juice,placed,1,1
107957,Cooler,Soft Drinks,placed,1,"0,3"
107957,Cooler,Soft Drinks,placed,1,"0,7"
107957,Dispenser,Water,placed,2,0
108799,Cooler,Soft Drinks,placed,1,1
107883,Cooler,Soft Drinks,placed,2,"1,8"
103953,Cooler,Water,placed,2,3
103953,Cooler,Energy,placed,1,"0,7"
105609,Cooler,Soft Drinks,placed,1,"0,3"
105609,Cooler,Energy,placed,1,"0,3"
110946,Cooler,Soft Drinks,placed,5,3
110946,Cooler,Juice,placed,2,"2,3"
110946,Cooler,Energy,placed,2,"1,4"
110946,Fountain,Soft Drinks,placed,2,0
106298,Cooler,Water,placed,1,1
106298,Cooler,Soft Drinks,placed,1,"1,5"
108784,Cooler,Water,placed,1,1
100501,Cooler,Water,placed,1,2
100501,Cooler,Soft Drinks,placed,2,4
109869,Cooler,Soft Drinks,placed,1,2
107930,Cooler,Water,placed,1,"1,5"
107930,Cooler,Soft Drinks,placed,3,"3,5"
107185,Cooler,Water,placed,2,"2,5"
107185,Cooler,Soft Drinks,placed,1,2
107185,Cooler,Energy,placed,1,"0,7"
108682,Cooler,Water,placed,1,1
107597,Cooler,Soft Drinks,placed,1,2
105562,Cooler,Water,placed,1,1
105562,Cooler,Soft Drinks,placed,1,1
105562,Cooler,Juice,placed,1,1
104120,Cooler,Soft Drinks,placed,1,2
108698,Cooler,Soft Drinks,placed,3,2
103641,Cooler,Soft Drinks,placed,1,1
109081,Cooler,Water,placed,1,1
109081,Cooler,Soft Drinks,placed,1,1
106541,Cooler,Soft Drinks,placed,2,"0,6"
108742,Cooler,Soft Drinks,placed,1,1
107895,Cooler,Juice,placed,1,1
111170,Cooler,Water,placed,2,2
111170,Cooler,Soft Drinks,placed,1,1
111170,Cooler,Juice,placed,1,"0,3"
108067,Cooler,Soft Drinks,placed,1,1
111200,Cooler,Soft Drinks,placed,1,1
111200,Cooler,Juice,placed,1,1
100754,Cooler,Soft Drinks,placed,1,1
109438,Fountain,Soft Drinks,placed,1,0
107553,Cooler,Water,placed,1,1
107553,Cooler,Soft Drinks,placed,2,2
108345,Cooler,Soft Drinks,placed,3,"2,7"
108345,Cooler,Juice,placed,2,"1,3"
100500,Cooler,Water,placed,2,"2,5"
100500,Cooler,Soft Drinks,placed,2,3
100500,Cooler,Energy,placed,1,"0,7"
108776,Cooler,Soft Drinks,placed,1,2
108120,Cooler,Soft Drinks,placed,2,"1,3"
108120,Dispenser,Water,placed,1,0
108838,Cooler,Soft Drinks,placed,1,1
108838,Cooler,Juice,placed,1,1
107960,Cooler,Soft Drinks,placed,1,1
108573,Cooler,Soft Drinks,placed,1,1
108159,Cooler,Soft Drinks,placed,1,"0,7"
107959,Cooler,Soft Drinks,placed,1,1
100162,Cooler,Water,placed,1,1
107554,Cooler,Soft Drinks,placed,2,"1,7"
108807,Cooler,Soft Drinks,placed,1,1
111654,Cooler,Water,placed,3,3
111654,Cooler,Soft Drinks,placed,2,3
111965,Cooler,Soft Drinks,placed,1,"1,5"
105940,Cooler,Soft Drinks,placed,1,2
107938,Cooler,Water,placed,2,2
107938,Cooler,Soft Drinks,placed,2,2
108327,Cooler,Soft Drinks,placed,1,1
107892,Cooler,Water,placed,1,"1,5"
100988,Cooler,Water,placed,2,"3,5"
100988,Cooler,Soft Drinks,placed,2,4
100988,Cooler,Energy,placed,1,"0,7"
108526,Cooler,Soft Drinks,placed,2,"2,5"
108526,Dispenser,Water,placed,1,0
108325,Cooler,Water,placed,1,1
108325,Cooler,Soft Drinks,placed,1,2
108325,Cooler,Juice,placed,1,1
107950,Cooler,Soft Drinks,placed,1,1
107950,Cooler,Juice,placed,1,1
110950,Cooler,Water,placed,1,1
110950,Cooler,Soft Drinks,placed,1,1
110950,Cooler,Juice,placed,1,1
110950,Fountain,Soft Drinks,placed,2,0
110950,Dispenser,Water,placed,2,0
110961,Fountain,Soft Drinks,placed,1,0
107564,Cooler,Water,placed,1,1
107564,Cooler,Soft Drinks,placed,1,2
107564,Cooler,Juice,placed,1,1
107564,Fountain,Soft Drinks,placed,1,0
100897,Coffee,Coffee ,placed,1,0
100897,Cooler,Soft Drinks,placed,1,1
108775,Cooler,Soft Drinks,placed,1,1
108774,Cooler,Water,placed,1,1
108774,Cooler,Soft Drinks,placed,1,2
108774,Cooler,Juice,placed,1,1
107896,Cooler,Water,placed,1,"1,5"
107888,Cooler,Soft Drinks,placed,1,2
108744,Cooler,Soft Drinks,placed,1,1
107889,Cooler,Juice,placed,1,1
104127,Cooler,Water,placed,1,"1,5"
104127,Cooler,Soft Drinks,placed,2,"3,5"
104127,Cooler,Energy,placed,1,"0,7"
100498,Cooler,Water,placed,2,"2,5"
100498,Cooler,Soft Drinks,placed,3,"4,5"
100498,Cooler,Energy,placed,1,"0,7"
107935,Cooler,Soft Drinks,placed,2,4
111415,Cooler,Soft Drinks,placed,1,1
107890,Cooler,Soft Drinks,placed,2,"1,3"
111666,Cooler,Soft Drinks,placed,1,1
100520,Cooler,Soft Drinks,placed,2,"3,5"
100503,Cooler,Water,placed,2,3
100503,Cooler,Soft Drinks,placed,1,2
100503,Cooler,Energy,placed,1,"0,7"
100505,Cooler,Water,placed,1,"1,5"
100505,Cooler,Soft Drinks,placed,2,"3,5"
100505,Cooler,Energy,placed,1,"0,7"
110947,Cooler,Soft Drinks,placed,1,1
100513,Cooler,Soft Drinks,placed,3,5
108628,Cooler,Soft Drinks,placed,1,1
106778,Cooler,Soft Drinks,placed,1,1
100269,Cooler,Soft Drinks,placed,1,1
106285,Cooler,Water,placed,1,1
106285,Cooler,Energy,placed,1,1
105271,Cooler,Soft Drinks,placed,1,"1,5"
105271,Cooler,Energy,placed,1,"0,7"
111761,Cooler,Water,placed,2,2
111761,Cooler,Soft Drinks,placed,6,8
107934,Cooler,Soft Drinks,placed,1,1
100527,Cooler,Water,placed,1,"1,5"
100527,Cooler,Soft Drinks,placed,2,"3,5"
107607,Cooler,Soft Drinks,placed,1,2
107607,Fountain,Soft Drinks,placed,1,0
104261,Cooler,Water,placed,1,1
104261,Cooler,Soft Drinks,placed,1,"1,5"
104261,Cooler,Energy,placed,1,"0,7"
105792,Cooler,Soft Drinks,placed,1,1
105272,Cooler,Soft Drinks,placed,2,"0,6"
108855,Cooler,Water,placed,1,1
108855,Cooler,Soft Drinks,placed,3,3
108855,Cooler,Juice,placed,1,1
112008,Cooler,Water,placed,1,1
112008,Cooler,Soft Drinks,placed,1,"0,7"
110922,Cooler,Soft Drinks,placed,2,2
104503,Cooler,Water,placed,1,"1,5"
104503,Cooler,Soft Drinks,placed,2,3
104503,Cooler,Energy,placed,1,"0,7"
109671,Cooler,Water,placed,1,1
104023,Cooler,Water,placed,1,1
104023,Cooler,Soft Drinks,placed,1,1
104023,Cooler,Energy,placed,1,"0,7"
108314,Cooler,Soft Drinks,placed,1,1
104126,Cooler,Water,placed,2,"2,5"
104126,Cooler,Soft Drinks,placed,2,"3,5"
103775,Cooler,Water,placed,1,1
103775,Cooler,Soft Drinks,placed,1,2
100865,Cooler,Soft Drinks,placed,1,1
107891,Cooler,Soft Drinks,placed,1,1
108512,Cooler,Water,placed,1,2
108512,Cooler,Soft Drinks,placed,1,1
107919,Cooler,Soft Drinks,placed,1,1
103929,Cooler,Water,placed,1,1
103929,Cooler,Soft Drinks,placed,1,2
104125,Cooler,Water,placed,1,1
104125,Cooler,Soft Drinks,placed,1,"1,5"
110362,Cooler,Soft Drinks,placed,1,1
100502,Cooler,Water,placed,1,1
100502,Cooler,Soft Drinks,placed,2,"3,5"
107936,Cooler,Water,placed,3,3
107936,Cooler,Soft Drinks,placed,2,2
109498,Cooler,Soft Drinks,placed,1,"0,7"
111323,Coffee,Coffee ,placed,2,0
111323,Cooler,Water,placed,3,4
111323,Cooler,Soft Drinks,placed,5,5
110649,Cooler,Soft Drinks,placed,1,1
110649,Cooler,Juice,placed,1,1
110649,Cooler,Energy,placed,1,"0,7"
107893,Cooler,Soft Drinks,placed,1,1
100525,Cooler,Soft Drinks,placed,1,1
104901,Cooler,Soft Drinks,placed,1,2
100240,Cooler,Water,placed,1,1
110791,Cooler,Soft Drinks,placed,4,"3,6"
110791,Fountain,Soft Drinks,placed,1,0
111025,Cooler,Soft Drinks,placed,2,"1,7"
111025,Fountain,Soft Drinks,placed,20,0
104906,Cooler,Water,placed,1,1
104906,Cooler,Soft Drinks,placed,4,"2,6"
104906,Cooler,Juice,placed,4,"3,7"
108626,Cooler,Soft Drinks,placed,2,2
111994,Cooler,Energy,placed,1,"0,3"
105273,Cooler,Soft Drinks,placed,1,1
103549,Cooler,Water,placed,2,2
103549,Cooler,Soft Drinks,placed,1,2
103549,Cooler,Energy,placed,1,"0,7"
105262,Cooler,Soft Drinks,placed,1,1
104015,Cooler,Water,placed,1,1
104015,Cooler,Soft Drinks,placed,1,"1,5"
105173,Cooler,Soft Drinks,placed,1,1
100524,Cooler,Water,placed,1,"1,5"
100524,Cooler,Soft Drinks,placed,2,3
109724,Cooler,Soft Drinks,placed,6,7
109724,Cooler,Juice,placed,1,1
109724,Fountain,Soft Drinks,placed,2,0
101011,Cooler,Water,placed,1,1
101011,Cooler,Soft Drinks,placed,1,"1,5"
107471,Cooler,Soft Drinks,placed,2,3
110944,Cooler,Water,placed,2,2
110944,Cooler,Soft Drinks,placed,3,"1,6"
110944,Fountain,Soft Drinks,placed,6,0
110943,Cooler,Water,placed,2,2
110943,Cooler,Soft Drinks,placed,2,2
110943,Fountain,Soft Drinks,placed,3,0
109736,Cooler,Soft Drinks,placed,1,1
110958,Cooler,Water,placed,1,1
110958,Cooler,Soft Drinks,placed,2,"1,3"
110958,Fountain,Soft Drinks,placed,3,0
101309,Cooler,Juice,placed,1,1
109547,Cooler,Soft Drinks,placed,2,2
101279,Cooler,Soft Drinks,placed,1,1
101279,Cooler,Juice,placed,1,"0,3"
107933,Cooler,Water,placed,1,1
107933,Cooler,Soft Drinks,placed,3,"2,4"
106278,Cooler,Soft Drinks,placed,1,2
100523,Cooler,Water,placed,1,1
100523,Cooler,Soft Drinks,placed,3,6
110927,Fountain,Soft Drinks,placed,2,0
106776,Fountain,Soft Drinks,placed,3,0
111340,Cooler,Water,placed,1,1
110739,Cooler,Soft Drinks,placed,2,3
108920,Cooler,Water,placed,1,1
105780,Cooler,Soft Drinks,placed,1,1
106310,Cooler,Soft Drinks,placed,2,4
106310,Cooler,Energy,placed,1,"0,7"
104087,Cooler,Water,placed,1,"1,5"
104087,Cooler,Soft Drinks,placed,2,"2,5"
104087,Cooler,Energy,placed,1,"0,7"
108850,Cooler,Soft Drinks,placed,1,1
107875,Cooler,Soft Drinks,placed,1,1
108534,Cooler,Water,placed,2,2
108534,Cooler,Soft Drinks,placed,5,5
108534,Cooler,Juice,placed,1,1
104904,Cooler,Water,placed,1,1
104904,Fountain,Soft Drinks,placed,1,0
106821,Cooler,Water,placed,1,1
106821,Cooler,Soft Drinks,placed,2,2
106821,Fountain,Soft Drinks,placed,3,0
108773,Cooler,Water,placed,1,1
108773,Dispenser,Water,placed,1,0
109334,Cooler,Soft Drinks,placed,1,1
109114,Cooler,Soft Drinks,placed,1,1
110399,Cooler,Soft Drinks,placed,1,"1,5"
106845,Cooler,Soft Drinks,placed,2,"1,4"
110945,Cooler,Soft Drinks,placed,2,"1,3"
110945,Fountain,Soft Drinks,placed,3,0
108321,Cooler,Soft Drinks,placed,1,"1,5"
108321,Cooler,Juice,placed,1,1
108502,Cooler,Soft Drinks,placed,2,2
108522,Cooler,Soft Drinks,placed,1,1
108496,Cooler,Soft Drinks,placed,1,1
103928,Cooler,Water,placed,2,2
103928,Cooler,Soft Drinks,placed,1,2
108968,Cooler,Soft Drinks,placed,2,2
104064,Cooler,Water,placed,1,1
104064,Cooler,Soft Drinks,placed,1,2
104064,Cooler,Energy,placed,1,"0,7"
105504,Cooler,Water,placed,4,4
108621,Cooler,Soft Drinks,placed,1,1
108329,Cooler,Soft Drinks,placed,1,1
109059,Cooler,Soft Drinks,placed,1,1
111441,Cooler,Soft Drinks,placed,1,1
108688,Cooler,Water,placed,1,1
108688,Cooler,Soft Drinks,placed,3,"2,3"
111662,Cooler,Soft Drinks,placed,4,4
111662,Cooler,Juice,placed,1,1
107881,Cooler,Water,placed,1,1
107881,Cooler,Soft Drinks,placed,1,1
108553,Cooler,Soft Drinks,placed,1,1
108553,Cooler,Juice,placed,1,"0,3"
108553,Cooler,Energy,placed,1,"0,7"
104079,Cooler,Water,placed,1,"1,5"
104079,Cooler,Soft Drinks,placed,1,"1,5"
108318,Cooler,Water,placed,2,2
108318,Cooler,Soft Drinks,placed,1,"1,5"
106333,Cooler,Water,placed,1,"1,5"
106333,Cooler,Soft Drinks,placed,1,2
106612,Cooler,Soft Drinks,placed,4,"2,9"
106612,Cooler,Juice,placed,1,"0,3"
108684,Cooler,Soft Drinks,placed,1,1
107931,Cooler,Soft Drinks,placed,1,1
106818,Cooler,Soft Drinks,placed,2,"0,6"
104092,Cooler,Water,placed,1,1
104092,Cooler,Juice,placed,1,1
105277,Cooler,Juice,placed,1,"0,7"
108794,Cooler,Soft Drinks,placed,1,1
111353,Cooler,Soft Drinks,placed,1,1
107879,Cooler,Soft Drinks,placed,1,1
107876,Cooler,Juice,placed,1,2
105464,Cooler,Soft Drinks,placed,1,1
111552,Cooler,Juice,placed,1,1
108508,Cooler,Soft Drinks,placed,2,2
104101,Cooler,Water,placed,1,"1,5"
104101,Cooler,Soft Drinks,placed,1,2
104101,Cooler,Energy,placed,1,"0,7"
107863,Cooler,Juice,placed,1,1
108864,Cooler,Juice,placed,1,1
109458,Cooler,Water,placed,1,1
107544,Cooler,Soft Drinks,placed,1,1
100556,Cooler,Water,placed,1,"1,5"
100556,Cooler,Soft Drinks,placed,2,3
107864,Cooler,Soft Drinks,placed,2,2
107869,Cooler,Soft Drinks,placed,1,1
108342,Cooler,Soft Drinks,placed,1,"1,5"
103550,Cooler,Soft Drinks,placed,2,4
103550,Cooler,Energy,placed,1,"0,7"
108665,Cooler,Soft Drinks,placed,1,1
103771,Cooler,Water,placed,2,"2,5"
102221,Cooler,Soft Drinks,placed,2,"2,5"
108831,Cooler,Soft Drinks,placed,1,"0,7"
107926,Cooler,Juice,placed,2,"1,7"
101272,Cooler,Soft Drinks,placed,1,2
104090,Cooler,Soft Drinks,placed,1,1
103689,Cooler,Water,placed,1,"1,5"
103689,Cooler,Soft Drinks,placed,1,2
107096,Cooler,Soft Drinks,placed,1,1
107885,Cooler,Soft Drinks,placed,1,2
107336,Cooler,Water,placed,1,"1,5"
107336,Cooler,Soft Drinks,placed,6,"7,5"
107336,Cooler,Juice,placed,1,1
107336,Dispenser,Water,placed,2,0
103895,Cooler,Soft Drinks,placed,1,2
109849,Cooler,Soft Drinks,placed,1,1
106648,Cooler,Water,placed,1,1
106648,Cooler,Soft Drinks,placed,6,"4,7"
104089,Cooler,Soft Drinks,placed,1,2
103659,Cooler,Water,placed,1,2
103659,Cooler,Soft Drinks,placed,1,2
103659,Cooler,Energy,placed,1,"0,7"
105412,Cooler,Soft Drinks,placed,1,1
103643,Cooler,Soft Drinks,placed,1,2
104048,Cooler,Water,placed,1,1
104048,Cooler,Soft Drinks,placed,1,1
101080,Cooler,Soft Drinks,placed,1,2
103563,Cooler,Soft Drinks,placed,1,1
106698,Cooler,Water,placed,1,1
106698,Cooler,Soft Drinks,placed,1,2
102226,Cooler,Water,placed,1,2
102226,Cooler,Soft Drinks,placed,1,2
100827,Cooler,Soft Drinks,placed,1,2
100827,Cooler,Energy,placed,1,"0,7"
104534,Cooler,Water,placed,1,1
104534,Cooler,Soft Drinks,placed,1,2
104534,Cooler,Energy,placed,1,1
100828,Cooler,Soft Drinks,placed,1,"1,5"
104088,Cooler,Soft Drinks,placed,1,1
106851,Cooler,Soft Drinks,placed,1,"0,3"
103645,Cooler,Soft Drinks,placed,1,1
104533,Cooler,Water,placed,1,1
104533,Cooler,Soft Drinks,placed,1,2
106292,Cooler,Soft Drinks,placed,1,"1,5"
106292,Cooler,Energy,placed,1,1
102197,Cooler,Soft Drinks,placed,1,"1,5"
104580,Cooler,Water,placed,1,1
104580,Cooler,Soft Drinks,placed,2,2
104580,Cooler,Energy,placed,1,"0,7"
103460,Cooler,Water,placed,1,"1,5"
103460,Cooler,Soft Drinks,placed,1,"1,5"
111828,Cooler,Soft Drinks,placed,1,1
100254,Cooler,Soft Drinks,placed,1,1
104138,Cooler,Water,placed,2,2
104138,Cooler,Soft Drinks,placed,2,4
103770,Cooler,Soft Drinks,placed,1,1
100867,Cooler,Soft Drinks,placed,1,1
103461,Cooler,Water,placed,1,1
103461,Cooler,Soft Drinks,placed,1,1
103461,Cooler,Energy,placed,1,"0,7"
110966,Cooler,Water,placed,1,1
110966,Cooler,Soft Drinks,placed,2,4
100829,Cooler,Water,placed,1,1
100829,Cooler,Energy,placed,1,1
100830,Cooler,Soft Drinks,placed,1,2
108095,Dispenser,Water,placed,1,0
100798,Cooler,Water,placed,1,1
100798,Cooler,Soft Drinks,placed,1,2
102172,Cooler,Soft Drinks,placed,1,1
109185,Cooler,Soft Drinks,placed,1,1
111172,Dispenser,Water,placed,2,0
106330,Cooler,Water,placed,1,1
106330,Cooler,Soft Drinks,placed,1,2
111857,Cooler,Water,placed,2,2
111857,Cooler,Soft Drinks,placed,1,2
111857,Dispenser,Water,placed,1,0
107156,Cooler,Water,placed,1,1
107156,Cooler,Soft Drinks,placed,1,"1,5"
107647,Cooler,Soft Drinks,placed,2,3
105102,Cooler,Soft Drinks,placed,1,2
111026,Cooler,Soft Drinks,placed,2,"1,4"
111026,Fountain,Soft Drinks,placed,5,0
106332,Cooler,Water,placed,1,"1,5"
106332,Cooler,Soft Drinks,placed,1,2
106603,Cooler,Soft Drinks,placed,1,1
110967,Cooler,Water,placed,1,1
110967,Cooler,Soft Drinks,placed,2,2
103741,Cooler,Soft Drinks,placed,1,1
110968,Cooler,Soft Drinks,placed,2,2
110968,Cooler,Juice,placed,1,1
110968,Cooler,Energy,placed,1,"0,3"
110968,Fountain,Soft Drinks,placed,2,0
110968,Dispenser,Water,placed,1,0
105671,Cooler,Water,placed,2,"2,5"
105671,Cooler,Soft Drinks,placed,1,"1,5"
105671,Dispenser,Water,placed,4,0
109739,Cooler,Water,placed,1,1
109739,Cooler,Soft Drinks,placed,1,1
109739,Cooler,Juice,placed,1,1
105237,Cooler,Soft Drinks,placed,3,"0,9"
105237,Cooler,Soft Drinks,placed,2,2
105237,Cooler,Energy,placed,2,"1,4"
110921,Cooler,Water,placed,1,1
110921,Cooler,Soft Drinks,placed,1,1
108514,Cooler,Soft Drinks,placed,1,2
105325,Cooler,Soft Drinks,placed,1,"0,7"
106844,Cooler,Soft Drinks,placed,1,"0,3"
106844,Cooler,Soft Drinks,placed,2,"2,7"
106844,Fountain,Soft Drinks,placed,1,0
106327,Cooler,Water,placed,1,1
106327,Cooler,Soft Drinks,placed,2,"3,5"
106327,Cooler,Energy,placed,1,"0,7"
106329,Cooler,Water,placed,4,5
106329,Cooler,Soft Drinks,placed,3,"5,5"
106329,Cooler,Energy,placed,1,"0,7"
108952,Cooler,Soft Drinks,placed,1,"0,7"
108079,Cooler,Juice,placed,1,1
108334,Cooler,Soft Drinks,placed,2,3
108334,Cooler,Juice,placed,1,"0,3"
104492,Cooler,Soft Drinks,placed,2,3
101002,Cooler,Soft Drinks,placed,1,1
109187,Cooler,Soft Drinks,placed,1,2
109187,Cooler,Juice,placed,1,1
104086,Cooler,Water,placed,1,"1,5"
104086,Cooler,Soft Drinks,placed,1,2
111242,Cooler,Water,placed,2,3
111242,Cooler,Soft Drinks,placed,4,"4,3"
111242,Dispenser,Water,placed,2,0
109051,Cooler,Soft Drinks,placed,1,1
109051,Cooler,Juice,placed,1,"0,7"
110381,Cooler,Soft Drinks,placed,1,1
108910,Cooler,Energy,placed,1,"0,3"
111516,Cooler,Soft Drinks,placed,1,"1,5"
108516,Cooler,Soft Drinks,placed,4,"4,5"
107866,Cooler,Soft Drinks,placed,2,2
110969,Cooler,Soft Drinks,placed,1,1
110969,Fountain,Soft Drinks,placed,6,0
109052,Cooler,Water,placed,1,1
109052,Cooler,Soft Drinks,placed,3,4
109699,Cooler,Soft Drinks,placed,1,1
111248,Cooler,Soft Drinks,placed,1,1
107976,Cooler,Water,placed,1,1
108531,Cooler,Soft Drinks,placed,1,1
105870,Cooler,Water,placed,1,1
105870,Cooler,Soft Drinks,placed,1,"0,7"
100161,Cooler,Soft Drinks,placed,2,2
106179,Cooler,Soft Drinks,placed,1,"1,5"
106179,Cooler,Energy,placed,1,"0,7"
107964,Cooler,Soft Drinks,placed,5,"4,6"
108101,Cooler,Water,placed,2,2
108101,Cooler,Soft Drinks,placed,8,10
108101,Cooler,Juice,placed,1,"0,3"
108101,Cooler,Energy,placed,1,1
108101,Dispenser,Water,placed,10,0
105473,Cooler,Soft Drinks,placed,1,1
107873,Cooler,Soft Drinks,placed,1,2
108925,Cooler,Soft Drinks,placed,1,1
108925,Dispenser,Water,placed,1,0
104017,Cooler,Soft Drinks,placed,1,1
107827,Cooler,Water,placed,1,1
107827,Cooler,Soft Drinks,placed,1,1
105175,Cooler,Water,placed,1,1
105175,Cooler,Soft Drinks,placed,1,1
106867,Cooler,Water,placed,1,1
106867,Cooler,Soft Drinks,placed,1,"1,5"
106334,Cooler,Water,placed,1,"1,5"
106334,Cooler,Soft Drinks,placed,1,1
106334,Cooler,Soft Drinks,placed,1,2
111623,Cooler,Soft Drinks,placed,1,1
110687,Cooler,Soft Drinks,placed,1,2
110687,Cooler,Juice,placed,1,1
108678,Cooler,Soft Drinks,placed,2,"2,5"
105176,Cooler,Soft Drinks,placed,1,"1,5"
111214,Cooler,Water,placed,1,1
111214,Cooler,Soft Drinks,placed,1,1
111214,Cooler,Soft Drinks,placed,1,"0,3"
111214,Cooler,Energy,placed,1,"0,7"
111214,Dispenser,Water,placed,3,0
104072,Cooler,Water,placed,1,1
104072,Cooler,Soft Drinks,placed,1,"1,5"
104072,Cooler,Energy,placed,1,"0,7"
105098,Cooler,Water,placed,1,1
108249,Cooler,Soft Drinks,placed,1,1
104226,Cooler,Water,placed,1,1
108764,Cooler,Water,placed,1,1
108764,Cooler,Soft Drinks,placed,4,"3,7"
108764,Cooler,Juice,placed,1,1
108764,Dispenser,Water,placed,1,0
106693,Cooler,Water,placed,1,1
106693,Cooler,Soft Drinks,placed,1,2
106693,Cooler,Energy,placed,1,"0,7"
105238,Cooler,Soft Drinks,placed,1,1
104532,Cooler,Soft Drinks,placed,1,1
105239,Cooler,Soft Drinks,placed,1,1
108253,Cooler,Water,placed,1,1
108253,Cooler,Soft Drinks,placed,1,1
104052,Cooler,Water,placed,1,1
100839,Cooler,Energy,placed,1,"0,7"
104498,Cooler,Soft Drinks,placed,1,2
109867,Cooler,Soft Drinks,placed,1,1
104085,Cooler,Water,placed,1,"1,5"
104085,Cooler,Soft Drinks,placed,1,"1,5"
104499,Cooler,Water,placed,2,2
104499,Cooler,Soft Drinks,placed,2,3
104499,Cooler,Energy,placed,1,"0,7"
104961,Cooler,Soft Drinks,placed,1,1
103422,Cooler,Water,placed,1,"1,5"
103422,Cooler,Soft Drinks,placed,1,2
103422,Cooler,Energy,placed,1,"0,7"
104557,Cooler,Soft Drinks,placed,1,2
111343,Cooler,Water,placed,1,1
111343,Cooler,Soft Drinks,placed,3,"3,3"
102307,Cooler,Water,placed,1,"1,5"
102307,Cooler,Soft Drinks,placed,1,"1,5"
100778,Cooler,Soft Drinks,placed,1,1
110970,Cooler,Soft Drinks,placed,2,"2,3"
110970,Cooler,Soft Drinks,placed,1,"0,3"
104236,Cooler,Soft Drinks,placed,2,3
104236,Cooler,Energy,placed,1,"0,7"
105946,Cooler,Water,placed,1,1
103678,Cooler,Water,placed,1,"1,5"
103678,Cooler,Soft Drinks,placed,1,2
103678,Cooler,Energy,placed,1,"0,7"
109509,Cooler,Water,placed,1,1
103979,Cooler,Water,placed,1,1
103979,Cooler,Soft Drinks,placed,1,2
103979,Cooler,Energy,placed,1,"0,7"
110263,Cooler,Soft Drinks,placed,1,1
103646,Cooler,Soft Drinks,placed,1,1
100250,Cooler,Soft Drinks,placed,1,1
110261,Cooler,Water,placed,1,1
100832,Cooler,Soft Drinks,placed,1,1
103848,Coffee,Coffee ,placed,2,0
103848,Cooler,Soft Drinks,placed,3,"4,5"
103848,Cooler,Energy,placed,1,"0,7"
103848,Dispenser,Water,placed,1,0
106300,Cooler,Soft Drinks,placed,1,"1,5"
109511,Cooler,Soft Drinks,placed,1,1
109790,Cooler,Soft Drinks,placed,1,1
110260,Cooler,Soft Drinks,placed,1,1
100131,Cooler,Juice,placed,1,1
105097,Cooler,Soft Drinks,placed,1,1
101014,Cooler,Soft Drinks,placed,2,3
101014,Cooler,Energy,placed,2,"1,4"
101014,Cooler,Energy,placed,1,1
103930,Cooler,Water,placed,1,"1,5"
103930,Cooler,Soft Drinks,placed,1,"0,7"
109962,Cooler,Water,placed,1,1
109962,Cooler,Soft Drinks,placed,1,1
102149,Cooler,Water,placed,1,"1,5"
102149,Cooler,Soft Drinks,placed,2,2
102149,Cooler,Energy,placed,1,"0,7"
102149,Cooler,Energy,placed,1,"0,7"
105855,Cooler,Soft Drinks,placed,2,2
107794,Cooler,Soft Drinks,placed,1,1
105076,Cooler,Soft Drinks,placed,1,1
105062,Cooler,Soft Drinks,placed,1,1
103755,Cooler,Water,placed,1,"1,5"
103755,Cooler,Soft Drinks,placed,2,"2,2"
103755,Cooler,Energy,placed,1,"0,7"
108251,Cooler,Soft Drinks,placed,2,"2,5"
108250,Cooler,Soft Drinks,placed,2,2
104073,Cooler,Soft Drinks,placed,1,2
103977,Cooler,Water,placed,1,"1,5"
103977,Cooler,Soft Drinks,placed,1,2
103977,Cooler,Energy,placed,1,"0,7"
106716,Cooler,Soft Drinks,placed,1,2
110964,Fountain,Soft Drinks,placed,2,0
101266,Cooler,Water,placed,1,1
101266,Cooler,Soft Drinks,placed,1,1
108527,Cooler,Soft Drinks,placed,1,1
103949,Cooler,Soft Drinks,placed,1,2
108247,Cooler,Soft Drinks,placed,4,4
108247,Cooler,Juice,placed,1,1
106357,Cooler,Soft Drinks,placed,1,1
108941,Cooler,Soft Drinks,placed,2,3
106248,Cooler,Water,placed,1,1
106248,Cooler,Soft Drinks,placed,2,3
106248,Cooler,Energy,placed,2,"1,7"
104826,Cooler,Soft Drinks,placed,1,1
108266,Cooler,Soft Drinks,placed,1,1
108245,Cooler,Soft Drinks,placed,1,1
106304,Cooler,Soft Drinks,placed,1,"1,5"
106304,Cooler,Soft Drinks,placed,2,3
103464,Cooler,Soft Drinks,placed,1,1
105778,Cooler,Soft Drinks,placed,2,2
104396,Cooler,Water,placed,1,1
104396,Cooler,Soft Drinks,placed,1,"1,5"
100535,Cooler,Soft Drinks,placed,1,2
108483,Cooler,Water,placed,2,2
108483,Cooler,Soft Drinks,placed,2,2
108483,Cooler,Juice,placed,1,1
106287,Cooler,Soft Drinks,placed,1,1
107639,Cooler,Water,placed,2,3
108335,Cooler,Soft Drinks,placed,1,1
108335,Cooler,Juice,placed,1,1
108335,Dispenser,Water,placed,1,0
103950,Cooler,Water,placed,1,"1,5"
103950,Cooler,Soft Drinks,placed,1,2
103950,Cooler,Energy,placed,1,"0,7"
103950,Cooler,Juice,placed,1,1
110757,Cooler,Soft Drinks,placed,1,1
108060,Cooler,Water,placed,1,1
108060,Cooler,Soft Drinks,placed,1,"1,5"
105178,Cooler,Juice,placed,1,1
109678,Cooler,Juice,placed,1,1
108766,Cooler,Soft Drinks,placed,1,1
107973,Cooler,Soft Drinks,placed,2,2
108651,Cooler,Soft Drinks,placed,1,1
103401,Cooler,Soft Drinks,placed,1,2
105471,Cooler,Water,placed,1,1
105471,Cooler,Soft Drinks,placed,1,1
105257,Cooler,Soft Drinks,placed,1,1
107247,Cooler,Soft Drinks,placed,3,5
107247,Cooler,Energy,placed,1,"0,7"
104397,Cooler,Water,placed,1,1
104397,Cooler,Soft Drinks,placed,1,1
108471,Cooler,Soft Drinks,placed,1,1
100534,Cooler,Soft Drinks,placed,2,"3,5"
100534,Cooler,Energy,placed,1,"0,7"
106604,Cooler,Water,placed,1,1
106604,Dispenser,Water,placed,1,0
106555,Cooler,Soft Drinks,placed,1,"0,7"
107817,Cooler,Soft Drinks,placed,2,2
108326,Cooler,Soft Drinks,placed,2,2
110987,Cooler,Soft Drinks,placed,2,2
108002,Cooler,Water,placed,1,1
108002,Cooler,Soft Drinks,placed,1,1
105548,Cooler,Energy,placed,1,"0,7"
106315,Cooler,Water,placed,1,2
106315,Cooler,Soft Drinks,placed,2,4
107795,Cooler,Soft Drinks,placed,1,1
107184,Cooler,Soft Drinks,placed,1,1
106951,Cooler,Water,placed,1,1
107971,Cooler,Water,placed,1,1
107971,Cooler,Soft Drinks,placed,1,1
107971,Cooler,Juice,placed,1,1
109487,Cooler,Water,placed,2,2
109487,Cooler,Soft Drinks,placed,2,2
105550,Cooler,Water,placed,1,1
105550,Cooler,Soft Drinks,placed,1,1
109030,Cooler,Water,placed,2,2
109030,Cooler,Soft Drinks,placed,2,"2,5"
109030,Cooler,Juice,placed,1,1
108092,Cooler,Water,placed,1,1
108092,Cooler,Soft Drinks,placed,1,1
108092,Cooler,Soft Drinks,placed,1,1
108093,Cooler,Water,placed,2,2
108093,Cooler,Soft Drinks,placed,1,1
108093,Dispenser,Water,placed,1,0
104834,Cooler,Soft Drinks,placed,1,1
105475,Cooler,Soft Drinks,placed,2,"1,8"
106563,Cooler,Soft Drinks,placed,1,1
104956,Cooler,Water,placed,1,1
104956,Cooler,Soft Drinks,placed,4,"2,7"
104956,Cooler,Juice,placed,1,"0,3"
110659,Cooler,Soft Drinks,placed,1,1
108768,Cooler,Soft Drinks,placed,1,1
106311,Cooler,Water,placed,1,1
106311,Cooler,Soft Drinks,placed,1,1
109075,Cooler,Soft Drinks,placed,1,2
111562,Cooler,Soft Drinks,placed,1,1
108674,Cooler,Soft Drinks,placed,1,1
107240,Cooler,Soft Drinks,placed,1,"0,7"
105187,Cooler,Water,placed,1,1
106625,Cooler,Water,placed,1,1
106625,Cooler,Soft Drinks,placed,1,1
110002,Cooler,Water,placed,1,1
110002,Cooler,Soft Drinks,placed,1,1
103781,Cooler,Energy,placed,1,"0,7"
109310,Cooler,Water,placed,1,1
103914,Cooler,Water,placed,1,1
103914,Cooler,Energy,placed,1,"0,7"
109215,Cooler,Water,placed,1,1
109215,Cooler,Soft Drinks,placed,3,4
109215,Cooler,Energy,placed,1,1
106318,Cooler,Water,placed,1,1
106318,Cooler,Soft Drinks,placed,1,"1,5"
106318,Cooler,Energy,placed,1,"0,7"
108341,Cooler,Soft Drinks,placed,1,1
101281,Cooler,Water,placed,1,1
101281,Cooler,Soft Drinks,placed,1,2
107802,Cooler,Soft Drinks,placed,1,1
105551,Cooler,Juice,placed,1,1
108653,Cooler,Soft Drinks,placed,2,"3,5"
105948,Cooler,Water,placed,1,1
105948,Cooler,Soft Drinks,placed,1,1
108330,Cooler,Soft Drinks,placed,5,"4,4"
105916,Cooler,Soft Drinks,placed,1,1
107192,Cooler,Water,placed,2,3
107192,Cooler,Soft Drinks,placed,1,1
108480,Cooler,Water,placed,1,2
108480,Cooler,Soft Drinks,placed,1,"0,3"
107183,Cooler,Water,placed,1,"1,5"
107183,Cooler,Soft Drinks,placed,2,"3,5"
105064,Cooler,Juice,placed,1,1
108099,Cooler,Water,placed,1,1
108099,Cooler,Soft Drinks,placed,1,1
105063,Cooler,Water,placed,1,2
105063,Cooler,Soft Drinks,placed,2,"1,4"
109813,Cooler,Water,placed,1,1
109494,Cooler,Water,placed,1,1
104075,Cooler,Water,placed,1,"1,5"
104075,Cooler,Soft Drinks,placed,4,"6,5"
108477,Cooler,Water,placed,2,2
108477,Cooler,Soft Drinks,placed,4,5
108477,Cooler,Energy,placed,1,1
105876,Cooler,Water,placed,1,1
100847,Cooler,Soft Drinks,placed,1,1
108481,Cooler,Water,placed,1,1
108481,Cooler,Soft Drinks,placed,2,4
108546,Cooler,Soft Drinks,placed,1,1
106886,Cooler,Soft Drinks,placed,2,"0,6"
110032,Cooler,Soft Drinks,placed,3,2
107970,Cooler,Water,placed,3,"3,5"
107970,Cooler,Soft Drinks,placed,2,"2,5"
107970,Cooler,Juice,placed,1,1
108494,Cooler,Water,placed,1,1
105105,Cooler,Soft Drinks,placed,1,1
112011,Cooler,Water,placed,1,1
112011,Cooler,Soft Drinks,placed,2,3
112011,Cooler,Energy,placed,1,"0,7"
108834,Cooler,Water,placed,1,1
104213,Cooler,Water,placed,1,1
104213,Cooler,Soft Drinks,placed,1,2
105059,Cooler,Soft Drinks,placed,2,2
110978,Cooler,Soft Drinks,placed,1,"0,7"
106694,Cooler,Water,placed,1,1
106694,Cooler,Soft Drinks,placed,1,1
100836,Cooler,Soft Drinks,placed,1,1
102202,Cooler,Water,placed,1,2
102202,Cooler,Soft Drinks,placed,1,1
106355,Cooler,Soft Drinks,placed,1,1
103462,Cooler,Soft Drinks,placed,1,"1,5"
106552,Cooler,Soft Drinks,placed,1,1
106552,Dispenser,Water,placed,2,0
103740,Cooler,Water,placed,1,"1,5"
106814,Cooler,Soft Drinks,placed,3,"2,3"
108542,Cooler,Soft Drinks,placed,1,"0,7"
106113,Cooler,Soft Drinks,placed,4,2
106113,Cooler,Juice,placed,1,"0,7"
106113,Dispenser,Water,placed,1,0
105914,Cooler,Water,placed,1,1
105207,Cooler,Soft Drinks,placed,1,1
111996,Cooler,Soft Drinks,placed,1,"0,7"
105250,Cooler,Soft Drinks,placed,1,1
107149,Cooler,Water,placed,1,1
107149,Cooler,Soft Drinks,placed,1,2
104107,Cooler,Water,placed,2,4
105181,Cooler,Soft Drinks,placed,1,1
111860,Cooler,Water,placed,2,2
102236,Cooler,Water,placed,1,1
102236,Cooler,Soft Drinks,placed,1,2
102236,Cooler,Energy,placed,1,"0,7"
105530,Cooler,Soft Drinks,placed,1,1
100795,Cooler,Soft Drinks,placed,2,3
100795,Cooler,Energy,placed,1,"0,7"
108811,Cooler,Juice,placed,1,"0,7"
105248,Cooler,Soft Drinks,placed,1,1
100238,Cooler,Juice,placed,1,"0,3"
106571,Cooler,Soft Drinks,placed,1,1
107101,Cooler,Water,placed,1,1
107101,Cooler,Soft Drinks,placed,1,1
104100,Cooler,Water,placed,3,4
112012,Cooler,Soft Drinks,placed,1,2
100794,Cooler,Water,placed,1,1
100794,Cooler,Soft Drinks,placed,1,1
100794,Cooler,Energy,placed,1,"0,7"
103776,Cooler,Water,placed,1,1
105885,Cooler,Soft Drinks,placed,1,1
106374,Cooler,Energy,placed,1,"0,7"
106618,Cooler,Soft Drinks,placed,1,1
104965,Cooler,Soft Drinks,placed,1,1
103882,Cooler,Soft Drinks,placed,1,"1,5"
110242,Cooler,Soft Drinks,placed,1,1
110242,Cooler,Juice,placed,1,"0,3"
105246,Cooler,Water,placed,1,1
100796,Cooler,Water,placed,1,1
100796,Cooler,Soft Drinks,placed,1,"1,5"
100796,Cooler,Energy,placed,1,"0,7"
104193,Cooler,Soft Drinks,placed,1,1
104955,Cooler,Soft Drinks,placed,1,"0,7"
103647,Cooler,Water,placed,1,1
103647,Cooler,Soft Drinks,placed,1,2
105858,Cooler,Soft Drinks,placed,1,1
104258,Cooler,Soft Drinks,placed,1,"1,5"
104258,Cooler,Energy,placed,1,"0,7"
104099,Cooler,Water,placed,1,1
104099,Cooler,Soft Drinks,placed,1,"1,5"
104490,Cooler,Water,placed,1,2
104490,Cooler,Soft Drinks,placed,1,2
108466,Cooler,Water,placed,1,1
106307,Coffee,Coffee ,placed,2,0
102210,Cooler,Energy,placed,1,1
108458,Cooler,Water,placed,2,2
108458,Cooler,Soft Drinks,placed,2,2
111244,Cooler,Soft Drinks,placed,3,3
111244,Cooler,Juice,placed,1,"0,3"
103551,Cooler,Soft Drinks,placed,1,2
104161,Cooler,Water,placed,1,"1,5"
104161,Cooler,Soft Drinks,placed,1,1
104161,Cooler,Energy,placed,1,"0,7"
104161,Cooler,Energy,placed,1,"0,7"
103968,Cooler,Water,placed,1,"1,5"
103968,Cooler,Soft Drinks,placed,1,"1,5"
105244,Cooler,Water,placed,1,1
105244,Cooler,Soft Drinks,placed,1,"1,5"
108460,Cooler,Soft Drinks,placed,1,1
105773,Cooler,Water,placed,1,1
100197,Cooler,Water,placed,1,1
100197,Cooler,Energy,placed,1,"0,7"
100197,Cooler,Energy,placed,1,1
105469,Cooler,Energy,placed,1,"0,7"
110738,Cooler,Water,placed,1,1
103881,Cooler,Soft Drinks,placed,1,2
107076,Cooler,Water,placed,1,"1,5"
107076,Cooler,Soft Drinks,placed,1,"1,5"
108465,Cooler,Water,placed,1,1
108465,Cooler,Soft Drinks,placed,1,1
108470,Cooler,Soft Drinks,placed,1,1
110975,Fountain,Soft Drinks,placed,2,0
106870,Cooler,Soft Drinks,placed,1,2
106870,Dispenser,Water,placed,1,0
106957,Cooler,Water,placed,1,1
106957,Cooler,Soft Drinks,placed,1,2
105915,Cooler,Soft Drinks,placed,1,1
108343,Cooler,Soft Drinks,placed,1,1
108343,Cooler,Juice,placed,1,1
108343,Dispenser,Water,placed,1,0
105476,Cooler,Soft Drinks,placed,1,1
106815,Fountain,Soft Drinks,placed,1,0
106696,Cooler,Water,placed,1,"1,5"
106696,Cooler,Soft Drinks,placed,1,2
106696,Cooler,Energy,placed,1,"0,7"
109050,Cooler,Soft Drinks,placed,3,"1,6"
109050,Dispenser,Water,placed,2,0
109173,Cooler,Water,placed,1,1
109173,Cooler,Soft Drinks,placed,1,1
110592,Cooler,Soft Drinks,placed,1,1
108476,Cooler,Soft Drinks,placed,3,"4,5"
108346,Cooler,Water,placed,1,1
108346,Cooler,Soft Drinks,placed,1,"1,5"
107991,Cooler,Soft Drinks,placed,2,2
106872,Cooler,Water,placed,1,1
106872,Cooler,Juice,placed,1,1
106714,Cooler,Water,placed,1,1
106714,Cooler,Soft Drinks,placed,2,3
104097,Cooler,Water,placed,1,1
104097,Cooler,Soft Drinks,placed,1,2
100227,Cooler,Soft Drinks,placed,3,"1,3"
107621,Cooler,Juice,placed,1,1
103470,Cooler,Water,placed,1,1
103470,Cooler,Soft Drinks,placed,1,1
103470,Cooler,Energy,placed,1,"0,7"
109256,Cooler,Soft Drinks,placed,1,2
111193,Coffee,Coffee ,placed,2,0
111193,Cooler,Soft Drinks,placed,3,"2,8"
108539,Cooler,Energy,placed,1,"0,3"
101015,Coffee,Coffee ,placed,2,0
101015,Cooler,Water,placed,1,2
101015,Cooler,Soft Drinks,placed,1,2
101015,Cooler,Energy,placed,1,"0,7"
106954,Cooler,Soft Drinks,placed,1,"1,5"
107801,Cooler,Water,placed,1,1
107801,Cooler,Soft Drinks,placed,2,3
108765,Cooler,Water,placed,2,2
108765,Cooler,Soft Drinks,placed,3,"3,5"
105478,Cooler,Water,placed,1,1
100265,Cooler,Soft Drinks,placed,1,"0,7"
104257,Cooler,Soft Drinks,placed,1,2
101256,Cooler,Soft Drinks,placed,1,1
100151,Cooler,Water,placed,1,1
100151,Cooler,Soft Drinks,placed,3,4
100151,Cooler,Energy,placed,1,"0,7"
109045,Cooler,Water,placed,1,"1,5"
109045,Cooler,Soft Drinks,placed,1,1
109045,Cooler,Soft Drinks,placed,1,1
107796,Cooler,Soft Drinks,placed,2,3
103547,Cooler,Water,placed,1,1
103648,Cooler,Water,placed,2,"2,5"
103648,Cooler,Soft Drinks,placed,1,"1,5"
103648,Cooler,Energy,placed,1,"0,7"
109436,Cooler,Soft Drinks,placed,2,2
102396,Cooler,Water,placed,2,"2,5"
105872,Cooler,Soft Drinks,placed,1,1
109193,Cooler,Water,placed,2,2
109193,Cooler,Soft Drinks,placed,3,"2,7"
108835,Cooler,Water,placed,1,1
108835,Cooler,Soft Drinks,placed,1,1
105085,Cooler,Water,placed,1,1
105085,Cooler,Soft Drinks,placed,3,3
105085,Cooler,Juice,placed,1,1
100228,Cooler,Soft Drinks,placed,2,"2,5"
106277,Cooler,Water,placed,2,3
106277,Cooler,Soft Drinks,placed,1,1
109162,Cooler,Water,placed,1,1
109162,Cooler,Soft Drinks,placed,1,"0,3"
109160,Cooler,Soft Drinks,placed,1,1
107803,Cooler,Soft Drinks,placed,1,1
106817,Cooler,Soft Drinks,placed,1,1
108455,Cooler,Water,placed,1,1
108455,Cooler,Juice,placed,1,1
110015,Cooler,Soft Drinks,placed,2,"1,7"
109158,Cooler,Water,placed,3,3
109158,Cooler,Energy,placed,1,"0,7"
111855,Cooler,Water,placed,1,1
111855,Cooler,Soft Drinks,placed,1,2
110977,Cooler,Soft Drinks,placed,3,2
110977,Fountain,Soft Drinks,placed,5,0
109157,Cooler,Water,placed,1,1
109157,Cooler,Soft Drinks,placed,1,1
110253,Cooler,Soft Drinks,placed,1,1
108719,Cooler,Soft Drinks,placed,1,1
108324,Cooler,Soft Drinks,placed,1,1
107193,Cooler,Soft Drinks,placed,1,1
107623,Cooler,Water,placed,2,2
107623,Cooler,Soft Drinks,placed,4,4
107623,Cooler,Juice,placed,2,"1,3"
107809,Cooler,Soft Drinks,placed,1,2
107799,Cooler,Soft Drinks,placed,1,1
107680,Cooler,Soft Drinks,placed,1,1
105939,Cooler,Soft Drinks,placed,1,1
100195,Cooler,Water,placed,1,1
100195,Cooler,Soft Drinks,placed,1,1
106718,Cooler,Water,placed,1,2
106718,Cooler,Soft Drinks,placed,4,"6,7"
105889,Cooler,Soft Drinks,placed,1,"1,5"
105889,Cooler,Juice,placed,1,1
105252,Cooler,Soft Drinks,placed,1,1
100812,Cooler,Soft Drinks,placed,1,"1,5"
100533,Cooler,Water,placed,1,"1,5"
100533,Cooler,Soft Drinks,placed,3,"4,5"
100533,Cooler,Energy,placed,1,"0,7"
108701,Cooler,Soft Drinks,placed,1,2
105251,Cooler,Juice,placed,1,"0,3"
104051,Cooler,Water,placed,1,"1,5"
104051,Cooler,Soft Drinks,placed,2,3
110871,Cooler,Soft Drinks,placed,2,2
109156,Cooler,Soft Drinks,placed,1,1
111969,Cooler,Water,placed,1,"1,5"
111969,Cooler,Soft Drinks,placed,1,2
110318,Cooler,Soft Drinks,placed,2,2
100825,Cooler,Soft Drinks,placed,1,2
108491,Cooler,Soft Drinks,placed,1,1
108491,Cooler,Juice,placed,1,1
109793,Cooler,Soft Drinks,placed,1,1
101051,Cooler,Soft Drinks,placed,1,1
101322,Cooler,Soft Drinks,placed,1,1
107212,Cooler,Soft Drinks,placed,1,2
106960,Cooler,Soft Drinks,placed,1,2
108076,Cooler,Water,placed,2,2
108076,Cooler,Soft Drinks,placed,1,1
108075,Cooler,Juice,placed,1,1
104401,Cooler,Soft Drinks,placed,1,2
110104,Cooler,Water,placed,1,1
110104,Cooler,Soft Drinks,placed,1,1
105206,Cooler,Soft Drinks,placed,1,1
103761,Cooler,Water,placed,1,"1,5"
103761,Cooler,Soft Drinks,placed,1,2
108699,Cooler,Water,placed,2,2
108699,Cooler,Soft Drinks,placed,3,3
108504,Cooler,Soft Drinks,placed,1,2
108065,Cooler,Soft Drinks,placed,1,2
100916,Cooler,Water,placed,1,1
100916,Cooler,Soft Drinks,placed,1,"1,5"
107704,Cooler,Water,placed,1,1
107704,Cooler,Soft Drinks,placed,1,1
108012,Cooler,Soft Drinks,placed,1,1
107629,Cooler,Soft Drinks,placed,1,1
102144,Cooler,Soft Drinks,placed,3,"4,5"
108690,Cooler,Water,placed,1,1
107798,Cooler,Soft Drinks,placed,1,1
108090,Cooler,Water,placed,1,1
108087,Cooler,Water,placed,1,1
108087,Cooler,Energy,placed,2,"1,3"
101365,Cooler,Soft Drinks,placed,1,1
100554,Cooler,Water,placed,3,4
100554,Cooler,Soft Drinks,placed,1,2
100554,Cooler,Energy,placed,1,"0,7"
101364,Cooler,Water,placed,3,"3,5"
101364,Cooler,Soft Drinks,placed,3,"3,5"
108875,Cooler,Water,placed,1,1
108875,Cooler,Soft Drinks,placed,1,1
108875,Dispenser,Water,placed,1,0
108098,Cooler,Soft Drinks,placed,1,"1,5"
108098,Dispenser,Water,placed,1,0
106725,Cooler,Soft Drinks,placed,2,"3,5"
103599,Cooler,Water,placed,1,1
103599,Cooler,Soft Drinks,placed,1,2
107475,Cooler,Soft Drinks,placed,1,1
110100,Cooler,Soft Drinks,placed,1,1
110100,Cooler,Soft Drinks,placed,1,"0,7"
111317,Cooler,Soft Drinks,placed,1,2
101410,Cooler,Water,placed,1,1
101410,Cooler,Soft Drinks,placed,1,2
106875,Cooler,Water,placed,1,1
106828,Cooler,Soft Drinks,placed,1,1
107972,Cooler,Soft Drinks,placed,1,2
110105,Cooler,Soft Drinks,placed,1,1
100537,Cooler,Soft Drinks,placed,2,4
111630,Cooler,Water,placed,1,1
111505,Cooler,Water,placed,1,1
111505,Cooler,Soft Drinks,placed,1,1
111505,Cooler,Soft Drinks,placed,1,1
109502,Cooler,Soft Drinks,placed,1,1
104041,Cooler,Water,placed,1,1
104041,Cooler,Soft Drinks,placed,1,"1,5"
104041,Cooler,Energy,placed,1,"0,7"
107681,Cooler,Soft Drinks,placed,1,1
107697,Cooler,Water,placed,1,1
107697,Cooler,Soft Drinks,placed,1,"1,5"
100539,Cooler,Water,placed,1,"1,5"
100539,Cooler,Soft Drinks,placed,1,2
104020,Cooler,Soft Drinks,placed,1,2
107985,Cooler,Water,placed,1,1
107985,Cooler,Soft Drinks,placed,1,1
107985,Cooler,Juice,placed,1,"0,3"
107797,Cooler,Soft Drinks,placed,1,1
107797,Cooler,Juice,placed,1,"0,7"
110878,Cooler,Soft Drinks,placed,3,"3,7"
107683,Cooler,Water,placed,1,1
107683,Cooler,Soft Drinks,placed,2,2
103946,Cooler,Water,placed,1,1
103946,Cooler,Soft Drinks,placed,2,"1,7"
109966,Cooler,Soft Drinks,placed,1,1
109514,Cooler,Soft Drinks,placed,1,1
105305,Cooler,Soft Drinks,placed,1,1
104489,Cooler,Soft Drinks,placed,2,"3,5"
104489,Cooler,Energy,placed,1,"0,7"
105245,Cooler,Soft Drinks,placed,1,1
107690,Coffee,Coffee ,placed,1,0
107690,Cooler,Soft Drinks,placed,1,1
105081,Cooler,Energy,placed,1,"0,7"
102231,Cooler,Water,placed,1,1
102231,Cooler,Soft Drinks,placed,1,2
112014,Cooler,Soft Drinks,placed,1,"1,5"
103576,Cooler,Soft Drinks,placed,1,2
107085,Cooler,Soft Drinks,placed,1,1
104129,Cooler,Water,placed,1,1
104129,Cooler,Soft Drinks,placed,1,2
106961,Cooler,Water,placed,1,1
109109,Cooler,Soft Drinks,placed,1,1
106291,Cooler,Soft Drinks,placed,1,"0,7"
107645,Cooler,Soft Drinks,placed,2,2
104309,Cooler,Water,placed,1,"1,5"
104309,Cooler,Energy,placed,1,1
106682,Coffee,Coffee ,placed,2,0
102052,Cooler,Water,placed,1,"1,5"
102052,Cooler,Soft Drinks,placed,1,"1,5"
100193,Cooler,Soft Drinks,placed,1,"0,7"
107861,Cooler,Water,placed,2,2
106550,Cooler,Soft Drinks,placed,1,1
100251,Cooler,Soft Drinks,placed,1,1
105228,Cooler,Water,placed,1,"1,5"
105228,Cooler,Soft Drinks,placed,1,"1,5"
100831,Cooler,Soft Drinks,placed,1,1
108692,Cooler,Soft Drinks,placed,1,2
106168,Cooler,Soft Drinks,placed,1,1
106309,Cooler,Soft Drinks,placed,1,1
109217,Cooler,Water,placed,1,1
109217,Cooler,Soft Drinks,placed,1,1
109748,Cooler,Soft Drinks,placed,1,"0,3"
110244,Cooler,Soft Drinks,placed,1,1
100207,Cooler,Water,placed,2,3
100893,Cooler,Soft Drinks,placed,1,1
109422,Cooler,Soft Drinks,placed,1,1
104967,Cooler,Water,placed,1,1
104967,Cooler,Soft Drinks,placed,1,2
104967,Dispenser,Water,placed,1,0
109147,Cooler,Soft Drinks,placed,1,1
109519,Cooler,Soft Drinks,placed,1,1
108495,Cooler,Water,placed,1,1
108495,Cooler,Soft Drinks,placed,2,2
108495,Cooler,Juice,placed,1,"0,3"
108492,Cooler,Water,placed,2,3
108492,Cooler,Soft Drinks,placed,1,1
108492,Cooler,Energy,placed,1,"0,7"
108492,Dispenser,Water,placed,1,0
104550,Cooler,Soft Drinks,placed,1,"1,5"
103482,Cooler,Soft Drinks,placed,1,1
105180,Cooler,Soft Drinks,placed,2,"1,3"
104039,Coffee,Coffee ,placed,1,0
104039,Cooler,Soft Drinks,placed,1,"1,5"
104039,Cooler,Energy,placed,1,"0,7"
103604,Cooler,Water,placed,2,"2,5"
103604,Cooler,Soft Drinks,placed,1,2
102178,Cooler,Soft Drinks,placed,1,1
109506,Cooler,Water,placed,1,1
105095,Cooler,Soft Drinks,placed,1,1
110759,Coffee,Coffee ,placed,2,0
112001,Cooler,Soft Drinks,placed,1,1
110239,Dispenser,Water,placed,1,0
111189,Cooler,Soft Drinks,placed,3,3
111189,Cooler,Soft Drinks,placed,1,1
111189,Cooler,Energy,placed,1,"0,7"
112005,Cooler,Water,placed,1,1
106717,Cooler,Water,placed,1,1
108711,Cooler,Soft Drinks,placed,1,1
108711,Cooler,Juice,placed,1,"0,3"
105323,Cooler,Water,placed,1,1
109442,Cooler,Soft Drinks,placed,2,2
105138,Cooler,Soft Drinks,placed,1,1
109983,Cooler,Water,placed,1,1
109996,Cooler,Soft Drinks,placed,1,"1,5"
109994,Cooler,Soft Drinks,placed,1,1
100987,Cooler,Soft Drinks,placed,1,1
100892,Cooler,Soft Drinks,placed,1,1
108497,Cooler,Soft Drinks,placed,1,1
103767,Cooler,Soft Drinks,placed,1,"1,5"
104016,Cooler,Soft Drinks,placed,1,"1,5"
104016,Cooler,Energy,placed,1,1
101000,Cooler,Soft Drinks,placed,1,1
105921,Cooler,Soft Drinks,placed,1,1
105921,Cooler,Juice,placed,1,"0,3"
107977,Cooler,Water,placed,1,1
108609,Cooler,Water,placed,1,1
108609,Cooler,Soft Drinks,placed,4,"3,3"
108609,Cooler,Juice,placed,2,2
104964,Cooler,Water,placed,1,"1,5"
104964,Cooler,Soft Drinks,placed,1,1
105881,Cooler,Soft Drinks,placed,2,"1,7"
105086,Cooler,Water,placed,1,"1,5"
108607,Cooler,Soft Drinks,placed,1,1
108738,Cooler,Soft Drinks,placed,1,"0,7"
108738,Cooler,Energy,placed,1,1
105527,Cooler,Energy,placed,1,"0,7"
108498,Cooler,Soft Drinks,placed,1,1
108498,Dispenser,Water,placed,1,0
111626,Cooler,Soft Drinks,placed,1,1
108940,Cooler,Soft Drinks,placed,3,5
108940,Dispenser,Water,placed,1,0
103969,Cooler,Soft Drinks,placed,1,1
105631,Cooler,Water,placed,1,1
105631,Cooler,Soft Drinks,placed,1,"0,7"
105631,Cooler,Soft Drinks,placed,3,"0,9"
105631,Dispenser,Water,placed,1,0
101013,Cooler,Soft Drinks,placed,1,1
107820,Cooler,Water,placed,1,1
104055,Cooler,Soft Drinks,placed,1,1
101012,Cooler,Soft Drinks,placed,1,2
106326,Cooler,Soft Drinks,placed,1,1
110963,Cooler,Soft Drinks,placed,4,"1,9"
110963,Fountain,Soft Drinks,placed,10,0
104049,Cooler,Water,placed,1,1
104049,Cooler,Soft Drinks,placed,1,"1,5"
106377,Cooler,Soft Drinks,placed,1,1
100186,Cooler,Soft Drinks,placed,1,1
105664,Cooler,Soft Drinks,placed,1,"0,7"
107661,Cooler,Soft Drinks,placed,1,1
100252,Cooler,Water,placed,1,"1,5"
101254,Cooler,Soft Drinks,placed,1,1
107619,Coffee,Coffee ,placed,2,0
107619,Cooler,Water,placed,3,3
109268,Cooler,Water,placed,1,1
109268,Cooler,Soft Drinks,placed,2,3
103649,Cooler,Soft Drinks,placed,2,"3,5"
103649,Cooler,Energy,placed,1,"0,7"
103650,Cooler,Water,placed,1,1
103650,Cooler,Soft Drinks,placed,1,1
103970,Cooler,Water,placed,1,"1,5"
103970,Cooler,Energy,placed,1,"0,7"
107983,Cooler,Soft Drinks,placed,1,2
106531,Cooler,Juice,placed,1,"0,7"
109469,Cooler,Soft Drinks,placed,1,1
110623,Cooler,Water,placed,1,1
100562,Cooler,Soft Drinks,placed,3,"4,3"
100562,Cooler,Energy,placed,3,"2,1"
104059,Cooler,Water,placed,1,"1,5"
104059,Cooler,Soft Drinks,placed,1,2
104059,Cooler,Energy,placed,1,"0,7"
111253,Cooler,Soft Drinks,placed,1,1
104057,Cooler,Soft Drinks,placed,2,4
108500,Cooler,Soft Drinks,placed,1,1
110699,Cooler,Soft Drinks,placed,1,1
110699,Cooler,Juice,placed,1,"0,3"
110031,Cooler,Water,placed,1,1
110031,Cooler,Soft Drinks,placed,2,2
106293,Cooler,Water,placed,1,"1,5"
106293,Cooler,Soft Drinks,placed,2,4
109473,Cooler,Soft Drinks,placed,1,1
111509,Cooler,Water,placed,1,1
111509,Cooler,Soft Drinks,placed,4,5
111509,Dispenser,Water,placed,1,0
107663,Cooler,Soft Drinks,placed,1,2
109219,Cooler,Water,placed,2,2
109219,Cooler,Soft Drinks,placed,1,"1,5"
109219,Dispenser,Water,placed,1,0
105925,Cooler,Water,placed,1,1
105925,Cooler,Soft Drinks,placed,3,3
104069,Cooler,Water,placed,1,1
104069,Cooler,Soft Drinks,placed,1,2
104069,Cooler,Energy,placed,1,"0,7"
110685,Cooler,Soft Drinks,placed,1,1
110685,Cooler,Energy,placed,1,"0,7"
110918,Cooler,Water,placed,1,1
110918,Cooler,Soft Drinks,placed,1,1
105158,Cooler,Water,placed,1,1
105089,Cooler,Soft Drinks,placed,1,1
100237,Cooler,Water,placed,1,1
100237,Cooler,Soft Drinks,placed,1,"1,5"
100237,Cooler,Energy,placed,1,"0,7"
100921,Cooler,Water,placed,2,2
100921,Cooler,Energy,placed,1,"0,7"
103651,Cooler,Water,placed,1,1
103651,Cooler,Soft Drinks,placed,1,2
110601,Cooler,Soft Drinks,placed,1,"0,7"
111986,Cooler,Soft Drinks,placed,1,"1,5"
111986,Cooler,Energy,placed,1,"0,7"
108094,Cooler,Water,placed,2,2
108094,Cooler,Soft Drinks,placed,1,"0,3"
108094,Cooler,Soft Drinks,placed,1,1
107195,Cooler,Soft Drinks,placed,1,1
110608,Cooler,Soft Drinks,placed,1,1
103738,Cooler,Soft Drinks,placed,1,1
105959,Cooler,Water,placed,1,1
105959,Cooler,Soft Drinks,placed,1,1
108473,Cooler,Water,placed,1,1
108473,Cooler,Soft Drinks,placed,5,6
104054,Cooler,Water,placed,1,"1,5"
104054,Cooler,Soft Drinks,placed,1,2
103760,Cooler,Water,placed,1,2
103760,Cooler,Soft Drinks,placed,1,"0,7"
111188,Cooler,Soft Drinks,placed,5,"5,3"
111188,Fountain,Soft Drinks,placed,1,0
105087,Cooler,Water,placed,1,1
105087,Cooler,Soft Drinks,placed,1,1
103754,Cooler,Water,placed,1,1
107167,Cooler,Water,placed,2,3
107167,Cooler,Soft Drinks,placed,2,3
111821,Cooler,Soft Drinks,placed,1,"0,3"
108808,Cooler,Water,placed,1,1
105909,Cooler,Soft Drinks,placed,1,1
107691,Cooler,Soft Drinks,placed,1,1
104250,Cooler,Water,placed,1,"1,5"
110808,Cooler,Water,placed,1,1
110808,Cooler,Soft Drinks,placed,1,1
110808,Cooler,Juice,placed,1,1
100561,Cooler,Soft Drinks,placed,3,5
100561,Cooler,Energy,placed,1,"0,7"
105184,Cooler,Soft Drinks,placed,1,1
110288,Cooler,Soft Drinks,placed,1,1
110292,Cooler,Soft Drinks,placed,1,1
109794,Cooler,Soft Drinks,placed,1,"1,5"
107692,Cooler,Soft Drinks,placed,1,1
107692,Cooler,Juice,placed,1,1
107692,Cooler,Energy,placed,1,"0,7"
103783,Cooler,Water,placed,1,1
103783,Cooler,Soft Drinks,placed,1,"1,5"
110012,Cooler,Soft Drinks,placed,1,1
109504,Cooler,Soft Drinks,placed,1,1
109416,Cooler,Soft Drinks,placed,1,1
107685,Cooler,Water,placed,1,1
107685,Dispenser,Water,placed,1,0
106549,Cooler,Soft Drinks,placed,1,1
106549,Cooler,Juice,placed,1,"0,3"
100049,Cooler,Water,placed,1,2
100049,Cooler,Soft Drinks,placed,1,2
106823,Cooler,Soft Drinks,placed,1,1
109338,Cooler,Soft Drinks,placed,1,"0,3"
103572,Cooler,Water,placed,1,1
103572,Cooler,Soft Drinks,placed,1,1
103644,Cooler,Soft Drinks,placed,1,"1,5"
103644,Cooler,Energy,placed,1,"0,7"
106279,Cooler,Soft Drinks,placed,4,8
109476,Cooler,Soft Drinks,placed,1,1
105877,Cooler,Water,placed,1,1
105877,Cooler,Soft Drinks,placed,5,7
108741,Cooler,Water,placed,1,1
108741,Cooler,Soft Drinks,placed,3,4
108474,Cooler,Soft Drinks,placed,3,4
105110,Cooler,Soft Drinks,placed,1,1
107982,Cooler,Water,placed,1,2
107982,Cooler,Soft Drinks,placed,1,2
108717,Cooler,Water,placed,1,"1,5"
108717,Cooler,Soft Drinks,placed,1,1
110342,Cooler,Soft Drinks,placed,1,1
110342,Cooler,Energy,placed,1,"0,7"
110342,Cooler,Juice,placed,1,1
106240,Cooler,Soft Drinks,placed,2,"3,5"
106240,Cooler,Energy,placed,1,1
100540,Cooler,Water,placed,1,"1,5"
100540,Cooler,Soft Drinks,placed,3,"4,5"
108475,Cooler,Soft Drinks,placed,1,1
108743,Cooler,Soft Drinks,placed,2,2
108507,Cooler,Soft Drinks,placed,1,1
107155,Cooler,Water,placed,1,"1,5"
107155,Cooler,Soft Drinks,placed,1,"1,5"
107154,Cooler,Water,placed,1,"1,5"
107154,Cooler,Soft Drinks,placed,1,2
107981,Cooler,Soft Drinks,placed,1,1
107810,Cooler,Water,placed,1,1
107810,Cooler,Soft Drinks,placed,1,1
107652,Cooler,Soft Drinks,placed,1,1
107818,Cooler,Energy,placed,1,"0,3"
108745,Cooler,Soft Drinks,placed,1,2
110389,Cooler,Soft Drinks,placed,1,"0,7"
107627,Cooler,Soft Drinks,placed,1,1
101301,Cooler,Water,placed,1,1
111884,Cooler,Soft Drinks,placed,1,2
108086,Cooler,Soft Drinks,placed,1,1
100793,Cooler,Soft Drinks,placed,1,"1,5"
100793,Cooler,Energy,placed,1,"0,7"
108569,Cooler,Soft Drinks,placed,2,"2,5"
110876,Cooler,Water,placed,1,1
110876,Cooler,Soft Drinks,placed,6,"3,3"
107980,Cooler,Water,placed,1,1
107980,Cooler,Juice,placed,1,1
107695,Cooler,Soft Drinks,placed,2,2
108114,Cooler,Water,placed,2,2
107153,Cooler,Water,placed,1,2
107153,Cooler,Soft Drinks,placed,1,2
107624,Cooler,Soft Drinks,placed,2,2
106820,Cooler,Soft Drinks,placed,1,1
105924,Cooler,Soft Drinks,placed,2,"1,7"
108109,Cooler,Soft Drinks,placed,1,1
107342,Cooler,Water,placed,1,"1,5"
107342,Cooler,Soft Drinks,placed,1,"0,3"
108493,Cooler,Water,placed,2,"2,5"
106873,Cooler,Soft Drinks,placed,4,"1,2"
107979,Cooler,Soft Drinks,placed,1,2
100920,Cooler,Energy,placed,1,"0,7"
103594,Cooler,Soft Drinks,placed,1,2
109179,Cooler,Water,placed,1,1
109179,Dispenser,Water,placed,1,0
105230,Cooler,Soft Drinks,placed,4,"2,8"
107687,Cooler,Water,placed,2,2
107687,Cooler,Soft Drinks,placed,1,2
107687,Dispenser,Water,placed,1,0
108669,Cooler,Soft Drinks,placed,1,1
107677,Cooler,Soft Drinks,placed,1,1
107677,Cooler,Juice,placed,1,1
107978,Cooler,Water,placed,1,1
107978,Cooler,Soft Drinks,placed,1,1
106847,Cooler,Soft Drinks,placed,1,1
111652,Cooler,Soft Drinks,placed,1,1
111652,Cooler,Soft Drinks,placed,1,2
109445,Cooler,Juice,placed,1,1
103601,Cooler,Soft Drinks,placed,1,1
109106,Cooler,Soft Drinks,placed,1,1
104592,Cooler,Water,placed,1,"1,5"
104592,Cooler,Soft Drinks,placed,1,2
108046,Cooler,Water,placed,1,1
108046,Cooler,Soft Drinks,placed,3,3
108042,Cooler,Soft Drinks,placed,1,1
107823,Cooler,Soft Drinks,placed,2,2
104119,Cooler,Soft Drinks,placed,1,1
107825,Cooler,Water,placed,3,3
107825,Cooler,Soft Drinks,placed,2,2
102310,Cooler,Soft Drinks,placed,2,3
100190,Cooler,Water,placed,1,1
100190,Cooler,Soft Drinks,placed,1,"1,5"
109452,Cooler,Soft Drinks,placed,1,1
109452,Cooler,Juice,placed,1,1
108110,Cooler,Soft Drinks,placed,1,1
109267,Cooler,Water,placed,1,1
109267,Cooler,Soft Drinks,placed,1,1
108469,Cooler,Soft Drinks,placed,1,1
108469,Cooler,Juice,placed,1,1
100864,Cooler,Water,placed,2,3
104035,Cooler,Soft Drinks,placed,1,"1,5"
108932,Cooler,Soft Drinks,placed,1,1
104399,Cooler,Water,placed,1,1
104399,Cooler,Soft Drinks,placed,1,1
109492,Cooler,Water,placed,1,1
109492,Cooler,Soft Drinks,placed,1,1
108725,Cooler,Soft Drinks,placed,1,1
108725,Cooler,Juice,placed,1,1
106849,Cooler,Soft Drinks,placed,1,1
107165,Cooler,Water,placed,1,"1,5"
107165,Cooler,Soft Drinks,placed,2,4
107165,Cooler,Energy,placed,1,"0,7"
102170,Cooler,Soft Drinks,placed,5,7
102170,Cooler,Energy,placed,1,"0,7"
109472,Cooler,Soft Drinks,placed,1,1
105516,Cooler,Soft Drinks,placed,1,"1,5"
109108,Cooler,Water,placed,2,"2,5"
109108,Cooler,Soft Drinks,placed,1,1
108468,Cooler,Soft Drinks,placed,1,1
107625,Cooler,Soft Drinks,placed,1,1
111681,Cooler,Soft Drinks,placed,1,1
108467,Cooler,Soft Drinks,placed,1,1
104071,Cooler,Water,placed,1,1
104071,Cooler,Soft Drinks,placed,1,"1,5"
108452,Cooler,Soft Drinks,placed,1,1
107326,Cooler,Soft Drinks,placed,1,1
103432,Cooler,Soft Drinks,placed,1,1
107182,Cooler,Water,placed,1,"1,5"
107182,Cooler,Soft Drinks,placed,1,"1,5"
107655,Cooler,Soft Drinks,placed,1,"0,3"
105151,Cooler,Soft Drinks,placed,1,1
105186,Cooler,Soft Drinks,placed,1,1
110615,Cooler,Soft Drinks,placed,1,1
108043,Cooler,Soft Drinks,placed,2,3
108043,Cooler,Juice,placed,1,1
107626,Cooler,Soft Drinks,placed,1,1
107626,Cooler,Soft Drinks,placed,5,"2,6"
108058,Cooler,Water,placed,2,2
108058,Cooler,Soft Drinks,placed,2,2
105968,Cooler,Soft Drinks,placed,1,1
105968,Cooler,Juice,placed,1,1
110972,Cooler,Water,placed,1,1
110972,Cooler,Soft Drinks,placed,3,3
110972,Fountain,Soft Drinks,placed,7,0
108104,Cooler,Soft Drinks,placed,1,1
107659,Cooler,Water,placed,1,1
107659,Cooler,Soft Drinks,placed,4,5
107659,Cooler,Juice,placed,1,1
107659,Dispenser,Water,placed,1,0
107646,Cooler,Soft Drinks,placed,1,"1,5"
109730,Cooler,Water,placed,1,1
109730,Cooler,Soft Drinks,placed,1,"0,7"
104218,Cooler,Soft Drinks,placed,1,2
102168,Cooler,Water,placed,4,6
102168,Cooler,Soft Drinks,placed,1,2
102168,Cooler,Energy,placed,1,"0,7"
105873,Cooler,Water,placed,1,1
105873,Cooler,Soft Drinks,placed,2,2
105185,Cooler,Soft Drinks,placed,2,2
107821,Cooler,Soft Drinks,placed,1,1
108478,Cooler,Water,placed,2,2
108478,Cooler,Soft Drinks,placed,1,1
108478,Cooler,Juice,placed,1,"0,3"
108478,Dispenser,Water,placed,1,0
107984,Cooler,Water,placed,1,1
107984,Cooler,Soft Drinks,placed,1,1
109530,Cooler,Soft Drinks,placed,1,1
109842,Cooler,Water,placed,1,1
109842,Cooler,Soft Drinks,placed,1,1
106812,Cooler,Soft Drinks,placed,2,"1,7"
106585,Cooler,Soft Drinks,placed,1,1
106585,Dispenser,Water,placed,1,0
107649,Cooler,Water,placed,1,1
107339,Cooler,Soft Drinks,placed,1,1
100800,Cooler,Water,placed,1,"1,5"
108463,Cooler,Soft Drinks,placed,1,2
110973,Cooler,Soft Drinks,placed,2,"1,3"
110973,Fountain,Soft Drinks,placed,4,0
108667,Cooler,Soft Drinks,placed,2,"2,5"
105188,Cooler,Soft Drinks,placed,1,1
105188,Cooler,Juice,placed,2,"0,6"
105113,Cooler,Soft Drinks,placed,2,1
107994,Cooler,Soft Drinks,placed,1,1
102129,Cooler,Soft Drinks,placed,1,1
109107,Cooler,Soft Drinks,placed,2,"1,7"
103431,Cooler,Soft Drinks,placed,1,1
102311,Cooler,Soft Drinks,placed,1,1
103642,Cooler,Water,placed,1,1
111027,Cooler,Water,placed,1,1
111027,Cooler,Soft Drinks,placed,2,2
111027,Cooler,Juice,placed,1,1
111027,Fountain,Soft Drinks,placed,2,0
107196,Cooler,Water,placed,1,"1,5"
107196,Cooler,Soft Drinks,placed,1,2
110237,Cooler,Soft Drinks,placed,1,1
107995,Cooler,Water,placed,5,5
107995,Cooler,Soft Drinks,placed,3,5
107995,Cooler,Energy,placed,1,"0,3"
110971,Cooler,Water,placed,2,2
110971,Cooler,Soft Drinks,placed,4,"3,7"
110971,Cooler,Energy,placed,1,1
110971,Fountain,Soft Drinks,placed,3,0
108459,Cooler,Soft Drinks,placed,1,"0,3"
105731,Cooler,Soft Drinks,placed,2,"1,7"
107996,Cooler,Soft Drinks,placed,1,1
103554,Cooler,Water,placed,1,1
103554,Cooler,Soft Drinks,placed,1,"1,5"
103554,Cooler,Energy,placed,1,"0,7"
103554,Cooler,Energy,placed,1,1
103971,Cooler,Soft Drinks,placed,1,2
104043,Cooler,Water,placed,2,"2,5"
104043,Cooler,Soft Drinks,placed,1,2
104043,Cooler,Energy,placed,1,"0,7"
111801,Cooler,Water,placed,1,1
111801,Cooler,Soft Drinks,placed,1,1
111625,Cooler,Water,placed,1,1
110941,Cooler,Water,placed,1,1
110941,Cooler,Soft Drinks,placed,2,2
110941,Cooler,Soft Drinks,placed,2,3
110941,Cooler,Juice,placed,2,2
107648,Cooler,Soft Drinks,placed,1,2
107998,Cooler,Soft Drinks,placed,1,1
109712,Cooler,Soft Drinks,placed,1,1
101273,Cooler,Water,placed,1,"1,5"
101273,Cooler,Soft Drinks,placed,1,1
100542,Cooler,Water,placed,1,"1,5"
100542,Cooler,Soft Drinks,placed,2,3
107180,Cooler,Water,placed,1,1
107180,Cooler,Soft Drinks,placed,1,2
105108,Cooler,Water,placed,1,1
110243,Cooler,Water,placed,1,2
100541,Cooler,Water,placed,1,"1,5"
100541,Cooler,Soft Drinks,placed,1,2
100541,Cooler,Energy,placed,1,"0,7"
107444,Cooler,Soft Drinks,placed,1,"0,7"
104131,Cooler,Water,placed,2,2
104131,Cooler,Soft Drinks,placed,1,2
100922,Cooler,Soft Drinks,placed,1,1
109345,Cooler,Soft Drinks,placed,1,1
103715,Cooler,Water,placed,1,1
103715,Cooler,Soft Drinks,placed,1,2
111329,Cooler,Soft Drinks,placed,2,2
106685,Cooler,Water,placed,1,1
106685,Cooler,Soft Drinks,placed,2,"3,5"
101352,Cooler,Soft Drinks,placed,2,"0,6"
109344,Cooler,Soft Drinks,placed,1,1
104402,Cooler,Water,placed,1,"1,5"
104402,Cooler,Soft Drinks,placed,1,1
104402,Cooler,Energy,placed,1,"0,7"
104402,Cooler,Energy,placed,1,"0,7"
110995,Fountain,Soft Drinks,placed,6,0
110999,Cooler,Water,placed,1,1
110999,Cooler,Soft Drinks,placed,4,6
110999,Fountain,Soft Drinks,placed,20,0
106308,Cooler,Water,placed,1,"1,5"
106308,Cooler,Soft Drinks,placed,1,"1,5"
106308,Cooler,Energy,placed,1,"0,7"
106308,Cooler,Energy,placed,1,"0,7"
103684,Cooler,Water,placed,1,1
103684,Cooler,Energy,placed,1,"0,7"
100189,Cooler,Water,placed,1,1
100189,Cooler,Soft Drinks,placed,1,1
100189,Cooler,Energy,placed,1,"0,7"
111559,Cooler,Soft Drinks,placed,1,1
100802,Cooler,Soft Drinks,placed,1,1
103379,Cooler,Soft Drinks,placed,1,"1,5"
104170,Cooler,Soft Drinks,placed,1,1
103933,Cooler,Water,placed,1,2
103933,Cooler,Soft Drinks,placed,1,2
105341,Cooler,Soft Drinks,placed,1,"0,7"
103555,Cooler,Soft Drinks,placed,1,1
105342,Cooler,Soft Drinks,placed,1,1
105342,Cooler,Energy,placed,1,"0,3"
110271,Cooler,Soft Drinks,placed,1,1
100691,Cooler,Soft Drinks,placed,1,"1,5"
100790,Cooler,Water,placed,1,1
105608,Cooler,Soft Drinks,placed,1,1
105864,Cooler,Water,placed,1,1
105864,Cooler,Soft Drinks,placed,1,1
110852,Cooler,Soft Drinks,placed,1,1
100536,Cooler,Soft Drinks,placed,3,"4,5"
109196,Cooler,Water,placed,2,2
109196,Cooler,Soft Drinks,placed,1,1
104065,Cooler,Soft Drinks,placed,1,2
110694,Cooler,Water,placed,1,"1,5"
110694,Cooler,Soft Drinks,placed,5,"3,4"
110931,Cooler,Water,placed,2,2
110931,Cooler,Soft Drinks,placed,2,"2,5"
110931,Fountain,Soft Drinks,placed,6,0
109289,Cooler,Soft Drinks,placed,1,1
109752,Cooler,Soft Drinks,placed,1,2
102312,Coffee,Coffee ,placed,1,0
102312,Cooler,Water,placed,3,"3,5"
102312,Cooler,Soft Drinks,placed,1,2
102312,Cooler,Energy,placed,1,"0,7"
112047,Cooler,Soft Drinks,placed,1,2
105552,Cooler,Water,placed,1,1
105552,Cooler,Soft Drinks,placed,1,2
105114,Cooler,Soft Drinks,placed,1,1
107671,Cooler,Soft Drinks,placed,1,1
108879,Cooler,Soft Drinks,placed,1,1
107157,Cooler,Water,placed,1,1
105519,Cooler,Soft Drinks,placed,1,1
105229,Cooler,Soft Drinks,placed,2,"1,3"
107335,Cooler,Water,placed,2,2
107335,Cooler,Soft Drinks,placed,2,2
107335,Dispenser,Water,placed,1,0
106173,Cooler,Soft Drinks,placed,1,1
111486,Cooler,Soft Drinks,placed,5,"4,3"
105942,Cooler,Water,placed,1,2
104521,Cooler,Water,placed,1,1
104521,Cooler,Soft Drinks,placed,2,4
104521,Cooler,Energy,placed,1,"0,7"
111592,Cooler,Soft Drinks,placed,2,3
111592,Cooler,Energy,placed,1,"0,7"
111592,Dispenser,Water,placed,1,0
107700,Cooler,Water,placed,2,"2,5"
107700,Cooler,Soft Drinks,placed,1,1
108927,Cooler,Juice,placed,1,1
102313,Cooler,Soft Drinks,placed,1,2
102314,Cooler,Water,placed,2,3
102219,Cooler,Soft Drinks,placed,1,"1,5"
110952,Cooler,Water,placed,1,1
110952,Cooler,Soft Drinks,placed,1,1
110952,Fountain,Soft Drinks,placed,1,0
105537,Cooler,Soft Drinks,placed,2,"1,3"
108190,Cooler,Soft Drinks,placed,1,1
108190,Cooler,Juice,placed,1,1
108084,Cooler,Soft Drinks,placed,2,2
105137,Cooler,Soft Drinks,placed,1,1
108180,Cooler,Soft Drinks,placed,1,"1,5"
108180,Cooler,Juice,placed,1,"0,3"
108185,Cooler,Soft Drinks,placed,4,"2,3"
102173,Cooler,Soft Drinks,placed,1,1
105343,Cooler,Water,placed,1,1
105343,Cooler,Soft Drinks,placed,1,1
105263,Cooler,Soft Drinks,placed,1,1
108462,Cooler,Soft Drinks,placed,1,1
110614,Cooler,Soft Drinks,placed,1,1
110614,Cooler,Soft Drinks,placed,1,"0,7"
108472,Cooler,Water,placed,1,1
108472,Cooler,Soft Drinks,placed,2,3
105361,Cooler,Water,placed,1,1
105361,Cooler,Soft Drinks,placed,2,"1,3"
105361,Cooler,Juice,placed,2,2
104111,Cooler,Soft Drinks,placed,1,1
105520,Cooler,Water,placed,1,1
104033,Cooler,Soft Drinks,placed,1,2
105214,Cooler,Soft Drinks,placed,4,"3,6"
108655,Cooler,Soft Drinks,placed,1,1
105217,Cooler,Water,placed,1,1
105217,Cooler,Soft Drinks,placed,1,1
110013,Cooler,Water,placed,1,1
110013,Cooler,Soft Drinks,placed,1,1
110013,Cooler,Energy,placed,1,"0,7"
107993,Cooler,Soft Drinks,placed,1,1
107993,Cooler,Soft Drinks,placed,3,"2,7"
108763,Cooler,Soft Drinks,placed,3,3
105112,Cooler,Soft Drinks,placed,1,1
110928,Cooler,Soft Drinks,placed,1,1
104042,Cooler,Water,placed,1,"1,5"
104042,Cooler,Soft Drinks,placed,1,2
106337,Cooler,Soft Drinks,placed,1,"1,5"
106180,Cooler,Water,placed,3,"3,5"
106180,Cooler,Soft Drinks,placed,4,"4,3"
106180,Cooler,Juice,placed,4,"3,3"
107988,Cooler,Water,placed,1,1
107988,Cooler,Soft Drinks,placed,1,1
109131,Cooler,Soft Drinks,placed,1,1
101382,Cooler,Water,placed,3,"3,5"
101382,Cooler,Soft Drinks,placed,2,"1,7"
101382,Cooler,Juice,placed,1,"0,3"
108865,Cooler,Water,placed,1,1
108865,Cooler,Soft Drinks,placed,3,3
108718,Cooler,Juice,placed,2,2
108718,Dispenser,Water,placed,1,0
108082,Cooler,Soft Drinks,placed,3,3
104053,Cooler,Soft Drinks,placed,1,2
108453,Cooler,Water,placed,2,2
108453,Cooler,Soft Drinks,placed,2,2
109221,Cooler,Soft Drinks,placed,1,1
109221,Cooler,Soft Drinks,placed,4,6
109221,Cooler,Juice,placed,1,1
110937,Cooler,Soft Drinks,placed,2,"1,4"
110937,Fountain,Soft Drinks,placed,7,0
108182,Cooler,Soft Drinks,placed,1,1
108867,Cooler,Soft Drinks,placed,1,1
103556,Cooler,Soft Drinks,placed,1,"1,5"
103557,Cooler,Water,placed,1,"1,5"
103557,Cooler,Soft Drinks,placed,1,"1,5"
103557,Cooler,Energy,placed,1,"0,7"
107072,Cooler,Soft Drinks,placed,1,1
108003,Cooler,Soft Drinks,placed,1,1
108003,Cooler,Soft Drinks,placed,2,2
108003,Cooler,Juice,placed,1,"0,7"
109200,Cooler,Water,placed,1,1
109200,Cooler,Soft Drinks,placed,3,3
107990,Cooler,Soft Drinks,placed,1,1
107990,Cooler,Juice,placed,1,"0,3"
105532,Coffee,Coffee ,placed,2,0
105532,Cooler,Water,placed,3,3
105532,Cooler,Soft Drinks,placed,1,1
105532,Dispenser,Water,placed,2,0
107987,Cooler,Soft Drinks,placed,1,1
108181,Cooler,Soft Drinks,placed,2,3
108181,Cooler,Juice,placed,2,2
109199,Cooler,Soft Drinks,placed,1,1
103598,Cooler,Water,placed,4,4
110953,Cooler,Water,placed,2,2
110953,Cooler,Soft Drinks,placed,3,5
110953,Cooler,Juice,placed,1,1
110953,Fountain,Soft Drinks,placed,4,0
108430,Cooler,Water,placed,1,1
108430,Cooler,Soft Drinks,placed,1,2
110951,Cooler,Soft Drinks,placed,1,"0,7"
110951,Fountain,Soft Drinks,placed,2,0
110951,Dispenser,Water,placed,3,0
108431,Cooler,Soft Drinks,placed,1,1
108175,Cooler,Water,placed,1,1
108175,Cooler,Soft Drinks,placed,1,1
108177,Cooler,Soft Drinks,placed,1,2
105278,Cooler,Soft Drinks,placed,1,1
110959,Cooler,Water,placed,4,5
110959,Cooler,Soft Drinks,placed,5,"1,5"
110959,Cooler,Soft Drinks,placed,10,"13,3"
110959,Cooler,Juice,placed,6,6
110959,Fountain,Soft Drinks,placed,30,0
107631,Cooler,Soft Drinks,placed,1,1
105279,Cooler,Soft Drinks,placed,2,"1,7"
103716,Cooler,Soft Drinks,placed,1,1
105067,Cooler,Soft Drinks,placed,1,1
104244,Cooler,Water,placed,2,"2,5"
104244,Cooler,Soft Drinks,placed,1,"1,5"
110956,Fountain,Soft Drinks,placed,12,0
110955,Cooler,Water,placed,4,4
110955,Cooler,Soft Drinks,placed,1,1
100188,Cooler,Water,placed,1,1
100188,Cooler,Soft Drinks,placed,1,1
100188,Cooler,Energy,placed,1,"0,7"
103429,Cooler,Soft Drinks,placed,1,"1,5"
110607,Cooler,Soft Drinks,placed,1,1
109132,Cooler,Water,placed,1,"1,5"
109132,Cooler,Soft Drinks,placed,1,"1,5"
102140,Cooler,Water,placed,1,"1,5"
102140,Cooler,Soft Drinks,placed,1,"1,5"
110942,Cooler,Water,placed,1,1
110942,Cooler,Juice,placed,1,1
108535,Cooler,Soft Drinks,placed,1,1
104047,Cooler,Water,placed,3,"3,5"
107992,Cooler,Soft Drinks,placed,1,1
109499,Cooler,Soft Drinks,placed,1,1
109499,Cooler,Juice,placed,1,"0,3"
108668,Cooler,Soft Drinks,placed,1,1
105147,Cooler,Soft Drinks,placed,1,1
109115,Cooler,Water,placed,1,1
109115,Cooler,Soft Drinks,placed,1,1
108540,Cooler,Soft Drinks,placed,2,3
110929,Cooler,Water,placed,1,1
110929,Cooler,Soft Drinks,placed,1,1
110929,Fountain,Soft Drinks,placed,7,0
110929,Dispenser,Water,placed,1,0
109806,Cooler,Water,placed,1,1
109806,Cooler,Soft Drinks,placed,1,1
110865,Cooler,Soft Drinks,placed,1,1
111182,Cooler,Soft Drinks,placed,1,2
108183,Cooler,Soft Drinks,placed,4,"4,7"
108398,Cooler,Water,placed,2,2
108398,Cooler,Soft Drinks,placed,1,1
108389,Cooler,Soft Drinks,placed,1,1
108427,Cooler,Water,placed,1,1
108427,Cooler,Soft Drinks,placed,1,2
108427,Cooler,Juice,placed,2,"1,3"
109523,Cooler,Juice,placed,1,1
105274,Cooler,Soft Drinks,placed,1,1
107637,Cooler,Juice,placed,1,1
107637,Fountain,Soft Drinks,placed,2,0
105339,Cooler,Soft Drinks,placed,1,1
105233,Cooler,Juice,placed,1,1
107620,Cooler,Soft Drinks,placed,1,1
108646,Cooler,Soft Drinks,placed,1,1
108646,Fountain,Soft Drinks,placed,1,0
108639,Cooler,Water,placed,1,1
108639,Cooler,Soft Drinks,placed,1,2
100764,Cooler,Soft Drinks,placed,1,"1,5"
105215,Cooler,Soft Drinks,placed,9,"6,4"
105215,Cooler,Energy,placed,1,"0,7"
109795,Dispenser,Water,placed,1,0
109795,Dispenser,Water,placed,1,0
105944,Cooler,Water,placed,2,2
110965,Cooler,Soft Drinks,placed,1,2
108648,Cooler,Water,placed,1,1
108648,Cooler,Soft Drinks,placed,3,3
108648,Cooler,Juice,placed,1,1
108648,Fountain,Soft Drinks,placed,1,0
109139,Cooler,Water,placed,1,1
109139,Cooler,Soft Drinks,placed,1,2
109141,Cooler,Soft Drinks,placed,2,4
107628,Cooler,Soft Drinks,placed,1,1
107969,Cooler,Water,placed,1,1
107969,Cooler,Soft Drinks,placed,1,1
109171,Cooler,Soft Drinks,placed,2,2
109171,Cooler,Juice,placed,1,1
108814,Cooler,Soft Drinks,placed,1,"0,3"
108814,Cooler,Juice,placed,1,1
106608,Cooler,Soft Drinks,placed,1,2
110930,Cooler,Soft Drinks,placed,3,"1,6"
110980,Fountain,Soft Drinks,placed,7,0
108649,Cooler,Soft Drinks,placed,3,3
106822,Fountain,Soft Drinks,placed,2,0
108211,Cooler,Water,placed,1,1
108211,Cooler,Juice,placed,1,1
107679,Cooler,Juice,placed,1,1
109169,Cooler,Juice,placed,1,1
108393,Cooler,Water,placed,1,1
108393,Cooler,Juice,placed,1,1
108393,Cooler,Energy,placed,1,"0,3"
108188,Cooler,Juice,placed,1,1
108392,Cooler,Juice,placed,1,1
105256,Cooler,Soft Drinks,placed,1,1
107635,Cooler,Juice,placed,1,1
105370,Cooler,Juice,placed,1,1
108511,Cooler,Soft Drinks,placed,1,1
108517,Cooler,Soft Drinks,placed,1,1
108517,Cooler,Soft Drinks,placed,1,1
105362,Cooler,Energy,placed,1,1
107633,Cooler,Soft Drinks,placed,1,1
104808,Cooler,Soft Drinks,placed,1,1
108817,Cooler,Soft Drinks,placed,1,2
102207,Cooler,Soft Drinks,placed,1,1
101370,Cooler,Soft Drinks,placed,2,"1,7"
101370,Dispenser,Water,placed,1,0
108555,Cooler,Water,placed,1,1
108555,Cooler,Soft Drinks,placed,1,1
108217,Cooler,Soft Drinks,placed,1,1
102227,Cooler,Soft Drinks,placed,1,2
105149,Cooler,Water,placed,1,1
108650,Cooler,Soft Drinks,placed,1,"1,5"
107968,Cooler,Soft Drinks,placed,1,1
107967,Cooler,Soft Drinks,placed,1,1
107632,Fountain,Soft Drinks,placed,1,0
101152,Cooler,Soft Drinks,placed,1,1
107630,Cooler,Juice,placed,1,1
109167,Cooler,Water,placed,1,1
109167,Cooler,Soft Drinks,placed,1,1
109143,Cooler,Soft Drinks,placed,2,"1,3"
110981,Cooler,Soft Drinks,placed,2,3
108818,Cooler,Water,placed,1,1
108818,Cooler,Soft Drinks,placed,1,"0,7"
105209,Cooler,Soft Drinks,placed,1,1
107112,Cooler,Water,placed,2,"2,5"
107112,Cooler,Soft Drinks,placed,1,"1,5"
108819,Cooler,Soft Drinks,placed,1,"0,3"
110982,Cooler,Soft Drinks,placed,5,4
110982,Fountain,Soft Drinks,placed,5,0
110983,Cooler,Soft Drinks,placed,2,2
110983,Fountain,Soft Drinks,placed,4,0
108204,Cooler,Soft Drinks,placed,1,1
108550,Cooler,Soft Drinks,placed,1,2
110984,Cooler,Soft Drinks,placed,1,2
105354,Cooler,Soft Drinks,placed,1,1
108206,Cooler,Soft Drinks,placed,1,1
103565,Cooler,Soft Drinks,placed,1,1
108662,Cooler,Soft Drinks,placed,1,1
110985,Fountain,Soft Drinks,placed,5,0
108390,Cooler,Soft Drinks,placed,1,1
108390,Cooler,Juice,placed,1,1
107966,Cooler,Water,placed,1,1
107966,Cooler,Soft Drinks,placed,2,3
107966,Fountain,Soft Drinks,placed,1,0
109731,Cooler,Water,placed,1,1
109731,Cooler,Soft Drinks,placed,1,1
107965,Cooler,Soft Drinks,placed,1,1
110986,Cooler,Water,placed,4,5
110986,Cooler,Soft Drinks,placed,2,2
110986,Fountain,Soft Drinks,placed,8,0
110986,Dispenser,Water,placed,4,0
110934,Cooler,Soft Drinks,placed,2,"2,5"
110934,Cooler,Juice,placed,1,"0,3"
108854,Cooler,Soft Drinks,placed,1,"0,3"
108172,Cooler,Soft Drinks,placed,2,2
108380,Cooler,Water,placed,1,1
108380,Cooler,Soft Drinks,placed,1,1
108380,Cooler,Juice,placed,1,1
107989,Cooler,Soft Drinks,placed,1,2
110448,Fountain,Soft Drinks,placed,1,0
107997,Cooler,Soft Drinks,placed,1,1
108210,Cooler,Water,placed,2,2
108210,Cooler,Soft Drinks,placed,5,"6,7"
108210,Cooler,Juice,placed,1,"0,3"
108388,Cooler,Soft Drinks,placed,1,2
109176,Cooler,Water,placed,1,1
109176,Cooler,Soft Drinks,placed,1,1
109176,Cooler,Juice,placed,1,"0,7"
108387,Cooler,Water,placed,2,2
108387,Cooler,Soft Drinks,placed,1,1
109734,Cooler,Water,placed,3,3
100538,Cooler,Water,placed,1,1
100538,Cooler,Soft Drinks,placed,1,2
108394,Cooler,Soft Drinks,placed,1,1
109212,Cooler,Soft Drinks,placed,2,"2,5"
109214,Cooler,Soft Drinks,placed,1,1
109211,Cooler,Soft Drinks,placed,1,1
109220,Cooler,Soft Drinks,placed,1,1
108434,Cooler,Soft Drinks,placed,1,1
108409,Cooler,Water,placed,1,1
108409,Cooler,Soft Drinks,placed,4,4
108707,Cooler,Water,placed,1,1
108707,Cooler,Soft Drinks,placed,2,3
109207,Cooler,Soft Drinks,placed,1,1
109528,Cooler,Soft Drinks,placed,1,"1,5"
105060,Cooler,Soft Drinks,placed,1,1
104045,Cooler,Soft Drinks,placed,1,2
107688,Cooler,Water,placed,1,1
107688,Cooler,Soft Drinks,placed,2,2
107688,Cooler,Juice,placed,1,1
108728,Cooler,Juice,placed,1,1
105061,Cooler,Soft Drinks,placed,1,"0,7"
109155,Cooler,Soft Drinks,placed,1,1
110979,Cooler,Soft Drinks,placed,3,"1,3"
110979,Fountain,Soft Drinks,placed,2,0
108721,Cooler,Soft Drinks,placed,1,1
109154,Cooler,Soft Drinks,placed,1,1
105066,Cooler,Soft Drinks,placed,1,1
105898,Cooler,Water,placed,1,1
108549,Cooler,Soft Drinks,placed,1,2
109749,Cooler,Juice,placed,1,1
111315,Cooler,Water,placed,1,1
111315,Cooler,Soft Drinks,placed,2,2
105859,Cooler,Soft Drinks,placed,2,"1,3"
109153,Cooler,Water,placed,1,1
109153,Cooler,Soft Drinks,placed,1,1
105068,Cooler,Soft Drinks,placed,1,1
108173,Cooler,Juice,placed,1,1
108163,Cooler,Soft Drinks,placed,1,1
103566,Cooler,Water,placed,1,1
103566,Cooler,Soft Drinks,placed,1,2
104238,Cooler,Soft Drinks,placed,1,2
105534,Cooler,Soft Drinks,placed,1,1
107694,Cooler,Soft Drinks,placed,1,1
101267,Cooler,Soft Drinks,placed,1,1
108985,Cooler,Soft Drinks,placed,1,1
106169,Cooler,Soft Drinks,placed,1,1
108416,Cooler,Soft Drinks,placed,1,1
105365,Cooler,Water,placed,1,1
111185,Dispenser,Water,placed,2,0
111184,Cooler,Soft Drinks,placed,1,2
110974,Cooler,Water,placed,1,1
110974,Cooler,Soft Drinks,placed,2,2
110974,Fountain,Soft Drinks,placed,2,0
110974,Dispenser,Water,placed,2,0
109146,Cooler,Water,placed,1,1
109146,Cooler,Soft Drinks,placed,1,1
109146,Cooler,Juice,placed,1,1
109138,Cooler,Water,placed,1,1
110874,Cooler,Water,placed,1,1
110874,Cooler,Soft Drinks,placed,1,"1,5"
108168,Cooler,Water,placed,1,1
108168,Cooler,Soft Drinks,placed,3,"3,2"
109140,Cooler,Soft Drinks,placed,2,2
108647,Cooler,Soft Drinks,placed,2,3
109410,Cooler,Soft Drinks,placed,1,1
109410,Cooler,Juice,placed,1,1
110932,Cooler,Soft Drinks,placed,2,"1,7"
108849,Cooler,Soft Drinks,placed,1,1
109159,Cooler,Soft Drinks,placed,1,1
109159,Dispenser,Water,placed,1,0
109145,Cooler,Soft Drinks,placed,2,2
103980,Cooler,Soft Drinks,placed,1,2
110935,Cooler,Water,placed,1,1
110935,Cooler,Soft Drinks,placed,1,2
110936,Cooler,Soft Drinks,placed,3,4
110936,Fountain,Soft Drinks,placed,6,0
110936,Dispenser,Water,placed,6,0
110938,Cooler,Soft Drinks,placed,1,2
110368,Cooler,Soft Drinks,placed,2,"2,5"
110368,Cooler,Energy,placed,1,"0,7"
105146,Cooler,Soft Drinks,placed,1,1
105146,Cooler,Juice,placed,1,1
104038,Cooler,Water,placed,1,"1,5"
104038,Cooler,Soft Drinks,placed,1,"1,5"
105367,Cooler,Soft Drinks,placed,1,1
108853,Cooler,Soft Drinks,placed,1,1
110939,Fountain,Soft Drinks,placed,4,0
104029,Cooler,Soft Drinks,placed,1,"1,5"
110940,Cooler,Water,placed,1,1
110940,Cooler,Soft Drinks,placed,8,9
110940,Cooler,Energy,placed,1,"0,7"
110940,Fountain,Soft Drinks,placed,14,0
104019,Cooler,Soft Drinks,placed,1,1
105518,Cooler,Juice,placed,1,1
104031,Cooler,Water,placed,1,1
104031,Cooler,Soft Drinks,placed,1,1
108001,Cooler,Soft Drinks,placed,1,2
108425,Cooler,Water,placed,1,1
108425,Cooler,Soft Drinks,placed,1,1
110373,Cooler,Soft Drinks,placed,1,1
108640,Cooler,Soft Drinks,placed,2,2
108501,Cooler,Water,placed,2,2
108501,Cooler,Soft Drinks,placed,2,3
108501,Cooler,Juice,placed,1,1
110007,Cooler,Soft Drinks,placed,1,1
105074,Cooler,Soft Drinks,placed,1,1
109137,Cooler,Water,placed,1,1
109137,Cooler,Soft Drinks,placed,1,2
100932,Cooler,Soft Drinks,placed,1,1
105347,Cooler,Water,placed,1,1
109110,Cooler,Juice,placed,1,1
107702,Cooler,Water,placed,1,1
107702,Cooler,Soft Drinks,placed,1,2
108708,Cooler,Water,placed,1,1
108708,Cooler,Soft Drinks,placed,5,"5,7"
108708,Fountain,Soft Drinks,placed,2,0
109168,Cooler,Soft Drinks,placed,2,4
105133,Cooler,Juice,placed,1,"0,7"
109213,Cooler,Soft Drinks,placed,1,1
109213,Cooler,Energy,placed,1,"0,7"
107634,Cooler,Water,placed,2,"2,5"
107634,Cooler,Soft Drinks,placed,1,1
107634,Dispenser,Water,placed,1,0
108205,Cooler,Soft Drinks,placed,2,2
108205,Cooler,Juice,placed,1,1
105943,Cooler,Soft Drinks,placed,2,"1,3"
107999,Cooler,Water,placed,5,"5,5"
107999,Cooler,Soft Drinks,placed,4,"2,6"
107999,Cooler,Energy,placed,1,"0,7"
107999,Cooler,Juice,placed,1,"0,3"
107999,Cooler,Energy,placed,1,"0,3"
101251,Cooler,Soft Drinks,placed,1,2
108641,Cooler,Soft Drinks,placed,1,1
108641,Dispenser,Water,placed,2,0
108442,Cooler,Soft Drinks,placed,1,2
109183,Cooler,Water,placed,1,1
108441,Cooler,Water,placed,1,1
108441,Cooler,Energy,placed,1,"0,7"
105345,Cooler,Soft Drinks,placed,1,1
109148,Cooler,Soft Drinks,placed,1,1
109148,Dispenser,Water,placed,1,0
107974,Cooler,Water,placed,2,2
107974,Cooler,Soft Drinks,placed,1,1
109128,Cooler,Water,placed,1,1
109128,Cooler,Soft Drinks,placed,1,1
105293,Cooler,Soft Drinks,placed,1,"1,5"
108857,Cooler,Water,placed,1,1
108857,Cooler,Soft Drinks,placed,2,3
108734,Cooler,Soft Drinks,placed,1,1
108643,Cooler,Water,placed,1,1
108643,Cooler,Soft Drinks,placed,1,"0,3"
107636,Cooler,Water,placed,1,1
107636,Cooler,Soft Drinks,placed,1,1
108642,Cooler,Soft Drinks,placed,1,2
108733,Cooler,Soft Drinks,placed,1,1
109447,Cooler,Soft Drinks,placed,1,1
109122,Cooler,Soft Drinks,placed,1,1
108863,Cooler,Water,placed,1,1
108863,Cooler,Soft Drinks,placed,1,1
110989,Cooler,Water,placed,9,10
110989,Cooler,Soft Drinks,placed,19,"13,9"
110989,Cooler,Energy,placed,2,"0,6"
110989,Fountain,Soft Drinks,placed,17,0
110989,Dispenser,Water,placed,3,0
110989,Dispenser,Water,placed,1,0
106378,Cooler,Juice,placed,1,1
107696,Cooler,Soft Drinks,placed,1,1
107696,Cooler,Juice,placed,1,"0,3"
105150,Cooler,Soft Drinks,placed,1,1
108828,Cooler,Soft Drinks,placed,1,1
110737,Cooler,Water,placed,2,2
110737,Cooler,Soft Drinks,placed,1,1
103568,Cooler,Water,placed,1,2
108727,Cooler,Water,placed,1,1
108727,Cooler,Soft Drinks,placed,1,1
105392,Cooler,Soft Drinks,placed,1,1
105523,Cooler,Water,placed,1,1
104103,Cooler,Water,placed,2,"2,5"
104103,Cooler,Soft Drinks,placed,1,"1,5"
108587,Cooler,Soft Drinks,placed,1,1
108178,Cooler,Soft Drinks,placed,1,1
103564,Cooler,Soft Drinks,placed,1,"1,5"
103564,Cooler,Energy,placed,1,"0,7"
105524,Cooler,Soft Drinks,placed,1,1
108557,Cooler,Water,placed,1,1
108557,Cooler,Soft Drinks,placed,3,4
108623,Cooler,Water,placed,1,1
108623,Cooler,Soft Drinks,placed,3,"3,3"
111023,Cooler,Water,placed,1,1
111023,Cooler,Soft Drinks,placed,7,8
111023,Fountain,Soft Drinks,placed,6,0
108580,Cooler,Soft Drinks,placed,1,1
100546,Cooler,Soft Drinks,placed,2,"3,5"
100546,Cooler,Energy,placed,1,"0,7"
110882,Cooler,Water,placed,1,1
109163,Cooler,Water,placed,4,5
109163,Cooler,Soft Drinks,placed,3,3
109163,Dispenser,Water,placed,1,0
109113,Cooler,Soft Drinks,placed,1,1
109113,Cooler,Juice,placed,1,"0,3"
105241,Cooler,Energy,placed,1,"0,3"
108726,Cooler,Water,placed,1,1
101366,Cooler,Water,placed,1,"1,5"
101366,Cooler,Soft Drinks,placed,1,"0,3"
101366,Cooler,Energy,placed,1,1
107441,Cooler,Soft Drinks,placed,1,2
108579,Cooler,Juice,placed,1,1
102148,Cooler,Energy,placed,1,"0,7"
109130,Cooler,Soft Drinks,placed,2,2
107227,Cooler,Water,placed,5,8
107227,Cooler,Soft Drinks,placed,1,"0,7"
107227,Cooler,Soft Drinks,placed,1,2
107227,Cooler,Energy,placed,1,"0,7"
108485,Cooler,Juice,placed,1,1
109119,Cooler,Energy,placed,1,"0,7"
108724,Cooler,Soft Drinks,placed,1,"0,7"
109112,Cooler,Soft Drinks,placed,1,1
106613,Cooler,Soft Drinks,placed,1,1
109111,Cooler,Water,placed,1,1
109111,Cooler,Juice,placed,1,1
109111,Cooler,Energy,placed,1,"0,7"
105525,Cooler,Soft Drinks,placed,2,"1,3"
105526,Cooler,Juice,placed,1,1
108706,Cooler,Soft Drinks,placed,2,2
111067,Cooler,Soft Drinks,placed,3,"2,7"
111067,Cooler,Juice,placed,1,"0,7"
111067,Cooler,Energy,placed,1,"0,3"
111067,Fountain,Soft Drinks,placed,6,0
109177,Cooler,Soft Drinks,placed,1,"0,7"
109177,Cooler,Juice,placed,1,1
106373,Cooler,Juice,placed,1,"0,3"
108704,Cooler,Water,placed,1,1
108704,Cooler,Soft Drinks,placed,1,1
108482,Cooler,Water,placed,1,1
105213,Cooler,Soft Drinks,placed,1,1
109149,Cooler,Water,placed,1,1
109149,Cooler,Soft Drinks,placed,2,3
109149,Cooler,Juice,placed,1,"0,3"
108739,Cooler,Soft Drinks,placed,1,1
108737,Cooler,Water,placed,1,1
109182,Cooler,Soft Drinks,placed,1,1
108736,Cooler,Soft Drinks,placed,1,1
108735,Cooler,Water,placed,1,1
108586,Cooler,Soft Drinks,placed,3,3
104938,Cooler,Soft Drinks,placed,2,"1,8"
109728,Cooler,Juice,placed,1,1
108403,Cooler,Water,placed,1,1
108403,Cooler,Soft Drinks,placed,1,1
108403,Cooler,Juice,placed,2,2
108484,Cooler,Water,placed,1,1
108484,Cooler,Soft Drinks,placed,1,1
108486,Cooler,Water,placed,1,1
108486,Cooler,Soft Drinks,placed,2,3
108486,Cooler,Energy,placed,1,1
103400,Cooler,Water,placed,1,1
103400,Cooler,Soft Drinks,placed,1,2
100143,Cooler,Soft Drinks,placed,1,1
101248,Cooler,Soft Drinks,placed,1,2
106695,Cooler,Water,placed,1,"1,5"
106695,Cooler,Soft Drinks,placed,1,2
106695,Cooler,Energy,placed,1,"0,7"
101247,Cooler,Soft Drinks,placed,1,2
103701,Cooler,Soft Drinks,placed,1,1
103425,Cooler,Soft Drinks,placed,1,"1,5"
103424,Cooler,Soft Drinks,placed,1,2
104432,Cooler,Water,placed,1,1
104432,Cooler,Soft Drinks,placed,1,"1,5"
104028,Cooler,Soft Drinks,placed,1,2
105405,Cooler,Water,placed,1,1
105405,Cooler,Soft Drinks,placed,2,1
105405,Dispenser,Water,placed,1,0
110822,Cooler,Water,placed,2,2
110822,Cooler,Soft Drinks,placed,1,1
100182,Cooler,Water,placed,1,1
100182,Cooler,Soft Drinks,placed,1,"1,5"
100182,Cooler,Energy,placed,1,"0,7"
103975,Cooler,Water,placed,1,1
103975,Cooler,Soft Drinks,placed,1,2
103976,Cooler,Water,placed,1,"1,5"
103976,Cooler,Soft Drinks,placed,2,"3,5"
106721,Cooler,Water,placed,2,"2,5"
106721,Cooler,Soft Drinks,placed,1,1
106721,Cooler,Energy,placed,1,"0,7"
106721,Cooler,Energy,placed,1,"0,7"
104149,Cooler,Water,placed,2,2
104149,Cooler,Soft Drinks,placed,1,2
110697,Cooler,Soft Drinks,placed,1,1
104948,Cooler,Soft Drinks,placed,1,1
109331,Cooler,Soft Drinks,placed,1,1
111993,Cooler,Water,placed,1,1
111993,Cooler,Soft Drinks,placed,1,1
111993,Cooler,Energy,placed,1,"0,7"
103988,Cooler,Water,placed,3,"4,5"
103988,Cooler,Soft Drinks,placed,1,1
104581,Cooler,Soft Drinks,placed,1,2
112002,Cooler,Water,placed,1,1
112002,Cooler,Soft Drinks,placed,1,1
112002,Cooler,Energy,placed,1,"0,7"
112002,Cooler,Energy,placed,1,"0,7"
110019,Cooler,Soft Drinks,placed,1,1
107164,Cooler,Soft Drinks,placed,1,1
100768,Cooler,Soft Drinks,placed,1,1
109746,Cooler,Water,placed,2,2
109746,Cooler,Soft Drinks,placed,2,"1,3"
108059,Cooler,Water,placed,3,"3,5"
108059,Cooler,Soft Drinks,placed,1,"1,5"
100760,Cooler,Soft Drinks,placed,1,2
103414,Cooler,Soft Drinks,placed,1,2
103414,Cooler,Energy,placed,1,"0,7"
101155,Cooler,Water,placed,1,1
104037,Cooler,Soft Drinks,placed,1,2
103382,Cooler,Soft Drinks,placed,1,1
106680,Cooler,Water,placed,1,1
106680,Cooler,Soft Drinks,placed,1,2
100774,Cooler,Soft Drinks,placed,2,"2,5"
100774,Cooler,Energy,placed,1,"0,7"
103672,Cooler,Soft Drinks,placed,1,2
103385,Cooler,Soft Drinks,placed,1,"1,5"
103385,Cooler,Energy,placed,1,"0,7"
106687,Cooler,Water,placed,2,2
106687,Cooler,Soft Drinks,placed,1,2
106687,Cooler,Energy,placed,1,"0,7"
100770,Cooler,Water,placed,1,1
103683,Cooler,Soft Drinks,placed,1,"1,5"
107082,Cooler,Soft Drinks,placed,1,1
107734,Cooler,Soft Drinks,placed,5,"3,6"
103573,Cooler,Water,placed,2,2
103573,Cooler,Soft Drinks,placed,1,1
103573,Cooler,Energy,placed,2,"1,4"
111687,Cooler,Soft Drinks,placed,2,"2,5"
105227,Cooler,Soft Drinks,placed,1,"1,5"
101378,Cooler,Soft Drinks,placed,2,"1,3"
101378,Cooler,Energy,placed,1,"0,3"
110873,Cooler,Water,placed,1,1
110873,Cooler,Soft Drinks,placed,3,4
110873,Cooler,Juice,placed,1,1
107428,Cooler,Water,placed,1,1
107428,Cooler,Soft Drinks,placed,2,2
107428,Cooler,Juice,placed,1,1
111673,Cooler,Soft Drinks,placed,1,1
111673,Dispenser,Water,placed,1,0
108487,Cooler,Soft Drinks,placed,1,1
110875,Cooler,Water,placed,2,2
110097,Cooler,Water,placed,1,1
110097,Cooler,Soft Drinks,placed,1,1
108554,Cooler,Water,placed,1,2
111697,Cooler,Soft Drinks,placed,1,1
111774,Cooler,Juice,placed,1,1
107909,Cooler,Soft Drinks,placed,1,1
100522,Cooler,Water,placed,2,2
100522,Cooler,Soft Drinks,placed,3,3
108858,Cooler,Water,placed,1,1
108858,Cooler,Soft Drinks,placed,1,1
108858,Cooler,Energy,placed,1,"0,3"
106788,Cooler,Soft Drinks,placed,1,1
106788,Fountain,Soft Drinks,placed,1,0
104067,Cooler,Soft Drinks,placed,2,"2,5"
108913,Cooler,Soft Drinks,placed,1,1
106286,Cooler,Soft Drinks,placed,1,"1,5"
108488,Cooler,Soft Drinks,placed,1,1
100532,Cooler,Water,placed,2,"2,5"
100532,Cooler,Soft Drinks,placed,1,2
105986,Cooler,Soft Drinks,placed,1,1
108588,Cooler,Soft Drinks,placed,1,1
105573,Cooler,Soft Drinks,placed,2,"1,3"
100563,Cooler,Soft Drinks,placed,1,2
109536,Cooler,Soft Drinks,placed,1,1
109871,Cooler,Soft Drinks,placed,1,1
103793,Cooler,Energy,placed,1,"0,7"
100855,Cooler,Water,placed,1,"1,5"
100855,Cooler,Soft Drinks,placed,1,2
102368,Cooler,Soft Drinks,placed,1,2
105139,Cooler,Water,placed,1,1
105139,Cooler,Soft Drinks,placed,1,"0,7"
109985,Cooler,Soft Drinks,placed,1,1
109986,Cooler,Water,placed,1,1
109986,Cooler,Energy,placed,1,"0,7"
103380,Cooler,Energy,placed,1,1
109786,Cooler,Water,placed,3,3
109786,Cooler,Soft Drinks,placed,3,3
109786,Dispenser,Water,placed,1,0
100435,Cooler,Soft Drinks,placed,1,1
107148,Cooler,Water,placed,1,1
107148,Cooler,Soft Drinks,placed,2,2
107148,Cooler,Energy,placed,1,"0,7"
109544,Cooler,Soft Drinks,placed,1,1
100553,Cooler,Water,placed,1,1
100553,Cooler,Soft Drinks,placed,2,"3,5"
103469,Cooler,Soft Drinks,placed,1,"1,5"
103469,Cooler,Energy,placed,1,"0,7"
111066,Fountain,Soft Drinks,placed,15,0
111073,Cooler,Soft Drinks,placed,2,2
111073,Fountain,Soft Drinks,placed,7,0
107454,Cooler,Soft Drinks,placed,1,1
103471,Cooler,Soft Drinks,placed,1,"1,5"
107916,Cooler,Water,placed,1,1
107916,Cooler,Soft Drinks,placed,1,1
100552,Cooler,Soft Drinks,placed,3,"4,5"
108556,Cooler,Soft Drinks,placed,1,1
111776,Cooler,Soft Drinks,placed,1,2
107732,Cooler,Water,placed,1,1
107732,Cooler,Soft Drinks,placed,1,1
107732,Cooler,Juice,placed,2,2
107748,Cooler,Soft Drinks,placed,1,1
111345,Cooler,Soft Drinks,placed,2,"2,5"
111345,Cooler,Energy,placed,2,1
101246,Cooler,Water,placed,2,2
101246,Cooler,Soft Drinks,placed,1,2
107147,Cooler,Soft Drinks,placed,1,1
100551,Cooler,Soft Drinks,placed,2,2
100551,Cooler,Energy,placed,1,"0,7"
105577,Cooler,Soft Drinks,placed,3,"3,8"
106689,Cooler,Water,placed,1,1
106689,Cooler,Soft Drinks,placed,1,2
106689,Cooler,Energy,placed,1,"0,7"
104237,Cooler,Water,placed,1,"1,5"
104237,Cooler,Soft Drinks,placed,1,"1,5"
104471,Cooler,Soft Drinks,placed,2,4
104471,Cooler,Energy,placed,1,"0,7"
104471,Cooler,Energy,placed,1,"0,7"
101232,Cooler,Soft Drinks,placed,1,2
103433,Cooler,Water,placed,1,1
103433,Cooler,Soft Drinks,placed,1,1
100797,Cooler,Water,placed,1,"1,5"
103480,Cooler,Soft Drinks,placed,1,2
103479,Cooler,Soft Drinks,placed,1,"1,5"
101268,Cooler,Soft Drinks,placed,1,1
103478,Cooler,Water,placed,2,2
103478,Cooler,Soft Drinks,placed,1,2
103478,Cooler,Energy,placed,1,"0,7"
103478,Cooler,Energy,placed,1,"0,7"
103477,Cooler,Water,placed,1,1
103477,Cooler,Soft Drinks,placed,2,3
103477,Cooler,Energy,placed,1,"0,7"
101275,Cooler,Water,placed,1,"1,5"
101275,Cooler,Soft Drinks,placed,1,"1,5"
103475,Cooler,Soft Drinks,placed,1,"1,5"
101235,Cooler,Soft Drinks,placed,2,3
103474,Cooler,Water,placed,1,"1,5"
103474,Cooler,Soft Drinks,placed,1,1
103474,Cooler,Energy,placed,1,"0,7"
103473,Cooler,Water,placed,2,"2,5"
103473,Cooler,Energy,placed,1,"0,7"
111967,Cooler,Soft Drinks,placed,1,1
103495,Cooler,Soft Drinks,placed,1,"1,5"
103454,Cooler,Water,placed,1,1
103454,Cooler,Soft Drinks,placed,1,2
103497,Cooler,Water,placed,1,"1,5"
103497,Cooler,Soft Drinks,placed,1,"1,5"
104446,Cooler,Soft Drinks,placed,1,"1,5"
102366,Cooler,Water,placed,2,3
102366,Cooler,Soft Drinks,placed,2,3
102366,Cooler,Energy,placed,1,"0,7"
100550,Cooler,Soft Drinks,placed,2,"3,5"
109803,Cooler,Water,placed,1,1
109803,Cooler,Soft Drinks,placed,1,1
104809,Cooler,Soft Drinks,placed,1,1
104809,Cooler,Energy,placed,1,"0,3"
110235,Cooler,Soft Drinks,placed,1,1
110235,Cooler,Soft Drinks,placed,1,1
104810,Cooler,Soft Drinks,placed,1,1
105854,Cooler,Soft Drinks,placed,1,1
104484,Cooler,Soft Drinks,placed,1,1
107542,Cooler,Soft Drinks,placed,1,1
101287,Cooler,Soft Drinks,placed,1,"1,5"
100064,Cooler,Soft Drinks,placed,1,1
107369,Cooler,Water,placed,3,3
107369,Cooler,Soft Drinks,placed,1,1
108638,Cooler,Water,placed,1,1
108638,Cooler,Soft Drinks,placed,1,1
108638,Cooler,Soft Drinks,placed,1,1
107534,Cooler,Soft Drinks,placed,3,4
107534,Cooler,Juice,placed,1,1
105057,Cooler,Water,placed,2,2
105057,Cooler,Soft Drinks,placed,2,3
107537,Cooler,Juice,placed,1,1
100050,Cooler,Juice,placed,1,1
104036,Cooler,Soft Drinks,placed,1,2
110612,Cooler,Water,placed,1,1
110612,Cooler,Soft Drinks,placed,1,1
107162,Cooler,Soft Drinks,placed,1,1
109715,Cooler,Water,placed,1,1
109715,Cooler,Soft Drinks,placed,1,1
109715,Cooler,Juice,placed,1,1
105766,Cooler,Soft Drinks,placed,1,1
102355,Cooler,Water,placed,1,"1,5"
102355,Cooler,Soft Drinks,placed,1,2
101023,Cooler,Water,placed,1,1
101023,Cooler,Soft Drinks,placed,1,"1,5"
103676,Cooler,Soft Drinks,placed,1,1
107412,Cooler,Water,placed,1,1
107412,Cooler,Soft Drinks,placed,3,"3,5"
107412,Cooler,Energy,placed,2,"0,6"
109747,Cooler,Soft Drinks,placed,12,"9,2"
109747,Cooler,Juice,placed,1,1
109747,Cooler,Energy,placed,1,1
109747,Fountain,Soft Drinks,placed,3,0
110776,Cooler,Soft Drinks,placed,3,3
109454,Cooler,Soft Drinks,placed,1,1
105553,Cooler,Energy,placed,2,2
109120,Cooler,Water,placed,1,1
107915,Cooler,Soft Drinks,placed,1,1
101379,Cooler,Soft Drinks,placed,1,1
112076,Cooler,Soft Drinks,placed,1,"0,3"
100549,Cooler,Water,placed,3,"5,5"
100549,Cooler,Soft Drinks,placed,3,5
100549,Cooler,Energy,placed,1,"0,7"
104240,Cooler,Water,placed,1,"1,5"
109916,Cooler,Soft Drinks,placed,1,1
100209,Cooler,Energy,placed,1,"0,7"
106976,Cooler,Water,placed,1,1
106976,Cooler,Soft Drinks,placed,1,2
103514,Cooler,Soft Drinks,placed,3,"4,5"
103514,Cooler,Energy,placed,1,"0,7"
101280,Cooler,Soft Drinks,placed,1,2
112000,Cooler,Soft Drinks,placed,1,1
100777,Cooler,Soft Drinks,placed,1,2
110170,Cooler,Soft Drinks,placed,1,1
105549,Cooler,Soft Drinks,placed,1,"0,7"
111989,Cooler,Water,placed,2,2
111989,Cooler,Soft Drinks,placed,1,1
111989,Cooler,Energy,placed,1,"0,7"
111989,Cooler,Energy,placed,1,"0,7"
104464,Cooler,Soft Drinks,placed,1,"1,5"
110039,Cooler,Soft Drinks,placed,1,"0,7"
100548,Cooler,Soft Drinks,placed,1,2
105533,Cooler,Soft Drinks,placed,1,1
104034,Cooler,Water,placed,1,"1,5"
104034,Cooler,Soft Drinks,placed,1,"0,3"
104034,Cooler,Energy,placed,1,"0,7"
107536,Cooler,Water,placed,1,1
101380,Cooler,Soft Drinks,placed,4,"1,9"
101383,Cooler,Soft Drinks,placed,3,"0,9"
101383,Cooler,Soft Drinks,placed,7,"5,4"
108509,Cooler,Soft Drinks,placed,2,2
108509,Cooler,Juice,placed,1,1
105769,Cooler,Soft Drinks,placed,1,1
107436,Cooler,Soft Drinks,placed,1,1
108055,Cooler,Water,placed,2,"2,5"
108055,Cooler,Soft Drinks,placed,2,2
107899,Cooler,Soft Drinks,placed,3,"2,3"
108973,Cooler,Soft Drinks,placed,1,"1,5"
110872,Cooler,Water,placed,1,"1,5"
110872,Cooler,Soft Drinks,placed,3,"2,8"
110872,Dispenser,Water,placed,1,0
107897,Cooler,Soft Drinks,placed,1,1
108510,Cooler,Water,placed,1,1
108510,Cooler,Soft Drinks,placed,1,"1,5"
108851,Cooler,Soft Drinks,placed,1,2
107161,Cooler,Water,placed,1,"1,5"
107161,Cooler,Soft Drinks,placed,2,3
105999,Cooler,Soft Drinks,placed,1,1
104941,Cooler,Soft Drinks,placed,1,1
109170,Cooler,Soft Drinks,placed,1,2
103500,Cooler,Water,placed,2,"2,5"
104943,Cooler,Soft Drinks,placed,1,1
103978,Cooler,Water,placed,1,1
109537,Cooler,Soft Drinks,placed,1,1
102374,Cooler,Water,placed,1,1
102374,Cooler,Soft Drinks,placed,1,2
101004,Cooler,Water,placed,1,1
101004,Cooler,Soft Drinks,placed,1,2
101004,Cooler,Energy,placed,1,"0,7"
104181,Cooler,Water,placed,2,2
104181,Cooler,Soft Drinks,placed,1,1
102187,Cooler,Soft Drinks,placed,1,2
104252,Cooler,Water,placed,2,"2,5"
104241,Cooler,Soft Drinks,placed,1,2
110446,Fountain,Soft Drinks,placed,2,0
110446,Dispenser,Water,placed,1,0
107535,Cooler,Soft Drinks,placed,1,1
107535,Cooler,Juice,placed,1,1
105226,Cooler,Soft Drinks,placed,1,1
110919,Cooler,Juice,placed,1,"0,7"
110919,Dispenser,Water,placed,1,0
105937,Cooler,Soft Drinks,placed,1,2
105991,Cooler,Soft Drinks,placed,1,1
105991,Cooler,Energy,placed,1,1
111070,Cooler,Soft Drinks,placed,3,"2,7"
111070,Fountain,Soft Drinks,placed,3,0
103911,Cooler,Soft Drinks,placed,1,"1,5"
106889,Cooler,Water,placed,2,2
106889,Cooler,Soft Drinks,placed,2,"0,6"
106889,Cooler,Soft Drinks,placed,5,"4,4"
106889,Dispenser,Water,placed,1,0
100497,Cooler,Soft Drinks,placed,1,2
100497,Cooler,Energy,placed,1,"0,7"
104944,Cooler,Soft Drinks,placed,2,2
111805,Cooler,Soft Drinks,placed,1,1
105161,Cooler,Soft Drinks,placed,1,1
105161,Cooler,Juice,placed,1,"0,7"
108905,Cooler,Soft Drinks,placed,1,1
109725,Cooler,Soft Drinks,placed,1,1
106777,Cooler,Soft Drinks,placed,2,2
108201,Cooler,Soft Drinks,placed,1,1
111445,Cooler,Soft Drinks,placed,1,1
106488,Cooler,Soft Drinks,placed,1,1
111021,Cooler,Soft Drinks,placed,1,1
106813,Cooler,Soft Drinks,placed,1,"0,3"
107106,Cooler,Soft Drinks,placed,1,1
107714,Cooler,Water,placed,1,"1,5"
107714,Cooler,Soft Drinks,placed,2,"2,5"
108581,Cooler,Water,placed,1,1
108859,Cooler,Water,placed,1,1
108859,Cooler,Soft Drinks,placed,1,1
108843,Cooler,Soft Drinks,placed,2,"1,3"
109174,Cooler,Water,placed,2,2
109174,Cooler,Soft Drinks,placed,1,1
109174,Cooler,Juice,placed,1,1
100990,Cooler,Water,placed,3,"4,5"
102358,Cooler,Water,placed,1,2
102358,Cooler,Soft Drinks,placed,1,"1,5"
109738,Cooler,Water,placed,1,2
108199,Cooler,Water,placed,1,1
108199,Cooler,Soft Drinks,placed,1,"1,5"
108199,Dispenser,Water,placed,2,0
107913,Cooler,Soft Drinks,placed,1,1
105221,Cooler,Soft Drinks,placed,1,1
109231,Cooler,Soft Drinks,placed,2,3
111980,Cooler,Water,placed,1,1
111980,Cooler,Soft Drinks,placed,1,"1,5"
106853,Cooler,Soft Drinks,placed,1,1
103677,Cooler,Water,placed,1,"1,5"
112110,Cooler,Juice,placed,1,"0,3"
105556,Cooler,Water,placed,1,1
107413,Cooler,Soft Drinks,placed,1,"0,7"
107414,Cooler,Soft Drinks,placed,1,1
107907,Cooler,Soft Drinks,placed,1,1
104183,Cooler,Soft Drinks,placed,1,2
108166,Cooler,Water,placed,3,3
108166,Cooler,Soft Drinks,placed,1,2
108166,Cooler,Energy,placed,1,"0,7"
100510,Cooler,Water,placed,1,"1,5"
100510,Cooler,Soft Drinks,placed,1,2
105388,Cooler,Soft Drinks,placed,1,"0,7"
110909,Cooler,Water,placed,1,1
110909,Cooler,Soft Drinks,placed,2,"2,5"
101381,Cooler,Water,placed,1,1
105529,Cooler,Soft Drinks,placed,2,1
105529,Cooler,Juice,placed,1,"0,3"
109711,Cooler,Soft Drinks,placed,1,1
111247,Cooler,Water,placed,2,2
111247,Cooler,Soft Drinks,placed,3,3
111247,Cooler,Juice,placed,3,3
111247,Dispenser,Water,placed,1,0
106303,Cooler,Water,placed,1,"1,5"
106303,Cooler,Soft Drinks,placed,3,4
104118,Cooler,Water,placed,1,1
104118,Cooler,Soft Drinks,placed,1,1
108538,Cooler,Soft Drinks,placed,1,1
102218,Cooler,Water,placed,2,3
102218,Cooler,Soft Drinks,placed,1,2
102218,Cooler,Energy,placed,1,"0,7"
100509,Cooler,Soft Drinks,placed,1,"1,5"
101003,Cooler,Soft Drinks,placed,1,1
101003,Cooler,Energy,placed,1,"0,7"
105352,Cooler,Soft Drinks,placed,1,1
109719,Cooler,Soft Drinks,placed,1,1
108170,Cooler,Soft Drinks,placed,1,2
104117,Cooler,Water,placed,3,"4,5"
108605,Cooler,Soft Drinks,placed,2,2
100772,Cooler,Water,placed,1,1
100772,Cooler,Soft Drinks,placed,1,"1,5"
109188,Cooler,Juice,placed,1,1
106859,Cooler,Water,placed,1,"1,5"
106955,Cooler,Water,placed,1,"1,5"
106955,Cooler,Soft Drinks,placed,1,2
109907,Cooler,Soft Drinks,placed,1,"0,7"
108541,Cooler,Water,placed,4,4
108541,Cooler,Soft Drinks,placed,3,4
108541,Cooler,Juice,placed,1,1
108541,Dispenser,Water,placed,1,0
109740,Cooler,Soft Drinks,placed,1,1
105155,Cooler,Soft Drinks,placed,1,1
112009,Cooler,Soft Drinks,placed,1,"1,5"
112072,Cooler,Soft Drinks,placed,3,3
109782,Cooler,Soft Drinks,placed,2,3
105390,Cooler,Soft Drinks,placed,2,"1,7"
105390,Cooler,Energy,placed,1,"0,3"
100909,Cooler,Water,placed,1,1
100909,Cooler,Soft Drinks,placed,1,1
111840,Cooler,Soft Drinks,placed,1,1
107908,Cooler,Water,placed,1,1
107908,Cooler,Soft Drinks,placed,1,1
100776,Cooler,Water,placed,1,1
100776,Cooler,Soft Drinks,placed,1,"1,5"
109340,Cooler,Water,placed,1,1
109340,Cooler,Soft Drinks,placed,1,2
102249,Cooler,Soft Drinks,placed,1,"1,5"
103486,Cooler,Water,placed,1,"1,5"
103486,Cooler,Soft Drinks,placed,1,2
103486,Cooler,Energy,placed,1,"0,7"
103486,Cooler,Energy,placed,1,"0,7"
106597,Cooler,Soft Drinks,placed,1,1
106597,Dispenser,Water,placed,1,0
100180,Cooler,Soft Drinks,placed,1,1
107539,Cooler,Soft Drinks,placed,1,1
110753,Cooler,Soft Drinks,placed,1,"0,3"
102252,Cooler,Water,placed,1,1
102252,Cooler,Soft Drinks,placed,1,1
103924,Cooler,Soft Drinks,placed,1,2
104070,Cooler,Soft Drinks,placed,1,"1,5"
104159,Cooler,Water,placed,1,"1,5"
104159,Cooler,Soft Drinks,placed,1,"1,5"
110042,Cooler,Soft Drinks,placed,1,"0,3"
104116,Cooler,Water,placed,1,1
104116,Cooler,Soft Drinks,placed,1,2
105895,Cooler,Soft Drinks,placed,1,2
101238,Cooler,Soft Drinks,placed,1,"1,5"
107753,Cooler,Water,placed,1,1
107753,Cooler,Soft Drinks,placed,3,"2,7"
102211,Cooler,Water,placed,1,1
102211,Cooler,Soft Drinks,placed,1,2
111094,Cooler,Water,placed,1,1
111094,Fountain,Soft Drinks,placed,4,0
102189,Cooler,Water,placed,1,"1,5"
102189,Cooler,Soft Drinks,placed,2,"3,5"
110014,Cooler,Water,placed,1,1
110014,Cooler,Soft Drinks,placed,1,1
100560,Cooler,Water,placed,3,6
100560,Cooler,Soft Drinks,placed,1,"0,7"
108293,Cooler,Water,placed,1,1
108293,Cooler,Soft Drinks,placed,2,"2,5"
101044,Cooler,Soft Drinks,placed,2,2
104952,Cooler,Soft Drinks,placed,1,1
111093,Fountain,Soft Drinks,placed,7,0
100198,Cooler,Soft Drinks,placed,1,1
103506,Cooler,Water,placed,1,"1,5"
103506,Cooler,Soft Drinks,placed,1,"1,5"
106720,Cooler,Water,placed,1,1
106720,Cooler,Soft Drinks,placed,2,4
106720,Cooler,Energy,placed,1,"0,7"
100445,Cooler,Soft Drinks,placed,1,2
100061,Cooler,Soft Drinks,placed,1,1
105348,Cooler,Soft Drinks,placed,1,1
110655,Cooler,Water,placed,1,1
110655,Cooler,Soft Drinks,placed,1,1
109557,Cooler,Water,placed,1,1
109557,Cooler,Soft Drinks,placed,2,2
102361,Cooler,Water,placed,1,"1,5"
102361,Cooler,Soft Drinks,placed,1,2
108827,Cooler,Water,placed,1,1
108821,Cooler,Water,placed,1,"1,5"
104923,Cooler,Soft Drinks,placed,1,1
100863,Cooler,Water,placed,1,"1,5"
100863,Cooler,Soft Drinks,placed,1,2
111503,Cooler,Water,placed,2,2
111503,Cooler,Soft Drinks,placed,1,"1,5"
111588,Cooler,Water,placed,1,1
111588,Cooler,Soft Drinks,placed,1,1
105253,Cooler,Water,placed,1,1
109543,Cooler,Soft Drinks,placed,1,"0,7"
102223,Cooler,Soft Drinks,placed,2,"3,5"
102223,Cooler,Energy,placed,1,"0,7"
109040,Cooler,Soft Drinks,placed,2,2
100062,Cooler,Soft Drinks,placed,2,"2,7"
110165,Cooler,Water,placed,1,1
110165,Cooler,Soft Drinks,placed,1,1
100559,Cooler,Water,placed,1,1
100559,Cooler,Soft Drinks,placed,1,2
100244,Cooler,Juice,placed,1,1
109091,Cooler,Water,placed,1,2
109091,Cooler,Soft Drinks,placed,1,2
111022,Cooler,Soft Drinks,placed,2,2
111022,Fountain,Soft Drinks,placed,9,0
111022,Dispenser,Water,placed,2,0
106770,Cooler,Soft Drinks,placed,3,"2,1"
106770,Fountain,Soft Drinks,placed,5,0
106770,Dispenser,Water,placed,1,0
108051,Cooler,Water,placed,3,3
111522,Cooler,Juice,placed,1,"0,7"
111522,Dispenser,Water,placed,1,0
107429,Cooler,Soft Drinks,placed,1,1
104945,Cooler,Water,placed,1,1
104945,Cooler,Soft Drinks,placed,1,1
104945,Cooler,Soft Drinks,placed,1,1
109451,Cooler,Soft Drinks,placed,2,2
106390,Cooler,Water,placed,1,1
105157,Cooler,Soft Drinks,placed,1,"0,3"
105157,Cooler,Soft Drinks,placed,2,"2,3"
105398,Cooler,Soft Drinks,placed,1,"0,7"
106963,Cooler,Water,placed,1,1
108543,Cooler,Soft Drinks,placed,1,"1,5"
107477,Cooler,Soft Drinks,placed,1,2
107949,Cooler,Water,placed,1,1
107949,Cooler,Soft Drinks,placed,1,1
106796,Cooler,Soft Drinks,placed,1,1
108545,Cooler,Soft Drinks,placed,1,1
107190,Cooler,Water,placed,2,"2,5"
107190,Cooler,Soft Drinks,placed,1,2
107190,Cooler,Energy,placed,1,"0,7"
106793,Cooler,Soft Drinks,placed,1,1
109735,Cooler,Soft Drinks,placed,1,"1,5"
105373,Cooler,Water,placed,1,1
105373,Cooler,Soft Drinks,placed,1,"0,7"
104951,Cooler,Water,placed,1,1
104951,Cooler,Soft Drinks,placed,1,"0,3"
104951,Cooler,Soft Drinks,placed,2,2
107435,Cooler,Soft Drinks,placed,1,1
105791,Cooler,Water,placed,1,1
105791,Cooler,Soft Drinks,placed,1,2
109561,Cooler,Soft Drinks,placed,1,1
108532,Cooler,Soft Drinks,placed,5,"6,5"
108532,Cooler,Juice,placed,1,1
106722,Cooler,Water,placed,1,"1,5"
106722,Cooler,Soft Drinks,placed,2,"3,5"
106722,Cooler,Energy,placed,1,"0,7"
103923,Cooler,Water,placed,1,2
103923,Cooler,Soft Drinks,placed,3,5
103923,Cooler,Energy,placed,1,"0,7"
100558,Cooler,Water,placed,1,"1,5"
100558,Cooler,Soft Drinks,placed,2,3
110374,Cooler,Juice,placed,1,1
104404,Cooler,Soft Drinks,placed,1,2
103571,Cooler,Water,placed,1,2
106794,Cooler,Water,placed,1,"1,5"
106794,Cooler,Soft Drinks,placed,1,1
106794,Cooler,Energy,placed,1,1
106797,Cooler,Soft Drinks,placed,1,1
109095,Cooler,Water,placed,2,2
109095,Cooler,Soft Drinks,placed,2,2
109097,Cooler,Water,placed,1,1
109097,Cooler,Soft Drinks,placed,2,"1,3"
109097,Cooler,Soft Drinks,placed,2,"1,7"
105604,Cooler,Soft Drinks,placed,1,2
109516,Cooler,Soft Drinks,placed,3,4
110426,Cooler,Water,placed,1,1
106799,Cooler,Soft Drinks,placed,1,2
106799,Fountain,Soft Drinks,placed,1,0
111082,Cooler,Soft Drinks,placed,1,1
107150,Cooler,Water,placed,1,1
107150,Cooler,Soft Drinks,placed,1,1
100782,Cooler,Soft Drinks,placed,1,1
102360,Cooler,Water,placed,2,"3,5"
102360,Cooler,Soft Drinks,placed,2,"3,5"
102360,Cooler,Energy,placed,1,"0,7"
107750,Cooler,Soft Drinks,placed,1,2
107751,Cooler,Juice,placed,1,1
108709,Cooler,Soft Drinks,placed,1,1
109912,Cooler,Soft Drinks,placed,1,1
107752,Cooler,Water,placed,1,1
107752,Cooler,Soft Drinks,placed,1,1
107752,Dispenser,Water,placed,1,0
107433,Cooler,Soft Drinks,placed,1,1
103570,Cooler,Water,placed,1,1
101337,Cooler,Water,placed,1,1
101337,Cooler,Energy,placed,1,"0,3"
108189,Cooler,Soft Drinks,placed,2,"2,5"
109453,Cooler,Soft Drinks,placed,2,"1,7"
109453,Dispenser,Water,placed,1,0
102359,Cooler,Soft Drinks,placed,4,6
109210,Cooler,Soft Drinks,placed,1,2
108912,Cooler,Water,placed,1,1
108912,Cooler,Soft Drinks,placed,1,1
102363,Cooler,Water,placed,1,"1,5"
102363,Cooler,Soft Drinks,placed,1,2
102363,Cooler,Energy,placed,1,"0,7"
108256,Cooler,Soft Drinks,placed,7,"7,6"
108256,Cooler,Juice,placed,1,"0,3"
111773,Cooler,Water,placed,2,2
111773,Cooler,Soft Drinks,placed,1,1
104062,Cooler,Soft Drinks,placed,2,3
105887,Cooler,Soft Drinks,placed,3,3
109102,Coffee,Coffee ,placed,1,0
109102,Cooler,Soft Drinks,placed,2,"2,7"
109102,Cooler,Juice,placed,1,1
109288,Cooler,Energy,placed,1,"0,7"
101348,Cooler,Soft Drinks,placed,1,1
110560,Cooler,Soft Drinks,placed,1,1
104112,Cooler,Soft Drinks,placed,1,"1,5"
106569,Cooler,Soft Drinks,placed,1,1
109496,Cooler,Energy,placed,1,1
100919,Cooler,Water,placed,1,1
100919,Cooler,Soft Drinks,placed,1,"1,5"
103696,Cooler,Water,placed,1,1
103696,Cooler,Soft Drinks,placed,1,"1,5"
103921,Cooler,Soft Drinks,placed,2,3
101347,Cooler,Soft Drinks,placed,1,1
102254,Cooler,Soft Drinks,placed,1,2
111540,Cooler,Water,placed,2,2
111540,Cooler,Soft Drinks,placed,1,"0,3"
111540,Cooler,Soft Drinks,placed,5,"4,6"
110400,Cooler,Water,placed,2,2
110400,Cooler,Soft Drinks,placed,1,"0,3"
100135,Cooler,Soft Drinks,placed,1,2
110044,Cooler,Water,placed,1,1
100918,Cooler,Soft Drinks,placed,1,1
102337,Cooler,Water,placed,1,1
102337,Cooler,Soft Drinks,placed,1,2
111474,Cooler,Water,placed,2,2
102309,Cooler,Water,placed,1,"1,5"
102308,Coffee,Coffee ,placed,1,0
102308,Cooler,Soft Drinks,placed,2,"2,7"
102308,Cooler,Energy,placed,1,"0,7"
108536,Cooler,Water,placed,2,2
108536,Cooler,Soft Drinks,placed,4,"5,5"
108536,Cooler,Juice,placed,1,1
107948,Cooler,Soft Drinks,placed,1,1
107947,Cooler,Water,placed,1,1
100187,Cooler,Soft Drinks,placed,2,"2,2"
100187,Cooler,Energy,placed,1,"0,7"
108908,Cooler,Water,placed,1,2
108908,Cooler,Soft Drinks,placed,1,1
104896,Cooler,Soft Drinks,placed,1,1
107668,Cooler,Soft Drinks,placed,1,"1,5"
107541,Cooler,Water,placed,1,1
107541,Cooler,Soft Drinks,placed,1,"1,5"
107541,Cooler,Juice,placed,1,1
110870,Cooler,Soft Drinks,placed,1,1
104249,Cooler,Water,placed,1,1
104249,Cooler,Soft Drinks,placed,1,"1,5"
109088,Cooler,Soft Drinks,placed,1,1
108832,Cooler,Soft Drinks,placed,1,1
107358,Cooler,Water,placed,1,1
107358,Cooler,Soft Drinks,placed,2,3
109868,Cooler,Water,placed,1,1
108303,Cooler,Soft Drinks,placed,1,1
111209,Dispenser,Water,placed,14,0
108252,Cooler,Soft Drinks,placed,1,1
108252,Cooler,Energy,placed,1,"0,7"
108636,Cooler,Soft Drinks,placed,3,3
108305,Cooler,Water,placed,1,1
110163,Cooler,Water,placed,2,2
110163,Cooler,Soft Drinks,placed,1,1
105774,Cooler,Soft Drinks,placed,1,1
105517,Cooler,Soft Drinks,placed,1,1
106174,Cooler,Water,placed,2,2
106174,Cooler,Soft Drinks,placed,2,2
109216,Cooler,Soft Drinks,placed,1,1
109064,Cooler,Soft Drinks,placed,1,1
105242,Cooler,Soft Drinks,placed,1,"0,3"
105242,Cooler,Energy,placed,1,1
103569,Cooler,Water,placed,3,3
100256,Cooler,Soft Drinks,placed,2,"1,3"
100256,Cooler,Energy,placed,1,"0,7"
108551,Cooler,Water,placed,1,1
108551,Cooler,Soft Drinks,placed,2,3
111342,Cooler,Water,placed,2,2
111342,Dispenser,Water,placed,1,0
108103,Cooler,Water,placed,1,1
108103,Cooler,Soft Drinks,placed,1,1
108103,Dispenser,Water,placed,1,0
108304,Cooler,Water,placed,1,1
108304,Cooler,Soft Drinks,placed,2,"1,7"
108304,Cooler,Juice,placed,1,1
102200,Cooler,Water,placed,2,2
102200,Cooler,Soft Drinks,placed,1,2
102200,Cooler,Energy,placed,1,"0,7"
105528,Cooler,Water,placed,1,1
105528,Cooler,Soft Drinks,placed,1,1
106877,Cooler,Soft Drinks,placed,1,"0,7"
103502,Cooler,Water,placed,2,"2,5"
103502,Cooler,Energy,placed,1,"0,7"
101278,Cooler,Water,placed,1,1
101278,Cooler,Soft Drinks,placed,1,"1,5"
110892,Cooler,Soft Drinks,placed,1,"0,3"
110892,Cooler,Energy,placed,1,"0,7"
105148,Cooler,Soft Drinks,placed,1,2
111699,Cooler,Soft Drinks,placed,1,1
110361,Cooler,Water,placed,2,"2,5"
110428,Cooler,Soft Drinks,placed,1,1
104460,Cooler,Water,placed,1,1
103919,Cooler,Soft Drinks,placed,1,2
103919,Cooler,Energy,placed,1,"0,7"
105378,Cooler,Soft Drinks,placed,1,1
108637,Cooler,Water,placed,1,1
101353,Cooler,Soft Drinks,placed,2,"0,6"
104110,Cooler,Water,placed,2,4
104110,Cooler,Soft Drinks,placed,1,2
104110,Cooler,Energy,placed,1,"0,7"
108552,Cooler,Soft Drinks,placed,1,2
105996,Cooler,Soft Drinks,placed,1,"0,7"
108171,Cooler,Water,placed,1,1
108171,Cooler,Soft Drinks,placed,1,2
106869,Cooler,Soft Drinks,placed,1,"0,3"
108275,Cooler,Water,placed,2,2
108275,Cooler,Soft Drinks,placed,1,1
104406,Cooler,Water,placed,1,1
104406,Cooler,Soft Drinks,placed,2,3
104406,Cooler,Energy,placed,1,"0,7"
103492,Cooler,Soft Drinks,placed,1,2
103910,Cooler,Soft Drinks,placed,1,2
109483,Cooler,Water,placed,2,2
109483,Cooler,Soft Drinks,placed,2,2
108117,Cooler,Soft Drinks,placed,1,1
109484,Cooler,Water,placed,2,2
109484,Dispenser,Water,placed,1,0
102251,Cooler,Soft Drinks,placed,2,"3,5"
103952,Cooler,Water,placed,1,1
103952,Cooler,Soft Drinks,placed,1,2
110429,Cooler,Water,placed,2,2
104220,Cooler,Soft Drinks,placed,1,"1,5"
106579,Cooler,Soft Drinks,placed,1,1
109548,Cooler,Soft Drinks,placed,1,1
104798,Cooler,Water,placed,1,1
104798,Dispenser,Water,placed,1,0
111075,Cooler,Water,placed,5,5
111075,Cooler,Soft Drinks,placed,1,"0,3"
111075,Cooler,Soft Drinks,placed,9,"7,2"
111075,Cooler,Juice,placed,7,7
111075,Fountain,Soft Drinks,placed,2,0
111199,Cooler,Soft Drinks,placed,8,"8,7"
109347,Cooler,Soft Drinks,placed,1,1
100259,Cooler,Water,placed,1,"1,5"
100259,Cooler,Soft Drinks,placed,1,2
100259,Cooler,Energy,placed,1,"0,7"
106562,Cooler,Soft Drinks,placed,1,"0,7"
102245,Cooler,Water,placed,1,2
102245,Cooler,Energy,placed,1,1
110390,Cooler,Soft Drinks,placed,1,1
104108,Cooler,Water,placed,4,"4,5"
104063,Cooler,Water,placed,2,3
104063,Cooler,Soft Drinks,placed,1,"1,5"
104063,Cooler,Energy,placed,1,1
105782,Cooler,Water,placed,1,1
105782,Cooler,Soft Drinks,placed,1,1
105782,Dispenser,Water,placed,1,0
103575,Cooler,Water,placed,1,2
106773,Cooler,Soft Drinks,placed,2,"1,3"
111089,Cooler,Water,placed,5,6
111089,Cooler,Soft Drinks,placed,2,"0,6"
111089,Cooler,Soft Drinks,placed,7,"7,4"
111089,Cooler,Juice,placed,2,2
111089,Fountain,Soft Drinks,placed,25,0
111089,Fountain,Soft Drinks,placed,1,0
107944,Cooler,Water,placed,2,2
107944,Cooler,Soft Drinks,placed,1,1
107944,Cooler,Juice,placed,1,1
104106,Cooler,Water,placed,1,"1,5"
104106,Cooler,Soft Drinks,placed,1,2
104106,Cooler,Energy,placed,1,"0,7"
104027,Cooler,Water,placed,1,"1,5"
104027,Cooler,Soft Drinks,placed,2,3
104027,Cooler,Energy,placed,1,"0,7"
109761,Cooler,Water,placed,1,"1,5"
109761,Cooler,Soft Drinks,placed,1,1
106881,Cooler,Water,placed,1,1
106881,Cooler,Soft Drinks,placed,2,"0,6"
105368,Cooler,Water,placed,1,1
104247,Cooler,Water,placed,2,"2,5"
105247,Cooler,Soft Drinks,placed,1,"0,7"
107467,Cooler,Soft Drinks,placed,1,1
100253,Cooler,Soft Drinks,placed,1,2
106861,Cooler,Soft Drinks,placed,1,1
111243,Cooler,Water,placed,1,1
111243,Cooler,Soft Drinks,placed,3,3
107465,Cooler,Soft Drinks,placed,1,1
107453,Cooler,Soft Drinks,placed,1,1
100177,Cooler,Water,placed,1,1
100177,Cooler,Soft Drinks,placed,1,"1,5"
100177,Cooler,Energy,placed,2,"1,4"
105900,Cooler,Soft Drinks,placed,1,1
104909,Cooler,Soft Drinks,placed,2,"1,3"
102342,Cooler,Soft Drinks,placed,1,"1,5"
107725,Cooler,Water,placed,1,1
107725,Cooler,Soft Drinks,placed,3,3
101249,Cooler,Water,placed,1,1
101249,Cooler,Soft Drinks,placed,1,1
101249,Cooler,Energy,placed,1,"0,7"
106175,Cooler,Water,placed,1,1
106175,Cooler,Soft Drinks,placed,1,1
109701,Cooler,Soft Drinks,placed,1,1
108280,Cooler,Water,placed,1,1
108280,Cooler,Soft Drinks,placed,1,1
108124,Cooler,Soft Drinks,placed,1,1
103393,Cooler,Juice,placed,1,1
100173,Cooler,Soft Drinks,placed,1,"0,7"
100100,Cooler,Soft Drinks,placed,1,"0,7"
103964,Cooler,Soft Drinks,placed,1,2
102880,Cooler,Water,placed,1,"1,5"
102880,Cooler,Soft Drinks,placed,1,"1,5"
108974,Cooler,Soft Drinks,placed,1,1
101519,Cooler,Soft Drinks,placed,2,"2,7"
101519,Cooler,Energy,placed,1,"0,7"
101519,Cooler,Juice,placed,1,1
101700,Cooler,Water,placed,2,"2,5"
101700,Cooler,Soft Drinks,placed,1,2
101700,Cooler,Energy,placed,1,"0,7"
101572,Cooler,Soft Drinks,placed,1,"1,5"
103023,Cooler,Soft Drinks,placed,1,2
103937,Cooler,Water,placed,1,1
103937,Cooler,Soft Drinks,placed,2,2
102545,Cooler,Water,placed,1,1
102545,Cooler,Soft Drinks,placed,1,"1,5"
102644,Cooler,Water,placed,1,1
102644,Cooler,Soft Drinks,placed,1,2
111936,Cooler,Soft Drinks,placed,1,"1,5"
111936,Cooler,Energy,placed,1,"0,7"
102096,Cooler,Water,placed,1,1
103008,Cooler,Soft Drinks,placed,1,2
101205,Cooler,Energy,placed,1,"0,7"
102477,Cooler,Water,placed,1,1
102477,Cooler,Soft Drinks,placed,1,2
106655,Cooler,Water,placed,1,1
106655,Cooler,Soft Drinks,placed,1,2
106655,Cooler,Energy,placed,1,"0,7"
107116,Cooler,Soft Drinks,placed,1,"0,7"
101693,Cooler,Water,placed,1,1
101693,Cooler,Soft Drinks,placed,1,2
101702,Cooler,Water,placed,1,"1,5"
101702,Cooler,Soft Drinks,placed,1,"1,5"
101703,Cooler,Water,placed,1,1
101703,Cooler,Soft Drinks,placed,1,2
101703,Cooler,Energy,placed,1,"0,7"
100203,Cooler,Water,placed,1,"1,5"
100203,Cooler,Soft Drinks,placed,2,3
100203,Cooler,Energy,placed,1,"0,7"
103375,Cooler,Soft Drinks,placed,2,3
110401,Cooler,Soft Drinks,placed,1,1
105994,Cooler,Soft Drinks,placed,1,1
104245,Cooler,Soft Drinks,placed,3,4
104245,Cooler,Energy,placed,1,"0,7"
104245,Cooler,Energy,placed,1,"0,7"
104284,Cooler,Soft Drinks,placed,1,2
104288,Cooler,Water,placed,1,"1,5"
104288,Cooler,Soft Drinks,placed,1,"1,5"
104288,Cooler,Energy,placed,1,"0,7"
104234,Cooler,Water,placed,1,"1,5"
104234,Cooler,Soft Drinks,placed,1,"1,5"
101516,Cooler,Soft Drinks,placed,1,2
101516,Cooler,Soft Drinks,placed,1,1
101516,Cooler,Energy,placed,1,"0,7"
103343,Cooler,Soft Drinks,placed,1,2
103343,Cooler,Energy,placed,1,"0,7"
104385,Cooler,Water,placed,1,"1,5"
104385,Cooler,Energy,placed,1,"0,7"
104243,Cooler,Water,placed,2,2
104243,Cooler,Soft Drinks,placed,1,1
103033,Cooler,Water,placed,1,"1,5"
103022,Cooler,Water,placed,1,"1,5"
103722,Cooler,Water,placed,1,1
100318,Cooler,Soft Drinks,placed,1,2
104530,Cooler,Water,placed,1,1
111945,Cooler,Soft Drinks,placed,1,1
102340,Cooler,Soft Drinks,placed,1,1
101825,Cooler,Water,placed,1,1
101825,Cooler,Soft Drinks,placed,1,"1,5"
101825,Cooler,Energy,placed,1,"0,7"
102541,Cooler,Soft Drinks,placed,1,1
102549,Cooler,Water,placed,1,1
102549,Cooler,Soft Drinks,placed,1,1
101704,Cooler,Soft Drinks,placed,1,2
101704,Cooler,Energy,placed,1,"0,7"
107199,Cooler,Water,placed,1,"1,5"
100658,Cooler,Soft Drinks,placed,1,1
101927,Cooler,Water,placed,1,1
101927,Cooler,Soft Drinks,placed,1,"1,5"
108722,Cooler,Soft Drinks,placed,1,"0,7"
100809,Cooler,Water,placed,1,1
100809,Cooler,Soft Drinks,placed,1,"1,5"
100809,Cooler,Energy,placed,1,"0,7"
107249,Cooler,Water,placed,1,1
107249,Cooler,Soft Drinks,placed,2,"3,5"
100184,Cooler,Energy,placed,1,"0,7"
106413,Cooler,Soft Drinks,placed,1,"0,3"
106602,Dispenser,Water,placed,2,0
105055,Cooler,Energy,placed,1,1
102193,Cooler,Water,placed,1,1
102193,Cooler,Soft Drinks,placed,2,3
102193,Cooler,Energy,placed,1,"0,7"
104470,Cooler,Water,placed,1,"1,5"
104470,Cooler,Energy,placed,1,"0,7"
103965,Cooler,Water,placed,1,1
103965,Cooler,Soft Drinks,placed,1,2
103965,Cooler,Energy,placed,1,"0,7"
109056,Cooler,Water,placed,1,1
109056,Cooler,Soft Drinks,placed,1,1
101373,Cooler,Soft Drinks,placed,3,"4,3"
111087,Cooler,Water,placed,1,1
106405,Cooler,Soft Drinks,placed,1,1
108285,Cooler,Energy,placed,2,2
106112,Cooler,Soft Drinks,placed,1,"1,5"
107674,Cooler,Soft Drinks,placed,1,2
107674,Dispenser,Water,placed,1,0
108383,Cooler,Soft Drinks,placed,1,1
110890,Cooler,Soft Drinks,placed,1,"1,5"
105295,Cooler,Energy,placed,1,"0,7"
101158,Cooler,Soft Drinks,placed,1,1
111635,Cooler,Soft Drinks,placed,1,1
109194,Cooler,Water,placed,1,1
110792,Cooler,Water,placed,1,1
110792,Cooler,Soft Drinks,placed,1,"0,7"
102323,Cooler,Water,placed,1,"1,5"
102323,Cooler,Soft Drinks,placed,1,2
102323,Dispenser,Water,placed,1,0
107942,Cooler,Water,placed,2,"3,5"
107942,Cooler,Soft Drinks,placed,3,6
103398,Cooler,Soft Drinks,placed,1,"1,5"
109054,Cooler,Soft Drinks,placed,2,2
108244,Cooler,Water,placed,2,2
108244,Cooler,Soft Drinks,placed,1,1
108282,Cooler,Water,placed,1,1
104912,Cooler,Soft Drinks,placed,1,1
104782,Cooler,Soft Drinks,placed,1,2
104782,Cooler,Energy,placed,1,"0,7"
110563,Cooler,Soft Drinks,placed,1,1
103932,Coffee,Coffee ,placed,1,0
103932,Cooler,Water,placed,2,2
103932,Cooler,Soft Drinks,placed,1,2
103932,Cooler,Energy,placed,1,"0,7"
103879,Cooler,Water,placed,1,1
103879,Cooler,Energy,placed,1,"0,7"
103966,Cooler,Soft Drinks,placed,1,1
112010,Cooler,Water,placed,1,1
112010,Cooler,Soft Drinks,placed,2,3
112010,Cooler,Energy,placed,1,"0,7"
110169,Cooler,Soft Drinks,placed,1,1
111640,Cooler,Water,placed,1,1
109550,Cooler,Soft Drinks,placed,1,"0,7"
104217,Cooler,Water,placed,1,"1,5"
104217,Cooler,Soft Drinks,placed,1,"1,5"
104217,Cooler,Energy,placed,1,"0,7"
105416,Cooler,Water,placed,1,1
105416,Cooler,Soft Drinks,placed,1,1
104493,Cooler,Soft Drinks,placed,1,1
108615,Cooler,Soft Drinks,placed,1,1
109564,Cooler,Soft Drinks,placed,1,1
105163,Cooler,Soft Drinks,placed,2,"1,4"
103956,Cooler,Water,placed,1,"1,5"
103956,Cooler,Soft Drinks,placed,1,2
103956,Cooler,Energy,placed,1,"0,7"
106862,Cooler,Soft Drinks,placed,1,"0,7"
104501,Cooler,Soft Drinks,placed,2,3
104501,Cooler,Energy,placed,1,"0,7"
101269,Cooler,Soft Drinks,placed,2,"1,4"
109909,Cooler,Soft Drinks,placed,1,1
109909,Dispenser,Water,placed,1,0
102021,Cooler,Water,placed,1,"1,5"
102021,Cooler,Soft Drinks,placed,1,"1,5"
111929,Cooler,Soft Drinks,placed,1,"1,5"
100204,Coffee,Coffee ,placed,1,0
100204,Cooler,Water,placed,1,2
100204,Cooler,Soft Drinks,placed,1,2
100204,Cooler,Energy,placed,1,"0,7"
101542,Cooler,Water,placed,1,2
101542,Cooler,Soft Drinks,placed,1,"1,5"
104265,Cooler,Water,placed,1,1
104265,Cooler,Soft Drinks,placed,1,1
102827,Cooler,Water,placed,1,1
102827,Cooler,Soft Drinks,placed,2,2
102827,Cooler,Energy,placed,1,"0,7"
104293,Cooler,Water,placed,1,"1,5"
104293,Cooler,Soft Drinks,placed,1,2
104293,Cooler,Energy,placed,1,"0,7"
103024,Cooler,Soft Drinks,placed,1,"1,5"
103025,Cooler,Soft Drinks,placed,1,"1,5"
106674,Cooler,Soft Drinks,placed,1,2
103027,Cooler,Soft Drinks,placed,2,"3,5"
104331,Cooler,Soft Drinks,placed,1,"1,5"
102540,Cooler,Water,placed,1,1
102540,Cooler,Soft Drinks,placed,1,2
103114,Cooler,Soft Drinks,placed,1,2
103105,Cooler,Water,placed,1,"1,5"
103105,Cooler,Soft Drinks,placed,1,2
103105,Cooler,Energy,placed,1,"0,7"
103105,Cooler,Energy,placed,1,"0,7"
104005,Cooler,Soft Drinks,placed,1,"1,5"
104004,Cooler,Soft Drinks,placed,1,1
101420,Cooler,Water,placed,1,1
101420,Cooler,Soft Drinks,placed,1,1
103545,Cooler,Soft Drinks,placed,1,2
103545,Cooler,Energy,placed,1,"0,7"
104279,Cooler,Soft Drinks,placed,1,2
104279,Cooler,Juice,placed,1,1
104254,Cooler,Water,placed,1,1
104254,Cooler,Soft Drinks,placed,1,"1,5"
102058,Cooler,Soft Drinks,placed,1,"1,5"
111997,Cooler,Water,placed,1,1
111997,Cooler,Soft Drinks,placed,2,2
111997,Cooler,Energy,placed,1,"0,7"
103809,Cooler,Water,placed,1,1
103809,Cooler,Soft Drinks,placed,1,"1,5"
103809,Cooler,Energy,placed,1,"0,7"
100370,Coffee,Coffee ,placed,1,0
100370,Cooler,Soft Drinks,placed,1,"1,5"
100917,Cooler,Water,placed,1,1
100917,Cooler,Soft Drinks,placed,1,1
103808,Cooler,Soft Drinks,placed,3,5
101705,Cooler,Water,placed,1,"1,5"
101705,Cooler,Soft Drinks,placed,2,3
101705,Cooler,Energy,placed,1,"0,7"
101426,Cooler,Soft Drinks,placed,2,4
107107,Cooler,Soft Drinks,placed,1,2
100391,Cooler,Soft Drinks,placed,1,1
102905,Coffee,Coffee ,placed,2,0
102905,Cooler,Soft Drinks,placed,4,"5,5"
101706,Cooler,Water,placed,2,"2,5"
101706,Cooler,Soft Drinks,placed,1,"1,5"
101706,Cooler,Energy,placed,1,"0,7"
102057,Cooler,Water,placed,1,1
103913,Cooler,Water,placed,2,"2,5"
103913,Cooler,Soft Drinks,placed,1,"1,5"
103913,Cooler,Energy,placed,1,"0,7"
103995,Cooler,Water,placed,1,1
103995,Cooler,Soft Drinks,placed,1,1
103995,Cooler,Energy,placed,1,"0,7"
106338,Coffee,Coffee ,placed,4,0
106338,Cooler,Energy,placed,1,"0,7"
101431,Cooler,Soft Drinks,placed,2,"2,2"
101687,Cooler,Soft Drinks,placed,1,1
104479,Cooler,Soft Drinks,placed,1,"1,5"
106289,Cooler,Soft Drinks,placed,1,2
106289,Cooler,Energy,placed,1,"0,7"
101701,Cooler,Water,placed,2,2
101701,Cooler,Soft Drinks,placed,2,3
101701,Cooler,Energy,placed,1,"0,7"
101701,Cooler,Energy,placed,1,"0,7"
100332,Cooler,Water,placed,3,3
100332,Cooler,Soft Drinks,placed,2,"2,7"
100332,Cooler,Energy,placed,1,"0,7"
102088,Cooler,Soft Drinks,placed,1,2
103880,Cooler,Water,placed,1,"1,5"
103880,Cooler,Soft Drinks,placed,1,2
103880,Cooler,Energy,placed,1,"0,7"
102044,Cooler,Soft Drinks,placed,1,1
102084,Cooler,Water,placed,1,1
102084,Cooler,Soft Drinks,placed,1,2
102084,Cooler,Energy,placed,1,"0,7"
104003,Cooler,Water,placed,1,1
104003,Cooler,Soft Drinks,placed,2,"3,5"
102881,Cooler,Water,placed,1,1
102881,Cooler,Soft Drinks,placed,2,4
102932,Cooler,Soft Drinks,placed,1,2
103863,Cooler,Soft Drinks,placed,1,2
107000,Cooler,Soft Drinks,placed,1,"1,5"
106234,Coffee,Coffee ,placed,3,0
106234,Cooler,Water,placed,1,1
106234,Cooler,Soft Drinks,placed,3,"4,3"
106234,Cooler,Energy,placed,1,"0,7"
107049,Cooler,Water,placed,1,"1,5"
103353,Cooler,Energy,placed,1,"0,7"
104405,Cooler,Soft Drinks,placed,2,4
101544,Cooler,Water,placed,1,1
101512,Cooler,Water,placed,1,"1,5"
101512,Cooler,Soft Drinks,placed,2,"2,5"
101512,Cooler,Energy,placed,1,"0,7"
103127,Cooler,Soft Drinks,placed,1,1
101583,Cooler,Soft Drinks,placed,1,2
101589,Cooler,Water,placed,1,1
101589,Cooler,Soft Drinks,placed,1,1
100430,Cooler,Water,placed,1,"1,5"
100430,Cooler,Soft Drinks,placed,1,2
101398,Cooler,Water,placed,1,"1,5"
112038,Cooler,Soft Drinks,placed,1,"0,7"
103806,Cooler,Soft Drinks,placed,1,1
102427,Cooler,Water,placed,1,1
104380,Cooler,Soft Drinks,placed,1,1
103016,Cooler,Soft Drinks,placed,1,"1,5"
106210,Cooler,Soft Drinks,placed,2,3
106210,Cooler,Energy,placed,1,"0,7"
106210,Cooler,Energy,placed,1,"0,7"
102865,Cooler,Soft Drinks,placed,1,2
103029,Cooler,Water,placed,1,"1,5"
103030,Cooler,Soft Drinks,placed,1,1
103345,Cooler,Soft Drinks,placed,1,"1,5"
104333,Cooler,Water,placed,1,"1,5"
104333,Cooler,Soft Drinks,placed,1,1
102546,Cooler,Water,placed,1,"1,5"
102546,Cooler,Soft Drinks,placed,1,2
102546,Cooler,Energy,placed,1,"0,7"
101966,Cooler,Water,placed,1,1
101966,Cooler,Soft Drinks,placed,1,1
100659,Cooler,Water,placed,1,"1,5"
100659,Cooler,Energy,placed,1,"0,7"
110323,Cooler,Water,placed,2,2
110323,Cooler,Soft Drinks,placed,1,"1,5"
110186,Cooler,Soft Drinks,placed,2,"2,5"
107253,Cooler,Energy,placed,1,"0,7"
105249,Cooler,Soft Drinks,placed,1,1
101965,Cooler,Water,placed,1,1
101965,Cooler,Soft Drinks,placed,2,2
105254,Cooler,Water,placed,1,1
105254,Cooler,Soft Drinks,placed,2,"2,5"
105254,Cooler,Energy,placed,1,"0,7"
107341,Cooler,Water,placed,1,1
107341,Cooler,Soft Drinks,placed,3,3
104403,Cooler,Soft Drinks,placed,1,1
107314,Cooler,Soft Drinks,placed,1,1
102335,Cooler,Soft Drinks,placed,2,"3,5"
100045,Dispenser,Water,placed,1,0
104400,Cooler,Water,placed,1,1
104400,Cooler,Soft Drinks,placed,1,2
105299,Cooler,Soft Drinks,placed,1,"1,5"
111861,Cooler,Water,placed,2,2
111861,Cooler,Soft Drinks,placed,2,2
104001,Cooler,Water,placed,2,2
104001,Cooler,Soft Drinks,placed,1,2
104001,Cooler,Energy,placed,1,"0,7"
104914,Cooler,Soft Drinks,placed,1,1
106352,Dispenser,Water,placed,1,0
108377,Cooler,Juice,placed,1,1
105309,Cooler,Soft Drinks,placed,2,2
111241,Cooler,Energy,placed,1,1
102339,Cooler,Water,placed,1,1
102339,Cooler,Soft Drinks,placed,1,2
108960,Cooler,Soft Drinks,placed,1,1
100660,Cooler,Water,placed,1,1
104280,Cooler,Water,placed,2,"2,5"
100316,Cooler,Soft Drinks,placed,1,2
104283,Cooler,Water,placed,2,2
104283,Cooler,Soft Drinks,placed,1,"1,5"
105483,Coffee,Coffee ,placed,2,0
105483,Cooler,Water,placed,1,1
105483,Cooler,Soft Drinks,placed,1,1
103613,Cooler,Soft Drinks,placed,1,1
106559,Cooler,Soft Drinks,placed,1,1
106559,Cooler,Energy,placed,1,"0,7"
103735,Cooler,Water,placed,1,1
103735,Cooler,Soft Drinks,placed,1,1
111763,Cooler,Soft Drinks,placed,1,"1,5"
103404,Cooler,Soft Drinks,placed,1,"1,5"
105437,Cooler,Soft Drinks,placed,1,1
108624,Cooler,Soft Drinks,placed,2,2
108624,Cooler,Energy,placed,1,"0,3"
110083,Cooler,Water,placed,1,1
111099,Cooler,Soft Drinks,placed,1,1
111099,Fountain,Soft Drinks,placed,4,0
106790,Cooler,Soft Drinks,placed,1,"0,3"
110018,Cooler,Soft Drinks,placed,4,5
107657,Cooler,Water,placed,1,1
107657,Cooler,Soft Drinks,placed,1,1
107464,Cooler,Soft Drinks,placed,4,"1,9"
100555,Cooler,Soft Drinks,placed,1,2
107918,Cooler,Water,placed,4,4
107918,Cooler,Soft Drinks,placed,4,"4,2"
106584,Cooler,Water,placed,1,1
101276,Cooler,Water,placed,1,1
108010,Cooler,Soft Drinks,placed,1,1
104902,Cooler,Soft Drinks,placed,1,1
104008,Cooler,Water,placed,1,2
104008,Cooler,Soft Drinks,placed,1,2
103614,Cooler,Water,placed,1,2
104011,Cooler,Soft Drinks,placed,1,2
108376,Cooler,Soft Drinks,placed,1,1
100455,Cooler,Water,placed,2,3
100455,Cooler,Soft Drinks,placed,1,2
100455,Cooler,Energy,placed,1,"0,7"
104897,Cooler,Soft Drinks,placed,2,"1,7"
105489,Cooler,Soft Drinks,placed,1,1
105220,Cooler,Energy,placed,1,1
109818,Cooler,Water,placed,1,1
105482,Cooler,Soft Drinks,placed,1,1
103873,Cooler,Water,placed,1,1
103873,Cooler,Soft Drinks,placed,1,2
106126,Cooler,Soft Drinks,placed,1,1
102338,Cooler,Water,placed,3,4
102338,Cooler,Soft Drinks,placed,3,"3,3"
102338,Cooler,Energy,placed,1,"0,7"
103615,Cooler,Water,placed,1,2
107742,Cooler,Soft Drinks,placed,1,1
107742,Cooler,Juice,placed,2,"1,3"
103616,Cooler,Water,placed,2,2
103616,Cooler,Soft Drinks,placed,1,2
103616,Cooler,Energy,placed,1,"0,7"
103617,Cooler,Water,placed,1,1
103617,Cooler,Soft Drinks,placed,1,2
104012,Cooler,Water,placed,1,"1,5"
104012,Cooler,Soft Drinks,placed,1,"1,5"
104012,Cooler,Energy,placed,1,1
100223,Cooler,Soft Drinks,placed,1,"1,5"
105938,Cooler,Water,placed,1,1
104000,Cooler,Water,placed,1,"1,5"
104000,Cooler,Energy,placed,1,"0,7"
111834,Cooler,Water,placed,4,4
111834,Cooler,Soft Drinks,placed,5,5
111834,Dispenser,Water,placed,1,0
108284,Cooler,Soft Drinks,placed,2,2
110869,Cooler,Water,placed,1,"1,5"
110869,Cooler,Juice,placed,1,1
105509,Cooler,Water,placed,1,1
100820,Cooler,Water,placed,1,1
106245,Cooler,Water,placed,1,1
106245,Cooler,Soft Drinks,placed,1,2
104219,Cooler,Soft Drinks,placed,1,2
104219,Cooler,Energy,placed,1,"0,7"
110141,Cooler,Soft Drinks,placed,1,1
103386,Cooler,Water,placed,1,"1,5"
103386,Cooler,Soft Drinks,placed,1,2
108004,Cooler,Soft Drinks,placed,1,1
100490,Cooler,Water,placed,1,"1,5"
100490,Cooler,Soft Drinks,placed,1,2
100490,Cooler,Energy,placed,1,"0,7"
100490,Cooler,Energy,placed,1,1
111361,Cooler,Water,placed,1,1
111361,Cooler,Energy,placed,1,1
103728,Cooler,Water,placed,1,1
103728,Cooler,Soft Drinks,placed,1,"1,5"
105435,Cooler,Soft Drinks,placed,1,"1,5"
110372,Cooler,Soft Drinks,placed,1,1
103999,Cooler,Water,placed,1,1
103999,Cooler,Soft Drinks,placed,2,3
110580,Cooler,Soft Drinks,placed,2,3
110580,Dispenser,Water,placed,1,0
103998,Cooler,Soft Drinks,placed,1,2
105232,Cooler,Water,placed,1,1
105232,Cooler,Soft Drinks,placed,2,"0,6"
107489,Cooler,Soft Drinks,placed,1,1
106610,Dispenser,Water,placed,1,0
100514,Cooler,Water,placed,1,"1,5"
100514,Cooler,Soft Drinks,placed,1,2
111071,Cooler,Soft Drinks,placed,2,"1,7"
111071,Fountain,Soft Drinks,placed,10,0
102393,Cooler,Water,placed,1,1
108456,Cooler,Water,placed,1,1
108456,Cooler,Soft Drinks,placed,1,1
102283,Cooler,Water,placed,1,"1,5"
102283,Cooler,Soft Drinks,placed,1,2
102283,Cooler,Energy,placed,1,1
106724,Cooler,Soft Drinks,placed,1,2
106724,Cooler,Energy,placed,1,"0,7"
106789,Cooler,Soft Drinks,placed,1,1
106789,Cooler,Juice,placed,1,1
105936,Cooler,Soft Drinks,placed,1,1
109771,Cooler,Water,placed,1,1
109771,Cooler,Soft Drinks,placed,1,1
109771,Dispenser,Water,placed,1,0
108009,Cooler,Water,placed,1,1
108009,Cooler,Soft Drinks,placed,1,2
105511,Cooler,Water,placed,1,1
105511,Cooler,Soft Drinks,placed,1,"0,3"
105511,Cooler,Soft Drinks,placed,2,"1,3"
105511,Fountain,Soft Drinks,placed,1,0
110370,Cooler,Soft Drinks,placed,1,1
108268,Cooler,Soft Drinks,placed,5,"4,3"
108268,Dispenser,Water,placed,2,0
111585,Cooler,Soft Drinks,placed,1,1
105515,Cooler,Water,placed,2,2
105515,Cooler,Soft Drinks,placed,3,3
105515,Cooler,Energy,placed,1,"0,3"
105515,Cooler,Energy,placed,1,1
105515,Fountain,Soft Drinks,placed,1,0
106177,Cooler,Water,placed,1,1
106177,Cooler,Soft Drinks,placed,1,1
106133,Cooler,Water,placed,2,2
106133,Cooler,Soft Drinks,placed,1,2
105661,Cooler,Water,placed,4,"4,5"
105661,Cooler,Soft Drinks,placed,1,1
105661,Cooler,Energy,placed,1,1
100243,Cooler,Soft Drinks,placed,1,1
100243,Cooler,Energy,placed,1,"0,7"
103357,Cooler,Soft Drinks,placed,1,"1,5"
103997,Cooler,Water,placed,1,1
103997,Cooler,Soft Drinks,placed,1,2
103997,Cooler,Energy,placed,1,"0,7"
103997,Cooler,Energy,placed,1,"0,7"
102898,Cooler,Soft Drinks,placed,1,"1,5"
102898,Cooler,Energy,placed,1,"0,7"
102282,Cooler,Water,placed,1,"1,5"
102282,Cooler,Soft Drinks,placed,1,"1,5"
102282,Cooler,Energy,placed,1,"0,7"
102622,Cooler,Water,placed,2,"2,5"
102622,Cooler,Soft Drinks,placed,3,4
101228,Cooler,Water,placed,1,1
104221,Cooler,Water,placed,1,1
104221,Cooler,Soft Drinks,placed,1,2
104271,Cooler,Energy,placed,1,"0,7"
106601,Cooler,Soft Drinks,placed,1,1
108239,Cooler,Soft Drinks,placed,1,2
108239,Dispenser,Water,placed,1,0
108008,Cooler,Water,placed,1,1
108008,Cooler,Soft Drinks,placed,1,1
100860,Cooler,Water,placed,1,"1,5"
100860,Cooler,Soft Drinks,placed,1,"1,5"
107737,Cooler,Water,placed,2,2
107737,Cooler,Soft Drinks,placed,1,1
107737,Cooler,Juice,placed,1,"0,3"
107728,Cooler,Water,placed,1,1
107728,Cooler,Soft Drinks,placed,1,1
108558,Cooler,Soft Drinks,placed,2,"3,5"
107472,Cooler,Soft Drinks,placed,1,1
110411,Cooler,Soft Drinks,placed,2,2
106762,Cooler,Energy,placed,1,1
109166,Cooler,Soft Drinks,placed,1,1
109195,Cooler,Water,placed,1,1
109195,Cooler,Soft Drinks,placed,4,5
109070,Cooler,Soft Drinks,placed,1,1
108965,Cooler,Soft Drinks,placed,1,2
108200,Cooler,Water,placed,1,1
108200,Cooler,Soft Drinks,placed,1,1
100452,Cooler,Soft Drinks,placed,2,3
106791,Cooler,Water,placed,1,1
110452,Fountain,Soft Drinks,placed,2,0
110452,Dispenser,Water,placed,1,0
110085,Cooler,Soft Drinks,placed,1,1
108169,Cooler,Soft Drinks,placed,1,1
103628,Cooler,Soft Drinks,placed,1,1
106765,Cooler,Soft Drinks,placed,1,"0,3"
108167,Cooler,Water,placed,1,1
108167,Cooler,Soft Drinks,placed,1,1
102354,Cooler,Water,placed,1,2
107460,Cooler,Soft Drinks,placed,1,1
103513,Cooler,Water,placed,2,"2,5"
103513,Cooler,Soft Drinks,placed,1,"1,5"
103513,Cooler,Energy,placed,1,"0,7"
103908,Cooler,Water,placed,1,2
103908,Cooler,Soft Drinks,placed,1,2
101417,Cooler,Water,placed,1,1
102948,Coffee,Coffee ,placed,1,0
102948,Cooler,Soft Drinks,placed,1,2
102948,Cooler,Energy,placed,1,"0,7"
104328,Cooler,Soft Drinks,placed,1,1
104154,Cooler,Water,placed,1,1
104154,Cooler,Soft Drinks,placed,1,"1,5"
104154,Cooler,Energy,placed,1,"0,7"
101543,Cooler,Water,placed,1,2
101543,Cooler,Soft Drinks,placed,1,2
103624,Cooler,Water,placed,1,1
103624,Cooler,Soft Drinks,placed,1,"1,5"
103346,Cooler,Soft Drinks,placed,1,"1,5"
103346,Cooler,Energy,placed,1,"0,7"
103989,Cooler,Water,placed,1,"1,5"
103989,Cooler,Soft Drinks,placed,2,"3,5"
103989,Cooler,Energy,placed,1,"0,7"
101415,Cooler,Water,placed,1,1
101415,Cooler,Soft Drinks,placed,1,"1,5"
112003,Cooler,Soft Drinks,placed,1,1
102933,Cooler,Water,placed,1,1
102933,Cooler,Soft Drinks,placed,2,3
103369,Cooler,Water,placed,2,2
103369,Cooler,Soft Drinks,placed,2,"2,5"
103369,Cooler,Energy,placed,1,"0,7"
103369,Cooler,Energy,placed,1,"0,7"
102055,Cooler,Water,placed,1,1
102055,Cooler,Soft Drinks,placed,1,1
100122,Cooler,Water,placed,1,1
100122,Cooler,Soft Drinks,placed,1,1
100122,Cooler,Energy,placed,1,"0,7"
101510,Cooler,Soft Drinks,placed,1,2
101111,Cooler,Water,placed,1,1
102464,Cooler,Water,placed,1,1
102552,Cooler,Water,placed,1,1
102552,Cooler,Soft Drinks,placed,1,2
100365,Coffee,Coffee ,placed,2,0
100365,Cooler,Soft Drinks,placed,2,3
102465,Cooler,Water,placed,1,1
102465,Cooler,Soft Drinks,placed,1,"1,5"
103078,Cooler,Water,placed,1,1
103078,Cooler,Energy,placed,1,"0,7"
100711,Cooler,Energy,placed,1,"0,7"
102857,Cooler,Soft Drinks,placed,1,1
100709,Coffee,Coffee ,placed,2,0
100709,Cooler,Soft Drinks,placed,1,2
100709,Cooler,Energy,placed,1,"0,7"
101177,Cooler,Water,placed,1,"1,5"
101177,Cooler,Soft Drinks,placed,1,"1,5"
104480,Cooler,Soft Drinks,placed,1,"1,5"
106981,Cooler,Water,placed,1,"1,5"
100673,Cooler,Soft Drinks,placed,2,"1,7"
103907,Coffee,Coffee ,placed,1,0
103907,Cooler,Water,placed,1,1
103907,Cooler,Soft Drinks,placed,1,2
103907,Cooler,Energy,placed,1,"0,7"
103996,Cooler,Soft Drinks,placed,1,"1,5"
101588,Cooler,Water,placed,1,2
101588,Cooler,Energy,placed,1,"0,7"
106989,Cooler,Water,placed,1,1
106989,Cooler,Soft Drinks,placed,1,"1,5"
106989,Cooler,Energy,placed,1,"0,7"
104481,Cooler,Soft Drinks,placed,1,2
101778,Cooler,Water,placed,2,"2,5"
101778,Cooler,Soft Drinks,placed,1,2
101778,Cooler,Energy,placed,1,"0,7"
101778,Cooler,Energy,placed,1,"0,7"
106668,Cooler,Energy,placed,1,"0,7"
106668,Dispenser,Water,placed,2,0
103098,Cooler,Soft Drinks,placed,1,2
100066,Coffee,Coffee ,placed,2,0
100066,Cooler,Energy,placed,1,1
106715,Cooler,Water,placed,2,"3,5"
106715,Cooler,Soft Drinks,placed,3,5
106715,Cooler,Energy,placed,1,"0,7"
100656,Cooler,Water,placed,1,1
100656,Cooler,Soft Drinks,placed,1,2
105690,Dispenser,Water,placed,1,0
103812,Cooler,Soft Drinks,placed,3,5
103812,Cooler,Energy,placed,1,"0,7"
101425,Cooler,Soft Drinks,placed,1,1
102553,Cooler,Water,placed,1,"1,5"
102553,Cooler,Soft Drinks,placed,1,2
102553,Cooler,Energy,placed,1,"0,7"
107065,Cooler,Water,placed,1,1
107065,Cooler,Soft Drinks,placed,1,1
101509,Cooler,Energy,placed,1,"0,7"
100717,Cooler,Water,placed,1,1
100717,Cooler,Soft Drinks,placed,1,"1,5"
100717,Cooler,Energy,placed,1,"0,7"
112063,Coffee,Coffee ,placed,1,0
112063,Cooler,Water,placed,1,1
112063,Cooler,Soft Drinks,placed,1,"1,5"
103004,Cooler,Water,placed,1,1
103004,Cooler,Soft Drinks,placed,1,2
102861,Cooler,Soft Drinks,placed,1,2
107172,Cooler,Soft Drinks,placed,1,1
103362,Cooler,Soft Drinks,placed,1,"1,5"
100330,Cooler,Water,placed,1,1
100657,Cooler,Water,placed,1,1
101585,Cooler,Water,placed,2,"2,5"
101585,Cooler,Soft Drinks,placed,1,"1,5"
102558,Cooler,Soft Drinks,placed,2,3
101545,Cooler,Water,placed,2,2
101964,Cooler,Water,placed,1,1
101964,Cooler,Soft Drinks,placed,1,2
102787,Cooler,Water,placed,1,1
102787,Cooler,Soft Drinks,placed,1,2
102787,Cooler,Energy,placed,1,"0,7"
100679,Cooler,Soft Drinks,placed,1,1
103047,Cooler,Water,placed,1,1
102754,Cooler,Water,placed,2,3
103011,Cooler,Soft Drinks,placed,1,1
108007,Cooler,Water,placed,1,1
108007,Cooler,Soft Drinks,placed,1,1
105660,Cooler,Water,placed,1,1
105660,Cooler,Soft Drinks,placed,5,"3,6"
109372,Cooler,Water,placed,1,1
105892,Cooler,Soft Drinks,placed,1,1
110505,Cooler,Soft Drinks,placed,1,1
104807,Cooler,Soft Drinks,placed,1,1
109374,Cooler,Water,placed,1,1
105729,Cooler,Water,placed,1,1
105729,Cooler,Soft Drinks,placed,2,"2,5"
108088,Cooler,Water,placed,1,1
108088,Cooler,Soft Drinks,placed,2,"2,5"
101725,Cooler,Water,placed,1,2
108618,Cooler,Soft Drinks,placed,1,1
102070,Coffee,Coffee ,placed,1,0
102070,Cooler,Water,placed,2,2
102070,Cooler,Soft Drinks,placed,1,2
102070,Cooler,Energy,placed,1,"0,7"
102070,Cooler,Energy,placed,1,"0,7"
102070,Dispenser,Water,placed,1,0
103165,Cooler,Water,placed,1,1
103165,Cooler,Soft Drinks,placed,1,"1,5"
103165,Cooler,Energy,placed,1,"0,7"
100735,Cooler,Water,placed,2,"2,5"
100735,Cooler,Energy,placed,1,"0,7"
100735,Cooler,Energy,placed,1,"0,7"
104163,Cooler,Water,placed,1,1
104163,Cooler,Soft Drinks,placed,1,1
104163,Cooler,Energy,placed,1,"0,7"
102632,Cooler,Water,placed,1,2
102632,Cooler,Soft Drinks,placed,1,2
106290,Cooler,Soft Drinks,placed,1,"1,5"
102365,Cooler,Soft Drinks,placed,1,1
107013,Cooler,Soft Drinks,placed,1,1
100217,Coffee,Coffee ,placed,2,0
100217,Cooler,Water,placed,1,1
107171,Cooler,Water,placed,1,1
107171,Cooler,Soft Drinks,placed,1,1
102882,Coffee,Coffee ,placed,1,0
102882,Cooler,Water,placed,2,"2,5"
102882,Cooler,Soft Drinks,placed,1,"1,5"
102882,Cooler,Energy,placed,1,"0,7"
103364,Cooler,Soft Drinks,placed,2,"3,5"
103364,Cooler,Energy,placed,1,"0,7"
102925,Cooler,Soft Drinks,placed,1,1
102899,Cooler,Water,placed,1,1
102899,Cooler,Soft Drinks,placed,1,2
102899,Cooler,Energy,placed,1,"0,7"
106658,Cooler,Soft Drinks,placed,2,4
106658,Cooler,Energy,placed,1,"0,7"
104454,Cooler,Water,placed,1,"1,5"
104454,Cooler,Soft Drinks,placed,1,1
107245,Cooler,Water,placed,1,1
107245,Cooler,Soft Drinks,placed,1,"1,5"
100602,Cooler,Water,placed,1,"1,5"
100602,Cooler,Soft Drinks,placed,1,"1,5"
100565,Cooler,Water,placed,1,1
102883,Cooler,Water,placed,1,"1,5"
102883,Cooler,Soft Drinks,placed,1,1
102883,Cooler,Energy,placed,1,"0,7"
100258,Cooler,Soft Drinks,placed,1,1
100591,Cooler,Soft Drinks,placed,4,6
101395,Cooler,Water,placed,2,"3,5"
101395,Cooler,Soft Drinks,placed,2,"3,5"
101395,Cooler,Energy,placed,1,"0,7"
101395,Cooler,Energy,placed,1,"0,7"
107385,Cooler,Water,placed,4,5
107385,Cooler,Soft Drinks,placed,13,"17,5"
107385,Cooler,Juice,placed,1,1
107385,Cooler,Energy,placed,1,1
105512,Cooler,Water,placed,1,1
101175,Cooler,Soft Drinks,placed,1,1
101270,Cooler,Water,placed,2,"2,5"
101270,Cooler,Soft Drinks,placed,1,"1,5"
101270,Cooler,Energy,placed,1,"0,7"
107238,Cooler,Soft Drinks,placed,1,2
107238,Cooler,Energy,placed,1,"0,7"
107233,Cooler,Water,placed,2,3
107233,Cooler,Soft Drinks,placed,1,2
107233,Cooler,Energy,placed,1,"0,7"
110742,Cooler,Soft Drinks,placed,1,1
106223,Cooler,Water,placed,1,"1,5"
100618,Cooler,Water,placed,1,"1,5"
100618,Cooler,Soft Drinks,placed,1,"1,5"
103336,Cooler,Soft Drinks,placed,1,1
100619,Cooler,Soft Drinks,placed,1,2
100620,Cooler,Energy,placed,1,"0,7"
100970,Cooler,Water,placed,2,2
100970,Cooler,Energy,placed,1,"0,7"
109936,Cooler,Water,placed,1,1
101229,Cooler,Water,placed,1,1
102904,Cooler,Water,placed,1,"1,5"
103801,Cooler,Soft Drinks,placed,1,2
103365,Cooler,Water,placed,1,1
103365,Cooler,Energy,placed,1,"0,7"
103083,Cooler,Soft Drinks,placed,1,2
104340,Cooler,Soft Drinks,placed,1,2
106229,Cooler,Water,placed,1,"1,5"
106229,Cooler,Soft Drinks,placed,1,1
106229,Cooler,Energy,placed,1,"0,7"
111918,Coffee,Coffee ,placed,2,0
111918,Cooler,Soft Drinks,placed,1,"0,7"
111918,Cooler,Soft Drinks,placed,1,"1,5"
111918,Dispenser,Water,placed,1,0
103906,Coffee,Coffee ,placed,2,0
103906,Cooler,Water,placed,2,2
103906,Cooler,Soft Drinks,placed,1,"0,7"
103906,Cooler,Soft Drinks,placed,1,2
103906,Cooler,Energy,placed,1,"0,7"
103906,Cooler,Energy,placed,1,"0,7"
102598,Cooler,Energy,placed,1,1
102863,Cooler,Soft Drinks,placed,1,1
104157,Cooler,Soft Drinks,placed,1,"1,5"
102468,Cooler,Soft Drinks,placed,1,2
102468,Cooler,Energy,placed,1,"0,7"
102469,Cooler,Water,placed,2,"3,5"
102469,Cooler,Soft Drinks,placed,2,3
112080,Cooler,Soft Drinks,placed,1,2
102981,Cooler,Water,placed,1,1
102981,Cooler,Soft Drinks,placed,1,1
111867,Cooler,Soft Drinks,placed,1,1
103307,Cooler,Soft Drinks,placed,1,2
102643,Cooler,Water,placed,1,1
102643,Cooler,Soft Drinks,placed,1,2
102643,Cooler,Energy,placed,1,"0,7"
102630,Cooler,Water,placed,1,"1,5"
102053,Cooler,Soft Drinks,placed,1,1
111934,Cooler,Water,placed,1,2
101686,Cooler,Water,placed,1,"1,5"
101686,Cooler,Soft Drinks,placed,1,1
106893,Cooler,Water,placed,1,1
104500,Cooler,Soft Drinks,placed,1,1
102600,Cooler,Soft Drinks,placed,1,2
101590,Cooler,Water,placed,1,1
107275,Cooler,Water,placed,1,1
103366,Cooler,Water,placed,2,2
103366,Cooler,Soft Drinks,placed,1,2
106236,Cooler,Water,placed,1,1
106236,Cooler,Soft Drinks,placed,1,"1,5"
106236,Cooler,Energy,placed,1,"0,7"
102470,Cooler,Soft Drinks,placed,1,"1,5"
104356,Cooler,Water,placed,1,1
104356,Cooler,Soft Drinks,placed,1,"1,5"
103822,Cooler,Water,placed,1,1
103822,Cooler,Soft Drinks,placed,1,2
104145,Cooler,Water,placed,1,"1,5"
112006,Cooler,Soft Drinks,placed,1,"0,7"
100822,Cooler,Water,placed,1,1
100822,Cooler,Soft Drinks,placed,1,"1,5"
101118,Cooler,Soft Drinks,placed,1,2
102085,Cooler,Soft Drinks,placed,1,"1,5"
102085,Cooler,Energy,placed,1,"0,7"
110767,Cooler,Soft Drinks,placed,1,"0,7"
103723,Cooler,Soft Drinks,placed,1,2
106702,Cooler,Water,placed,2,"3,5"
106702,Cooler,Soft Drinks,placed,1,2
106702,Cooler,Energy,placed,1,"0,7"
106702,Cooler,Energy,placed,1,"0,7"
100901,Cooler,Energy,placed,1,1
106325,Cooler,Water,placed,1,"1,5"
106325,Cooler,Soft Drinks,placed,1,2
106325,Cooler,Energy,placed,1,"0,7"
101663,Cooler,Soft Drinks,placed,1,"1,5"
102936,Cooler,Soft Drinks,placed,1,"1,5"
100818,Cooler,Water,placed,1,1
100818,Cooler,Soft Drinks,placed,1,"1,5"
107006,Cooler,Soft Drinks,placed,1,2
102884,Cooler,Soft Drinks,placed,1,"1,5"
105053,Cooler,Soft Drinks,placed,2,"2,2"
103537,Cooler,Soft Drinks,placed,1,2
104483,Cooler,Water,placed,1,1
103954,Cooler,Water,placed,2,"2,5"
103954,Cooler,Soft Drinks,placed,1,"1,5"
103954,Cooler,Energy,placed,2,"1,4"
103866,Cooler,Water,placed,1,1
103866,Cooler,Soft Drinks,placed,1,2
103987,Cooler,Soft Drinks,placed,1,2
104014,Cooler,Water,placed,1,2
104014,Cooler,Soft Drinks,placed,1,2
111916,Cooler,Water,placed,1,"1,5"
101662,Cooler,Water,placed,1,1
101662,Cooler,Soft Drinks,placed,1,1
103214,Cooler,Water,placed,1,1
103214,Cooler,Soft Drinks,placed,2,3
103214,Cooler,Energy,placed,1,"0,7"
103214,Cooler,Energy,placed,1,"0,7"
102900,Cooler,Energy,placed,1,1
104147,Cooler,Water,placed,1,1
104147,Cooler,Energy,placed,1,"0,7"
101193,Cooler,Soft Drinks,placed,1,1
101193,Cooler,Energy,placed,1,"0,7"
103827,Cooler,Water,placed,1,1
103827,Cooler,Soft Drinks,placed,1,2
103827,Cooler,Energy,placed,1,"0,7"
101048,Cooler,Energy,placed,1,"0,7"
103075,Cooler,Soft Drinks,placed,1,2
104354,Cooler,Water,placed,1,1
104354,Cooler,Energy,placed,1,"0,7"
104354,Dispenser,Water,placed,1,0
100317,Cooler,Water,placed,1,1
100317,Cooler,Soft Drinks,placed,2,2
103056,Cooler,Soft Drinks,placed,1,2
100380,Coffee,Coffee ,placed,2,0
100380,Cooler,Water,placed,2,"2,5"
100380,Cooler,Soft Drinks,placed,1,"1,5"
100380,Cooler,Energy,placed,1,"0,7"
100380,Cooler,Energy,placed,1,"0,7"
111954,Cooler,Soft Drinks,placed,1,1
109672,Cooler,Water,placed,1,1
100078,Cooler,Soft Drinks,placed,1,1
101005,Cooler,Water,placed,1,1
101005,Cooler,Soft Drinks,placed,1,1
111931,Cooler,Water,placed,1,1
111990,Cooler,Water,placed,1,1
111990,Cooler,Soft Drinks,placed,1,1
106704,Cooler,Water,placed,2,3
106704,Cooler,Soft Drinks,placed,1,"1,5"
104150,Cooler,Water,placed,1,"1,5"
104150,Cooler,Soft Drinks,placed,1,2
101688,Cooler,Water,placed,1,1
101688,Cooler,Soft Drinks,placed,1,2
101688,Cooler,Energy,placed,1,"0,7"
102346,Cooler,Water,placed,1,1
102346,Cooler,Soft Drinks,placed,1,2
102346,Cooler,Energy,placed,1,"0,7"
102346,Cooler,Energy,placed,1,"0,7"
102372,Cooler,Water,placed,1,"1,5"
102372,Cooler,Soft Drinks,placed,1,2
102372,Cooler,Energy,placed,1,"0,7"
104044,Cooler,Soft Drinks,placed,1,2
103503,Cooler,Water,placed,1,"1,5"
103503,Cooler,Energy,placed,1,1
102474,Cooler,Soft Drinks,placed,1,"1,5"
102474,Cooler,Energy,placed,1,"0,7"
102474,Cooler,Energy,placed,1,1
100997,Cooler,Water,placed,2,"2,5"
100997,Cooler,Soft Drinks,placed,1,2
100997,Cooler,Energy,placed,1,"0,7"
104344,Cooler,Soft Drinks,placed,1,2
107030,Cooler,Water,placed,1,1
107030,Cooler,Energy,placed,1,"0,7"
100712,Cooler,Soft Drinks,placed,2,4
101429,Cooler,Soft Drinks,placed,1,2
104144,Cooler,Soft Drinks,placed,1,1
101277,Cooler,Soft Drinks,placed,1,1
102371,Cooler,Soft Drinks,placed,1,2
101596,Cooler,Soft Drinks,placed,1,1
100996,Cooler,Soft Drinks,placed,1,2
100991,Cooler,Water,placed,3,3
100991,Cooler,Soft Drinks,placed,1,2
103311,Cooler,Soft Drinks,placed,1,2
103824,Cooler,Soft Drinks,placed,1,1
107064,Cooler,Soft Drinks,placed,2,"2,5"
100196,Cooler,Water,placed,1,"1,5"
100196,Cooler,Soft Drinks,placed,1,"1,5"
100196,Cooler,Energy,placed,1,"0,7"
103215,Cooler,Water,placed,1,1
103215,Cooler,Soft Drinks,placed,2,"2,3"
103215,Cooler,Energy,placed,1,"0,7"
100995,Cooler,Soft Drinks,placed,1,2
107228,Cooler,Water,placed,1,"1,5"
107228,Cooler,Soft Drinks,placed,1,2
101265,Cooler,Water,placed,1,1
101265,Cooler,Soft Drinks,placed,1,1
103057,Cooler,Water,placed,1,2
101507,Cooler,Soft Drinks,placed,1,1
102370,Cooler,Water,placed,2,2
102370,Cooler,Soft Drinks,placed,1,1
107066,Cooler,Water,placed,1,"1,5"
107066,Cooler,Soft Drinks,placed,1,"1,5"
104143,Cooler,Soft Drinks,placed,1,2
104143,Cooler,Energy,placed,1,"0,7"
100621,Cooler,Water,placed,1,"1,5"
100621,Cooler,Soft Drinks,placed,1,2
100611,Cooler,Water,placed,1,"1,5"
100611,Cooler,Soft Drinks,placed,1,2
100623,Cooler,Water,placed,1,1
100623,Cooler,Soft Drinks,placed,2,4
102369,Cooler,Water,placed,1,"1,5"
102369,Cooler,Soft Drinks,placed,1,"1,5"
104153,Cooler,Soft Drinks,placed,1,2
104153,Cooler,Energy,placed,1,"0,7"
100384,Cooler,Soft Drinks,placed,1,"1,5"
103312,Cooler,Water,placed,2,2
103312,Cooler,Soft Drinks,placed,2,3
103312,Cooler,Energy,placed,1,"0,7"
100564,Cooler,Soft Drinks,placed,2,3
107236,Cooler,Water,placed,1,"1,5"
107236,Cooler,Soft Drinks,placed,1,2
107236,Cooler,Energy,placed,1,"0,7"
107235,Cooler,Water,placed,3,4
107235,Cooler,Soft Drinks,placed,1,2
107235,Cooler,Energy,placed,1,"0,7"
107237,Cooler,Soft Drinks,placed,1,2
107237,Cooler,Energy,placed,1,"0,7"
107109,Cooler,Soft Drinks,placed,1,1
101963,Cooler,Soft Drinks,placed,1,"1,5"
103321,Cooler,Water,placed,2,2
103321,Cooler,Soft Drinks,placed,1,2
103321,Cooler,Energy,placed,1,"0,7"
103321,Cooler,Energy,placed,1,"0,7"
102356,Cooler,Water,placed,1,1
102356,Cooler,Soft Drinks,placed,1,2
104337,Cooler,Soft Drinks,placed,1,1
102325,Cooler,Water,placed,3,4
102325,Cooler,Soft Drinks,placed,1,2
102325,Cooler,Energy,placed,1,"0,7"
104156,Cooler,Soft Drinks,placed,1,2
102490,Cooler,Juice,placed,1,1
106970,Cooler,Soft Drinks,placed,1,2
100904,Cooler,Water,placed,1,1
100904,Cooler,Soft Drinks,placed,1,"1,5"
100446,Cooler,Water,placed,1,"1,5"
100446,Cooler,Soft Drinks,placed,2,3
103216,Cooler,Water,placed,1,1
103216,Cooler,Soft Drinks,placed,1,1
103216,Cooler,Energy,placed,1,"0,7"
104455,Cooler,Soft Drinks,placed,1,2
104455,Cooler,Energy,placed,1,"0,7"
102386,Cooler,Soft Drinks,placed,1,1
111807,Cooler,Soft Drinks,placed,1,1
104409,Cooler,Soft Drinks,placed,1,2
101402,Cooler,Soft Drinks,placed,1,1
107063,Cooler,Water,placed,2,2
107063,Cooler,Soft Drinks,placed,1,1
103328,Cooler,Water,placed,1,1
103328,Cooler,Soft Drinks,placed,1,2
103328,Cooler,Energy,placed,1,"0,7"
100234,Cooler,Soft Drinks,placed,1,"0,7"
104882,Cooler,Soft Drinks,placed,1,"0,7"
100356,Cooler,Water,placed,1,"1,5"
103329,Cooler,Soft Drinks,placed,2,"3,5"
103329,Cooler,Energy,placed,1,"0,7"
101392,Cooler,Soft Drinks,placed,1,2
111938,Coffee,Coffee ,placed,2,0
111938,Cooler,Water,placed,1,1
100627,Cooler,Water,placed,1,"1,5"
100627,Cooler,Soft Drinks,placed,2,"3,5"
100627,Cooler,Energy,placed,1,"0,7"
104142,Cooler,Water,placed,1,1
104142,Cooler,Soft Drinks,placed,2,3
104142,Cooler,Energy,placed,1,"0,7"
100628,Cooler,Water,placed,1,"1,5"
100628,Cooler,Soft Drinks,placed,2,"3,5"
103967,Cooler,Water,placed,1,"1,5"
103967,Cooler,Soft Drinks,placed,1,2
103378,Cooler,Soft Drinks,placed,1,2
103217,Cooler,Soft Drinks,placed,3,"4,5"
100264,Cooler,Water,placed,2,2
104013,Cooler,Water,placed,1,"1,5"
104013,Cooler,Soft Drinks,placed,2,4
104013,Cooler,Energy,placed,1,"0,7"
107234,Cooler,Water,placed,1,"1,5"
107234,Cooler,Soft Drinks,placed,2,"2,7"
107234,Cooler,Energy,placed,1,"0,7"
103331,Cooler,Soft Drinks,placed,1,2
104477,Cooler,Water,placed,1,1
104477,Cooler,Soft Drinks,placed,1,1
104486,Cooler,Water,placed,1,1
107120,Cooler,Water,placed,1,"1,5"
107120,Cooler,Soft Drinks,placed,1,2
107120,Cooler,Energy,placed,1,"0,7"
104447,Cooler,Soft Drinks,placed,1,"1,5"
103813,Cooler,Water,placed,1,2
102087,Cooler,Water,placed,2,"3,5"
102087,Cooler,Energy,placed,1,"0,7"
102087,Cooler,Energy,placed,1,"0,7"
102162,Cooler,Water,placed,1,1
102162,Cooler,Soft Drinks,placed,2,"3,5"
111957,Cooler,Water,placed,1,"1,5"
111957,Cooler,Soft Drinks,placed,1,"1,5"
111957,Cooler,Energy,placed,1,"0,7"
111957,Cooler,Energy,placed,1,"0,7"
111865,Cooler,Soft Drinks,placed,1,1
103957,Cooler,Water,placed,1,1
103957,Cooler,Soft Drinks,placed,1,1
103957,Cooler,Energy,placed,1,"0,7"
108567,Cooler,Soft Drinks,placed,2,3
101955,Cooler,Water,placed,1,1
101955,Cooler,Soft Drinks,placed,1,2
103504,Cooler,Water,placed,1,"1,5"
100624,Cooler,Water,placed,1,1
100624,Cooler,Soft Drinks,placed,2,"3,5"
106665,Cooler,Water,placed,2,"2,5"
106665,Cooler,Soft Drinks,placed,3,5
106665,Cooler,Energy,placed,1,"0,7"
106667,Coffee,Coffee ,placed,3,0
106667,Cooler,Water,placed,1,2
106667,Cooler,Soft Drinks,placed,1,"1,5"
106667,Cooler,Energy,placed,1,"0,7"
102383,Cooler,Water,placed,1,1
102383,Cooler,Soft Drinks,placed,1,2
102160,Cooler,Water,placed,1,1
102160,Cooler,Soft Drinks,placed,1,2
111927,Cooler,Water,placed,1,1
111927,Cooler,Energy,placed,1,"0,7"
100124,Cooler,Soft Drinks,placed,1,1
106267,Cooler,Water,placed,1,"1,5"
106267,Cooler,Soft Drinks,placed,1,"1,5"
101396,Cooler,Water,placed,1,1
101396,Cooler,Soft Drinks,placed,1,2
103261,Cooler,Water,placed,2,2
103261,Cooler,Soft Drinks,placed,1,2
103261,Cooler,Energy,placed,1,"0,7"
103204,Cooler,Water,placed,1,"1,5"
103204,Cooler,Soft Drinks,placed,1,2
103204,Cooler,Energy,placed,1,"0,7"
104032,Cooler,Water,placed,1,"1,5"
104032,Cooler,Soft Drinks,placed,1,2
100375,Coffee,Coffee ,placed,2,0
100375,Cooler,Energy,placed,1,"0,7"
101409,Cooler,Water,placed,1,1
101409,Cooler,Soft Drinks,placed,1,2
104465,Cooler,Water,placed,1,"1,5"
104465,Cooler,Soft Drinks,placed,3,"4,5"
104465,Cooler,Energy,placed,1,"0,7"
104465,Cooler,Juice,placed,1,1
101689,Cooler,Soft Drinks,placed,1,1
102876,Cooler,Water,placed,1,"1,5"
102876,Cooler,Soft Drinks,placed,1,1
102876,Cooler,Energy,placed,1,"0,7"
101962,Cooler,Water,placed,1,"1,5"
101962,Cooler,Soft Drinks,placed,1,"1,5"
101962,Cooler,Energy,placed,1,"0,7"
104444,Cooler,Water,placed,2,2
105056,Cooler,Soft Drinks,placed,1,2
100610,Cooler,Soft Drinks,placed,2,4
100610,Cooler,Energy,placed,1,"0,7"
103931,Cooler,Water,placed,1,"1,5"
103931,Cooler,Soft Drinks,placed,2,"3,5"
103931,Cooler,Energy,placed,1,"0,7"
106906,Cooler,Water,placed,1,1
102327,Cooler,Water,placed,1,1
102327,Cooler,Soft Drinks,placed,1,1
102327,Cooler,Soft Drinks,placed,2,"2,3"
103247,Cooler,Soft Drinks,placed,1,"1,5"
104022,Cooler,Water,placed,2,"2,5"
104022,Cooler,Soft Drinks,placed,2,"3,5"
104022,Cooler,Energy,placed,1,"0,7"
104115,Cooler,Soft Drinks,placed,1,"1,5"
100862,Cooler,Soft Drinks,placed,2,3
100690,Cooler,Water,placed,1,1
100690,Cooler,Soft Drinks,placed,2,3
100267,Cooler,Water,placed,1,"1,5"
100267,Cooler,Soft Drinks,placed,1,"1,5"
100267,Cooler,Energy,placed,1,"0,7"
103821,Cooler,Water,placed,1,"1,5"
103821,Cooler,Soft Drinks,placed,1,"0,7"
103821,Cooler,Energy,placed,1,"0,7"
111956,Cooler,Soft Drinks,placed,1,"1,5"
102050,Cooler,Water,placed,1,1
102050,Cooler,Soft Drinks,placed,2,3
104443,Cooler,Water,placed,1,"1,5"
100543,Cooler,Water,placed,1,1
103121,Cooler,Soft Drinks,placed,1,1
107018,Cooler,Water,placed,1,1
101722,Cooler,Soft Drinks,placed,1,2
100395,Cooler,Water,placed,1,1
100395,Cooler,Soft Drinks,placed,1,"1,5"
106216,Cooler,Water,placed,2,"2,5"
102536,Cooler,Soft Drinks,placed,1,2
102166,Cooler,Water,placed,1,1
102166,Cooler,Soft Drinks,placed,1,2
103634,Cooler,Soft Drinks,placed,1,"1,5"
100958,Cooler,Water,placed,1,1
103633,Cooler,Water,placed,1,2
106974,Cooler,Water,placed,1,"1,5"
106974,Cooler,Soft Drinks,placed,1,"1,5"
102329,Cooler,Water,placed,1,"1,5"
102329,Cooler,Soft Drinks,placed,1,2
102329,Cooler,Energy,placed,1,"0,7"
100604,Cooler,Soft Drinks,placed,1,2
102799,Cooler,Water,placed,1,1
102799,Cooler,Soft Drinks,placed,1,2
102152,Cooler,Water,placed,2,2
102152,Cooler,Energy,placed,1,"0,7"
100480,Cooler,Soft Drinks,placed,1,"1,5"
107292,Cooler,Water,placed,1,2
107292,Cooler,Soft Drinks,placed,1,2
107292,Cooler,Energy,placed,1,"0,7"
101121,Cooler,Energy,placed,1,"0,7"
102049,Cooler,Soft Drinks,placed,1,1
101506,Cooler,Water,placed,1,"1,5"
100199,Cooler,Water,placed,1,1
100199,Cooler,Soft Drinks,placed,1,2
103293,Cooler,Water,placed,1,1
103293,Cooler,Soft Drinks,placed,1,"1,5"
103210,Cooler,Water,placed,1,2
100668,Cooler,Soft Drinks,placed,1,1
111917,Cooler,Energy,placed,1,"0,7"
109783,Cooler,Soft Drinks,placed,1,1
100046,Cooler,Water,placed,1,"1,5"
100046,Cooler,Soft Drinks,placed,1,2
102036,Cooler,Water,placed,1,1
102036,Cooler,Soft Drinks,placed,1,1
102036,Cooler,Energy,placed,1,"0,7"
104473,Cooler,Soft Drinks,placed,1,"1,5"
102037,Cooler,Soft Drinks,placed,1,"1,5"
103629,Cooler,Water,placed,1,1
103629,Cooler,Soft Drinks,placed,1,"1,5"
106710,Cooler,Soft Drinks,placed,1,2
104908,Cooler,Soft Drinks,placed,1,1
100426,Cooler,Soft Drinks,placed,1,"1,5"
102785,Cooler,Soft Drinks,placed,1,1
102801,Cooler,Water,placed,2,2
102801,Cooler,Soft Drinks,placed,1,2
102801,Cooler,Energy,placed,2,"1,4"
102801,Cooler,Energy,placed,1,"0,7"
102802,Cooler,Water,placed,1,2
102802,Cooler,Soft Drinks,placed,1,"1,5"
102802,Cooler,Energy,placed,1,"0,7"
104021,Cooler,Water,placed,2,"2,5"
104021,Cooler,Soft Drinks,placed,1,2
104021,Cooler,Energy,placed,1,"0,7"
103035,Cooler,Water,placed,1,2
103035,Cooler,Soft Drinks,placed,1,2
103035,Cooler,Energy,placed,1,"0,7"
101261,Cooler,Soft Drinks,placed,1,"1,5"
100981,Cooler,Soft Drinks,placed,1,2
103280,Cooler,Soft Drinks,placed,1,1
106206,Cooler,Soft Drinks,placed,1,"1,5"
101274,Cooler,Soft Drinks,placed,1,"1,5"
101274,Cooler,Energy,placed,1,"0,7"
101095,Cooler,Soft Drinks,placed,1,"1,5"
101095,Cooler,Energy,placed,1,"0,7"
101095,Cooler,Energy,placed,1,"0,7"
101494,Cooler,Water,placed,1,"1,5"
101494,Cooler,Soft Drinks,placed,1,"1,5"
101780,Cooler,Soft Drinks,placed,1,"1,5"
104210,Cooler,Soft Drinks,placed,1,2
100335,Cooler,Soft Drinks,placed,1,1
100335,Cooler,Energy,placed,1,1
100335,Cooler,Energy,placed,1,"0,7"
103918,Cooler,Soft Drinks,placed,1,1
103050,Cooler,Energy,placed,1,"0,7"
102048,Cooler,Water,placed,1,1
103018,Cooler,Water,placed,1,"1,5"
103018,Cooler,Soft Drinks,placed,2,4
103018,Cooler,Energy,placed,1,"0,7"
103917,Cooler,Soft Drinks,placed,1,2
102473,Cooler,Soft Drinks,placed,1,2
100666,Cooler,Water,placed,2,"2,5"
100633,Cooler,Water,placed,1,1
100633,Cooler,Soft Drinks,placed,1,2
100622,Cooler,Water,placed,1,"1,5"
100622,Cooler,Soft Drinks,placed,3,5
100629,Cooler,Soft Drinks,placed,1,2
111294,Cooler,Soft Drinks,placed,1,1
110227,Cooler,Soft Drinks,placed,1,1
101146,Cooler,Soft Drinks,placed,1,1
104578,Cooler,Soft Drinks,placed,1,1
100842,Cooler,Water,placed,1,1
100842,Cooler,Soft Drinks,placed,1,"1,5"
106673,Cooler,Water,placed,2,3
106673,Cooler,Soft Drinks,placed,2,"2,7"
106673,Cooler,Energy,placed,1,"0,7"
103198,Cooler,Soft Drinks,placed,1,1
109439,Cooler,Soft Drinks,placed,1,1
105730,Cooler,Soft Drinks,placed,2,"2,5"
105730,Cooler,Energy,placed,1,"0,7"
105730,Dispenser,Water,placed,1,0
105243,Cooler,Soft Drinks,placed,1,1
100116,Cooler,Soft Drinks,placed,1,"1,5"
100116,Cooler,Energy,placed,1,"0,7"
100450,Cooler,Water,placed,2,3
100450,Cooler,Soft Drinks,placed,1,"1,5"
100450,Cooler,Energy,placed,1,"0,7"
104347,Cooler,Water,placed,1,"1,5"
102240,Cooler,Soft Drinks,placed,1,2
102240,Cooler,Energy,placed,1,"0,7"
106686,Cooler,Water,placed,1,"1,5"
106686,Cooler,Soft Drinks,placed,1,2
102133,Cooler,Soft Drinks,placed,1,2
100713,Cooler,Soft Drinks,placed,1,"1,5"
100713,Cooler,Energy,placed,1,"0,7"
102103,Coffee,Coffee ,placed,1,0
102103,Cooler,Soft Drinks,placed,1,"1,5"
103899,Cooler,Water,placed,1,"1,5"
103948,Cooler,Water,placed,1,1
103948,Cooler,Soft Drinks,placed,2,4
100011,Cooler,Water,placed,1,1
100011,Cooler,Soft Drinks,placed,1,1
100314,Coffee,Coffee ,placed,1,0
100314,Cooler,Water,placed,1,1
100314,Cooler,Soft Drinks,placed,1,2
100314,Cooler,Energy,placed,1,"0,7"
100589,Cooler,Soft Drinks,placed,1,2
104441,Cooler,Soft Drinks,placed,1,2
100400,Coffee,Coffee ,placed,3,0
100400,Cooler,Water,placed,1,1
100400,Cooler,Soft Drinks,placed,1,1
100400,Cooler,Energy,placed,1,"0,7"
103055,Coffee,Coffee ,placed,2,0
106677,Cooler,Water,placed,1,2
106677,Cooler,Soft Drinks,placed,1,2
106677,Cooler,Energy,placed,1,"0,7"
103320,Cooler,Water,placed,1,1
103320,Cooler,Soft Drinks,placed,1,2
103320,Cooler,Energy,placed,1,1
101134,Cooler,Water,placed,1,1
101134,Cooler,Soft Drinks,placed,1,1
101134,Cooler,Energy,placed,1,"0,7"
105211,Cooler,Water,placed,1,1
103402,Cooler,Soft Drinks,placed,1,1
103282,Cooler,Water,placed,1,"1,5"
103282,Cooler,Soft Drinks,placed,1,2
103282,Cooler,Energy,placed,1,"0,7"
102604,Cooler,Water,placed,1,1
102604,Cooler,Soft Drinks,placed,1,"0,7"
102604,Cooler,Soft Drinks,placed,1,"1,5"
105933,Cooler,Soft Drinks,placed,1,1
105933,Cooler,Juice,placed,1,1
102520,Cooler,Soft Drinks,placed,2,4
102520,Cooler,Energy,placed,1,"0,7"
101657,Coffee,Coffee ,placed,1,0
101657,Cooler,Water,placed,1,2
100880,Cooler,Water,placed,1,"1,5"
100880,Cooler,Soft Drinks,placed,1,"1,5"
100880,Cooler,Energy,placed,1,"0,7"
106706,Cooler,Soft Drinks,placed,1,1
111979,Coffee,Coffee ,placed,2,0
111979,Cooler,Water,placed,1,1
103960,Cooler,Water,placed,1,1
103960,Cooler,Energy,placed,1,"0,7"
103960,Cooler,Energy,placed,1,"0,7"
102012,Cooler,Water,placed,1,1
102012,Cooler,Soft Drinks,placed,1,2
101401,Cooler,Water,placed,1,1
101401,Cooler,Soft Drinks,placed,1,"1,5"
100205,Cooler,Energy,placed,1,"0,7"
103122,Cooler,Soft Drinks,placed,1,"1,5"
102143,Cooler,Water,placed,1,"1,5"
102143,Cooler,Soft Drinks,placed,3,"4,5"
102143,Cooler,Energy,placed,1,"0,7"
106328,Cooler,Soft Drinks,placed,2,"3,5"
106923,Cooler,Water,placed,1,1
103450,Cooler,Water,placed,1,1
102147,Cooler,Water,placed,1,"1,5"
102147,Cooler,Soft Drinks,placed,2,3
102146,Cooler,Soft Drinks,placed,2,3
104369,Cooler,Water,placed,1,1
104369,Cooler,Soft Drinks,placed,1,1
100714,Cooler,Soft Drinks,placed,1,1
100063,Cooler,Water,placed,1,1
100063,Cooler,Soft Drinks,placed,1,2
100063,Cooler,Energy,placed,1,"0,7"
103925,Cooler,Soft Drinks,placed,1,"0,7"
103284,Cooler,Water,placed,1,"1,5"
103284,Cooler,Soft Drinks,placed,1,"1,5"
102165,Cooler,Water,placed,1,"1,5"
102165,Cooler,Soft Drinks,placed,1,2
104445,Cooler,Soft Drinks,placed,1,2
104445,Cooler,Energy,placed,1,"0,7"
100588,Cooler,Water,placed,1,"1,5"
100588,Cooler,Soft Drinks,placed,2,4
100587,Cooler,Water,placed,3,5
100587,Cooler,Soft Drinks,placed,1,2
103449,Cooler,Water,placed,1,2
103449,Cooler,Soft Drinks,placed,1,2
103449,Cooler,Energy,placed,1,"0,7"
100114,Cooler,Water,placed,2,"2,5"
100580,Cooler,Water,placed,1,"1,5"
100580,Cooler,Soft Drinks,placed,1,2
108289,Cooler,Soft Drinks,placed,1,1
100583,Cooler,Water,placed,1,"1,5"
100583,Cooler,Soft Drinks,placed,1,2
101394,Cooler,Soft Drinks,placed,2,"2,5"
101944,Cooler,Water,placed,1,2
104305,Cooler,Soft Drinks,placed,1,2
102803,Cooler,Water,placed,1,1
102803,Cooler,Soft Drinks,placed,1,2
102803,Cooler,Energy,placed,1,"0,7"
102142,Cooler,Water,placed,1,1
102142,Cooler,Soft Drinks,placed,2,"3,5"
102357,Cooler,Soft Drinks,placed,1,"1,5"
102357,Cooler,Energy,placed,1,"0,7"
111976,Cooler,Soft Drinks,placed,1,2
100930,Cooler,Water,placed,1,"1,5"
100930,Cooler,Soft Drinks,placed,1,2
100930,Cooler,Energy,placed,1,"0,7"
104140,Cooler,Water,placed,1,"1,5"
104140,Cooler,Soft Drinks,placed,1,2
103064,Cooler,Water,placed,1,"1,5"
103064,Cooler,Soft Drinks,placed,1,"1,5"
100925,Cooler,Soft Drinks,placed,4,6
100925,Cooler,Energy,placed,1,"0,7"
100872,Cooler,Soft Drinks,placed,1,1
102180,Cooler,Water,placed,1,"1,5"
102180,Cooler,Soft Drinks,placed,2,4
106252,Cooler,Water,placed,1,1
106252,Cooler,Soft Drinks,placed,1,2
106252,Cooler,Energy,placed,1,"0,7"
102330,Cooler,Water,placed,1,1
102330,Cooler,Soft Drinks,placed,1,2
102330,Cooler,Energy,placed,1,"0,7"
104266,Cooler,Soft Drinks,placed,2,4
104266,Cooler,Energy,placed,1,"0,7"
103448,Cooler,Water,placed,1,1
103448,Cooler,Soft Drinks,placed,1,"1,5"
110565,Cooler,Soft Drinks,placed,1,"1,5"
103434,Cooler,Water,placed,1,1
103434,Cooler,Soft Drinks,placed,1,1
101110,Cooler,Soft Drinks,placed,3,6
103285,Cooler,Water,placed,1,1
103285,Cooler,Soft Drinks,placed,1,1
104272,Cooler,Water,placed,2,3
104272,Cooler,Soft Drinks,placed,2,3
104272,Cooler,Energy,placed,1,"0,7"
100166,Coffee,Coffee ,placed,1,0
100166,Cooler,Soft Drinks,placed,2,"1,3"
100163,Cooler,Water,placed,2,3
100163,Cooler,Soft Drinks,placed,1,"1,5"
100163,Cooler,Energy,placed,1,"0,7"
100163,Cooler,Energy,placed,1,"0,7"
102725,Cooler,Soft Drinks,placed,1,2
102039,Cooler,Soft Drinks,placed,1,2
104162,Cooler,Water,placed,2,2
104162,Cooler,Soft Drinks,placed,1,2
103287,Cooler,Water,placed,2,"3,5"
103287,Cooler,Soft Drinks,placed,1,2
103287,Cooler,Energy,placed,1,"0,7"
103287,Cooler,Energy,placed,1,"0,7"
102097,Cooler,Water,placed,1,2
106634,Cooler,Energy,placed,1,"0,7"
103625,Cooler,Water,placed,1,2
100846,Cooler,Water,placed,1,1
101428,Cooler,Water,placed,1,2
103596,Cooler,Water,placed,1,2
107130,Cooler,Energy,placed,1,"0,7"
103066,Cooler,Water,placed,1,"1,5"
110408,Cooler,Water,placed,1,1
103006,Cooler,Water,placed,1,1
103289,Cooler,Soft Drinks,placed,1,1
100584,Cooler,Soft Drinks,placed,1,1
103080,Cooler,Soft Drinks,placed,1,2
100688,Cooler,Soft Drinks,placed,1,"1,5"
103871,Cooler,Soft Drinks,placed,1,"1,5"
102679,Cooler,Soft Drinks,placed,1,"1,5"
102273,Cooler,Water,placed,1,1
102273,Cooler,Soft Drinks,placed,1,"1,5"
100172,Cooler,Water,placed,2,2
100172,Cooler,Soft Drinks,placed,1,"1,5"
106975,Cooler,Soft Drinks,placed,2,"2,7"
106975,Cooler,Energy,placed,1,"0,7"
100635,Cooler,Soft Drinks,placed,1,2
104302,Cooler,Water,placed,1,1
104302,Cooler,Soft Drinks,placed,1,"1,5"
103277,Cooler,Water,placed,1,1
103277,Cooler,Energy,placed,1,"0,7"
103322,Cooler,Soft Drinks,placed,1,2
103322,Cooler,Energy,placed,1,"0,7"
100929,Cooler,Water,placed,1,"1,5"
100929,Cooler,Soft Drinks,placed,1,2
100389,Cooler,Water,placed,1,"1,5"
100389,Cooler,Soft Drinks,placed,1,2
102331,Cooler,Soft Drinks,placed,4,"6,5"
100390,Cooler,Water,placed,1,1
100390,Cooler,Soft Drinks,placed,1,2
100390,Cooler,Energy,placed,1,"0,7"
101581,Cooler,Water,placed,1,1
101581,Cooler,Soft Drinks,placed,1,"1,5"
101159,Cooler,Soft Drinks,placed,1,2
101159,Cooler,Energy,placed,1,"0,7"
104449,Cooler,Soft Drinks,placed,1,2
106973,Cooler,Water,placed,1,1
100277,Cooler,Water,placed,1,1
100277,Cooler,Soft Drinks,placed,1,1
107031,Cooler,Soft Drinks,placed,1,1
101236,Cooler,Soft Drinks,placed,1,1
101236,Cooler,Energy,placed,1,"0,7"
102163,Cooler,Water,placed,1,1
102163,Cooler,Soft Drinks,placed,1,1
101958,Cooler,Soft Drinks,placed,1,"1,5"
100460,Cooler,Water,placed,2,"3,5"
100460,Cooler,Soft Drinks,placed,1,"1,5"
100460,Cooler,Energy,placed,1,"0,7"
101427,Cooler,Water,placed,1,2
101245,Cooler,Soft Drinks,placed,1,2
100939,Cooler,Soft Drinks,placed,1,"1,5"
103878,Cooler,Water,placed,2,"2,5"
103878,Cooler,Soft Drinks,placed,1,"1,5"
101795,Cooler,Water,placed,1,1
101795,Cooler,Soft Drinks,placed,1,1
111933,Cooler,Water,placed,1,"1,5"
103123,Cooler,Soft Drinks,placed,2,3
100750,Cooler,Water,placed,1,1
101101,Cooler,Water,placed,1,"1,5"
101101,Cooler,Soft Drinks,placed,1,1
101101,Cooler,Energy,placed,1,"0,7"
102068,Cooler,Water,placed,1,1
102068,Cooler,Soft Drinks,placed,1,"1,5"
106323,Cooler,Water,placed,2,3
106323,Cooler,Soft Drinks,placed,1,2
106323,Cooler,Energy,placed,1,"0,7"
103962,Cooler,Energy,placed,1,"0,7"
102471,Cooler,Water,placed,1,"1,5"
102471,Cooler,Energy,placed,1,1
107068,Cooler,Soft Drinks,placed,1,1
110568,Cooler,Water,placed,1,1
110568,Cooler,Soft Drinks,placed,1,2
106439,Cooler,Water,placed,1,1
111873,Cooler,Soft Drinks,placed,1,1
100310,Cooler,Water,placed,1,"1,5"
101981,Cooler,Water,placed,2,2
101981,Cooler,Energy,placed,1,"0,7"
106178,Cooler,Soft Drinks,placed,1,1
102805,Cooler,Water,placed,1,1
102805,Cooler,Soft Drinks,placed,1,1
106708,Cooler,Water,placed,1,1
106708,Cooler,Soft Drinks,placed,1,"1,5"
103068,Cooler,Water,placed,1,1
103068,Cooler,Soft Drinks,placed,1,1
100662,Cooler,Soft Drinks,placed,1,"1,5"
101035,Cooler,Soft Drinks,placed,1,1
104586,Cooler,Water,placed,1,1
104586,Cooler,Soft Drinks,placed,1,2
106992,Cooler,Soft Drinks,placed,1,"1,5"
100940,Cooler,Water,placed,1,2
100940,Cooler,Soft Drinks,placed,1,2
103073,Cooler,Water,placed,2,"2,5"
103069,Cooler,Soft Drinks,placed,1,1
102277,Cooler,Water,placed,1,"1,5"
102277,Cooler,Soft Drinks,placed,1,2
103507,Cooler,Water,placed,2,3
103507,Cooler,Soft Drinks,placed,1,"1,5"
103507,Cooler,Energy,placed,1,"0,7"
103870,Cooler,Water,placed,1,"1,5"
103870,Cooler,Soft Drinks,placed,1,2
103870,Cooler,Energy,placed,1,"0,7"
102265,Cooler,Water,placed,1,"1,5"
102265,Cooler,Soft Drinks,placed,1,2
102508,Cooler,Water,placed,1,"1,5"
102508,Cooler,Soft Drinks,placed,1,2
102508,Cooler,Energy,placed,1,"0,7"
106914,Cooler,Water,placed,1,1
106914,Cooler,Soft Drinks,placed,1,"1,5"
100374,Cooler,Soft Drinks,placed,1,2
100374,Cooler,Energy,placed,1,"0,7"
100585,Cooler,Water,placed,1,1
100585,Cooler,Soft Drinks,placed,1,2
100585,Cooler,Energy,placed,1,1
108005,Cooler,Water,placed,1,1
108005,Cooler,Soft Drinks,placed,1,1
111935,Cooler,Water,placed,1,1
111935,Cooler,Soft Drinks,placed,1,1
101150,Cooler,Water,placed,2,2
101150,Cooler,Soft Drinks,placed,1,"1,5"
101129,Cooler,Water,placed,1,"1,5"
101129,Cooler,Soft Drinks,placed,1,2
102957,Cooler,Water,placed,1,1
102957,Cooler,Soft Drinks,placed,1,"1,5"
102957,Cooler,Energy,placed,1,"0,7"
102735,Cooler,Water,placed,2,"2,5"
102735,Cooler,Soft Drinks,placed,1,2
100307,Cooler,Water,placed,1,1
106259,Coffee,Coffee ,placed,2,0
106259,Cooler,Water,placed,1,2
106259,Cooler,Soft Drinks,placed,1,2
102083,Cooler,Water,placed,1,1
102083,Cooler,Soft Drinks,placed,1,1
101441,Cooler,Water,placed,1,"1,5"
102108,Cooler,Soft Drinks,placed,1,1
102115,Cooler,Soft Drinks,placed,1,1
103416,Cooler,Soft Drinks,placed,1,1
101972,Cooler,Water,placed,1,"1,5"
101972,Cooler,Soft Drinks,placed,1,"1,5"
101972,Cooler,Energy,placed,1,"0,7"
101972,Cooler,Energy,placed,1,"0,7"
101710,Cooler,Water,placed,1,"1,5"
101710,Cooler,Soft Drinks,placed,2,3
101710,Cooler,Energy,placed,1,"0,7"
101594,Cooler,Soft Drinks,placed,1,1
102807,Cooler,Water,placed,1,"1,5"
102807,Cooler,Soft Drinks,placed,1,2
100631,Cooler,Soft Drinks,placed,1,"1,5"
103200,Cooler,Water,placed,1,1
103200,Cooler,Soft Drinks,placed,1,2
101593,Cooler,Soft Drinks,placed,1,2
100586,Cooler,Soft Drinks,placed,1,"1,5"
104155,Cooler,Water,placed,3,5
104155,Cooler,Soft Drinks,placed,2,3
100923,Cooler,Water,placed,1,1
100923,Cooler,Soft Drinks,placed,1,2
107276,Coffee,Coffee ,placed,1,0
107276,Cooler,Soft Drinks,placed,2,"2,5"
107276,Cooler,Energy,placed,1,"0,7"
101092,Cooler,Water,placed,1,1
101092,Cooler,Soft Drinks,placed,1,2
101092,Cooler,Energy,placed,1,"0,7"
101092,Cooler,Energy,placed,1,"0,7"
106930,Cooler,Soft Drinks,placed,1,1
106321,Cooler,Water,placed,1,"1,5"
106321,Cooler,Soft Drinks,placed,2,3
106321,Cooler,Energy,placed,1,"0,7"
106937,Cooler,Soft Drinks,placed,1,1
100344,Cooler,Water,placed,2,"2,5"
100344,Cooler,Energy,placed,1,"0,7"
102302,Cooler,Water,placed,1,1
104377,Cooler,Soft Drinks,placed,1,2
104377,Cooler,Energy,placed,1,"0,7"
100055,Cooler,Water,placed,1,1
100055,Cooler,Soft Drinks,placed,1,1
104171,Cooler,Water,placed,1,"1,5"
104171,Cooler,Soft Drinks,placed,1,"1,5"
100272,Cooler,Soft Drinks,placed,1,2
107008,Cooler,Soft Drinks,placed,1,1
104390,Cooler,Water,placed,1,1
104390,Cooler,Soft Drinks,placed,1,2
104390,Cooler,Energy,placed,1,"0,7"
101727,Cooler,Water,placed,1,1
101727,Cooler,Soft Drinks,placed,1,2
106281,Cooler,Water,placed,1,1
106281,Cooler,Soft Drinks,placed,1,2
106281,Cooler,Energy,placed,1,"0,7"
100779,Cooler,Soft Drinks,placed,1,2
100779,Cooler,Energy,placed,1,"0,7"
111790,Cooler,Soft Drinks,placed,1,1
104146,Cooler,Water,placed,1,1
104146,Cooler,Soft Drinks,placed,1,2
104148,Cooler,Water,placed,1,"1,5"
104148,Cooler,Soft Drinks,placed,1,2
102293,Cooler,Soft Drinks,placed,1,"1,5"
103877,Cooler,Water,placed,1,1
103877,Cooler,Soft Drinks,placed,1,2
103877,Cooler,Energy,placed,1,"0,7"
103877,Cooler,Energy,placed,1,"0,7"
109293,Cooler,Soft Drinks,placed,2,3
103869,Cooler,Water,placed,1,"1,5"
103869,Cooler,Soft Drinks,placed,1,2
101753,Cooler,Water,placed,1,1
101753,Cooler,Soft Drinks,placed,1,2
101753,Cooler,Energy,placed,1,"0,7"
104212,Cooler,Water,placed,1,"1,5"
104212,Cooler,Soft Drinks,placed,1,"1,5"
104212,Cooler,Energy,placed,1,"0,7"
100595,Cooler,Water,placed,1,"1,5"
100595,Cooler,Soft Drinks,placed,2,3
100595,Cooler,Energy,placed,1,"0,7"
100354,Cooler,Soft Drinks,placed,1,2
105407,Cooler,Soft Drinks,placed,1,1
104451,Cooler,Water,placed,1,2
104451,Cooler,Soft Drinks,placed,1,"1,5"
100359,Cooler,Water,placed,1,"1,5"
100971,Cooler,Water,placed,2,"2,5"
100971,Cooler,Soft Drinks,placed,1,2
100224,Cooler,Water,placed,1,1
100224,Cooler,Soft Drinks,placed,1,2
100224,Cooler,Energy,placed,1,"0,7"
106409,Cooler,Soft Drinks,placed,2,"2,5"
103193,Cooler,Soft Drinks,placed,1,2
102288,Cooler,Soft Drinks,placed,3,"4,5"
102288,Cooler,Energy,placed,1,"0,7"
101976,Cooler,Soft Drinks,placed,1,1
102734,Cooler,Soft Drinks,placed,1,"1,5"
103070,Cooler,Water,placed,1,1
103070,Cooler,Soft Drinks,placed,1,"1,5"
111971,Cooler,Soft Drinks,placed,1,1
104346,Cooler,Water,placed,1,2
104346,Cooler,Soft Drinks,placed,1,2
100974,Cooler,Water,placed,2,4
100974,Cooler,Soft Drinks,placed,1,2
102040,Cooler,Soft Drinks,placed,1,1
102040,Cooler,Energy,placed,1,"0,7"
101167,Cooler,Soft Drinks,placed,1,1
101170,Cooler,Soft Drinks,placed,1,1
106700,Cooler,Soft Drinks,placed,1,2
106700,Cooler,Energy,placed,1,"0,7"
106700,Cooler,Energy,placed,1,"0,7"
101744,Cooler,Water,placed,1,"1,5"
101744,Cooler,Energy,placed,1,"0,7"
103071,Cooler,Water,placed,2,2
104560,Cooler,Soft Drinks,placed,1,1
100769,Coffee,Coffee ,placed,2,0
100769,Cooler,Water,placed,1,2
100769,Cooler,Soft Drinks,placed,3,5
100769,Cooler,Energy,placed,1,1
100769,Cooler,Energy,placed,1,"0,7"
106448,Dispenser,Water,placed,1,0
107176,Cooler,Soft Drinks,placed,1,"1,5"
106212,Cooler,Water,placed,1,1
106212,Cooler,Soft Drinks,placed,1,1
101980,Cooler,Water,placed,1,"1,5"
101980,Cooler,Soft Drinks,placed,1,2
101980,Cooler,Energy,placed,1,"0,7"
102808,Cooler,Water,placed,1,1
102808,Cooler,Soft Drinks,placed,1,"1,5"
102808,Cooler,Energy,placed,1,"0,7"
102075,Cooler,Water,placed,1,1
102075,Cooler,Soft Drinks,placed,1,1
101898,Cooler,Energy,placed,1,"0,7"
106213,Cooler,Soft Drinks,placed,1,"1,5"
103905,Cooler,Water,placed,1,"1,5"
103905,Cooler,Soft Drinks,placed,2,3
103915,Coffee,Coffee ,placed,2,0
103915,Cooler,Water,placed,4,"6,5"
103915,Cooler,Energy,placed,1,"0,7"
101257,Cooler,Water,placed,1,"1,5"
103324,Cooler,Soft Drinks,placed,1,"1,5"
103792,Coffee,Coffee ,placed,1,0
103792,Cooler,Water,placed,2,2
103792,Cooler,Soft Drinks,placed,1,2
103792,Cooler,Energy,placed,1,"0,7"
103792,Cooler,Energy,placed,1,"0,7"
111992,Cooler,Soft Drinks,placed,1,2
106899,Cooler,Soft Drinks,placed,2,2
102809,Cooler,Soft Drinks,placed,2,2
107524,Cooler,Soft Drinks,placed,5,7
104453,Cooler,Soft Drinks,placed,2,3
103580,Cooler,Soft Drinks,placed,1,1
106986,Cooler,Water,placed,1,1
103707,Cooler,Soft Drinks,placed,1,"1,5"
103707,Cooler,Energy,placed,1,"0,7"
102964,Cooler,Soft Drinks,placed,1,"1,5"
102964,Cooler,Energy,placed,1,"0,7"
100393,Coffee,Coffee ,placed,1,0
100393,Cooler,Soft Drinks,placed,2,"2,5"
100393,Cooler,Energy,placed,1,"0,7"
100120,Cooler,Water,placed,1,1
100120,Cooler,Soft Drinks,placed,1,2
100120,Cooler,Energy,placed,1,"0,7"
100120,Cooler,Energy,placed,1,"0,7"
107241,Cooler,Water,placed,1,1
103876,Cooler,Water,placed,1,1
103876,Cooler,Soft Drinks,placed,1,"1,5"
103876,Cooler,Energy,placed,1,"0,7"
100568,Cooler,Water,placed,2,3
100568,Cooler,Soft Drinks,placed,4,"4,1"
100568,Cooler,Energy,placed,1,"0,7"
100568,Fountain,Soft Drinks,placed,1,0
100569,Cooler,Water,placed,1,"1,5"
100569,Cooler,Soft Drinks,placed,2,3
103674,Cooler,Soft Drinks,placed,1,"1,5"
103233,Cooler,Water,placed,1,"1,5"
103233,Cooler,Soft Drinks,placed,1,2
103233,Cooler,Energy,placed,1,"0,7"
101116,Cooler,Soft Drinks,placed,1,1
101897,Cooler,Water,placed,1,1
101897,Cooler,Soft Drinks,placed,1,"1,5"
103325,Cooler,Soft Drinks,placed,1,1
101460,Cooler,Water,placed,1,1
101460,Cooler,Soft Drinks,placed,1,2
101774,Cooler,Water,placed,2,3
101774,Cooler,Soft Drinks,placed,1,1
103868,Cooler,Water,placed,1,"1,5"
103868,Cooler,Soft Drinks,placed,1,2
102100,Cooler,Water,placed,1,"1,5"
102100,Cooler,Soft Drinks,placed,1,2
102732,Cooler,Water,placed,1,1
102732,Cooler,Soft Drinks,placed,1,1
101237,Cooler,Water,placed,1,1
100178,Cooler,Water,placed,1,1
101979,Cooler,Water,placed,2,"2,5"
101979,Cooler,Soft Drinks,placed,1,2
101979,Cooler,Energy,placed,1,"0,7"
100373,Coffee,Coffee ,placed,2,0
100373,Cooler,Soft Drinks,placed,1,1
100398,Cooler,Water,placed,1,1
100398,Cooler,Soft Drinks,placed,1,"1,5"
100398,Cooler,Energy,placed,1,"0,7"
101414,Cooler,Soft Drinks,placed,1,2
101414,Cooler,Energy,placed,1,"0,7"
103387,Cooler,Soft Drinks,placed,1,2
100799,Cooler,Soft Drinks,placed,1,1
100799,Cooler,Energy,placed,1,"0,7"
104325,Cooler,Water,placed,1,2
104325,Cooler,Soft Drinks,placed,2,"2,5"
111978,Cooler,Soft Drinks,placed,1,1
103315,Cooler,Water,placed,1,"1,5"
101416,Cooler,Soft Drinks,placed,1,2
104392,Cooler,Water,placed,1,1
104392,Cooler,Soft Drinks,placed,1,2
104392,Cooler,Energy,placed,1,"0,7"
100208,Cooler,Soft Drinks,placed,1,1
104323,Cooler,Water,placed,1,"1,5"
101034,Cooler,Water,placed,2,"2,5"
101034,Cooler,Soft Drinks,placed,2,"2,5"
106684,Cooler,Soft Drinks,placed,1,2
106987,Cooler,Water,placed,1,1
106987,Cooler,Soft Drinks,placed,1,2
104139,Cooler,Soft Drinks,placed,1,2
101140,Cooler,Water,placed,1,1
101140,Cooler,Soft Drinks,placed,1,1
103935,Cooler,Soft Drinks,placed,1,"0,7"
103935,Cooler,Energy,placed,1,1
100636,Cooler,Water,placed,1,"1,5"
101620,Cooler,Water,placed,1,1
101620,Cooler,Soft Drinks,placed,2,"2,2"
102633,Cooler,Soft Drinks,placed,1,1
101112,Cooler,Water,placed,1,1
101112,Cooler,Soft Drinks,placed,2,"1,7"
106251,Cooler,Water,placed,1,1
106251,Cooler,Soft Drinks,placed,1,2
106251,Cooler,Energy,placed,1,"0,7"
104583,Cooler,Water,placed,1,2
104583,Cooler,Soft Drinks,placed,1,"1,5"
104202,Cooler,Soft Drinks,placed,1,2
102810,Cooler,Soft Drinks,placed,1,2
100680,Cooler,Water,placed,1,1
100680,Cooler,Soft Drinks,placed,1,"1,5"
101404,Cooler,Water,placed,2,"2,5"
101458,Cooler,Water,placed,1,1
101458,Cooler,Soft Drinks,placed,1,1
102977,Cooler,Water,placed,1,1
102977,Cooler,Soft Drinks,placed,1,2
101896,Cooler,Soft Drinks,placed,1,2
103335,Cooler,Water,placed,1,1
103335,Cooler,Soft Drinks,placed,1,1
103335,Cooler,Energy,placed,1,"0,7"
101895,Cooler,Water,placed,1,1
101895,Cooler,Soft Drinks,placed,1,"1,5"
101924,Cooler,Soft Drinks,placed,1,"1,5"
102384,Cooler,Soft Drinks,placed,1,2
100841,Cooler,Water,placed,2,2
101889,Cooler,Water,placed,1,1
101889,Cooler,Soft Drinks,placed,1,1
101889,Cooler,Energy,placed,1,"0,7"
101978,Cooler,Water,placed,1,"1,5"
101978,Cooler,Energy,placed,1,"0,7"
101582,Cooler,Water,placed,1,1
101582,Cooler,Soft Drinks,placed,1,2
104457,Cooler,Water,placed,1,1
104457,Cooler,Soft Drinks,placed,1,2
101922,Cooler,Soft Drinks,placed,1,"1,5"
102968,Cooler,Soft Drinks,placed,1,2
111928,Cooler,Water,placed,1,1
111928,Cooler,Soft Drinks,placed,1,1
111928,Cooler,Energy,placed,1,"0,7"
103355,Cooler,Soft Drinks,placed,1,1
102777,Cooler,Water,placed,1,2
103235,Cooler,Soft Drinks,placed,2,"1,3"
104167,Cooler,Water,placed,1,1
104167,Cooler,Soft Drinks,placed,1,2
104176,Cooler,Water,placed,1,1
104176,Cooler,Soft Drinks,placed,1,1
100720,Cooler,Soft Drinks,placed,1,2
100570,Coffee,Coffee ,placed,1,0
100570,Cooler,Water,placed,1,2
100570,Cooler,Soft Drinks,placed,2,4
100570,Cooler,Energy,placed,1,"0,7"
106258,Coffee,Coffee ,placed,2,0
106258,Cooler,Water,placed,2,3
106258,Cooler,Soft Drinks,placed,1,2
106258,Cooler,Energy,placed,1,"0,7"
106258,Dispenser,Water,placed,1,0
104599,Cooler,Water,placed,1,1
104599,Cooler,Soft Drinks,placed,1,"1,5"
101182,Cooler,Water,placed,1,1
101182,Cooler,Soft Drinks,placed,1,1
103358,Cooler,Water,placed,2,"2,5"
103358,Cooler,Soft Drinks,placed,2,3
103358,Cooler,Energy,placed,1,"0,7"
103698,Cooler,Soft Drinks,placed,1,2
100607,Cooler,Water,placed,2,3
100607,Cooler,Soft Drinks,placed,1,2
100607,Cooler,Energy,placed,1,"0,7"
100058,Cooler,Water,placed,1,"1,5"
100058,Cooler,Soft Drinks,placed,1,"1,5"
102269,Cooler,Water,placed,1,1
102269,Cooler,Soft Drinks,placed,1,2
102269,Cooler,Energy,placed,1,"0,7"
103700,Cooler,Soft Drinks,placed,1,2
103727,Cooler,Soft Drinks,placed,1,1
108121,Cooler,Soft Drinks,placed,1,2
100312,Cooler,Water,placed,1,2
100759,Cooler,Soft Drinks,placed,1,1
100759,Cooler,Energy,placed,1,"0,7"
109888,Cooler,Soft Drinks,placed,2,2
103939,Cooler,Water,placed,1,"1,5"
103939,Cooler,Soft Drinks,placed,2,"2,5"
100875,Cooler,Soft Drinks,placed,1,1
107252,Cooler,Water,placed,1,1
107252,Cooler,Soft Drinks,placed,1,"1,5"
102505,Cooler,Soft Drinks,placed,1,2
101114,Cooler,Soft Drinks,placed,1,"1,5"
103341,Cooler,Soft Drinks,placed,1,2
103344,Cooler,Water,placed,1,1
103344,Cooler,Soft Drinks,placed,1,1
111963,Cooler,Soft Drinks,placed,1,"1,5"
111963,Cooler,Energy,placed,1,"0,7"
100806,Cooler,Soft Drinks,placed,1,"1,5"
102230,Cooler,Soft Drinks,placed,1,2
100632,Cooler,Water,placed,1,1
100632,Cooler,Soft Drinks,placed,1,1
100632,Cooler,Energy,placed,1,"0,7"
103246,Cooler,Soft Drinks,placed,1,"1,5"
102507,Cooler,Soft Drinks,placed,1,1
101921,Cooler,Soft Drinks,placed,1,"1,5"
100835,Cooler,Water,placed,1,1
100835,Cooler,Soft Drinks,placed,2,2
104151,Cooler,Water,placed,2,3
104151,Cooler,Soft Drinks,placed,4,6
104151,Cooler,Energy,placed,1,"0,7"
104164,Cooler,Water,placed,1,"1,5"
104164,Cooler,Soft Drinks,placed,1,"1,5"
100843,Cooler,Water,placed,1,1
100843,Cooler,Soft Drinks,placed,1,2
100843,Cooler,Energy,placed,1,"0,7"
101197,Cooler,Water,placed,1,1
101197,Cooler,Soft Drinks,placed,2,"2,3"
101197,Cooler,Energy,placed,1,"0,7"
100950,Cooler,Water,placed,1,"1,5"
100950,Cooler,Soft Drinks,placed,1,2
104232,Coffee,Coffee ,placed,1,0
102517,Cooler,Soft Drinks,placed,2,2
102333,Cooler,Water,placed,1,1
102333,Cooler,Soft Drinks,placed,1,"0,7"
102333,Dispenser,Water,placed,1,0
101241,Cooler,Water,placed,1,"1,5"
101241,Cooler,Soft Drinks,placed,1,"1,5"
101241,Cooler,Energy,placed,1,"0,7"
104251,Cooler,Soft Drinks,placed,1,1
101262,Cooler,Energy,placed,1,"0,7"
107087,Cooler,Water,placed,1,1
107087,Cooler,Soft Drinks,placed,1,"1,5"
104321,Cooler,Water,placed,1,1
104321,Cooler,Soft Drinks,placed,1,1
100625,Cooler,Water,placed,1,1
100625,Cooler,Soft Drinks,placed,1,2
100577,Cooler,Water,placed,2,3
100577,Cooler,Soft Drinks,placed,3,"4,5"
100577,Cooler,Energy,placed,1,"0,7"
102605,Cooler,Water,placed,1,1
102605,Cooler,Soft Drinks,placed,1,1
102605,Cooler,Energy,placed,1,"0,7"
103867,Cooler,Water,placed,1,"1,5"
103867,Cooler,Soft Drinks,placed,1,2
106675,Cooler,Soft Drinks,placed,1,1
106675,Cooler,Energy,placed,1,"0,7"
103244,Cooler,Soft Drinks,placed,2,"2,7"
103243,Cooler,Soft Drinks,placed,1,2
103243,Cooler,Energy,placed,1,"0,7"
103242,Coffee,Coffee ,placed,1,0
103242,Cooler,Water,placed,1,"1,5"
103242,Cooler,Soft Drinks,placed,1,2
103242,Cooler,Energy,placed,1,"0,7"
108216,Cooler,Soft Drinks,placed,1,1
108215,Cooler,Water,placed,1,1
101920,Cooler,Soft Drinks,placed,1,2
100444,Cooler,Water,placed,1,2
100444,Cooler,Soft Drinks,placed,1,2
103539,Cooler,Water,placed,1,"1,5"
103539,Cooler,Soft Drinks,placed,1,"1,5"
103539,Cooler,Energy,placed,1,"0,7"
104327,Cooler,Water,placed,1,2
104327,Cooler,Energy,placed,1,"0,7"
101216,Cooler,Water,placed,1,1
101216,Cooler,Soft Drinks,placed,1,1
106257,Cooler,Water,placed,1,1
106257,Cooler,Soft Drinks,placed,1,"1,5"
106257,Cooler,Energy,placed,1,"0,7"
100567,Cooler,Water,placed,2,2
100567,Cooler,Soft Drinks,placed,2,3
100567,Cooler,Energy,placed,1,"0,7"
104230,Cooler,Water,placed,1,1
103865,Cooler,Water,placed,1,"1,5"
103865,Cooler,Soft Drinks,placed,1,2
103865,Cooler,Energy,placed,1,"0,7"
103865,Cooler,Energy,placed,1,"0,7"
106230,Cooler,Water,placed,1,1
106230,Cooler,Soft Drinks,placed,1,1
106230,Cooler,Energy,placed,1,"0,7"
103794,Cooler,Water,placed,1,1
103794,Cooler,Soft Drinks,placed,1,1
105981,Cooler,Soft Drinks,placed,1,1
100566,Cooler,Soft Drinks,placed,2,4
100597,Cooler,Soft Drinks,placed,2,"3,5"
103203,Cooler,Water,placed,1,"1,5"
103203,Cooler,Soft Drinks,placed,3,"4,5"
103203,Cooler,Energy,placed,1,"0,7"
103203,Cooler,Juice,placed,1,1
100544,Cooler,Water,placed,1,"1,5"
100544,Cooler,Soft Drinks,placed,3,"4,5"
106224,Cooler,Soft Drinks,placed,1,"1,5"
106224,Cooler,Energy,placed,1,"0,7"
100573,Cooler,Water,placed,2,3
100573,Cooler,Soft Drinks,placed,1,2
100573,Cooler,Energy,placed,1,"0,7"
100596,Cooler,Water,placed,2,2
100448,Cooler,Water,placed,2,3
100448,Cooler,Soft Drinks,placed,1,"1,5"
100448,Cooler,Energy,placed,1,"0,7"
100056,Cooler,Water,placed,1,"1,5"
100057,Cooler,Water,placed,1,"1,5"
100057,Cooler,Soft Drinks,placed,1,2
111881,Cooler,Water,placed,2,2
111881,Cooler,Soft Drinks,placed,1,1
102101,Cooler,Water,placed,1,"1,5"
102101,Cooler,Soft Drinks,placed,1,"1,5"
104577,Cooler,Water,placed,2,3
104577,Cooler,Soft Drinks,placed,1,2
101566,Cooler,Water,placed,1,1
101566,Cooler,Soft Drinks,placed,2,"3,5"
106928,Cooler,Soft Drinks,placed,1,"1,5"
106928,Cooler,Energy,placed,1,"0,7"
104568,Cooler,Soft Drinks,placed,1,1
102322,Dispenser,Water,placed,1,0
103208,Cooler,Water,placed,1,1
103208,Cooler,Soft Drinks,placed,1,2
100031,Cooler,Water,placed,1,1
102334,Dispenser,Water,placed,1,0
100449,Cooler,Water,placed,1,"1,5"
100449,Cooler,Soft Drinks,placed,1,2
111941,Cooler,Water,placed,1,1
111941,Cooler,Soft Drinks,placed,1,2
102092,Coffee,Coffee ,placed,4,0
102092,Cooler,Energy,placed,1,"0,7"
100432,Cooler,Soft Drinks,placed,2,3
106678,Cooler,Water,placed,2,3
106678,Cooler,Soft Drinks,placed,3,"4,5"
102503,Cooler,Soft Drinks,placed,1,1
102510,Cooler,Soft Drinks,placed,1,"1,5"
100654,Cooler,Soft Drinks,placed,1,1
106407,Cooler,Soft Drinks,placed,1,1
104231,Cooler,Water,placed,1,"1,5"
104231,Cooler,Soft Drinks,placed,1,2
103207,Cooler,Soft Drinks,placed,1,2
103207,Cooler,Energy,placed,1,"0,7"
107079,Cooler,Soft Drinks,placed,1,1
107332,Cooler,Soft Drinks,placed,1,2
100447,Cooler,Soft Drinks,placed,3,5
102511,Cooler,Water,placed,1,"1,5"
106222,Cooler,Soft Drinks,placed,1,"1,5"
100439,Cooler,Soft Drinks,placed,2,3
102248,Cooler,Soft Drinks,placed,1,"1,5"
103192,Cooler,Soft Drinks,placed,1,"1,5"
100593,Cooler,Water,placed,2,3
100593,Cooler,Soft Drinks,placed,3,4
100437,Cooler,Water,placed,1,1
100437,Cooler,Soft Drinks,placed,3,"4,5"
104564,Cooler,Soft Drinks,placed,1,1
100484,Cooler,Water,placed,3,3
101282,Cooler,Soft Drinks,placed,1,1
104348,Cooler,Soft Drinks,placed,1,2
101295,Cooler,Soft Drinks,placed,1,"1,5"
100483,Cooler,Water,placed,1,"1,5"
100483,Cooler,Soft Drinks,placed,1,2
100482,Cooler,Soft Drinks,placed,2,3
102209,Cooler,Water,placed,1,1
102209,Cooler,Soft Drinks,placed,1,"1,5"
100481,Cooler,Water,placed,1,"1,5"
100481,Cooler,Soft Drinks,placed,1,"1,5"
100488,Cooler,Soft Drinks,placed,1,2
107280,Cooler,Water,placed,4,"4,5"
107280,Cooler,Soft Drinks,placed,1,2
107280,Cooler,Energy,placed,1,"0,7"
103834,Cooler,Water,placed,1,1
103834,Cooler,Soft Drinks,placed,1,1
111871,Cooler,Water,placed,3,3
111871,Cooler,Soft Drinks,placed,1,2
111871,Cooler,Energy,placed,1,"0,7"
103938,Cooler,Soft Drinks,placed,2,"2,7"
107168,Cooler,Soft Drinks,placed,1,2
100463,Cooler,Water,placed,1,1
100463,Cooler,Soft Drinks,placed,3,"4,5"
106316,Cooler,Water,placed,2,3
106316,Cooler,Energy,placed,1,"0,7"
106316,Cooler,Energy,placed,1,1
103703,Cooler,Water,placed,1,1
103703,Cooler,Soft Drinks,placed,1,1
103927,Cooler,Soft Drinks,placed,1,"1,5"
100311,Cooler,Water,placed,1,"1,5"
100311,Cooler,Soft Drinks,placed,1,"1,5"
100279,Cooler,Soft Drinks,placed,1,"1,5"
104216,Cooler,Water,placed,1,"1,5"
100805,Cooler,Soft Drinks,placed,1,"1,5"
100886,Cooler,Water,placed,1,"1,5"
100886,Cooler,Soft Drinks,placed,1,2
101025,Cooler,Water,placed,1,"1,5"
101025,Cooler,Soft Drinks,placed,1,2
101025,Cooler,Energy,placed,1,"0,7"
102522,Cooler,Water,placed,1,"1,5"
102522,Cooler,Soft Drinks,placed,1,2
102522,Cooler,Energy,placed,1,"0,7"
104318,Cooler,Water,placed,1,1
100582,Cooler,Soft Drinks,placed,1,2
100571,Cooler,Water,placed,1,"1,5"
100571,Cooler,Soft Drinks,placed,1,2
100817,Cooler,Water,placed,1,1
100817,Cooler,Soft Drinks,placed,1,"1,5"
100443,Cooler,Water,placed,1,2
100443,Cooler,Soft Drinks,placed,1,2
103534,Cooler,Water,placed,1,"1,5"
103534,Cooler,Soft Drinks,placed,1,"1,5"
103534,Cooler,Energy,placed,1,"0,7"
100438,Cooler,Water,placed,1,"1,5"
100438,Cooler,Soft Drinks,placed,1,2
100811,Cooler,Water,placed,1,1
100811,Cooler,Soft Drinks,placed,1,1
100076,Cooler,Water,placed,1,"1,5"
100034,Cooler,Water,placed,2,2
100034,Cooler,Soft Drinks,placed,1,1
100034,Cooler,Energy,placed,1,"0,7"
104565,Cooler,Soft Drinks,placed,1,"1,5"
106964,Cooler,Water,placed,1,1
100579,Cooler,Soft Drinks,placed,3,"4,7"
100579,Cooler,Energy,placed,1,"0,7"
100578,Cooler,Soft Drinks,placed,2,3
102242,Cooler,Soft Drinks,placed,1,"1,5"
103835,Cooler,Water,placed,1,"1,5"
107259,Cooler,Soft Drinks,placed,1,2
100377,Cooler,Water,placed,1,2
100372,Cooler,Water,placed,1,"1,5"
100372,Cooler,Soft Drinks,placed,2,"3,5"
100372,Cooler,Energy,placed,1,"0,7"
101970,Cooler,Soft Drinks,placed,1,2
101970,Cooler,Energy,placed,1,"0,7"
100441,Cooler,Soft Drinks,placed,1,2
100581,Cooler,Water,placed,1,"1,5"
100581,Cooler,Soft Drinks,placed,2,"3,5"
100581,Cooler,Energy,placed,1,"0,7"
104307,Cooler,Soft Drinks,placed,1,"1,5"
100442,Cooler,Water,placed,1,"1,5"
100442,Cooler,Soft Drinks,placed,1,2
100442,Cooler,Energy,placed,1,1
107143,Cooler,Water,placed,1,1
107143,Cooler,Soft Drinks,placed,1,"1,5"
100368,Cooler,Water,placed,2,3
100368,Cooler,Soft Drinks,placed,1,2
100368,Cooler,Energy,placed,1,"0,7"
109766,Cooler,Soft Drinks,placed,1,1
102304,Cooler,Soft Drinks,placed,1,2
102244,Cooler,Soft Drinks,placed,2,3
110796,Cooler,Water,placed,2,2
101773,Cooler,Water,placed,1,"1,5"
101773,Cooler,Soft Drinks,placed,1,1
107137,Cooler,Water,placed,1,"1,5"
103898,Cooler,Water,placed,1,2
103898,Cooler,Soft Drinks,placed,1,2
103898,Cooler,Energy,placed,1,"0,7"
103708,Cooler,Water,placed,1,1
103708,Cooler,Energy,placed,1,"0,7"
100743,Cooler,Soft Drinks,placed,1,2
101708,Cooler,Soft Drinks,placed,1,1
102551,Cooler,Soft Drinks,placed,1,"1,5"
102963,Cooler,Soft Drinks,placed,1,2
104362,Cooler,Water,placed,1,"1,5"
101775,Cooler,Soft Drinks,placed,1,2
101775,Cooler,Energy,placed,1,"0,7"
102215,Cooler,Water,placed,1,"1,5"
102215,Cooler,Soft Drinks,placed,1,"1,5"
106676,Cooler,Water,placed,1,1
106676,Cooler,Soft Drinks,placed,2,3
102731,Cooler,Soft Drinks,placed,1,"1,5"
104270,Cooler,Water,placed,2,"2,5"
104270,Cooler,Soft Drinks,placed,1,2
104270,Cooler,Energy,placed,1,"0,7"
107083,Cooler,Soft Drinks,placed,1,"1,5"
101196,Cooler,Soft Drinks,placed,1,1
103199,Cooler,Soft Drinks,placed,1,"1,5"
101041,Cooler,Soft Drinks,placed,1,1
100263,Coffee,Coffee ,placed,1,0
100263,Cooler,Soft Drinks,placed,1,"1,5"
100263,Cooler,Energy,placed,1,"0,7"
102737,Cooler,Water,placed,1,2
102737,Cooler,Soft Drinks,placed,1,2
103194,Cooler,Soft Drinks,placed,1,"1,5"
103194,Cooler,Energy,placed,1,"0,7"
103254,Cooler,Soft Drinks,placed,1,2
102985,Cooler,Soft Drinks,placed,1,"1,5"
107319,Cooler,Water,placed,1,1
107319,Cooler,Soft Drinks,placed,2,3
100044,Cooler,Soft Drinks,placed,1,"1,5"
101283,Cooler,Water,placed,1,"1,5"
101283,Cooler,Soft Drinks,placed,1,2
103875,Cooler,Water,placed,1,1
103875,Cooler,Soft Drinks,placed,1,"1,5"
103875,Cooler,Energy,placed,1,"0,7"
100767,Cooler,Soft Drinks,placed,1,1
106219,Cooler,Water,placed,1,1
106219,Cooler,Soft Drinks,placed,1,"1,5"
103211,Cooler,Soft Drinks,placed,1,1
102648,Cooler,Water,placed,2,"2,5"
102648,Cooler,Soft Drinks,placed,1,"1,5"
103679,Cooler,Soft Drinks,placed,1,"1,5"
100347,Cooler,Water,placed,1,1
100347,Cooler,Soft Drinks,placed,1,2
100347,Cooler,Energy,placed,1,"0,7"
102124,Cooler,Water,placed,1,1
111866,Cooler,Soft Drinks,placed,1,"1,5"
100154,Cooler,Soft Drinks,placed,1,"1,5"
100157,Cooler,Soft Drinks,placed,1,"1,5"
100157,Cooler,Energy,placed,1,"0,7"
103533,Cooler,Water,placed,1,2
103533,Cooler,Soft Drinks,placed,1,2
103533,Cooler,Energy,placed,1,"0,7"
103926,Cooler,Water,placed,2,3
103926,Cooler,Soft Drinks,placed,1,2
103926,Cooler,Energy,placed,1,"0,7"
111171,Cooler,Soft Drinks,placed,1,1
106962,Cooler,Soft Drinks,placed,1,2
104165,Cooler,Water,placed,1,"1,5"
104165,Cooler,Soft Drinks,placed,1,"1,5"
101968,Cooler,Soft Drinks,placed,1,1
100737,Cooler,Water,placed,1,1
100737,Cooler,Energy,placed,1,"0,7"
100738,Cooler,Soft Drinks,placed,2,3
100738,Cooler,Energy,placed,1,"0,7"
100738,Cooler,Energy,placed,1,"0,7"
100091,Cooler,Energy,placed,1,"0,7"
103532,Cooler,Soft Drinks,placed,1,"1,5"
101580,Cooler,Soft Drinks,placed,1,"1,5"
103709,Cooler,Soft Drinks,placed,1,"1,5"
103185,Cooler,Water,placed,1,"1,5"
103185,Cooler,Soft Drinks,placed,2,3
103185,Cooler,Energy,placed,1,"0,7"
103186,Cooler,Soft Drinks,placed,1,2
104579,Cooler,Water,placed,1,2
103187,Cooler,Soft Drinks,placed,1,"1,5"
100734,Cooler,Water,placed,1,"1,5"
100734,Cooler,Soft Drinks,placed,1,"1,5"
107056,Cooler,Water,placed,1,1
107056,Cooler,Soft Drinks,placed,1,1
103816,Cooler,Soft Drinks,placed,1,2
106253,Coffee,Coffee ,placed,2,0
106253,Cooler,Water,placed,1,2
106253,Cooler,Soft Drinks,placed,2,3
106253,Cooler,Energy,placed,1,"0,7"
106253,Dispenser,Water,placed,1,0
104566,Cooler,Soft Drinks,placed,1,1
104544,Cooler,Soft Drinks,placed,1,1
100419,Cooler,Soft Drinks,placed,1,"1,5"
100419,Cooler,Energy,placed,1,"0,7"
100024,Cooler,Water,placed,1,1
103889,Cooler,Soft Drinks,placed,1,"1,5"
103143,Cooler,Water,placed,2,3
103839,Cooler,Water,placed,1,"1,5"
102350,Cooler,Soft Drinks,placed,1,"1,5"
103541,Cooler,Water,placed,2,"2,5"
101077,Cooler,Water,placed,1,1
103796,Coffee,Coffee ,placed,1,0
103796,Cooler,Soft Drinks,placed,1,1
103796,Cooler,Energy,placed,1,"0,7"
102975,Cooler,Water,placed,2,3
101472,Cooler,Water,placed,1,2
106949,Dispenser,Water,placed,1,0
101883,Cooler,Soft Drinks,placed,3,4
101883,Cooler,Energy,placed,1,"0,7"
104349,Cooler,Water,placed,1,1
104343,Cooler,Soft Drinks,placed,1,2
104359,Cooler,Water,placed,1,2
102620,Cooler,Water,placed,1,2
100706,Cooler,Soft Drinks,placed,1,1
104590,Cooler,Soft Drinks,placed,1,1
101399,Cooler,Soft Drinks,placed,1,2
109222,Cooler,Water,placed,1,1
109222,Cooler,Soft Drinks,placed,1,1
103542,Cooler,Water,placed,1,1
103542,Cooler,Soft Drinks,placed,1,"1,5"
103190,Cooler,Energy,placed,1,"0,7"
101250,Cooler,Soft Drinks,placed,1,"1,5"
103667,Cooler,Soft Drinks,placed,1,2
101157,Cooler,Soft Drinks,placed,1,1
102392,Cooler,Soft Drinks,placed,1,1
103339,Cooler,Soft Drinks,placed,1,2
103339,Cooler,Energy,placed,1,"0,7"
106301,Cooler,Soft Drinks,placed,1,"1,5"
111923,Cooler,Water,placed,1,2
102380,Cooler,Soft Drinks,placed,1,1
100733,Cooler,Energy,placed,1,"0,7"
100710,Cooler,Soft Drinks,placed,1,"1,5"
103585,Cooler,Water,placed,1,2
103585,Cooler,Energy,placed,1,"0,7"
101988,Cooler,Water,placed,1,"1,5"
101988,Cooler,Soft Drinks,placed,2,2
101987,Cooler,Soft Drinks,placed,1,2
101987,Cooler,Energy,placed,1,"0,7"
102858,Cooler,Water,placed,1,1
102858,Cooler,Soft Drinks,placed,2,"2,5"
101486,Cooler,Soft Drinks,placed,1,2
102555,Cooler,Water,placed,1,1
102555,Cooler,Soft Drinks,placed,1,2
100072,Coffee,Coffee ,placed,2,0
100072,Cooler,Water,placed,1,1
100072,Cooler,Soft Drinks,placed,2,"2,5"
100072,Cooler,Energy,placed,1,"0,7"
102344,Cooler,Soft Drinks,placed,1,2
100819,Cooler,Soft Drinks,placed,1,"1,5"
106353,Cooler,Juice,placed,1,1
102581,Cooler,Water,placed,1,1
102581,Cooler,Soft Drinks,placed,1,"1,5"
102581,Cooler,Energy,placed,1,"0,7"
103936,Cooler,Water,placed,3,5
101484,Cooler,Soft Drinks,placed,1,"1,5"
101925,Cooler,Soft Drinks,placed,1,"1,5"
103095,Cooler,Soft Drinks,placed,1,"1,5"
106254,Cooler,Energy,placed,1,"0,7"
104576,Cooler,Water,placed,1,"1,5"
104576,Cooler,Soft Drinks,placed,1,2
103955,Cooler,Soft Drinks,placed,1,2
101577,Cooler,Water,placed,1,1
101577,Cooler,Soft Drinks,placed,1,1
103319,Cooler,Energy,placed,1,"0,7"
101881,Cooler,Water,placed,1,1
101881,Cooler,Soft Drinks,placed,2,4
101881,Cooler,Energy,placed,1,"0,7"
102966,Cooler,Water,placed,1,1
102966,Cooler,Soft Drinks,placed,1,2
111962,Coffee,Coffee ,placed,1,0
111962,Cooler,Soft Drinks,placed,1,2
103139,Cooler,Juice,placed,1,1
103140,Cooler,Water,placed,1,2
102885,Coffee,Coffee ,placed,3,0
102885,Cooler,Water,placed,1,1
102885,Cooler,Soft Drinks,placed,1,2
100935,Cooler,Water,placed,1,2
100935,Cooler,Soft Drinks,placed,1,2
106275,Coffee,Coffee ,placed,2,0
106275,Cooler,Soft Drinks,placed,1,"1,5"
103831,Cooler,Water,placed,2,3
103831,Cooler,Soft Drinks,placed,1,2
103831,Cooler,Energy,placed,1,"0,7"
103831,Cooler,Energy,placed,1,"0,7"
103141,Cooler,Water,placed,1,1
102938,Cooler,Water,placed,1,2
102938,Cooler,Soft Drinks,placed,1,"1,5"
110797,Cooler,Soft Drinks,placed,1,1
103501,Cooler,Soft Drinks,placed,1,2
103501,Cooler,Energy,placed,1,"0,7"
102941,Cooler,Soft Drinks,placed,1,1
100894,Cooler,Soft Drinks,placed,1,1
103843,Cooler,Water,placed,2,4
103680,Cooler,Water,placed,1,1
103680,Cooler,Soft Drinks,placed,1,"1,5"
103142,Cooler,Soft Drinks,placed,1,"1,5"
101694,Cooler,Soft Drinks,placed,1,2
101957,Cooler,Soft Drinks,placed,1,1
100599,Cooler,Soft Drinks,placed,1,1
104274,Cooler,Soft Drinks,placed,1,1
102353,Cooler,Soft Drinks,placed,4,6
102353,Cooler,Energy,placed,1,1
101239,Cooler,Soft Drinks,placed,1,1
102942,Cooler,Soft Drinks,placed,1,1
106294,Coffee,Coffee ,placed,2,0
106294,Cooler,Water,placed,1,"1,5"
106294,Cooler,Soft Drinks,placed,1,"1,5"
106294,Cooler,Energy,placed,1,"0,7"
103197,Cooler,Energy,placed,1,"0,7"
105429,Cooler,Soft Drinks,placed,1,1
102196,Cooler,Soft Drinks,placed,1,2
101154,Cooler,Water,placed,2,3
102625,Cooler,Water,placed,1,1
102625,Cooler,Soft Drinks,placed,1,"1,5"
102634,Cooler,Water,placed,1,1
102634,Cooler,Soft Drinks,placed,1,2
102367,Cooler,Water,placed,1,"1,5"
102367,Cooler,Soft Drinks,placed,2,"3,5"
102367,Cooler,Energy,placed,1,1
103861,Cooler,Soft Drinks,placed,1,2
107264,Cooler,Soft Drinks,placed,1,1
106697,Cooler,Water,placed,1,1
106697,Cooler,Soft Drinks,placed,1,1
106697,Cooler,Energy,placed,1,"0,7"
106697,Cooler,Energy,placed,1,"0,7"
102845,Cooler,Soft Drinks,placed,1,2
106947,Cooler,Water,placed,1,1
100457,Cooler,Water,placed,2,2
100457,Cooler,Soft Drinks,placed,1,2
101300,Cooler,Soft Drinks,placed,1,"1,5"
104198,Cooler,Soft Drinks,placed,1,2
104198,Cooler,Energy,placed,1,"0,7"
101242,Cooler,Water,placed,1,1
101242,Cooler,Soft Drinks,placed,1,"1,5"
103530,Cooler,Soft Drinks,placed,1,"1,5"
103530,Cooler,Energy,placed,1,"0,7"
102576,Cooler,Soft Drinks,placed,1,"1,5"
103094,Cooler,Water,placed,1,1
103094,Cooler,Soft Drinks,placed,1,2
103094,Cooler,Energy,placed,1,"0,7"
103699,Cooler,Water,placed,1,2
101959,Cooler,Water,placed,1,1
101959,Cooler,Soft Drinks,placed,1,1
101424,Cooler,Water,placed,1,1
101424,Cooler,Soft Drinks,placed,1,1
106945,Cooler,Soft Drinks,placed,1,"0,7"
101986,Cooler,Water,placed,1,1
101986,Cooler,Soft Drinks,placed,1,2
104299,Cooler,Soft Drinks,placed,2,3
103587,Cooler,Water,placed,1,"1,5"
101880,Cooler,Water,placed,1,1
101880,Cooler,Soft Drinks,placed,2,4
103371,Cooler,Soft Drinks,placed,1,"1,5"
103371,Cooler,Energy,placed,1,"0,7"
104598,Cooler,Soft Drinks,placed,1,1
104538,Cooler,Soft Drinks,placed,1,2
104538,Cooler,Energy,placed,1,"0,7"
102537,Cooler,Water,placed,1,"1,5"
102537,Cooler,Soft Drinks,placed,1,2
102537,Cooler,Energy,placed,1,"0,7"
101576,Cooler,Soft Drinks,placed,1,"1,5"
103788,Cooler,Water,placed,1,1
103788,Cooler,Energy,placed,1,"0,7"
103326,Cooler,Water,placed,1,1
103326,Cooler,Soft Drinks,placed,1,1
103168,Cooler,Water,placed,1,1
102564,Cooler,Water,placed,1,2
102428,Cooler,Soft Drinks,placed,1,1
107117,Coffee,Coffee ,placed,1,0
107117,Cooler,Water,placed,1,1
107117,Cooler,Soft Drinks,placed,1,2
102852,Cooler,Water,placed,1,1
102852,Cooler,Soft Drinks,placed,1,2
102852,Cooler,Energy,placed,1,"0,7"
104700,Cooler,Soft Drinks,placed,1,"1,5"
101885,Cooler,Soft Drinks,placed,1,2
102089,Cooler,Water,placed,1,1
102089,Cooler,Soft Drinks,placed,1,"1,5"
100271,Cooler,Soft Drinks,placed,1,2
102072,Cooler,Soft Drinks,placed,1,2
100019,Cooler,Water,placed,2,3
100019,Cooler,Energy,placed,1,"0,7"
103189,Cooler,Soft Drinks,placed,1,"1,5"
103726,Cooler,Soft Drinks,placed,1,1
102846,Cooler,Water,placed,1,1
102846,Cooler,Soft Drinks,placed,1,"1,5"
103093,Cooler,Water,placed,1,1
103093,Cooler,Soft Drinks,placed,1,2
103077,Cooler,Water,placed,1,"1,5"
100085,Cooler,Soft Drinks,placed,1,2
100085,Cooler,Juice,placed,1,1
103010,Cooler,Water,placed,1,"1,5"
101465,Cooler,Water,placed,1,"1,5"
101465,Cooler,Soft Drinks,placed,1,"1,5"
110447,Cooler,Water,placed,1,1
102639,Cooler,Water,placed,1,1
102639,Cooler,Soft Drinks,placed,1,1
102639,Cooler,Energy,placed,1,"0,7"
102639,Cooler,Energy,placed,1,1
109224,Cooler,Soft Drinks,placed,1,"1,5"
109313,Cooler,Soft Drinks,placed,1,1
101930,Cooler,Soft Drinks,placed,1,2
102756,Cooler,Water,placed,2,3
102756,Cooler,Soft Drinks,placed,1,"0,7"
102756,Cooler,Soft Drinks,placed,1,2
102756,Cooler,Energy,placed,1,"0,7"
102753,Cooler,Water,placed,1,1
102753,Cooler,Soft Drinks,placed,2,4
103226,Cooler,Soft Drinks,placed,1,2
103226,Cooler,Energy,placed,1,"0,7"
104664,Cooler,Water,placed,1,2
103528,Cooler,Soft Drinks,placed,1,2
100906,Cooler,Water,placed,1,1
100906,Cooler,Soft Drinks,placed,1,1
111985,Coffee,Coffee ,placed,1,0
111985,Cooler,Soft Drinks,placed,2,"2,5"
102387,Cooler,Soft Drinks,placed,1,2
104891,Cooler,Soft Drinks,placed,2,3
105718,Cooler,Water,placed,1,1
104394,Cooler,Water,placed,1,2
102565,Cooler,Water,placed,1,1
102565,Cooler,Soft Drinks,placed,1,1
101481,Cooler,Soft Drinks,placed,1,2
101481,Cooler,Energy,placed,1,"0,7"
103588,Cooler,Soft Drinks,placed,1,2
105414,Cooler,Soft Drinks,placed,1,"1,5"
102203,Cooler,Soft Drinks,placed,1,1
107222,Cooler,Water,placed,1,1
104699,Cooler,Soft Drinks,placed,1,2
104166,Cooler,Water,placed,1,1
104166,Cooler,Soft Drinks,placed,1,"1,5"
104166,Cooler,Energy,placed,1,"0,7"
104215,Cooler,Soft Drinks,placed,1,"1,5"
102351,Coffee,Coffee ,placed,2,0
102351,Cooler,Soft Drinks,placed,3,5
102351,Cooler,Energy,placed,1,"0,7"
100092,Cooler,Soft Drinks,placed,1,1
102757,Cooler,Soft Drinks,placed,1,"1,5"
102572,Cooler,Water,placed,1,"1,5"
102572,Cooler,Soft Drinks,placed,1,2
104696,Cooler,Water,placed,2,"3,5"
104696,Cooler,Soft Drinks,placed,5,8
104696,Cooler,Energy,placed,1,"0,7"
100615,Cooler,Water,placed,1,2
100615,Cooler,Soft Drinks,placed,1,2
100615,Cooler,Energy,placed,1,"0,7"
104456,Cooler,Water,placed,3,4
104456,Cooler,Energy,placed,1,"0,7"
102161,Cooler,Soft Drinks,placed,1,1
104653,Cooler,Water,placed,1,"1,5"
104653,Cooler,Soft Drinks,placed,2,"3,5"
107201,Cooler,Water,placed,1,1
107201,Cooler,Soft Drinks,placed,1,1
100813,Cooler,Water,placed,2,3
100813,Cooler,Soft Drinks,placed,1,1
100813,Cooler,Energy,placed,1,"0,7"
106237,Cooler,Water,placed,1,1
104662,Cooler,Soft Drinks,placed,1,2
103887,Cooler,Water,placed,2,2
103887,Cooler,Soft Drinks,placed,1,2
102150,Cooler,Water,placed,2,4
100814,Cooler,Water,placed,1,1
100814,Cooler,Soft Drinks,placed,1,"1,5"
100814,Cooler,Energy,placed,1,"0,7"
107470,Cooler,Water,placed,1,1
107470,Cooler,Soft Drinks,placed,1,1
108949,Cooler,Soft Drinks,placed,1,1
104654,Cooler,Water,placed,2,"2,5"
104654,Cooler,Soft Drinks,placed,1,"1,5"
104654,Cooler,Energy,placed,1,"0,7"
102408,Cooler,Soft Drinks,placed,1,"1,5"
101086,Cooler,Soft Drinks,placed,1,"0,7"
101504,Cooler,Water,placed,1,1
103227,Cooler,Soft Drinks,placed,1,2
106895,Cooler,Soft Drinks,placed,1,1
103120,Cooler,Energy,placed,1,"0,7"
103120,Cooler,Juice,placed,1,1
102987,Cooler,Soft Drinks,placed,1,1
103228,Cooler,Soft Drinks,placed,1,2
103228,Cooler,Energy,placed,1,"0,7"
102436,Cooler,Soft Drinks,placed,1,2
104381,Cooler,Water,placed,2,3
104516,Cooler,Water,placed,1,1
104516,Cooler,Soft Drinks,placed,1,2
103234,Cooler,Water,placed,1,1
103234,Cooler,Soft Drinks,placed,1,2
103234,Cooler,Energy,placed,1,"0,7"
109229,Cooler,Water,placed,1,1
111007,Cooler,Water,placed,1,1
111007,Cooler,Soft Drinks,placed,4,5
111210,Cooler,Soft Drinks,placed,1,"0,3"
111213,Cooler,Soft Drinks,placed,1,1
111213,Cooler,Juice,placed,1,1
111204,Cooler,Soft Drinks,placed,2,2
102573,Cooler,Soft Drinks,placed,1,2
103164,Cooler,Soft Drinks,placed,1,1
101304,Cooler,Soft Drinks,placed,1,1
101304,Cooler,Juice,placed,1,1
104805,Cooler,Energy,placed,1,1
100022,Cooler,Water,placed,1,1
100022,Cooler,Soft Drinks,placed,1,1
104794,Cooler,Soft Drinks,placed,1,2
101220,Cooler,Water,placed,1,"1,5"
101220,Cooler,Soft Drinks,placed,2,"2,7"
101220,Cooler,Energy,placed,1,"0,7"
111436,Cooler,Juice,placed,1,1
101097,Cooler,Soft Drinks,placed,1,"0,7"
102398,Cooler,Soft Drinks,placed,1,2
102435,Cooler,Soft Drinks,placed,1,2
101367,Cooler,Soft Drinks,placed,2,1
107353,Cooler,Soft Drinks,placed,1,1
101940,Cooler,Water,placed,1,1
101940,Cooler,Soft Drinks,placed,1,"1,5"
101530,Cooler,Soft Drinks,placed,1,"1,5"
106892,Cooler,Soft Drinks,placed,1,"1,5"
105728,Cooler,Soft Drinks,placed,1,1
100649,Cooler,Water,placed,1,1
100649,Cooler,Soft Drinks,placed,1,1
104326,Cooler,Soft Drinks,placed,1,1
102990,Cooler,Water,placed,1,1
106907,Cooler,Soft Drinks,placed,1,2
100736,Cooler,Soft Drinks,placed,1,2
103166,Cooler,Soft Drinks,placed,1,1
101224,Cooler,Soft Drinks,placed,1,1
101511,Cooler,Water,placed,1,1
101511,Cooler,Soft Drinks,placed,1,2
102426,Coffee,Coffee ,placed,1,0
102426,Cooler,Soft Drinks,placed,1,2
102426,Cooler,Energy,placed,1,1
104341,Cooler,Water,placed,1,"1,5"
104341,Cooler,Soft Drinks,placed,1,"1,5"
104341,Cooler,Energy,placed,1,"0,7"
104604,Cooler,Water,placed,2,2
104604,Cooler,Soft Drinks,placed,1,2
112032,Cooler,Soft Drinks,placed,1,1
102752,Cooler,Soft Drinks,placed,1,1
102752,Cooler,Energy,placed,1,1
101161,Cooler,Soft Drinks,placed,1,"0,7"
102616,Cooler,Water,placed,1,"1,5"
102616,Cooler,Soft Drinks,placed,1,"1,5"
102976,Cooler,Soft Drinks,placed,1,1
111878,Cooler,Water,placed,1,1
111878,Cooler,Soft Drinks,placed,1,1
104766,Cooler,Water,placed,1,1
104766,Cooler,Soft Drinks,placed,1,"0,7"
102445,Cooler,Water,placed,1,1
102445,Cooler,Soft Drinks,placed,1,1
104770,Cooler,Soft Drinks,placed,2,3
100648,Cooler,Water,placed,2,2
100648,Cooler,Soft Drinks,placed,1,1
101195,Cooler,Soft Drinks,placed,1,1
108085,Cooler,Soft Drinks,placed,1,2
102745,Cooler,Water,placed,1,1
102745,Cooler,Soft Drinks,placed,1,"1,5"
102642,Cooler,Water,placed,1,2
102750,Cooler,Juice,placed,1,1
108955,Cooler,Water,placed,1,1
108944,Cooler,Water,placed,2,2
108943,Cooler,Soft Drinks,placed,1,"0,3"
103229,Cooler,Water,placed,1,"1,5"
103229,Cooler,Energy,placed,1,"0,7"
103241,Cooler,Water,placed,1,"1,5"
103241,Cooler,Soft Drinks,placed,1,"1,5"
111983,Cooler,Soft Drinks,placed,1,2
101085,Cooler,Soft Drinks,placed,1,1
106525,Cooler,Soft Drinks,placed,1,1
106525,Cooler,Juice,placed,1,"0,3"
104519,Cooler,Water,placed,1,"1,5"
106399,Cooler,Soft Drinks,placed,1,"0,3"
104655,Cooler,Soft Drinks,placed,1,"1,5"
101664,Cooler,Water,placed,1,1
101664,Cooler,Soft Drinks,placed,1,"1,5"
102074,Cooler,Soft Drinks,placed,1,1
109777,Cooler,Juice,placed,1,1
101696,Cooler,Water,placed,1,1
100378,Cooler,Juice,placed,2,"1,3"
108571,Cooler,Soft Drinks,placed,2,"1,7"
106483,Cooler,Soft Drinks,placed,2,2
111208,Cooler,Water,placed,2,2
103768,Cooler,Water,placed,1,"1,5"
103768,Cooler,Soft Drinks,placed,1,"1,5"
103768,Cooler,Energy,placed,1,"0,7"
101423,Cooler,Juice,placed,1,1
101561,Cooler,Water,placed,1,2
107043,Cooler,Water,placed,1,1
102638,Cooler,Water,placed,1,"1,5"
100098,Cooler,Soft Drinks,placed,1,1
102603,Cooler,Soft Drinks,placed,1,1
102749,Cooler,Soft Drinks,placed,1,1
102636,Cooler,Water,placed,1,1
102636,Cooler,Soft Drinks,placed,1,1
102635,Cooler,Soft Drinks,placed,2,"3,5"
101191,Cooler,Soft Drinks,placed,1,1
100081,Cooler,Water,placed,3,"3,5"
103304,Cooler,Water,placed,1,1
103304,Cooler,Energy,placed,1,"0,7"
103304,Cooler,Energy,placed,1,1
101142,Cooler,Soft Drinks,placed,1,1
103224,Cooler,Soft Drinks,placed,1,1
100898,Cooler,Soft Drinks,placed,1,1
101900,Cooler,Water,placed,2,3
101900,Cooler,Soft Drinks,placed,1,2
101900,Cooler,Energy,placed,1,1
101900,Cooler,Energy,placed,1,"0,7"
104992,Cooler,Water,placed,1,1
101973,Cooler,Soft Drinks,placed,1,1
101973,Cooler,Energy,placed,1,"0,7"
103791,Cooler,Soft Drinks,placed,1,1
109018,Cooler,Water,placed,1,1
109018,Cooler,Soft Drinks,placed,1,1
100871,Cooler,Soft Drinks,placed,1,2
100871,Cooler,Energy,placed,1,"0,7"
101440,Cooler,Energy,placed,1,"0,7"
111452,Cooler,Soft Drinks,placed,1,1
111215,Cooler,Soft Drinks,placed,2,1
111215,Dispenser,Water,placed,2,0
111431,Cooler,Water,placed,1,1
111431,Cooler,Soft Drinks,placed,2,2
111431,Cooler,Juice,placed,2,2
109020,Cooler,Water,placed,2,2
109020,Cooler,Soft Drinks,placed,6,10
109020,Cooler,Juice,placed,1,1
108083,Cooler,Soft Drinks,placed,3,"3,5"
108083,Cooler,Energy,placed,1,"0,7"
109014,Cooler,Soft Drinks,placed,1,"0,3"
109014,Cooler,Juice,placed,2,"1,3"
106226,Cooler,Soft Drinks,placed,1,1
109017,Cooler,Soft Drinks,placed,4,7
109721,Cooler,Water,placed,3,3
109721,Cooler,Juice,placed,1,1
101128,Cooler,Soft Drinks,placed,2,4
101128,Cooler,Juice,placed,1,"0,3"
111252,Cooler,Water,placed,1,1
111252,Cooler,Soft Drinks,placed,6,"8,6"
111252,Cooler,Juice,placed,3,"2,3"
111252,Cooler,Energy,placed,6,"1,8"
111252,Fountain,Soft Drinks,placed,1,0
109019,Cooler,Juice,placed,1,1
100719,Cooler,Water,placed,3,"4,5"
100719,Cooler,Soft Drinks,placed,1,2
109016,Cooler,Water,placed,1,1
109776,Cooler,Soft Drinks,placed,1,1
102043,Cooler,Soft Drinks,placed,1,2
110842,Cooler,Water,placed,2,2
110842,Cooler,Soft Drinks,placed,5,5
106465,Cooler,Soft Drinks,placed,1,"1,5"
109022,Cooler,Soft Drinks,placed,2,2
109022,Cooler,Juice,placed,1,1
109022,Cooler,Energy,placed,1,"0,7"
103206,Cooler,Soft Drinks,placed,1,1
102989,Cooler,Juice,placed,1,1
102232,Cooler,Soft Drinks,placed,1,1
100054,Cooler,Soft Drinks,placed,1,1
100054,Cooler,Energy,placed,1,1
103270,Cooler,Soft Drinks,placed,1,1
101984,Cooler,Water,placed,1,1
101984,Cooler,Energy,placed,1,"0,7"
101673,Cooler,Soft Drinks,placed,1,1
101642,Cooler,Soft Drinks,placed,1,2
101642,Cooler,Energy,placed,1,1
100653,Cooler,Juice,placed,1,1
101538,Cooler,Water,placed,1,1
101538,Cooler,Soft Drinks,placed,1,2
104387,Cooler,Soft Drinks,placed,1,2
101164,Cooler,Soft Drinks,placed,1,2
104373,Cooler,Soft Drinks,placed,1,1
104721,Cooler,Soft Drinks,placed,1,1
112016,Cooler,Soft Drinks,placed,1,"1,5"
111952,Cooler,Soft Drinks,placed,1,"1,5"
102397,Cooler,Water,placed,1,1
102397,Cooler,Soft Drinks,placed,1,2
102397,Cooler,Energy,placed,1,"0,7"
102397,Cooler,Energy,placed,1,"0,7"
104724,Cooler,Soft Drinks,placed,2,3
104724,Cooler,Energy,placed,1,"0,7"
104372,Cooler,Soft Drinks,placed,1,2
104616,Cooler,Water,placed,1,1
104616,Cooler,Soft Drinks,placed,1,2
100689,Cooler,Water,placed,1,1
100689,Cooler,Soft Drinks,placed,1,"1,5"
100689,Cooler,Energy,placed,1,"0,3"
101462,Cooler,Water,placed,1,1
103096,Cooler,Soft Drinks,placed,1,1
102438,Cooler,Water,placed,1,"1,5"
102438,Cooler,Soft Drinks,placed,1,"1,5"
101537,Cooler,Soft Drinks,placed,1,1
101524,Cooler,Soft Drinks,placed,2,"2,5"
102684,Cooler,Soft Drinks,placed,1,2
102684,Cooler,Juice,placed,1,1
107513,Cooler,Energy,placed,1,1
102111,Cooler,Water,placed,1,1
102111,Cooler,Soft Drinks,placed,2,"2,5"
102111,Cooler,Energy,placed,1,"0,7"
109021,Cooler,Soft Drinks,placed,3,"1,3"
111151,Cooler,Water,placed,1,1
111151,Cooler,Soft Drinks,placed,3,"2,4"
111151,Cooler,Energy,placed,1,"0,7"
111151,Fountain,Soft Drinks,placed,8,0
102081,Cooler,Water,placed,3,3
102081,Cooler,Soft Drinks,placed,1,2
102081,Cooler,Energy,placed,1,"0,7"
102439,Cooler,Soft Drinks,placed,1,"1,5"
101535,Cooler,Soft Drinks,placed,1,1
111433,Cooler,Water,placed,3,3
111433,Cooler,Soft Drinks,placed,2,2
111433,Dispenser,Water,placed,1,0
105298,Cooler,Soft Drinks,placed,1,"0,7"
105298,Cooler,Energy,placed,1,"0,3"
109245,Cooler,Soft Drinks,placed,1,1
109369,Cooler,Juice,placed,1,1
100336,Cooler,Soft Drinks,placed,2,2
101641,Cooler,Water,placed,3,5
103274,Cooler,Water,placed,1,"1,5"
103274,Cooler,Soft Drinks,placed,1,2
110226,Cooler,Soft Drinks,placed,1,1
101626,Cooler,Water,placed,1,"1,5"
104800,Cooler,Soft Drinks,placed,1,1
101884,Cooler,Soft Drinks,placed,1,"1,5"
109240,Cooler,Soft Drinks,placed,1,1
111146,Cooler,Water,placed,1,1
111010,Cooler,Water,placed,2,2
111010,Cooler,Soft Drinks,placed,1,"0,3"
111010,Fountain,Soft Drinks,placed,7,0
102106,Cooler,Soft Drinks,placed,2,4
107207,Cooler,Soft Drinks,placed,1,2
107207,Cooler,Juice,placed,1,1
104617,Cooler,Soft Drinks,placed,1,2
100700,Cooler,Water,placed,1,"1,5"
100700,Cooler,Soft Drinks,placed,2,3
100700,Cooler,Energy,placed,1,"0,7"
103167,Cooler,Water,placed,1,"1,5"
103167,Cooler,Soft Drinks,placed,1,1
103037,Cooler,Soft Drinks,placed,1,2
101513,Cooler,Soft Drinks,placed,1,1
103092,Cooler,Soft Drinks,placed,1,1
102403,Cooler,Water,placed,1,"1,5"
102403,Cooler,Soft Drinks,placed,1,"1,5"
102403,Cooler,Energy,placed,1,"0,7"
103275,Cooler,Water,placed,1,1
103275,Cooler,Soft Drinks,placed,1,2
109903,Cooler,Soft Drinks,placed,1,2
102404,Cooler,Soft Drinks,placed,1,2
103195,Cooler,Soft Drinks,placed,1,1
110804,Cooler,Soft Drinks,placed,1,1
110804,Cooler,Energy,placed,1,"0,7"
110804,Dispenser,Water,placed,2,0
102440,Cooler,Soft Drinks,placed,2,3
102440,Cooler,Energy,placed,1,"0,7"
109893,Cooler,Soft Drinks,placed,1,2
104351,Cooler,Soft Drinks,placed,1,1
111144,Cooler,Soft Drinks,placed,7,"6,4"
111144,Cooler,Energy,placed,1,"0,7"
111144,Fountain,Soft Drinks,placed,22,0
111428,Cooler,Soft Drinks,placed,2,3
100371,Cooler,Soft Drinks,placed,1,2
110236,Fountain,Soft Drinks,placed,1,0
111226,Cooler,Soft Drinks,placed,6,"1,8"
111226,Cooler,Juice,placed,1,"0,3"
111226,Fountain,Soft Drinks,placed,3,0
111226,Dispenser,Water,placed,3,0
109027,Cooler,Soft Drinks,placed,1,1
111140,Cooler,Water,placed,3,3
111140,Cooler,Soft Drinks,placed,1,"0,7"
111140,Cooler,Soft Drinks,placed,6,"3,6"
111140,Cooler,Juice,placed,1,1
111140,Fountain,Soft Drinks,placed,7,0
107344,Cooler,Water,placed,1,1
104558,Coffee,Coffee ,placed,1,0
104558,Cooler,Soft Drinks,placed,3,4
104558,Cooler,Juice,placed,2,2
109013,Cooler,Water,placed,1,1
111157,Cooler,Soft Drinks,placed,3,4
111157,Fountain,Soft Drinks,placed,7,0
104658,Cooler,Soft Drinks,placed,1,2
101711,Cooler,Soft Drinks,placed,1,"1,5"
105735,Cooler,Soft Drinks,placed,1,2
106567,Cooler,Soft Drinks,placed,1,"0,7"
100351,Cooler,Soft Drinks,placed,1,1
101062,Cooler,Water,placed,1,1
100032,Cooler,Soft Drinks,placed,1,1
107265,Cooler,Water,placed,1,"1,5"
107265,Cooler,Soft Drinks,placed,1,"1,5"
106464,Cooler,Energy,placed,1,"0,7"
105568,Cooler,Soft Drinks,placed,1,"0,7"
100826,Cooler,Soft Drinks,placed,1,1
109026,Cooler,Soft Drinks,placed,3,"2,3"
109026,Cooler,Juice,placed,2,2
109026,Cooler,Energy,placed,1,"0,3"
109026,Dispenser,Water,placed,1,0
109263,Cooler,Soft Drinks,placed,2,2
109263,Cooler,Juice,placed,1,1
109760,Cooler,Juice,placed,1,1
100747,Cooler,Water,placed,1,2
100747,Cooler,Soft Drinks,placed,1,1
106629,Cooler,Water,placed,2,3
106629,Cooler,Soft Drinks,placed,1,2
106629,Cooler,Energy,placed,1,"0,7"
109301,Cooler,Juice,placed,1,1
101697,Cooler,Soft Drinks,placed,2,2
101109,Cooler,Soft Drinks,placed,2,2
100005,Cooler,Water,placed,2,2
100005,Cooler,Soft Drinks,placed,3,4
100005,Cooler,Energy,placed,2,"1,4"
103163,Cooler,Water,placed,1,"1,5"
103163,Cooler,Soft Drinks,placed,1,2
103163,Cooler,Energy,placed,1,"0,7"
103163,Cooler,Energy,placed,1,1
107254,Cooler,Soft Drinks,placed,1,"1,5"
107010,Cooler,Soft Drinks,placed,1,1
101135,Cooler,Water,placed,1,1
101135,Cooler,Soft Drinks,placed,1,2
104515,Cooler,Water,placed,2,2
103220,Cooler,Water,placed,1,2
103220,Cooler,Soft Drinks,placed,1,2
103220,Cooler,Energy,placed,1,"0,7"
107359,Cooler,Water,placed,3,3
107359,Cooler,Soft Drinks,placed,2,3
100845,Cooler,Water,placed,1,1
100845,Cooler,Soft Drinks,placed,1,2
109319,Cooler,Soft Drinks,placed,1,"1,5"
109319,Cooler,Energy,placed,1,"0,7"
106350,Cooler,Soft Drinks,placed,2,2
101995,Cooler,Water,placed,1,1
101995,Cooler,Soft Drinks,placed,1,1
110184,Cooler,Soft Drinks,placed,1,"1,5"
106351,Cooler,Soft Drinks,placed,1,1
109872,Cooler,Water,placed,2,2
109872,Dispenser,Water,placed,1,0
105734,Cooler,Soft Drinks,placed,2,"1,7"
105007,Cooler,Water,placed,1,1
111167,Cooler,Soft Drinks,placed,4,"3,7"
111167,Fountain,Soft Drinks,placed,1,0
104984,Cooler,Soft Drinks,placed,1,1
104828,Cooler,Soft Drinks,placed,2,3
104853,Cooler,Soft Drinks,placed,1,"1,5"
106014,Cooler,Soft Drinks,placed,1,1
103048,Cooler,Soft Drinks,placed,1,2
101213,Cooler,Juice,placed,1,1
106388,Cooler,Soft Drinks,placed,1,1
101455,Cooler,Soft Drinks,placed,1,"1,5"
106199,Cooler,Soft Drinks,placed,1,1
106199,Dispenser,Water,placed,1,0
101533,Cooler,Soft Drinks,placed,1,"1,5"
101090,Cooler,Water,placed,1,2
101091,Cooler,Soft Drinks,placed,1,2
101091,Cooler,Energy,placed,1,"0,7"
101539,Cooler,Soft Drinks,placed,1,2
101529,Cooler,Water,placed,2,"2,5"
101529,Cooler,Soft Drinks,placed,1,"1,5"
101529,Cooler,Energy,placed,1,"0,7"
101528,Cooler,Water,placed,1,1
101528,Cooler,Soft Drinks,placed,1,2
101528,Cooler,Energy,placed,2,"1,4"
101526,Cooler,Soft Drinks,placed,2,"2,5"
101470,Cooler,Water,placed,1,1
101470,Cooler,Soft Drinks,placed,1,2
108958,Cooler,Soft Drinks,placed,1,1
106896,Cooler,Water,placed,1,"1,5"
103076,Cooler,Soft Drinks,placed,1,2
104357,Cooler,Water,placed,1,2
102693,Cooler,Water,placed,1,"1,5"
102693,Cooler,Soft Drinks,placed,1,1
112108,Cooler,Soft Drinks,placed,1,1
101683,Cooler,Water,placed,1,1
101683,Cooler,Soft Drinks,placed,1,1
103104,Cooler,Water,placed,1,"1,5"
102441,Cooler,Soft Drinks,placed,1,2
102402,Cooler,Water,placed,2,"2,5"
102402,Cooler,Soft Drinks,placed,1,2
102402,Cooler,Energy,placed,1,"0,7"
102748,Cooler,Water,placed,1,"1,5"
102748,Cooler,Soft Drinks,placed,1,1
102748,Cooler,Energy,placed,1,"0,7"
102443,Cooler,Juice,placed,1,1
102401,Cooler,Water,placed,1,1
102401,Cooler,Soft Drinks,placed,1,"1,5"
101226,Cooler,Soft Drinks,placed,1,"0,7"
103102,Cooler,Soft Drinks,placed,1,"0,7"
103102,Cooler,Soft Drinks,placed,1,1
103124,Cooler,Soft Drinks,placed,1,1
104687,Cooler,Soft Drinks,placed,2,"2,5"
104687,Cooler,Energy,placed,2,1
108105,Cooler,Soft Drinks,placed,2,2
108945,Cooler,Water,placed,1,1
108945,Cooler,Soft Drinks,placed,1,1
108945,Cooler,Juice,placed,1,1
102444,Cooler,Soft Drinks,placed,2,4
102444,Cooler,Juice,placed,1,1
104854,Cooler,Soft Drinks,placed,1,1
104677,Cooler,Water,placed,1,"1,5"
104677,Cooler,Soft Drinks,placed,2,3
104677,Cooler,Energy,placed,1,"0,7"
111207,Cooler,Soft Drinks,placed,6,"2,5"
100643,Cooler,Soft Drinks,placed,1,1
101534,Cooler,Soft Drinks,placed,1,2
101875,Cooler,Soft Drinks,placed,1,1
101126,Cooler,Water,placed,1,1
101126,Cooler,Soft Drinks,placed,1,2
104769,Cooler,Soft Drinks,placed,1,1
102571,Cooler,Soft Drinks,placed,1,1
102982,Cooler,Soft Drinks,placed,1,1
103273,Cooler,Water,placed,1,"1,5"
103273,Cooler,Soft Drinks,placed,1,2
103273,Cooler,Energy,placed,1,"0,7"
103129,Cooler,Water,placed,1,1
102400,Cooler,Water,placed,1,1
102400,Cooler,Soft Drinks,placed,1,"1,5"
111430,Cooler,Water,placed,1,1
111430,Cooler,Soft Drinks,placed,4,"5,3"
111430,Dispenser,Water,placed,1,0
103170,Cooler,Soft Drinks,placed,1,1
109351,Cooler,Soft Drinks,placed,1,1
101536,Cooler,Water,placed,1,2
101536,Cooler,Soft Drinks,placed,1,2
102399,Cooler,Water,placed,1,"1,5"
102399,Cooler,Soft Drinks,placed,1,2
102984,Cooler,Soft Drinks,placed,1,1
101751,Cooler,Soft Drinks,placed,1,2
101639,Cooler,Soft Drinks,placed,1,1
104785,Cooler,Soft Drinks,placed,1,1
103082,Cooler,Water,placed,1,1
103082,Cooler,Soft Drinks,placed,3,"4,5"
103017,Cooler,Soft Drinks,placed,1,1
102437,Cooler,Water,placed,1,"1,5"
102437,Cooler,Energy,placed,1,"0,7"
102437,Cooler,Energy,placed,1,1
103125,Cooler,Soft Drinks,placed,1,1
104366,Cooler,Soft Drinks,placed,1,1
101292,Coffee,Coffee ,placed,2,0
101292,Cooler,Water,placed,1,1
101292,Cooler,Soft Drinks,placed,1,1
102970,Cooler,Soft Drinks,placed,1,2
104765,Cooler,Water,placed,1,1
104765,Cooler,Soft Drinks,placed,1,2
104765,Cooler,Energy,placed,1,"0,7"
101807,Cooler,Juice,placed,1,1
107386,Cooler,Soft Drinks,placed,1,2
104324,Cooler,Water,placed,1,1
104324,Cooler,Soft Drinks,placed,2,"2,5"
104324,Cooler,Energy,placed,1,"0,7"
108107,Cooler,Water,placed,1,"1,5"
102680,Cooler,Soft Drinks,placed,1,"1,5"
105572,Cooler,Water,placed,1,1
105572,Cooler,Soft Drinks,placed,5,5
105572,Cooler,Juice,placed,1,1
111437,Cooler,Energy,placed,1,"0,3"
109902,Cooler,Soft Drinks,placed,1,1
108111,Cooler,Soft Drinks,placed,2,2
108111,Dispenser,Water,placed,1,0
110998,Cooler,Soft Drinks,placed,3,"2,3"
110998,Fountain,Soft Drinks,placed,1,0
109750,Cooler,Water,placed,4,4
109750,Cooler,Soft Drinks,placed,1,1
103062,Cooler,Soft Drinks,placed,1,1
100334,Cooler,Soft Drinks,placed,1,"1,5"
106383,Cooler,Soft Drinks,placed,2,"1,3"
106383,Cooler,Juice,placed,1,1
106383,Cooler,Energy,placed,1,"0,3"
106752,Cooler,Soft Drinks,placed,3,3
106752,Cooler,Juice,placed,1,"0,3"
106752,Cooler,Energy,placed,2,"0,6"
106752,Dispenser,Water,placed,1,0
104819,Cooler,Soft Drinks,placed,1,1
104819,Cooler,Soft Drinks,placed,5,"2,2"
104819,Cooler,Juice,placed,3,"1,6"
104819,Cooler,Energy,placed,2,"0,6"
111004,Fountain,Soft Drinks,placed,1,0
101804,Cooler,Water,placed,2,3
101804,Cooler,Energy,placed,1,"0,7"
106518,Cooler,Soft Drinks,placed,1,1
104539,Cooler,Soft Drinks,placed,2,2
109269,Cooler,Water,placed,1,1
109269,Cooler,Soft Drinks,placed,1,1
101805,Cooler,Water,placed,1,1
101805,Cooler,Soft Drinks,placed,1,2
108889,Cooler,Water,placed,3,3
108889,Cooler,Soft Drinks,placed,1,1
108113,Cooler,Soft Drinks,placed,1,"1,5"
106217,Cooler,Water,placed,1,1
107255,Cooler,Soft Drinks,placed,2,"2,5"
111055,Cooler,Soft Drinks,placed,1,1
111055,Fountain,Soft Drinks,placed,5,0
105009,Cooler,Soft Drinks,placed,1,1
104999,Cooler,Water,placed,2,2
104999,Cooler,Energy,placed,1,"0,7"
111049,Cooler,Soft Drinks,placed,9,"8,3"
111049,Cooler,Juice,placed,1,"0,3"
111049,Fountain,Soft Drinks,placed,5,0
108081,Cooler,Soft Drinks,placed,2,"1,7"
106349,Cooler,Water,placed,1,1
106349,Cooler,Soft Drinks,placed,4,"3,7"
109775,Cooler,Soft Drinks,placed,1,"1,5"
107410,Cooler,Soft Drinks,placed,1,1
100353,Cooler,Soft Drinks,placed,1,1
103766,Cooler,Soft Drinks,placed,1,1
101850,Cooler,Soft Drinks,placed,1,1
100041,Cooler,Soft Drinks,placed,1,1
111217,Cooler,Water,placed,2,2
111217,Cooler,Soft Drinks,placed,7,"5,6"
111217,Cooler,Juice,placed,3,3
106402,Cooler,Water,placed,2,2
106402,Cooler,Soft Drinks,placed,1,1
106402,Dispenser,Water,placed,1,0
101822,Cooler,Soft Drinks,placed,1,1
108902,Cooler,Soft Drinks,placed,1,1
109307,Cooler,Water,placed,6,7
109307,Cooler,Soft Drinks,placed,6,"6,5"
108089,Cooler,Soft Drinks,placed,4,5
108089,Cooler,Juice,placed,1,1
108897,Cooler,Water,placed,1,1
108897,Cooler,Soft Drinks,placed,2,"1,3"
108897,Cooler,Juice,placed,1,1
106933,Cooler,Water,placed,1,2
109798,Cooler,Soft Drinks,placed,1,1
103237,Cooler,Juice,placed,1,"0,7"
111438,Cooler,Water,placed,2,2
111438,Cooler,Soft Drinks,placed,2,"2,7"
111438,Cooler,Energy,placed,1,"0,7"
106635,Cooler,Soft Drinks,placed,2,3
104619,Cooler,Soft Drinks,placed,1,2
100670,Cooler,Soft Drinks,placed,1,1
104620,Cooler,Soft Drinks,placed,1,1
101172,Cooler,Soft Drinks,placed,1,1
102682,Cooler,Water,placed,1,1
102682,Cooler,Soft Drinks,placed,1,"1,5"
107262,Cooler,Soft Drinks,placed,1,2
102683,Cooler,Soft Drinks,placed,1,1
104621,Cooler,Soft Drinks,placed,1,2
104763,Cooler,Water,placed,1,1
104763,Cooler,Soft Drinks,placed,1,2
104763,Cooler,Energy,placed,1,"0,7"
104622,Cooler,Soft Drinks,placed,2,"2,5"
104759,Cooler,Soft Drinks,placed,1,1
102678,Cooler,Soft Drinks,placed,2,2
101709,Cooler,Water,placed,2,"2,5"
101604,Cooler,Water,placed,1,"1,5"
101604,Cooler,Energy,placed,1,"0,7"
101604,Cooler,Energy,placed,1,"0,7"
100001,Cooler,Soft Drinks,placed,1,1
106894,Cooler,Water,placed,1,2
103266,Cooler,Soft Drinks,placed,1,2
101948,Cooler,Water,placed,2,2
101948,Cooler,Soft Drinks,placed,1,2
101948,Cooler,Energy,placed,1,"0,7"
106754,Cooler,Soft Drinks,placed,1,1
108887,Cooler,Soft Drinks,placed,3,"2,4"
108887,Dispenser,Water,placed,4,0
103015,Cooler,Water,placed,2,3
105054,Cooler,Juice,placed,1,1
107394,Cooler,Water,placed,1,1
107394,Cooler,Soft Drinks,placed,1,1
107362,Cooler,Soft Drinks,placed,1,1
111293,Cooler,Soft Drinks,placed,1,1
107392,Cooler,Soft Drinks,placed,1,1
101630,Cooler,Water,placed,1,1
101630,Cooler,Soft Drinks,placed,3,"3,7"
109756,Cooler,Soft Drinks,placed,1,1
101950,Cooler,Soft Drinks,placed,1,2
101877,Cooler,Water,placed,1,"1,5"
101877,Cooler,Soft Drinks,placed,1,2
103059,Cooler,Water,placed,1,1
103059,Cooler,Soft Drinks,placed,1,"1,5"
103059,Cooler,Energy,placed,1,"0,7"
105742,Cooler,Water,placed,1,1
105742,Cooler,Soft Drinks,placed,1,1
105742,Cooler,Energy,placed,1,"0,7"
105742,Cooler,Juice,placed,1,1
106434,Cooler,Soft Drinks,placed,2,"1,3"
104832,Cooler,Soft Drinks,placed,1,"0,7"
107221,Cooler,Soft Drinks,placed,2,"2,5"
100285,Coffee,Coffee ,placed,2,0
100285,Cooler,Water,placed,1,1
100285,Cooler,Soft Drinks,placed,2,"1,3"
100285,Cooler,Energy,placed,1,"0,7"
103049,Cooler,Water,placed,1,"1,5"
103049,Cooler,Soft Drinks,placed,1,"1,5"
101520,Cooler,Soft Drinks,placed,1,1
101088,Cooler,Soft Drinks,placed,1,1
108893,Cooler,Water,placed,2,2
101605,Cooler,Soft Drinks,placed,1,1
105816,Cooler,Soft Drinks,placed,3,5
101557,Cooler,Water,placed,1,"1,5"
105804,Cooler,Soft Drinks,placed,1,"1,5"
104702,Cooler,Water,placed,1,1
104702,Cooler,Soft Drinks,placed,1,2
104702,Cooler,Energy,placed,1,"0,7"
103836,Cooler,Water,placed,1,2
103836,Cooler,Soft Drinks,placed,1,1
106756,Cooler,Soft Drinks,placed,1,2
108561,Cooler,Soft Drinks,placed,1,2
111847,Cooler,Water,placed,1,1
111847,Cooler,Soft Drinks,placed,3,4
101454,Cooler,Water,placed,1,1
101454,Cooler,Soft Drinks,placed,1,1
104335,Cooler,Water,placed,1,"1,5"
103248,Cooler,Soft Drinks,placed,1,1
100123,Cooler,Water,placed,1,1
100123,Cooler,Juice,placed,1,1
101459,Cooler,Water,placed,1,2
101637,Cooler,Water,placed,1,1
101637,Cooler,Soft Drinks,placed,1,2
101643,Cooler,Water,placed,1,1
101643,Cooler,Soft Drinks,placed,1,"1,5"
108883,Cooler,Water,placed,1,1
108883,Cooler,Soft Drinks,placed,1,1
103271,Cooler,Water,placed,1,1
103271,Cooler,Soft Drinks,placed,1,"0,3"
101148,Cooler,Soft Drinks,placed,1,1
108880,Cooler,Energy,placed,1,"0,7"
109779,Cooler,Water,placed,1,"1,5"
106018,Cooler,Soft Drinks,placed,1,2
106018,Cooler,Juice,placed,1,1
106018,Fountain,Soft Drinks,placed,1,0
111420,Cooler,Juice,placed,1,1
109390,Cooler,Soft Drinks,placed,2,2
106387,Cooler,Soft Drinks,placed,1,"0,7"
101802,Cooler,Water,placed,2,2
101802,Cooler,Soft Drinks,placed,1,2
101802,Cooler,Energy,placed,1,"0,7"
104378,Cooler,Soft Drinks,placed,1,"1,5"
101636,Cooler,Water,placed,2,2
101636,Cooler,Soft Drinks,placed,1,2
101446,Cooler,Soft Drinks,placed,1,1
102177,Cooler,Water,placed,1,2
101117,Cooler,Soft Drinks,placed,1,1
110067,Cooler,Water,placed,1,1
110067,Cooler,Soft Drinks,placed,1,"1,5"
104689,Cooler,Soft Drinks,placed,1,2
104355,Cooler,Water,placed,1,"1,5"
103334,Cooler,Soft Drinks,placed,1,1
103265,Cooler,Soft Drinks,placed,1,1
104821,Cooler,Soft Drinks,placed,1,1
101608,Cooler,Soft Drinks,placed,1,"1,5"
103238,Cooler,Water,placed,2,3
103238,Cooler,Energy,placed,1,"0,7"
102028,Cooler,Water,placed,1,1
102028,Cooler,Soft Drinks,placed,1,"1,5"
102028,Cooler,Energy,placed,1,"0,7"
101450,Cooler,Soft Drinks,placed,1,2
107204,Cooler,Soft Drinks,placed,1,"1,5"
105819,Cooler,Water,placed,1,1
105819,Cooler,Soft Drinks,placed,1,1
101634,Cooler,Water,placed,1,1
101634,Cooler,Soft Drinks,placed,1,2
101857,Cooler,Water,placed,1,1
101857,Cooler,Soft Drinks,placed,2,3
101857,Cooler,Energy,placed,1,"0,7"
105670,Cooler,Soft Drinks,placed,1,1
101294,Cooler,Soft Drinks,placed,1,"1,5"
111051,Cooler,Soft Drinks,placed,1,1
111051,Fountain,Soft Drinks,placed,4,0
103086,Cooler,Water,placed,1,"1,5"
101326,Cooler,Water,placed,3,"3,5"
101326,Cooler,Soft Drinks,placed,1,"0,3"
101326,Cooler,Soft Drinks,placed,5,"3,2"
101326,Dispenser,Water,placed,1,0
101326,Dispenser,Water,placed,1,0
111228,Cooler,Soft Drinks,placed,1,"0,7"
104980,Cooler,Soft Drinks,placed,2,2
101204,Cooler,Water,placed,1,1
101204,Cooler,Soft Drinks,placed,1,1
101207,Cooler,Soft Drinks,placed,1,2
101207,Cooler,Energy,placed,1,"0,3"
101319,Cooler,Soft Drinks,placed,4,"1,2"
101319,Cooler,Soft Drinks,placed,10,"3,4"
101319,Cooler,Juice,placed,5,"1,5"
101319,Dispenser,Water,placed,9,0
100399,Cooler,Water,placed,3,4
103239,Cooler,Soft Drinks,placed,1,"1,5"
101141,Cooler,Soft Drinks,placed,1,2
101299,Cooler,Water,placed,1,2
111127,Cooler,Water,placed,3,3
111127,Cooler,Soft Drinks,placed,10,"12,7"
108948,Cooler,Water,placed,1,1
108948,Cooler,Soft Drinks,placed,1,1
106215,Cooler,Water,placed,2,2
109373,Cooler,Juice,placed,1,1
102041,Cooler,Water,placed,1,1
102041,Cooler,Soft Drinks,placed,1,1
101953,Cooler,Soft Drinks,placed,2,4
101953,Cooler,Energy,placed,1,"0,3"
101499,Cooler,Water,placed,2,3
101499,Cooler,Soft Drinks,placed,1,2
108922,Cooler,Soft Drinks,placed,1,1
103269,Cooler,Soft Drinks,placed,1,1
101453,Cooler,Soft Drinks,placed,1,"1,5"
103013,Cooler,Soft Drinks,placed,2,"2,7"
103013,Cooler,Energy,placed,1,"0,7"
102024,Cooler,Soft Drinks,placed,1,1
101609,Cooler,Water,placed,1,1
101609,Cooler,Soft Drinks,placed,1,2
101609,Cooler,Energy,placed,1,"0,7"
103088,Cooler,Soft Drinks,placed,1,"1,5"
104691,Cooler,Water,placed,1,"1,5"
102487,Cooler,Soft Drinks,placed,1,2
102487,Cooler,Energy,placed,1,"0,7"
106802,Cooler,Juice,placed,1,"0,3"
106802,Cooler,Energy,placed,1,"0,7"
106912,Cooler,Soft Drinks,placed,1,1
112025,Cooler,Soft Drinks,placed,3,3
101094,Cooler,Water,placed,1,1
101094,Cooler,Soft Drinks,placed,1,1
101094,Cooler,Energy,placed,1,"0,7"
101522,Cooler,Soft Drinks,placed,1,1
109835,Cooler,Soft Drinks,placed,1,"0,7"
108878,Cooler,Soft Drinks,placed,1,1
108878,Cooler,Juice,placed,2,"1,3"
101666,Cooler,Water,placed,2,"2,5"
101666,Cooler,Juice,placed,1,1
101445,Cooler,Water,placed,1,1
101445,Cooler,Soft Drinks,placed,2,3
101435,Cooler,Soft Drinks,placed,1,"1,5"
103084,Cooler,Water,placed,1,1
103084,Cooler,Soft Drinks,placed,1,2
107519,Cooler,Soft Drinks,placed,1,1
107520,Cooler,Water,placed,1,1
102025,Cooler,Soft Drinks,placed,1,2
100421,Cooler,Soft Drinks,placed,1,1
105820,Cooler,Water,placed,1,1
105820,Cooler,Soft Drinks,placed,3,"2,3"
103021,Cooler,Soft Drinks,placed,1,2
101212,Cooler,Soft Drinks,placed,1,1
101212,Cooler,Energy,placed,1,"0,7"
106368,Cooler,Soft Drinks,placed,1,1
106447,Cooler,Water,placed,1,"1,5"
106447,Cooler,Soft Drinks,placed,1,1
109659,Cooler,Soft Drinks,placed,1,1
101633,Cooler,Soft Drinks,placed,1,"1,5"
106437,Cooler,Soft Drinks,placed,2,"2,2"
105805,Cooler,Soft Drinks,placed,1,"0,7"
105000,Cooler,Soft Drinks,placed,1,1
101646,Cooler,Soft Drinks,placed,1,"1,5"
103268,Cooler,Soft Drinks,placed,1,2
102016,Cooler,Water,placed,1,"1,5"
102016,Cooler,Soft Drinks,placed,1,"1,5"
101631,Cooler,Water,placed,1,"1,5"
111042,Fountain,Soft Drinks,placed,12,0
111042,Dispenser,Water,placed,2,0
111864,Cooler,Water,placed,1,1
111032,Cooler,Soft Drinks,placed,2,"1,4"
111032,Fountain,Soft Drinks,placed,3,0
101737,Cooler,Water,placed,1,"1,5"
103060,Cooler,Water,placed,1,1
103060,Cooler,Soft Drinks,placed,1,1
106218,Cooler,Soft Drinks,placed,1,1
103028,Cooler,Soft Drinks,placed,1,2
111434,Cooler,Soft Drinks,placed,1,"0,7"
103020,Cooler,Water,placed,1,1
103020,Cooler,Soft Drinks,placed,1,1
103020,Cooler,Energy,placed,1,"0,7"
109317,Cooler,Soft Drinks,placed,1,"0,3"
101568,Cooler,Soft Drinks,placed,1,1
101617,Cooler,Water,placed,1,1
109668,Cooler,Water,placed,1,1
103031,Cooler,Soft Drinks,placed,1,2
100127,Cooler,Soft Drinks,placed,1,1
108954,Cooler,Soft Drinks,placed,2,3
108954,Dispenser,Water,placed,1,0
108886,Cooler,Soft Drinks,placed,1,2
102015,Cooler,Water,placed,1,1
102015,Cooler,Soft Drinks,placed,2,3
102015,Cooler,Energy,placed,1,"0,7"
102015,Cooler,Energy,placed,1,1
111219,Dispenser,Water,placed,6,0
101653,Cooler,Water,placed,1,"1,5"
109958,Cooler,Soft Drinks,placed,2,"1,7"
100379,Cooler,Water,placed,1,"1,5"
100379,Cooler,Soft Drinks,placed,1,"1,5"
100379,Cooler,Energy,placed,1,"0,7"
104855,Cooler,Water,placed,1,"1,5"
104855,Cooler,Soft Drinks,placed,1,"1,5"
104855,Cooler,Juice,placed,1,1
104870,Cooler,Water,placed,1,"1,5"
104870,Cooler,Soft Drinks,placed,3,"3,2"
104870,Cooler,Energy,placed,1,"0,3"
104824,Cooler,Water,placed,1,"1,5"
104824,Cooler,Juice,placed,1,1
111937,Cooler,Soft Drinks,placed,1,1
111937,Cooler,Energy,placed,1,"0,7"
111961,Cooler,Water,placed,1,1
111961,Cooler,Soft Drinks,placed,1,2
101648,Cooler,Water,placed,1,1
101648,Cooler,Soft Drinks,placed,1,"1,5"
111863,Cooler,Water,placed,1,1
101447,Cooler,Water,placed,1,"1,5"
101447,Cooler,Soft Drinks,placed,1,2
111883,Cooler,Juice,placed,1,1
105001,Cooler,Soft Drinks,placed,1,1
101132,Cooler,Water,placed,1,1
101132,Cooler,Soft Drinks,placed,1,2
106527,Cooler,Soft Drinks,placed,3,"2,3"
100320,Cooler,Water,placed,1,1
100320,Cooler,Soft Drinks,placed,1,2
101448,Cooler,Soft Drinks,placed,3,"3,2"
110212,Cooler,Soft Drinks,placed,2,"1,7"
107373,Cooler,Water,placed,2,2
111613,Cooler,Water,placed,1,1
105003,Cooler,Soft Drinks,placed,1,1
105294,Cooler,Soft Drinks,placed,1,1
102026,Cooler,Water,placed,1,1
102026,Cooler,Soft Drinks,placed,2,2
101832,Cooler,Water,placed,1,1
101832,Cooler,Soft Drinks,placed,1,2
107052,Cooler,Water,placed,2,"2,5"
102014,Cooler,Water,placed,1,1
102014,Cooler,Soft Drinks,placed,2,3
104511,Cooler,Water,placed,2,"2,5"
104511,Cooler,Soft Drinks,placed,1,"1,5"
104511,Cooler,Energy,placed,1,"0,7"
103330,Cooler,Soft Drinks,placed,3,5
103330,Cooler,Energy,placed,1,"0,7"
111122,Cooler,Water,placed,1,1
111122,Cooler,Soft Drinks,placed,4,4
111122,Cooler,Energy,placed,1,1
101847,Cooler,Water,placed,1,1
104540,Cooler,Water,placed,1,"1,5"
104540,Cooler,Soft Drinks,placed,1,2
111924,Cooler,Soft Drinks,placed,1,2
109904,Coffee,Coffee ,placed,2,0
109904,Cooler,Soft Drinks,placed,1,"0,7"
104877,Cooler,Soft Drinks,placed,2,"1,8"
102027,Cooler,Water,placed,2,3
102027,Cooler,Soft Drinks,placed,1,2
105806,Cooler,Juice,placed,1,"0,3"
111521,Cooler,Soft Drinks,placed,1,1
111521,Cooler,Energy,placed,1,"0,7"
108572,Cooler,Water,placed,1,1
104513,Cooler,Soft Drinks,placed,2,3
100060,Cooler,Soft Drinks,placed,2,2
100348,Cooler,Soft Drinks,placed,1,1
105721,Cooler,Juice,placed,1,1
107333,Cooler,Soft Drinks,placed,1,1
105963,Cooler,Soft Drinks,placed,3,"2,4"
103232,Cooler,Soft Drinks,placed,2,3
103232,Cooler,Energy,placed,1,"0,7"
103230,Cooler,Soft Drinks,placed,1,1
111786,Cooler,Soft Drinks,placed,2,2
111786,Cooler,Juice,placed,1,1
103090,Cooler,Soft Drinks,placed,1,1
101599,Cooler,Soft Drinks,placed,2,"2,5"
101951,Cooler,Energy,placed,1,"0,7"
101928,Cooler,Water,placed,1,"1,5"
101928,Cooler,Soft Drinks,placed,2,3
101928,Cooler,Energy,placed,1,"0,7"
104541,Cooler,Soft Drinks,placed,1,"1,5"
102247,Cooler,Water,placed,1,"1,5"
102247,Cooler,Soft Drinks,placed,2,"2,5"
106749,Cooler,Soft Drinks,placed,1,2
106749,Cooler,Juice,placed,1,1
100409,Cooler,Soft Drinks,placed,1,2
107057,Cooler,Soft Drinks,placed,1,"1,5"
106436,Cooler,Soft Drinks,placed,1,"0,7"
106747,Cooler,Juice,placed,1,1
101419,Cooler,Soft Drinks,placed,1,2
101316,Cooler,Soft Drinks,placed,1,1
101316,Cooler,Juice,placed,1,1
102029,Cooler,Soft Drinks,placed,1,1
101451,Cooler,Soft Drinks,placed,1,"1,5"
104353,Cooler,Water,placed,1,1
106007,Cooler,Soft Drinks,placed,1,1
104317,Cooler,Water,placed,1,1
104317,Cooler,Soft Drinks,placed,1,"1,5"
104419,Cooler,Water,placed,1,1
104419,Cooler,Soft Drinks,placed,1,"1,5"
104875,Cooler,Soft Drinks,placed,1,1
102023,Cooler,Water,placed,1,"1,5"
102023,Cooler,Soft Drinks,placed,1,2
111593,Cooler,Soft Drinks,placed,1,1
101949,Cooler,Soft Drinks,placed,3,5
101949,Cooler,Energy,placed,1,"0,7"
101949,Cooler,Juice,placed,1,1
101949,Cooler,Energy,placed,1,"0,7"
102013,Cooler,Water,placed,1,"1,5"
102013,Cooler,Soft Drinks,placed,1,"0,7"
102013,Cooler,Soft Drinks,placed,1,2
101954,Cooler,Soft Drinks,placed,1,2
111418,Cooler,Soft Drinks,placed,2,3
101217,Cooler,Soft Drinks,placed,1,1
103360,Cooler,Soft Drinks,placed,1,2
103360,Cooler,Energy,placed,1,"0,7"
107518,Cooler,Water,placed,1,1
107518,Cooler,Soft Drinks,placed,1,1
108946,Cooler,Water,placed,1,1
100815,Cooler,Soft Drinks,placed,1,2
100815,Cooler,Energy,placed,1,"0,7"
103051,Cooler,Water,placed,1,"1,5"
103051,Cooler,Soft Drinks,placed,1,2
103051,Cooler,Energy,placed,1,"0,7"
103349,Cooler,Soft Drinks,placed,1,1
101848,Cooler,Soft Drinks,placed,1,"1,5"
105838,Cooler,Soft Drinks,placed,2,"2,5"
105838,Fountain,Soft Drinks,placed,1,0
101584,Cooler,Water,placed,1,2
101584,Cooler,Soft Drinks,placed,1,2
101584,Cooler,Energy,placed,1,"0,7"
101452,Cooler,Water,placed,2,"2,5"
101452,Cooler,Soft Drinks,placed,1,2
101452,Cooler,Energy,placed,1,"0,7"
111052,Cooler,Water,placed,6,8
111052,Cooler,Soft Drinks,placed,2,"1,4"
109666,Cooler,Soft Drinks,placed,1,1
101600,Cooler,Soft Drinks,placed,1,1
105290,Cooler,Soft Drinks,placed,1,"1,5"
100349,Cooler,Water,placed,1,1
100349,Cooler,Soft Drinks,placed,2,2
109837,Cooler,Soft Drinks,placed,1,1
100040,Cooler,Soft Drinks,placed,1,2
101202,Cooler,Soft Drinks,placed,1,1
101203,Cooler,Soft Drinks,placed,1,1
100600,Cooler,Soft Drinks,placed,4,"5,5"
107492,Cooler,Soft Drinks,placed,1,1
100417,Cooler,Water,placed,1,"1,5"
100417,Cooler,Soft Drinks,placed,1,"1,5"
105852,Cooler,Soft Drinks,placed,1,1
106811,Cooler,Water,placed,1,1
109945,Cooler,Soft Drinks,placed,1,"1,5"
108938,Cooler,Water,placed,2,"2,5"
108938,Dispenser,Water,placed,2,0
103130,Cooler,Water,placed,1,"1,5"
103130,Cooler,Soft Drinks,placed,1,2
103130,Cooler,Energy,placed,1,"0,7"
105815,Cooler,Soft Drinks,placed,1,"1,5"
100889,Cooler,Soft Drinks,placed,1,1
100889,Cooler,Energy,placed,1,"0,7"
109397,Cooler,Soft Drinks,placed,1,1
109664,Cooler,Soft Drinks,placed,1,"0,7"
106008,Cooler,Soft Drinks,placed,1,2
109669,Cooler,Soft Drinks,placed,1,1
100407,Cooler,Juice,placed,1,1
109873,Cooler,Water,placed,2,"2,5"
109873,Cooler,Soft Drinks,placed,2,"2,7"
109873,Dispenser,Water,placed,2,0
100414,Cooler,Energy,placed,1,"0,7"
100410,Cooler,Water,placed,3,"3,5"
100410,Cooler,Soft Drinks,placed,2,"3,5"
111057,Cooler,Soft Drinks,placed,1,"0,7"
111057,Cooler,Soft Drinks,placed,2,"1,7"
111033,Cooler,Water,placed,2,"2,5"
111033,Cooler,Soft Drinks,placed,1,"0,7"
111033,Cooler,Soft Drinks,placed,5,8
111033,Fountain,Soft Drinks,placed,3,0
109874,Cooler,Water,placed,2,2
109874,Cooler,Soft Drinks,placed,3,4
109874,Cooler,Energy,placed,2,"0,6"
109874,Dispenser,Water,placed,2,0
111041,Cooler,Soft Drinks,placed,1,1
111041,Fountain,Soft Drinks,placed,16,0
108027,Cooler,Soft Drinks,placed,1,"1,5"
111072,Cooler,Water,placed,3,3
111072,Cooler,Soft Drinks,placed,2,2
111072,Cooler,Juice,placed,2,"0,6"
111072,Cooler,Energy,placed,1,"0,7"
111072,Fountain,Soft Drinks,placed,5,0
105288,Cooler,Soft Drinks,placed,3,4
105288,Cooler,Energy,placed,1,"0,3"
101317,Cooler,Juice,placed,1,"0,7"
108942,Cooler,Juice,placed,1,1
101549,Cooler,Water,placed,1,1
101549,Cooler,Soft Drinks,placed,1,"1,5"
109767,Coffee,Coffee ,placed,1,0
109767,Cooler,Soft Drinks,placed,1,2
100870,Cooler,Water,placed,1,1
100870,Cooler,Soft Drinks,placed,1,1
103332,Cooler,Soft Drinks,placed,1,"1,5"
101969,Cooler,Water,placed,2,"2,5"
101947,Cooler,Water,placed,1,1
104817,Cooler,Water,placed,1,1
104817,Cooler,Soft Drinks,placed,1,1
106198,Cooler,Soft Drinks,placed,1,1
102031,Cooler,Water,placed,1,"1,5"
102031,Cooler,Soft Drinks,placed,1,2
102031,Cooler,Energy,placed,1,"0,7"
100042,Cooler,Water,placed,1,"1,5"
106359,Cooler,Soft Drinks,placed,1,1
107376,Cooler,Soft Drinks,placed,4,4
107376,Cooler,Energy,placed,1,"0,3"
101748,Cooler,Soft Drinks,placed,2,"3,5"
112040,Cooler,Soft Drinks,placed,1,"1,5"
102017,Cooler,Water,placed,1,"1,5"
102017,Cooler,Soft Drinks,placed,1,"1,5"
102017,Cooler,Energy,placed,1,"0,7"
102017,Cooler,Energy,placed,1,1
103272,Cooler,Soft Drinks,placed,2,2
103272,Cooler,Juice,placed,1,1
103295,Cooler,Water,placed,1,1
103295,Cooler,Soft Drinks,placed,1,"1,5"
103295,Cooler,Energy,placed,1,"0,7"
103295,Cooler,Energy,placed,1,"0,7"
103367,Cooler,Soft Drinks,placed,1,1
103758,Cooler,Water,placed,1,2
103758,Cooler,Soft Drinks,placed,1,2
103758,Cooler,Energy,placed,1,"0,7"
103763,Coffee,Coffee ,placed,1,0
103763,Cooler,Water,placed,2,2
103763,Cooler,Soft Drinks,placed,1,2
103763,Cooler,Energy,placed,1,"0,7"
100723,Cooler,Soft Drinks,placed,2,"1,7"
101136,Cooler,Water,placed,1,"1,5"
101136,Cooler,Soft Drinks,placed,1,"1,5"
106232,Coffee,Coffee ,placed,2,0
106232,Cooler,Water,placed,1,"1,5"
106232,Cooler,Soft Drinks,placed,1,"1,5"
100821,Cooler,Soft Drinks,placed,2,3
100821,Cooler,Energy,placed,1,"0,7"
103844,Cooler,Water,placed,1,"1,5"
103844,Cooler,Soft Drinks,placed,1,"1,5"
103299,Cooler,Soft Drinks,placed,1,2
106203,Cooler,Soft Drinks,placed,1,1
105823,Cooler,Water,placed,3,"3,5"
105823,Cooler,Soft Drinks,placed,2,2
105823,Dispenser,Water,placed,1,0
105454,Cooler,Soft Drinks,placed,2,"1,4"
101550,Cooler,Water,placed,1,2
101550,Cooler,Soft Drinks,placed,1,2
101845,Cooler,Soft Drinks,placed,1,"1,5"
101318,Cooler,Soft Drinks,placed,2,2
111435,Cooler,Water,placed,1,1
107528,Cooler,Water,placed,2,3
107528,Cooler,Soft Drinks,placed,2,"3,5"
106759,Cooler,Soft Drinks,placed,2,"1,3"
106745,Cooler,Soft Drinks,placed,1,"0,3"
110636,Cooler,Water,placed,2,2
110636,Cooler,Soft Drinks,placed,1,1
110636,Cooler,Energy,placed,2,"0,6"
110634,Cooler,Water,placed,1,1
110634,Cooler,Soft Drinks,placed,4,4
111783,Cooler,Water,placed,5,6
111783,Cooler,Soft Drinks,placed,2,"0,6"
111783,Cooler,Soft Drinks,placed,21,"12,4"
111783,Cooler,Juice,placed,2,"1,3"
111783,Cooler,Energy,placed,1,"0,3"
111783,Fountain,Soft Drinks,placed,9,0
111783,Fountain,Soft Drinks,placed,1,0
103301,Cooler,Water,placed,1,1
103301,Cooler,Soft Drinks,placed,1,2
103301,Cooler,Energy,placed,1,"0,7"
104692,Cooler,Water,placed,1,1
104692,Cooler,Soft Drinks,placed,1,2
104692,Cooler,Energy,placed,1,"0,7"
109395,Cooler,Soft Drinks,placed,1,1
104551,Cooler,Water,placed,1,"1,5"
101463,Cooler,Water,placed,1,1
102011,Cooler,Soft Drinks,placed,4,"5,5"
102011,Cooler,Juice,placed,1,"0,3"
108024,Cooler,Soft Drinks,placed,3,4
100039,Cooler,Water,placed,1,1
100039,Cooler,Soft Drinks,placed,1,1
103292,Cooler,Water,placed,1,1
103292,Cooler,Soft Drinks,placed,3,"3,5"
102256,Cooler,Water,placed,1,1
102256,Cooler,Soft Drinks,placed,1,"1,5"
102256,Cooler,Energy,placed,1,"0,7"
101478,Cooler,Water,placed,1,1
101478,Cooler,Soft Drinks,placed,1,"1,5"
101466,Cooler,Water,placed,1,1
101466,Cooler,Soft Drinks,placed,1,2
110107,Cooler,Water,placed,2,3
110107,Cooler,Soft Drinks,placed,1,2
102010,Cooler,Soft Drinks,placed,1,2
101858,Cooler,Soft Drinks,placed,1,1
107313,Cooler,Juice,placed,1,1
100397,Cooler,Soft Drinks,placed,1,1
111038,Cooler,Soft Drinks,placed,3,5
111038,Fountain,Soft Drinks,placed,2,0
104820,Cooler,Soft Drinks,placed,1,2
104820,Cooler,Energy,placed,1,"0,3"
109937,Cooler,Energy,placed,1,"0,3"
104986,Cooler,Soft Drinks,placed,1,"1,5"
106948,Cooler,Water,placed,1,"1,5"
106948,Cooler,Soft Drinks,placed,1,"1,5"
106948,Cooler,Energy,placed,1,"0,7"
104801,Cooler,Soft Drinks,placed,1,1
108957,Cooler,Soft Drinks,placed,4,"4,3"
108957,Cooler,Juice,placed,1,1
108939,Cooler,Soft Drinks,placed,1,2
108939,Cooler,Juice,placed,1,1
101327,Cooler,Water,placed,3,"2,1"
101327,Cooler,Soft Drinks,placed,1,"0,3"
101327,Cooler,Juice,placed,2,"0,6"
109774,Cooler,Water,placed,1,1
109774,Cooler,Soft Drinks,placed,1,2
102020,Cooler,Water,placed,1,1
102020,Cooler,Soft Drinks,placed,1,"1,5"
101271,Cooler,Soft Drinks,placed,1,1
108506,Cooler,Soft Drinks,placed,1,1
108506,Cooler,Energy,placed,1,1
111808,Cooler,Soft Drinks,placed,2,1
111808,Fountain,Soft Drinks,placed,1,0
106366,Cooler,Soft Drinks,placed,2,"1,7"
101098,Cooler,Water,placed,1,"1,5"
102009,Cooler,Soft Drinks,placed,1,2
102009,Cooler,Energy,placed,1,"0,7"
101946,Cooler,Soft Drinks,placed,3,3
101996,Cooler,Water,placed,1,1
101996,Cooler,Soft Drinks,placed,1,2
105285,Coffee,Coffee ,placed,4,0
105285,Cooler,Soft Drinks,placed,1,"0,7"
103804,Cooler,Soft Drinks,placed,1,1
101837,Cooler,Soft Drinks,placed,1,1
105801,Cooler,Soft Drinks,placed,1,2
105809,Cooler,Water,placed,1,1
105809,Cooler,Soft Drinks,placed,2,"2,5"
105809,Dispenser,Water,placed,1,0
101469,Cooler,Water,placed,2,2
101469,Cooler,Soft Drinks,placed,1,2
101469,Cooler,Energy,placed,1,"0,7"
102007,Coffee,Coffee ,placed,1,0
102007,Cooler,Water,placed,1,"1,5"
102007,Cooler,Soft Drinks,placed,2,3
101945,Cooler,Water,placed,3,4
101547,Cooler,Soft Drinks,placed,1,"0,7"
105799,Cooler,Soft Drinks,placed,1,1
109828,Cooler,Juice,placed,1,1
101471,Cooler,Soft Drinks,placed,1,"1,5"
101471,Cooler,Energy,placed,1,"0,7"
101809,Cooler,Soft Drinks,placed,1,2
109631,Cooler,Soft Drinks,placed,1,1
110532,Cooler,Water,placed,1,1
109376,Cooler,Soft Drinks,placed,1,2
109376,Cooler,Energy,placed,1,"0,3"
100411,Cooler,Water,placed,1,"1,5"
100411,Cooler,Soft Drinks,placed,1,"1,5"
101652,Cooler,Soft Drinks,placed,1,1
105286,Cooler,Water,placed,1,1
104872,Cooler,Water,placed,1,1
104872,Cooler,Juice,placed,1,1
107338,Cooler,Soft Drinks,placed,1,1
106476,Cooler,Soft Drinks,placed,1,"0,3"
104829,Cooler,Soft Drinks,placed,1,1
104829,Cooler,Juice,placed,1,"0,3"
111421,Cooler,Soft Drinks,placed,3,"2,6"
111423,Cooler,Water,placed,1,1
111423,Cooler,Soft Drinks,placed,1,2
111423,Cooler,Juice,placed,3,5
101836,Cooler,Water,placed,1,"1,5"
101836,Cooler,Soft Drinks,placed,1,2
101836,Cooler,Energy,placed,1,"0,7"
101835,Cooler,Water,placed,2,2
101835,Cooler,Soft Drinks,placed,2,2
106633,Cooler,Soft Drinks,placed,2,3
106633,Cooler,Energy,placed,1,"0,7"
106633,Cooler,Energy,placed,1,"0,7"
101752,Cooler,Soft Drinks,placed,1,1
101762,Cooler,Soft Drinks,placed,1,2
101840,Cooler,Soft Drinks,placed,1,1
102238,Cooler,Soft Drinks,placed,1,1
102008,Cooler,Soft Drinks,placed,1,1
101754,Cooler,Soft Drinks,placed,1,2
101650,Cooler,Water,placed,1,"1,5"
101650,Cooler,Soft Drinks,placed,1,"1,5"
106208,Cooler,Soft Drinks,placed,1,1
111787,Cooler,Soft Drinks,placed,2,4
111787,Dispenser,Water,placed,1,0
104977,Cooler,Water,placed,1,1
104977,Cooler,Soft Drinks,placed,1,1
104997,Cooler,Energy,placed,1,1
106741,Cooler,Soft Drinks,placed,2,"1,3"
106746,Cooler,Water,placed,1,1
106746,Cooler,Soft Drinks,placed,1,"0,3"
106746,Cooler,Soft Drinks,placed,1,"0,3"
101434,Cooler,Water,placed,1,"1,5"
101434,Cooler,Soft Drinks,placed,1,1
101756,Cooler,Soft Drinks,placed,1,2
108888,Cooler,Water,placed,1,1
108888,Dispenser,Water,placed,2,0
111612,Cooler,Soft Drinks,placed,2,2
111612,Cooler,Energy,placed,1,1
106921,Cooler,Soft Drinks,placed,1,2
103250,Cooler,Soft Drinks,placed,1,2
103853,Cooler,Soft Drinks,placed,1,"1,5"
110638,Cooler,Water,placed,3,4
110638,Cooler,Soft Drinks,placed,1,1
110638,Cooler,Energy,placed,1,"0,7"
110638,Cooler,Energy,placed,1,"0,3"
107051,Cooler,Soft Drinks,placed,1,1
107051,Cooler,Juice,placed,1,1
100016,Cooler,Water,placed,1,1
100016,Cooler,Soft Drinks,placed,1,1
100016,Cooler,Energy,placed,1,"0,7"
109881,Cooler,Water,placed,3,"3,5"
109881,Cooler,Soft Drinks,placed,1,"1,5"
101914,Cooler,Water,placed,2,2
101914,Cooler,Soft Drinks,placed,2,4
101108,Cooler,Water,placed,1,1
101108,Cooler,Soft Drinks,placed,1,1
107391,Cooler,Water,placed,3,"3,5"
107391,Cooler,Soft Drinks,placed,2,2
111011,Cooler,Soft Drinks,placed,1,"0,3"
103354,Cooler,Soft Drinks,placed,1,"1,5"
104329,Cooler,Soft Drinks,placed,1,2
109378,Cooler,Juice,placed,1,1
109834,Cooler,Soft Drinks,placed,2,"1,3"
109834,Cooler,Energy,placed,1,"0,3"
100053,Cooler,Water,placed,1,2
101139,Cooler,Water,placed,1,2
104371,Cooler,Water,placed,2,2
104371,Cooler,Soft Drinks,placed,1,"0,7"
104371,Cooler,Energy,placed,1,"0,7"
106013,Cooler,Soft Drinks,placed,1,1
104857,Cooler,Energy,placed,1,1
111515,Cooler,Soft Drinks,placed,1,"0,7"
111515,Cooler,Juice,placed,1,1
103171,Cooler,Soft Drinks,placed,1,"1,5"
101871,Cooler,Soft Drinks,placed,1,"1,5"
106411,Cooler,Soft Drinks,placed,1,1
109890,Cooler,Water,placed,1,1
109890,Dispenser,Water,placed,1,0
108034,Cooler,Soft Drinks,placed,1,1
108890,Cooler,Soft Drinks,placed,2,"0,6"
101107,Cooler,Water,placed,1,1
101107,Cooler,Soft Drinks,placed,2,"2,5"
111289,Cooler,Soft Drinks,placed,1,1
101757,Cooler,Soft Drinks,placed,1,2
104693,Cooler,Soft Drinks,placed,1,"0,7"
104693,Cooler,Soft Drinks,placed,2,4
105818,Cooler,Soft Drinks,placed,1,1
111018,Cooler,Water,placed,1,1
111018,Cooler,Soft Drinks,placed,5,"4,7"
111018,Fountain,Soft Drinks,placed,2,0
109223,Cooler,Soft Drinks,placed,1,1
105720,Cooler,Water,placed,1,1
111827,Cooler,Soft Drinks,placed,1,1
103251,Cooler,Soft Drinks,placed,1,1
104880,Cooler,Juice,placed,3,"1,3"
101474,Cooler,Soft Drinks,placed,1,1
101649,Cooler,Water,placed,2,"2,5"
101649,Cooler,Energy,placed,1,"0,7"
103223,Cooler,Water,placed,2,3
103223,Cooler,Soft Drinks,placed,1,2
100728,Cooler,Soft Drinks,placed,1,2
104866,Cooler,Water,placed,1,"1,5"
104866,Cooler,Soft Drinks,placed,1,"1,5"
106911,Cooler,Water,placed,1,1
101144,Cooler,Soft Drinks,placed,1,1
106201,Cooler,Soft Drinks,placed,1,1
106201,Cooler,Energy,placed,1,"0,7"
111939,Cooler,Soft Drinks,placed,1,"1,5"
103795,Cooler,Water,placed,1,1
103795,Cooler,Soft Drinks,placed,1,"1,5"
111912,Cooler,Soft Drinks,placed,3,3
111912,Cooler,Juice,placed,1,1
109768,Cooler,Soft Drinks,placed,1,1
100416,Cooler,Soft Drinks,placed,1,2
101768,Cooler,Water,placed,1,"1,5"
104979,Coffee,Coffee ,placed,2,0
104979,Cooler,Soft Drinks,placed,1,1
104979,Cooler,Juice,placed,1,"0,3"
102611,Cooler,Water,placed,2,"3,5"
102611,Cooler,Soft Drinks,placed,2,3
103363,Cooler,Water,placed,1,"1,5"
103363,Cooler,Soft Drinks,placed,2,3
103363,Cooler,Energy,placed,2,"1,4"
101975,Cooler,Water,placed,1,"1,5"
101975,Cooler,Soft Drinks,placed,1,2
112107,Cooler,Soft Drinks,placed,1,1
112107,Cooler,Soft Drinks,placed,1,1
111940,Cooler,Soft Drinks,placed,1,2
103213,Coffee,Coffee ,placed,1,0
110836,Cooler,Soft Drinks,placed,7,"6,1"
110836,Dispenser,Water,placed,1,0
101475,Cooler,Soft Drinks,placed,1,1
101475,Cooler,Juice,placed,1,1
100328,Cooler,Soft Drinks,placed,2,3
101553,Cooler,Water,placed,1,"1,5"
101553,Cooler,Soft Drinks,placed,1,2
101553,Cooler,Energy,placed,1,"0,7"
104694,Cooler,Soft Drinks,placed,1,1
101974,Cooler,Soft Drinks,placed,1,2
104695,Cooler,Soft Drinks,placed,1,"1,5"
106228,Cooler,Soft Drinks,placed,1,1
104374,Cooler,Water,placed,1,"1,5"
104374,Cooler,Soft Drinks,placed,1,1
104846,Cooler,Soft Drinks,placed,1,1
104830,Dispenser,Water,placed,1,0
104827,Cooler,Soft Drinks,placed,1,"0,3"
101201,Coffee,Coffee ,placed,2,0
101201,Cooler,Soft Drinks,placed,1,2
111427,Dispenser,Water,placed,1,0
106743,Dispenser,Water,placed,1,0
111020,Cooler,Soft Drinks,placed,4,4
101758,Cooler,Soft Drinks,placed,1,"1,5"
104823,Cooler,Soft Drinks,placed,1,"0,3"
104823,Cooler,Energy,placed,1,"0,3"
110926,Fountain,Soft Drinks,placed,2,0
109400,Cooler,Soft Drinks,placed,1,1
110805,Cooler,Water,placed,1,1
110805,Cooler,Soft Drinks,placed,1,1
110805,Dispenser,Water,placed,1,0
104420,Cooler,Soft Drinks,placed,2,2
102006,Cooler,Water,placed,2,3
102006,Cooler,Soft Drinks,placed,1,2
102006,Cooler,Energy,placed,1,"0,7"
108029,Dispenser,Water,placed,1,0
104698,Cooler,Water,placed,1,"1,5"
111574,Cooler,Water,placed,1,1
111574,Cooler,Juice,placed,1,1
101130,Cooler,Soft Drinks,placed,1,2
106515,Cooler,Soft Drinks,placed,1,1
101476,Cooler,Soft Drinks,placed,1,1
106939,Cooler,Water,placed,1,"1,5"
106939,Cooler,Soft Drinks,placed,2,"2,5"
106939,Cooler,Energy,placed,1,"0,7"
101783,Cooler,Water,placed,1,1
101783,Cooler,Soft Drinks,placed,1,2
105031,Cooler,Soft Drinks,placed,5,7
105031,Cooler,Energy,placed,1,"0,7"
105031,Cooler,Juice,placed,1,1
104972,Coffee,Coffee ,placed,2,0
104972,Cooler,Water,placed,1,"1,5"
104825,Cooler,Soft Drinks,placed,1,"1,5"
101324,Cooler,Soft Drinks,placed,1,1
101810,Cooler,Water,placed,1,"1,5"
101810,Cooler,Soft Drinks,placed,1,1
101810,Cooler,Energy,placed,1,"0,7"
111218,Cooler,Soft Drinks,placed,1,1
107399,Cooler,Soft Drinks,placed,1,2
102110,Cooler,Soft Drinks,placed,1,1
101042,Cooler,Water,placed,1,1
103128,Cooler,Soft Drinks,placed,1,"1,5"
102575,Cooler,Water,placed,1,1
102575,Cooler,Soft Drinks,placed,1,1
101826,Cooler,Water,placed,1,1
110884,Cooler,Soft Drinks,placed,3,2
110884,Cooler,Juice,placed,1,1
101816,Cooler,Soft Drinks,placed,1,"1,5"
101230,Cooler,Soft Drinks,placed,1,"1,5"
101230,Dispenser,Water,placed,1,0
100744,Cooler,Soft Drinks,placed,1,2
110219,Cooler,Soft Drinks,placed,1,2
104370,Cooler,Water,placed,1,"1,5"
104370,Cooler,Soft Drinks,placed,1,"1,5"
101759,Cooler,Water,placed,1,2
101759,Cooler,Soft Drinks,placed,1,1
106657,Cooler,Soft Drinks,placed,2,3
106657,Cooler,Energy,placed,1,"0,7"
101467,Cooler,Water,placed,1,1
101467,Cooler,Soft Drinks,placed,1,2
105962,Cooler,Soft Drinks,placed,1,1
102137,Cooler,Water,placed,1,1
102137,Cooler,Soft Drinks,placed,1,2
103109,Cooler,Water,placed,1,"1,5"
103109,Cooler,Soft Drinks,placed,1,2
106427,Cooler,Soft Drinks,placed,1,1
104360,Cooler,Water,placed,1,"1,5"
104360,Cooler,Soft Drinks,placed,1,"1,5"
104360,Cooler,Energy,placed,1,"0,7"
106358,Cooler,Soft Drinks,placed,1,1
103252,Cooler,Soft Drinks,placed,1,2
108102,Cooler,Soft Drinks,placed,2,2
108102,Cooler,Juice,placed,1,"0,3"
101684,Cooler,Soft Drinks,placed,1,1
105741,Cooler,Water,placed,2,3
105741,Cooler,Soft Drinks,placed,4,4
105741,Cooler,Juice,placed,1,1
105741,Cooler,Energy,placed,1,1
101444,Cooler,Water,placed,1,1
101444,Cooler,Soft Drinks,placed,1,2
100422,Cooler,Soft Drinks,placed,1,2
101555,Cooler,Soft Drinks,placed,1,2
102253,Cooler,Water,placed,1,1
102580,Cooler,Water,placed,1,"1,5"
102580,Cooler,Soft Drinks,placed,1,"1,5"
109901,Cooler,Soft Drinks,placed,1,"0,7"
100010,Cooler,Soft Drinks,placed,1,"1,5"
106010,Cooler,Soft Drinks,placed,1,1
102560,Cooler,Water,placed,1,"1,5"
102560,Cooler,Soft Drinks,placed,1,1
102614,Cooler,Water,placed,2,"3,5"
101473,Cooler,Water,placed,1,1
101473,Cooler,Soft Drinks,placed,1,"1,5"
101473,Cooler,Energy,placed,1,"0,7"
104697,Cooler,Soft Drinks,placed,1,"1,5"
102971,Cooler,Soft Drinks,placed,1,"1,5"
102526,Cooler,Juice,placed,1,1
101437,Cooler,Soft Drinks,placed,1,2
101437,Cooler,Energy,placed,1,"0,7"
104873,Cooler,Soft Drinks,placed,2,2
101760,Cooler,Soft Drinks,placed,1,2
104543,Cooler,Water,placed,1,"1,5"
104543,Cooler,Soft Drinks,placed,1,"1,5"
100844,Cooler,Soft Drinks,placed,1,1
102033,Cooler,Soft Drinks,placed,1,2
102033,Cooler,Energy,placed,1,"0,7"
106905,Cooler,Water,placed,1,1
103309,Cooler,Soft Drinks,placed,1,"1,5"
111893,Cooler,Water,placed,1,2
106235,Coffee,Coffee ,placed,2,0
106235,Cooler,Water,placed,1,"1,5"
106235,Cooler,Soft Drinks,placed,2,"2,5"
106235,Cooler,Energy,placed,1,"0,7"
101761,Cooler,Soft Drinks,placed,1,"1,5"
111121,Cooler,Water,placed,1,1
111121,Cooler,Soft Drinks,placed,1,"0,7"
106404,Cooler,Water,placed,1,1
110223,Cooler,Soft Drinks,placed,2,2
103218,Cooler,Soft Drinks,placed,1,2
103218,Cooler,Energy,placed,1,"0,7"
109660,Cooler,Soft Drinks,placed,1,"0,7"
100035,Cooler,Water,placed,1,"1,5"
104811,Coffee,Coffee ,placed,3,0
104811,Cooler,Soft Drinks,placed,4,"3,5"
102042,Cooler,Water,placed,1,1
102042,Cooler,Soft Drinks,placed,1,2
102042,Cooler,Energy,placed,1,"0,7"
101647,Cooler,Water,placed,1,1
101647,Cooler,Soft Drinks,placed,1,2
110388,Cooler,Soft Drinks,placed,1,"0,7"
109626,Cooler,Soft Drinks,placed,1,1
101479,Cooler,Soft Drinks,placed,1,1
111259,Cooler,Soft Drinks,placed,2,"1,3"
111259,Cooler,Energy,placed,1,"0,7"
111259,Dispenser,Water,placed,2,0
100692,Cooler,Water,placed,1,1
100692,Cooler,Soft Drinks,placed,1,1
109651,Cooler,Soft Drinks,placed,1,1
110110,Cooler,Soft Drinks,placed,1,1
104368,Cooler,Water,placed,1,1
104368,Cooler,Soft Drinks,placed,1,2
104368,Cooler,Energy,placed,1,"0,7"
101219,Cooler,Water,placed,1,1
101219,Cooler,Soft Drinks,placed,1,1
100027,Coffee,Coffee ,placed,4,0
100027,Cooler,Soft Drinks,placed,1,"1,5"
110838,Cooler,Soft Drinks,placed,1,1
105043,Cooler,Soft Drinks,placed,3,2
105043,Fountain,Soft Drinks,placed,1,0
101405,Cooler,Soft Drinks,placed,2,2
101405,Cooler,Energy,placed,1,"0,7"
101833,Cooler,Water,placed,1,1
101833,Cooler,Soft Drinks,placed,1,1
107371,Cooler,Water,placed,5,5
107371,Cooler,Soft Drinks,placed,3,"1,6"
107525,Cooler,Water,placed,3,"3,5"
107525,Cooler,Soft Drinks,placed,3,"3,3"
105719,Cooler,Soft Drinks,placed,3,3
101137,Cooler,Soft Drinks,placed,1,"1,5"
102527,Cooler,Water,placed,2,2
103333,Cooler,Water,placed,1,1
103333,Cooler,Soft Drinks,placed,1,2
101645,Cooler,Soft Drinks,placed,1,2
111982,Cooler,Soft Drinks,placed,1,1
108891,Cooler,Soft Drinks,placed,2,2
107499,Cooler,Soft Drinks,placed,3,"2,3"
107499,Cooler,Juice,placed,1,1
107270,Cooler,Water,placed,1,1
101831,Cooler,Soft Drinks,placed,1,1
103826,Cooler,Soft Drinks,placed,1,"1,5"
101873,Cooler,Soft Drinks,placed,2,4
108096,Cooler,Water,placed,1,1
108096,Cooler,Soft Drinks,placed,4,4
108096,Dispenser,Water,placed,1,0
111231,Cooler,Water,placed,1,1
107055,Cooler,Water,placed,1,1
107055,Cooler,Soft Drinks,placed,1,2
100905,Cooler,Soft Drinks,placed,1,1
111921,Cooler,Water,placed,2,"2,5"
107498,Cooler,Soft Drinks,placed,1,1
101797,Cooler,Water,placed,2,2
101461,Cooler,Soft Drinks,placed,1,2
109663,Cooler,Energy,placed,1,"0,7"
101495,Cooler,Water,placed,1,1
101495,Cooler,Soft Drinks,placed,1,2
110633,Cooler,Soft Drinks,placed,1,1
101796,Cooler,Water,placed,1,"1,5"
101796,Cooler,Soft Drinks,placed,2,"3,5"
101796,Cooler,Energy,placed,1,"0,7"
101798,Cooler,Water,placed,1,2
101798,Cooler,Soft Drinks,placed,1,"1,5"
104947,Cooler,Soft Drinks,placed,2,3
103258,Cooler,Water,placed,2,"2,5"
102539,Cooler,Water,placed,1,1
102539,Cooler,Soft Drinks,placed,1,2
102539,Cooler,Energy,placed,1,1
101223,Cooler,Water,placed,1,1
101223,Cooler,Soft Drinks,placed,1,1
111131,Cooler,Soft Drinks,placed,2,2
111131,Fountain,Soft Drinks,placed,6,0
101106,Cooler,Water,placed,4,"5,5"
101106,Cooler,Soft Drinks,placed,1,"0,7"
101106,Cooler,Soft Drinks,placed,3,"2,8"
101106,Cooler,Energy,placed,1,"0,3"
102531,Cooler,Soft Drinks,placed,1,"1,5"
102429,Cooler,Water,placed,1,1
102429,Cooler,Soft Drinks,placed,1,1
101120,Cooler,Energy,placed,1,"0,7"
106221,Cooler,Soft Drinks,placed,1,1
106296,Cooler,Soft Drinks,placed,1,1
110225,Cooler,Soft Drinks,placed,1,1
101913,Cooler,Water,placed,1,1
101913,Cooler,Soft Drinks,placed,1,2
102098,Cooler,Water,placed,1,1
102098,Cooler,Soft Drinks,placed,1,2
102098,Cooler,Energy,placed,1,"0,7"
112024,Cooler,Water,placed,1,1
112024,Cooler,Soft Drinks,placed,1,1
101787,Cooler,Water,placed,1,1
101787,Cooler,Soft Drinks,placed,1,2
101787,Cooler,Energy,placed,1,"0,7"
109621,Cooler,Soft Drinks,placed,1,1
111426,Cooler,Soft Drinks,placed,4,4
111426,Dispenser,Water,placed,1,0
102246,Cooler,Soft Drinks,placed,1,1
103262,Cooler,Soft Drinks,placed,1,"1,5"
101912,Cooler,Water,placed,1,1
101912,Cooler,Soft Drinks,placed,1,1
102534,Coffee,Coffee ,placed,2,0
102534,Cooler,Water,placed,1,1
102534,Cooler,Soft Drinks,placed,2,"3,5"
102534,Cooler,Energy,placed,1,"0,7"
102534,Cooler,Energy,placed,1,"0,7"
101830,Cooler,Soft Drinks,placed,2,3
101830,Cooler,Energy,placed,1,"0,7"
101786,Coffee,Coffee ,placed,1,0
101786,Cooler,Soft Drinks,placed,1,2
101786,Cooler,Energy,placed,1,"0,7"
101828,Cooler,Soft Drinks,placed,1,"1,5"
105676,Cooler,Water,placed,1,1
105676,Cooler,Soft Drinks,placed,4,"4,7"
105676,Cooler,Energy,placed,1,"0,7"
105676,Dispenser,Water,placed,2,0
104363,Cooler,Soft Drinks,placed,1,1
105722,Cooler,Soft Drinks,placed,1,"1,5"
111111,Cooler,Water,placed,1,1
102588,Cooler,Soft Drinks,placed,2,3
111216,Cooler,Soft Drinks,placed,4,"3,3"
102237,Cooler,Soft Drinks,placed,1,"1,5"
101911,Cooler,Soft Drinks,placed,1,2
101911,Cooler,Energy,placed,1,"0,7"
108989,Cooler,Soft Drinks,placed,2,3
103249,Cooler,Soft Drinks,placed,1,2
101690,Cooler,Soft Drinks,placed,1,1
106389,Cooler,Soft Drinks,placed,1,"0,3"
101827,Cooler,Soft Drinks,placed,1,1
103221,Cooler,Water,placed,2,2
103221,Cooler,Soft Drinks,placed,1,2
103221,Cooler,Energy,placed,1,"0,7"
103222,Cooler,Soft Drinks,placed,1,2
103222,Cooler,Energy,placed,1,"0,7"
104671,Cooler,Soft Drinks,placed,1,1
103825,Cooler,Soft Drinks,placed,1,2
103825,Cooler,Energy,placed,1,1
101785,Cooler,Water,placed,1,1
101785,Cooler,Soft Drinks,placed,1,"1,5"
101785,Cooler,Energy,placed,1,1
110510,Cooler,Soft Drinks,placed,1,1
109354,Cooler,Soft Drinks,placed,2,"1,7"
101556,Cooler,Soft Drinks,placed,1,1
102559,Cooler,Water,placed,1,"1,5"
102559,Cooler,Soft Drinks,placed,1,2
102559,Cooler,Energy,placed,1,"0,7"
100902,Cooler,Water,placed,1,1
100902,Cooler,Energy,placed,1,"0,7"
101849,Cooler,Water,placed,1,1
101849,Cooler,Soft Drinks,placed,1,1
105961,Cooler,Water,placed,1,"1,5"
105961,Cooler,Soft Drinks,placed,2,3
105961,Cooler,Juice,placed,1,2
105960,Cooler,Water,placed,1,"1,5"
105960,Cooler,Soft Drinks,placed,1,"0,3"
105960,Dispenser,Water,placed,2,0
110218,Cooler,Water,placed,1,1
100404,Cooler,Water,placed,2,"2,5"
100404,Cooler,Soft Drinks,placed,1,2
100404,Cooler,Energy,placed,2,1
111112,Cooler,Soft Drinks,placed,3,3
104848,Cooler,Water,placed,1,"1,5"
103757,Cooler,Soft Drinks,placed,1,2
103757,Cooler,Energy,placed,1,"0,7"
101999,Cooler,Soft Drinks,placed,1,1
109899,Cooler,Soft Drinks,placed,1,1
101644,Cooler,Water,placed,2,"2,5"
101644,Cooler,Soft Drinks,placed,1,"0,7"
101644,Cooler,Energy,placed,1,"0,7"
102167,Cooler,Soft Drinks,placed,1,2
101856,Cooler,Water,placed,1,"1,5"
101856,Cooler,Energy,placed,1,"0,7"
109406,Cooler,Soft Drinks,placed,1,"1,5"
110840,Cooler,Water,placed,1,1
110840,Cooler,Soft Drinks,placed,2,"1,3"
107495,Cooler,Water,placed,3,3
107495,Cooler,Soft Drinks,placed,2,2
107495,Cooler,Energy,placed,1,"0,7"
106024,Cooler,Soft Drinks,placed,1,"1,5"
105821,Cooler,Soft Drinks,placed,1,2
102073,Cooler,Soft Drinks,placed,1,2
106302,Cooler,Water,placed,1,1
108208,Cooler,Water,placed,1,"1,5"
108208,Dispenser,Water,placed,1,0
103765,Cooler,Soft Drinks,placed,2,3
103765,Cooler,Energy,placed,1,"0,7"
100899,Coffee,Coffee ,placed,2,0
100899,Cooler,Water,placed,2,3
100899,Cooler,Soft Drinks,placed,1,"0,7"
100899,Cooler,Soft Drinks,placed,1,2
102743,Cooler,Soft Drinks,placed,1,1
103172,Cooler,Water,placed,1,"1,5"
104845,Cooler,Soft Drinks,placed,1,1
112075,Cooler,Water,placed,1,"1,5"
112075,Cooler,Soft Drinks,placed,1,"1,5"
112075,Cooler,Energy,placed,2,"1,4"
101740,Cooler,Water,placed,1,1
101740,Cooler,Soft Drinks,placed,1,"1,5"
111113,Cooler,Water,placed,1,1
102586,Cooler,Soft Drinks,placed,1,"1,5"
102586,Cooler,Energy,placed,1,1
109880,Cooler,Soft Drinks,placed,1,"1,5"
106940,Cooler,Soft Drinks,placed,1,"1,5"
106940,Cooler,Energy,placed,1,"0,7"
110787,Cooler,Water,placed,2,2
110787,Cooler,Soft Drinks,placed,3,"3,7"
110787,Dispenser,Water,placed,2,0
111223,Cooler,Water,placed,1,1
111223,Cooler,Soft Drinks,placed,1,1
109362,Cooler,Soft Drinks,placed,1,1
103769,Cooler,Water,placed,1,1
103769,Cooler,Soft Drinks,placed,1,2
103769,Cooler,Energy,placed,1,"0,7"
103823,Cooler,Water,placed,1,2
101910,Cooler,Soft Drinks,placed,1,2
101726,Cooler,Water,placed,2,2
101726,Cooler,Soft Drinks,placed,2,3
101726,Cooler,Energy,placed,1,"0,7"
101726,Cooler,Energy,placed,1,"0,7"
102585,Cooler,Soft Drinks,placed,1,"1,5"
100014,Cooler,Soft Drinks,placed,3,4
109322,Cooler,Soft Drinks,placed,1,1
111439,Cooler,Water,placed,3,3
111439,Dispenser,Water,placed,4,0
111439,Dispenser,Water,placed,1,0
106382,Cooler,Water,placed,5,5
106382,Cooler,Soft Drinks,placed,1,1
101558,Cooler,Soft Drinks,placed,2,2
100748,Cooler,Water,placed,1,"1,5"
100748,Cooler,Soft Drinks,placed,1,1
105828,Cooler,Soft Drinks,placed,1,1
104536,Cooler,Water,placed,1,"1,5"
104536,Cooler,Soft Drinks,placed,1,2
102102,Cooler,Soft Drinks,placed,1,1
107125,Cooler,Soft Drinks,placed,2,"2,2"
107125,Cooler,Energy,placed,1,"0,7"
109830,Cooler,Soft Drinks,placed,1,"0,7"
101563,Cooler,Soft Drinks,placed,1,1
110775,Cooler,Soft Drinks,placed,1,1
111425,Cooler,Soft Drinks,placed,4,5
111425,Dispenser,Water,placed,1,0
106742,Cooler,Soft Drinks,placed,1,1
111130,Cooler,Water,placed,3,3
111130,Cooler,Soft Drinks,placed,1,1
111130,Fountain,Soft Drinks,placed,2,0
111130,Dispenser,Water,placed,2,0
100424,Cooler,Water,placed,1,2
100424,Cooler,Soft Drinks,placed,1,2
100424,Cooler,Energy,placed,3,"2,1"
110764,Cooler,Soft Drinks,placed,4,"2,3"
102574,Cooler,Water,placed,1,1
102574,Cooler,Soft Drinks,placed,1,"1,5"
100043,Coffee,Coffee ,placed,2,0
100043,Cooler,Water,placed,2,3
100043,Cooler,Soft Drinks,placed,1,2
100043,Cooler,Energy,placed,1,"0,7"
103173,Cooler,Water,placed,1,"1,5"
103173,Cooler,Soft Drinks,placed,1,"1,5"
111152,Fountain,Soft Drinks,placed,14,0
111152,Dispenser,Water,placed,12,0
106931,Cooler,Water,placed,3,4
106931,Cooler,Soft Drinks,placed,2,"3,5"
106931,Cooler,Energy,placed,1,"0,7"
109527,Cooler,Water,placed,1,1
104376,Cooler,Water,placed,1,1
104376,Cooler,Soft Drinks,placed,1,2
102528,Cooler,Water,placed,1,1
102528,Cooler,Soft Drinks,placed,1,2
103829,Cooler,Water,placed,2,2
103829,Cooler,Soft Drinks,placed,1,"1,5"
101887,Cooler,Soft Drinks,placed,3,"4,2"
109243,Cooler,Soft Drinks,placed,1,1
101483,Cooler,Water,placed,1,1
101483,Cooler,Soft Drinks,placed,1,2
102130,Cooler,Water,placed,1,"1,5"
102130,Cooler,Soft Drinks,placed,1,"1,5"
111120,Cooler,Soft Drinks,placed,2,"1,7"
111120,Fountain,Soft Drinks,placed,4,0
108923,Cooler,Water,placed,1,1
108923,Cooler,Soft Drinks,placed,1,1
110136,Cooler,Water,placed,3,3
110136,Cooler,Soft Drinks,placed,2,"2,5"
106748,Cooler,Juice,placed,1,1
103174,Coffee,Coffee ,placed,2,0
103174,Cooler,Water,placed,1,"1,5"
103174,Cooler,Energy,placed,1,"0,7"
106273,Cooler,Water,placed,1,1
106273,Cooler,Soft Drinks,placed,1,1
101985,Cooler,Soft Drinks,placed,1,"1,5"
101985,Cooler,Energy,placed,1,"0,7"
105036,Cooler,Soft Drinks,placed,1,"1,5"
101712,Cooler,Water,placed,1,1
101211,Cooler,Energy,placed,1,"0,7"
101908,Coffee,Coffee ,placed,2,0
101908,Cooler,Water,placed,1,"1,5"
101908,Cooler,Soft Drinks,placed,2,3
101908,Cooler,Energy,placed,1,"0,7"
103841,Cooler,Water,placed,1,"1,5"
103841,Cooler,Soft Drinks,placed,1,2
102107,Cooler,Soft Drinks,placed,1,"1,5"
106758,Cooler,Soft Drinks,placed,1,"0,3"
106758,Cooler,Soft Drinks,placed,1,1
106758,Cooler,Juice,placed,1,"0,3"
106758,Dispenser,Water,placed,1,0
106807,Cooler,Water,placed,1,1
106807,Cooler,Soft Drinks,placed,5,"2,9"
106807,Dispenser,Water,placed,2,0
109363,Cooler,Soft Drinks,placed,1,1
101552,Cooler,Juice,placed,1,1
109781,Cooler,Water,placed,1,1
109781,Cooler,Soft Drinks,placed,1,1
102521,Cooler,Water,placed,1,1
102521,Cooler,Soft Drinks,placed,1,2
101162,Dispenser,Water,placed,1,0
101123,Cooler,Water,placed,2,2
102747,Cooler,Water,placed,1,1
102747,Cooler,Soft Drinks,placed,2,3
102747,Cooler,Energy,placed,1,"0,7"
102747,Cooler,Energy,placed,1,"0,7"
101076,Cooler,Water,placed,1,1
101076,Cooler,Soft Drinks,placed,1,2
101076,Cooler,Energy,placed,1,"0,7"
101418,Cooler,Water,placed,1,1
101418,Cooler,Soft Drinks,placed,1,"1,5"
110666,Coffee,Coffee ,placed,1,0
110666,Cooler,Water,placed,2,2
110666,Cooler,Soft Drinks,placed,1,1
101221,Cooler,Soft Drinks,placed,1,"0,7"
103359,Cooler,Water,placed,1,1
103359,Cooler,Energy,placed,1,"0,7"
103359,Cooler,Energy,placed,1,"0,7"
108924,Cooler,Soft Drinks,placed,1,1
106984,Cooler,Soft Drinks,placed,2,"2,5"
103789,Cooler,Soft Drinks,placed,1,1
103819,Cooler,Soft Drinks,placed,2,4
103819,Cooler,Energy,placed,1,"0,7"
110211,Cooler,Soft Drinks,placed,1,1
102488,Cooler,Water,placed,1,"1,5"
102488,Cooler,Soft Drinks,placed,2,3
111447,Cooler,Water,placed,1,1
111447,Cooler,Soft Drinks,placed,3,"2,7"
100342,Cooler,Soft Drinks,placed,1,1
105795,Cooler,Soft Drinks,placed,3,3
105795,Cooler,Energy,placed,1,"0,7"
103264,Cooler,Water,placed,1,"1,5"
103264,Cooler,Soft Drinks,placed,2,3
104365,Dispenser,Water,placed,1,0
103175,Cooler,Soft Drinks,placed,1,"1,5"
101096,Cooler,Water,placed,1,2
101728,Cooler,Soft Drinks,placed,1,"1,5"
101728,Cooler,Juice,placed,1,1
104545,Cooler,Water,placed,3,"3,5"
101755,Cooler,Soft Drinks,placed,1,"1,5"
110070,Cooler,Soft Drinks,placed,1,1
103302,Cooler,Water,placed,1,1
103302,Cooler,Soft Drinks,placed,2,3
111159,Cooler,Soft Drinks,placed,1,1
111159,Fountain,Soft Drinks,placed,5,0
106422,Cooler,Soft Drinks,placed,1,"0,7"
106422,Cooler,Juice,placed,1,"0,7"
103053,Cooler,Water,placed,1,1
103053,Cooler,Soft Drinks,placed,1,"1,5"
102582,Cooler,Soft Drinks,placed,1,2
102582,Cooler,Energy,placed,1,"0,7"
111919,Cooler,Soft Drinks,placed,1,1
106406,Cooler,Soft Drinks,placed,1,1
101665,Cooler,Soft Drinks,placed,1,1
106705,Cooler,Water,placed,1,1
106705,Cooler,Soft Drinks,placed,2,"2,7"
106705,Cooler,Energy,placed,1,"0,7"
102746,Cooler,Soft Drinks,placed,1,"1,5"
105027,Cooler,Soft Drinks,placed,1,"1,5"
102171,Cooler,Soft Drinks,placed,1,"1,5"
100065,Cooler,Water,placed,1,1
100065,Cooler,Energy,placed,1,"0,7"
104364,Cooler,Water,placed,1,"1,5"
104364,Cooler,Soft Drinks,placed,1,2
110497,Cooler,Soft Drinks,placed,2,2
110497,Fountain,Soft Drinks,placed,1,0
110496,Cooler,Soft Drinks,placed,1,1
102480,Cooler,Water,placed,1,1
102480,Cooler,Soft Drinks,placed,1,2
106636,Cooler,Water,placed,1,"1,5"
106636,Cooler,Soft Drinks,placed,1,"1,5"
101160,Coffee,Coffee ,placed,2,0
101160,Cooler,Water,placed,1,1
101160,Cooler,Soft Drinks,placed,1,"1,5"
111926,Cooler,Soft Drinks,placed,1,1
103818,Cooler,Soft Drinks,placed,2,"1,4"
103818,Cooler,Energy,placed,1,"0,7"
112058,Cooler,Water,placed,1,1
112058,Cooler,Soft Drinks,placed,1,1
111946,Cooler,Water,placed,1,"1,5"
102583,Cooler,Soft Drinks,placed,2,2
111948,Cooler,Soft Drinks,placed,1,2
102485,Cooler,Soft Drinks,placed,1,1
101729,Cooler,Water,placed,1,1
101729,Cooler,Soft Drinks,placed,1,2
101729,Cooler,Energy,placed,1,"0,7"
101730,Cooler,Soft Drinks,placed,2,"2,5"
103376,Cooler,Soft Drinks,placed,1,1
102123,Cooler,Water,placed,1,1
102123,Cooler,Soft Drinks,placed,1,"1,5"
103352,Cooler,Water,placed,1,1
103352,Cooler,Soft Drinks,placed,1,2
103352,Cooler,Energy,placed,2,"1,4"
105315,Cooler,Soft Drinks,placed,2,"1,4"
101127,Cooler,Water,placed,1,"1,5"
103855,Cooler,Water,placed,2,2
103855,Cooler,Soft Drinks,placed,1,2
103855,Cooler,Energy,placed,1,"0,7"
101739,Cooler,Soft Drinks,placed,1,1
111158,Cooler,Water,placed,1,1
111158,Cooler,Soft Drinks,placed,1,1
111158,Fountain,Soft Drinks,placed,9,0
111165,Cooler,Soft Drinks,placed,3,3
111165,Fountain,Soft Drinks,placed,4,0
103817,Cooler,Water,placed,1,1
102484,Cooler,Soft Drinks,placed,1,2
105011,Cooler,Soft Drinks,placed,1,1
105023,Cooler,Soft Drinks,placed,5,"1,9"
101343,Cooler,Water,placed,1,1
101343,Cooler,Soft Drinks,placed,1,2
101343,Cooler,Soft Drinks,placed,1,"0,3"
101343,Fountain,Soft Drinks,placed,2,0
101343,Dispenser,Water,placed,1,0
101169,Cooler,Water,placed,1,"1,5"
101169,Cooler,Soft Drinks,placed,1,1
101742,Cooler,Soft Drinks,placed,1,"1,5"
102609,Cooler,Water,placed,2,"2,5"
111458,Cooler,Water,placed,1,1
111458,Cooler,Soft Drinks,placed,2,2
101168,Cooler,Water,placed,1,1
101168,Cooler,Soft Drinks,placed,1,2
101168,Cooler,Energy,placed,1,"0,7"
103361,Cooler,Water,placed,1,"1,5"
103361,Cooler,Energy,placed,1,"0,7"
109630,Cooler,Water,placed,1,1
109630,Cooler,Soft Drinks,placed,2,3
101906,Cooler,Soft Drinks,placed,1,"1,5"
102128,Coffee,Coffee ,placed,1,0
102128,Cooler,Water,placed,1,1
102128,Cooler,Soft Drinks,placed,1,2
102128,Cooler,Energy,placed,1,"0,7"
101719,Cooler,Water,placed,1,"1,5"
101719,Cooler,Soft Drinks,placed,1,2
101719,Cooler,Energy,placed,1,"0,7"
104981,Cooler,Water,placed,1,"0,3"
104981,Cooler,Soft Drinks,placed,3,"2,7"
104981,Fountain,Soft Drinks,placed,1,0
110214,Cooler,Soft Drinks,placed,2,2
110035,Cooler,Soft Drinks,placed,1,1
110035,Dispenser,Water,placed,2,0
106942,Cooler,Soft Drinks,placed,1,2
102045,Cooler,Soft Drinks,placed,2,3
104672,Cooler,Water,placed,1,1
111168,Cooler,Water,placed,1,1
111168,Cooler,Soft Drinks,placed,1,1
111168,Fountain,Soft Drinks,placed,3,0
111288,Coffee,Coffee ,placed,1,0
111288,Cooler,Soft Drinks,placed,1,"0,7"
111288,Cooler,Juice,placed,1,"0,3"
101284,Cooler,Water,placed,1,1
101284,Cooler,Soft Drinks,placed,1,1
109279,Cooler,Soft Drinks,placed,1,1
106392,Cooler,Soft Drinks,placed,1,1
103113,Cooler,Water,placed,2,"3,5"
103113,Cooler,Soft Drinks,placed,1,2
103113,Cooler,Energy,placed,1,"0,7"
103191,Cooler,Soft Drinks,placed,1,"1,5"
105853,Coffee,Coffee ,placed,1,0
105853,Cooler,Water,placed,3,3
105853,Cooler,Soft Drinks,placed,7,"7,3"
101905,Cooler,Soft Drinks,placed,1,2
102405,Cooler,Water,placed,1,1
102405,Cooler,Soft Drinks,placed,2,3
102405,Cooler,Energy,placed,1,"0,7"
102405,Cooler,Energy,placed,1,"0,7"
106509,Cooler,Soft Drinks,placed,1,1
102461,Cooler,Soft Drinks,placed,1,1
111154,Cooler,Water,placed,1,1
111154,Cooler,Soft Drinks,placed,2,"1,7"
111154,Fountain,Soft Drinks,placed,4,0
109225,Cooler,Soft Drinks,placed,1,"1,5"
101904,Cooler,Soft Drinks,placed,1,2
101904,Cooler,Energy,placed,1,"0,7"
101551,Cooler,Water,placed,1,2
101551,Cooler,Soft Drinks,placed,3,3
101551,Cooler,Energy,placed,1,"0,7"
106913,Cooler,Water,placed,1,2
106925,Cooler,Water,placed,1,"1,5"
106925,Cooler,Soft Drinks,placed,1,2
100403,Coffee,Coffee ,placed,2,0
100403,Cooler,Water,placed,1,2
100403,Cooler,Energy,placed,1,"0,7"
100392,Cooler,Energy,placed,1,"0,7"
101503,Cooler,Soft Drinks,placed,1,1
102066,Cooler,Water,placed,1,1
102066,Cooler,Soft Drinks,placed,1,2
110495,Cooler,Soft Drinks,placed,1,1
105018,Coffee,Coffee ,placed,2,0
105018,Cooler,Soft Drinks,placed,2,"2,5"
105018,Cooler,Energy,placed,1,"0,3"
111292,Cooler,Soft Drinks,placed,4,"4,6"
110220,Cooler,Water,placed,1,"1,5"
110220,Cooler,Soft Drinks,placed,2,"2,3"
109879,Cooler,Soft Drinks,placed,1,1
104673,Cooler,Soft Drinks,placed,1,1
103337,Cooler,Water,placed,1,1
103337,Cooler,Soft Drinks,placed,2,3
104336,Cooler,Water,placed,1,"1,5"
104336,Cooler,Soft Drinks,placed,1,"1,5"
100386,Cooler,Water,placed,1,2
100386,Cooler,Soft Drinks,placed,1,2
100386,Cooler,Energy,placed,1,"0,7"
103111,Cooler,Water,placed,1,1
110209,Cooler,Soft Drinks,placed,1,1
102589,Cooler,Soft Drinks,placed,1,1
111381,Cooler,Water,placed,2,2
111381,Cooler,Soft Drinks,placed,1,1
102126,Cooler,Soft Drinks,placed,1,"1,5"
102587,Cooler,Water,placed,1,1
105800,Cooler,Soft Drinks,placed,1,"0,7"
110124,Cooler,Soft Drinks,placed,1,1
102125,Cooler,Water,placed,3,3
102125,Cooler,Soft Drinks,placed,1,2
102125,Cooler,Energy,placed,1,"0,7"
107309,Cooler,Soft Drinks,placed,1,1
102069,Cooler,Soft Drinks,placed,1,2
111156,Cooler,Water,placed,3,4
111156,Cooler,Soft Drinks,placed,1,1
111156,Cooler,Energy,placed,2,"1,4"
108997,Cooler,Water,placed,1,1
108997,Cooler,Soft Drinks,placed,1,1
109823,Cooler,Water,placed,2,2
111164,Fountain,Soft Drinks,placed,4,0
101732,Cooler,Water,placed,1,1
102104,Cooler,Soft Drinks,placed,1,1
111453,Cooler,Soft Drinks,placed,4,"3,7"
100323,Cooler,Soft Drinks,placed,1,1
101671,Cooler,Water,placed,2,"2,5"
101671,Cooler,Soft Drinks,placed,1,2
101671,Cooler,Energy,placed,2,"1,4"
106363,Cooler,Soft Drinks,placed,3,3
104822,Cooler,Water,placed,1,1
106365,Cooler,Soft Drinks,placed,2,"2,7"
106365,Dispenser,Water,placed,1,0
105798,Cooler,Water,placed,1,"1,5"
105798,Cooler,Soft Drinks,placed,1,2
110765,Cooler,Water,placed,1,1
110765,Cooler,Soft Drinks,placed,3,"1,6"
102483,Cooler,Water,placed,1,1
102483,Cooler,Soft Drinks,placed,1,"0,7"
102483,Cooler,Energy,placed,1,"0,7"
101695,Cooler,Soft Drinks,placed,1,1
101670,Cooler,Water,placed,1,2
101670,Cooler,Soft Drinks,placed,1,1
111988,Cooler,Soft Drinks,placed,1,1
111988,Cooler,Energy,placed,1,"0,7"
105827,Cooler,Water,placed,1,1
109946,Cooler,Water,placed,1,1
109946,Cooler,Soft Drinks,placed,1,"0,3"
110210,Cooler,Soft Drinks,placed,1,1
101408,Cooler,Soft Drinks,placed,1,2
106249,Coffee,Coffee ,placed,2,0
106249,Cooler,Water,placed,1,1
106249,Cooler,Soft Drinks,placed,2,4
106249,Cooler,Energy,placed,1,"0,3"
109931,Cooler,Soft Drinks,placed,1,1
106426,Cooler,Water,placed,1,1
109628,Cooler,Water,placed,1,1
102751,Cooler,Soft Drinks,placed,1,2
104358,Cooler,Water,placed,1,"1,5"
108926,Cooler,Soft Drinks,placed,1,"1,5"
103814,Cooler,Soft Drinks,placed,1,1
106425,Cooler,Water,placed,1,1
103347,Cooler,Energy,placed,1,"0,7"
102185,Cooler,Soft Drinks,placed,1,2
103112,Cooler,Water,placed,1,"1,5"
103112,Cooler,Soft Drinks,placed,1,1
106670,Cooler,Soft Drinks,placed,1,1
106670,Dispenser,Water,placed,1,0
103815,Cooler,Soft Drinks,placed,1,"1,5"
102228,Cooler,Soft Drinks,placed,1,1
106423,Cooler,Water,placed,1,1
101781,Cooler,Soft Drinks,placed,1,1
107053,Cooler,Soft Drinks,placed,1,"1,5"
106920,Cooler,Soft Drinks,placed,1,1
103780,Coffee,Coffee ,placed,1,0
103780,Cooler,Water,placed,1,"1,5"
103780,Cooler,Soft Drinks,placed,1,2
101591,Cooler,Water,placed,1,1
104674,Cooler,Water,placed,2,"2,5"
109926,Cooler,Soft Drinks,placed,1,"0,3"
111119,Cooler,Soft Drinks,placed,2,"1,7"
106679,Cooler,Water,placed,1,"1,5"
106679,Cooler,Soft Drinks,placed,1,"1,5"
106360,Cooler,Water,placed,1,1
106360,Cooler,Soft Drinks,placed,1,1
101346,Cooler,Water,placed,2,2
101346,Cooler,Soft Drinks,placed,1,1
101346,Fountain,Soft Drinks,placed,4,0
109741,Cooler,Soft Drinks,placed,3,3
102570,Cooler,Soft Drinks,placed,1,1
102570,Cooler,Energy,placed,1,1
111614,Cooler,Soft Drinks,placed,1,"1,5"
104969,Cooler,Water,placed,1,1
102119,Cooler,Water,placed,1,1
102119,Cooler,Soft Drinks,placed,1,2
102119,Cooler,Energy,placed,1,"0,7"
102118,Cooler,Soft Drinks,placed,1,"1,5"
108931,Cooler,Water,placed,1,"1,5"
108931,Cooler,Soft Drinks,placed,1,"1,5"
108931,Dispenser,Water,placed,1,0
106508,Cooler,Soft Drinks,placed,3,"1,3"
106508,Cooler,Energy,placed,1,"0,7"
103306,Cooler,Soft Drinks,placed,1,"1,5"
104502,Cooler,Soft Drinks,placed,1,2
106429,Cooler,Soft Drinks,placed,1,"0,3"
106429,Dispenser,Water,placed,1,0
100891,Cooler,Water,placed,1,1
100891,Cooler,Soft Drinks,placed,1,"1,5"
104547,Cooler,Water,placed,1,1
104547,Cooler,Soft Drinks,placed,1,1
104547,Cooler,Energy,placed,1,"0,7"
104675,Cooler,Soft Drinks,placed,1,"1,5"
108995,Cooler,Water,placed,1,1
108995,Cooler,Soft Drinks,placed,1,2
108995,Dispenser,Water,placed,3,0
110841,Cooler,Water,placed,1,1
110841,Cooler,Soft Drinks,placed,1,"1,5"
110841,Cooler,Energy,placed,1,1
108928,Cooler,Soft Drinks,placed,1,1
100219,Cooler,Water,placed,1,1
100219,Cooler,Soft Drinks,placed,1,1
100219,Cooler,Energy,placed,1,"0,7"
102973,Cooler,Water,placed,1,"1,5"
102973,Cooler,Soft Drinks,placed,1,"1,5"
110835,Cooler,Water,placed,3,3
110835,Cooler,Soft Drinks,placed,1,"0,3"
110835,Cooler,Soft Drinks,placed,4,"3,1"
110835,Cooler,Soft Drinks,placed,1,1
110835,Dispenser,Water,placed,1,0
105849,Cooler,Soft Drinks,placed,1,"0,7"
106944,Cooler,Water,placed,2,3
106944,Cooler,Soft Drinks,placed,1,2
106944,Cooler,Energy,placed,1,"0,7"
102994,Cooler,Water,placed,1,"1,5"
101903,Cooler,Water,placed,1,"1,5"
101903,Cooler,Soft Drinks,placed,1,2
104991,Cooler,Soft Drinks,placed,1,1
109886,Cooler,Soft Drinks,placed,1,1
102482,Cooler,Water,placed,2,"2,5"
102064,Cooler,Soft Drinks,placed,1,2
102996,Cooler,Soft Drinks,placed,1,1
102997,Cooler,Soft Drinks,placed,1,1
106500,Cooler,Water,placed,1,1
101206,Cooler,Water,placed,1,"1,5"
101206,Cooler,Energy,placed,1,"0,7"
101206,Dispenser,Water,placed,1,0
102117,Cooler,Water,placed,1,1
102117,Cooler,Soft Drinks,placed,1,1
102117,Cooler,Energy,placed,1,"0,7"
106983,Cooler,Water,placed,1,"1,5"
108903,Dispenser,Water,placed,1,0
106305,Coffee,Coffee ,placed,1,0
106305,Cooler,Water,placed,1,1
106305,Cooler,Soft Drinks,placed,1,"1,5"
112105,Cooler,Water,placed,2,2
112105,Cooler,Soft Drinks,placed,1,1
112105,Cooler,Juice,placed,1,1
104548,Cooler,Water,placed,1,1
104548,Cooler,Soft Drinks,placed,1,2
104548,Cooler,Energy,placed,1,"0,7"
104548,Dispenser,Water,placed,1,0
101734,Cooler,Soft Drinks,placed,1,2
102406,Cooler,Soft Drinks,placed,1,1
102974,Cooler,Soft Drinks,placed,1,"1,5"
111115,Fountain,Soft Drinks,placed,8,0
111115,Fountain,Soft Drinks,placed,2,0
106227,Cooler,Water,placed,1,1
106227,Cooler,Soft Drinks,placed,1,"1,5"
101865,Cooler,Water,placed,1,2
101865,Cooler,Soft Drinks,placed,1,2
101865,Cooler,Energy,placed,1,"0,7"
111455,Cooler,Soft Drinks,placed,6,7
111455,Cooler,Juice,placed,2,2
111455,Dispenser,Water,placed,1,0
105822,Cooler,Water,placed,1,1
105822,Cooler,Soft Drinks,placed,2,3
101855,Cooler,Water,placed,1,"1,5"
101855,Cooler,Energy,placed,1,"0,7"
101747,Cooler,Water,placed,1,1
101747,Cooler,Soft Drinks,placed,1,2
101747,Cooler,Energy,placed,1,"0,7"
104993,Cooler,Soft Drinks,placed,1,"0,3"
100913,Cooler,Soft Drinks,placed,1,1
100913,Cooler,Energy,placed,1,"0,7"
103314,Cooler,Soft Drinks,placed,2,3
103314,Cooler,Energy,placed,1,"0,7"
103773,Cooler,Water,placed,2,2
103773,Cooler,Soft Drinks,placed,1,"1,5"
103773,Cooler,Energy,placed,1,"0,7"
100038,Cooler,Water,placed,1,1
100038,Cooler,Soft Drinks,placed,1,1
104892,Cooler,Soft Drinks,placed,1,1
102481,Cooler,Soft Drinks,placed,1,2
102481,Cooler,Energy,placed,1,"0,7"
106419,Cooler,Soft Drinks,placed,1,1
105955,Cooler,Soft Drinks,placed,4,"2,8"
105955,Cooler,Energy,placed,2,"1,2"
105955,Cooler,Energy,placed,2,"0,6"
105955,Dispenser,Water,placed,1,0
110121,Cooler,Soft Drinks,placed,2,2
111166,Fountain,Soft Drinks,placed,2,0
101867,Cooler,Soft Drinks,placed,2,3
100308,Coffee,Coffee ,placed,2,0
100308,Cooler,Water,placed,1,"1,5"
100308,Cooler,Energy,placed,2,"1,4"
102566,Cooler,Soft Drinks,placed,1,"1,5"
101745,Cooler,Water,placed,1,1
102479,Cooler,Soft Drinks,placed,1,1
102479,Cooler,Energy,placed,1,1
100107,Cooler,Soft Drinks,placed,1,"1,5"
100109,Cooler,Soft Drinks,placed,1,1
100110,Cooler,Soft Drinks,placed,1,1
100111,Cooler,Soft Drinks,placed,1,1
100111,Cooler,Energy,placed,1,"0,7"
101033,Cooler,Soft Drinks,placed,1,2
109773,Cooler,Water,placed,1,1
107139,Cooler,Soft Drinks,placed,1,2
107139,Cooler,Energy,placed,1,"0,7"
100071,Cooler,Soft Drinks,placed,1,1
100071,Cooler,Juice,placed,1,1
101735,Cooler,Soft Drinks,placed,1,"1,5"
103772,Cooler,Water,placed,1,1
103372,Cooler,Water,placed,1,1
103372,Cooler,Soft Drinks,placed,1,2
104322,Cooler,Water,placed,1,1
104322,Cooler,Soft Drinks,placed,1,2
101746,Cooler,Water,placed,1,2
101746,Cooler,Soft Drinks,placed,1,2
101290,Cooler,Soft Drinks,placed,1,1
101290,Cooler,Juice,placed,1,1
106418,Cooler,Soft Drinks,placed,2,"2,5"
111448,Cooler,Water,placed,3,"2,7"
111448,Cooler,Soft Drinks,placed,4,5
105019,Coffee,Coffee ,placed,2,0
105019,Cooler,Soft Drinks,placed,2,"1,7"
104527,Cooler,Water,placed,1,1
104527,Cooler,Soft Drinks,placed,2,3
105817,Coffee,Coffee ,placed,1,0
105817,Cooler,Water,placed,1,1
105817,Cooler,Soft Drinks,placed,1,2
100121,Cooler,Soft Drinks,placed,1,"1,5"
100113,Cooler,Soft Drinks,placed,1,"1,5"
109723,Cooler,Water,placed,1,1
106809,Cooler,Soft Drinks,placed,1,1
110673,Cooler,Water,placed,2,2
110673,Cooler,Soft Drinks,placed,1,1
110673,Dispenser,Water,placed,1,0
111608,Cooler,Water,placed,1,1
111608,Cooler,Soft Drinks,placed,1,"1,5"
111608,Cooler,Juice,placed,1,1
111608,Dispenser,Water,placed,2,0
101750,Cooler,Water,placed,2,2
101750,Cooler,Soft Drinks,placed,1,1
106030,Cooler,Water,placed,1,1
105797,Cooler,Soft Drinks,placed,1,1
109955,Cooler,Soft Drinks,placed,1,1
111123,Dispenser,Water,placed,1,0
110122,Cooler,Soft Drinks,placed,1,"1,5"
106982,Cooler,Water,placed,1,"1,5"
101909,Cooler,Water,placed,1,"1,5"
101909,Cooler,Soft Drinks,placed,3,"4,3"
101909,Cooler,Energy,placed,4,"2,8"
111520,Cooler,Soft Drinks,placed,3,"2,1"
111136,Cooler,Soft Drinks,placed,1,"0,7"
105796,Cooler,Soft Drinks,placed,1,1
100903,Cooler,Water,placed,1,1
100903,Cooler,Soft Drinks,placed,1,1
100903,Cooler,Energy,placed,1,"0,7"
102116,Cooler,Soft Drinks,placed,1,1
105803,Cooler,Soft Drinks,placed,4,"2,6"
105678,Cooler,Soft Drinks,placed,1,2
102478,Cooler,Soft Drinks,placed,1,1
101165,Cooler,Soft Drinks,placed,1,1
106220,Cooler,Soft Drinks,placed,1,"1,5"
106220,Cooler,Energy,placed,1,"0,7"
101997,Cooler,Soft Drinks,placed,1,2
104894,Cooler,Juice,placed,1,1
105338,Cooler,Soft Drinks,placed,1,1
106941,Cooler,Water,placed,1,1
106941,Cooler,Juice,placed,1,1
102563,Cooler,Water,placed,1,1
102563,Cooler,Soft Drinks,placed,1,2
102563,Cooler,Energy,placed,1,"0,7"
102563,Cooler,Energy,placed,1,1
102599,Cooler,Water,placed,1,1
102599,Cooler,Soft Drinks,placed,1,1
102599,Cooler,Energy,placed,1,"0,7"
101736,Cooler,Water,placed,1,"1,5"
101736,Cooler,Soft Drinks,placed,1,2
101736,Cooler,Energy,placed,1,"0,7"
102063,Cooler,Soft Drinks,placed,1,2
102550,Cooler,Water,placed,1,"1,5"
102550,Cooler,Soft Drinks,placed,1,2
102550,Cooler,Energy,placed,1,"0,7"
109518,Cooler,Soft Drinks,placed,1,1
109518,Dispenser,Water,placed,1,0
101872,Cooler,Soft Drinks,placed,2,"2,7"
101872,Cooler,Energy,placed,1,"0,7"
103116,Cooler,Soft Drinks,placed,1,2
111473,Cooler,Soft Drinks,placed,1,1
109241,Cooler,Soft Drinks,placed,1,"0,3"
106417,Cooler,Soft Drinks,placed,1,1
101163,Cooler,Energy,placed,1,"0,7"
101674,Cooler,Water,placed,1,1
109944,Cooler,Soft Drinks,placed,1,"0,7"
112015,Cooler,Water,placed,1,1
101601,Cooler,Water,placed,1,1
101601,Cooler,Energy,placed,1,"0,7"
101601,Cooler,Energy,placed,1,"0,7"
102120,Cooler,Water,placed,1,"1,5"
102120,Cooler,Energy,placed,1,"0,7"
102999,Cooler,Soft Drinks,placed,1,2
107288,Cooler,Soft Drinks,placed,1,1
105802,Cooler,Water,placed,1,1
105802,Cooler,Soft Drinks,placed,4,4
111370,Cooler,Soft Drinks,placed,1,2
104375,Cooler,Soft Drinks,placed,1,"0,7"
104375,Cooler,Soft Drinks,placed,1,2
101603,Cooler,Soft Drinks,placed,1,2
101603,Cooler,Energy,placed,1,"0,7"
101603,Cooler,Juice,placed,1,1
101603,Cooler,Energy,placed,1,"0,7"
102451,Cooler,Soft Drinks,placed,1,2
112035,Cooler,Energy,placed,1,"0,3"
109524,Cooler,Soft Drinks,placed,2,2
106918,Cooler,Water,placed,1,1
102416,Cooler,Water,placed,1,1
102416,Cooler,Soft Drinks,placed,1,1
111128,Fountain,Soft Drinks,placed,8,0
100402,Cooler,Soft Drinks,placed,1,1
100300,Cooler,Water,placed,2,3
100300,Cooler,Soft Drinks,placed,2,3
100300,Cooler,Energy,placed,1,"0,7"
100300,Fountain,Soft Drinks,placed,1,0
105010,Coffee,Coffee ,placed,3,0
105010,Cooler,Soft Drinks,placed,1,"0,7"
101592,Cooler,Water,placed,1,1
101592,Cooler,Soft Drinks,placed,1,2
103838,Cooler,Soft Drinks,placed,1,2
112039,Cooler,Water,placed,1,1
105006,Fountain,Soft Drinks,placed,1,0
100361,Cooler,Soft Drinks,placed,1,2
100361,Cooler,Energy,placed,1,1
101738,Cooler,Water,placed,1,"1,5"
101738,Cooler,Soft Drinks,placed,1,"1,5"
106628,Cooler,Water,placed,2,2
100369,Cooler,Water,placed,1,"1,5"
100369,Cooler,Soft Drinks,placed,1,2
100369,Cooler,Energy,placed,1,"0,7"
100427,Cooler,Soft Drinks,placed,2,3
106034,Cooler,Water,placed,1,1
106034,Cooler,Soft Drinks,placed,2,2
106420,Cooler,Soft Drinks,placed,1,1
100912,Coffee,Coffee ,placed,1,0
100912,Cooler,Water,placed,1,1
100912,Cooler,Soft Drinks,placed,1,1
109237,Cooler,Water,placed,1,1
109237,Fountain,Soft Drinks,placed,1,0
100367,Cooler,Water,placed,1,"1,5"
100367,Cooler,Soft Drinks,placed,1,"1,5"
100366,Cooler,Water,placed,1,"1,5"
100366,Cooler,Soft Drinks,placed,1,2
100366,Cooler,Energy,placed,1,"0,7"
106055,Cooler,Soft Drinks,placed,2,3
106671,Cooler,Water,placed,1,1
106671,Cooler,Soft Drinks,placed,1,2
106671,Cooler,Energy,placed,1,"0,7"
103000,Cooler,Soft Drinks,placed,1,2
103000,Cooler,Energy,placed,1,"0,7"
102992,Cooler,Soft Drinks,placed,1,1
101668,Cooler,Water,placed,1,"1,5"
101668,Cooler,Soft Drinks,placed,1,"1,5"
101131,Cooler,Soft Drinks,placed,1,"1,5"
102562,Cooler,Water,placed,1,1
102562,Cooler,Soft Drinks,placed,1,"1,5"
102562,Cooler,Energy,placed,1,"0,7"
112033,Dispenser,Water,placed,1,0
102972,Cooler,Water,placed,1,1
102972,Cooler,Soft Drinks,placed,1,2
103002,Cooler,Water,placed,1,2
106424,Cooler,Soft Drinks,placed,1,"0,7"
101682,Cooler,Water,placed,2,"2,5"
110221,Cooler,Water,placed,1,1
104282,Cooler,Water,placed,1,"1,5"
103623,Cooler,Water,placed,1,"1,5"
102005,Cooler,Soft Drinks,placed,1,1
111611,Cooler,Water,placed,1,1
104996,Cooler,Soft Drinks,placed,1,1
106047,Cooler,Soft Drinks,placed,1,1
100647,Cooler,Soft Drinks,placed,1,1
109349,Cooler,Soft Drinks,placed,1,1
111108,Cooler,Soft Drinks,placed,4,"3,4"
111108,Fountain,Soft Drinks,placed,25,0
101571,Cooler,Water,placed,2,"2,5"
105324,Coffee,Coffee ,placed,2,0
105324,Cooler,Soft Drinks,placed,2,1
105324,Cooler,Energy,placed,1,"0,7"
100890,Cooler,Soft Drinks,placed,1,1
111129,Dispenser,Water,placed,4,0
110833,Cooler,Water,placed,3,3
110833,Cooler,Soft Drinks,placed,4,"3,3"
110833,Cooler,Juice,placed,1,1
110833,Cooler,Soft Drinks,placed,1,1
108036,Cooler,Water,placed,4,"2,6"
108036,Cooler,Soft Drinks,placed,4,5
108036,Dispenser,Water,placed,1,0
102431,Cooler,Soft Drinks,placed,1,1
111565,Cooler,Soft Drinks,placed,1,1
100910,Cooler,Soft Drinks,placed,1,"1,5"
102584,Cooler,Soft Drinks,placed,1,2
105002,Cooler,Soft Drinks,placed,2,"2,5"
112077,Cooler,Soft Drinks,placed,1,"0,7"
109948,Cooler,Soft Drinks,placed,1,1
101718,Cooler,Water,placed,1,1
101718,Cooler,Soft Drinks,placed,1,1
104285,Cooler,Soft Drinks,placed,1,1
109244,Cooler,Soft Drinks,placed,3,3
101655,Cooler,Water,placed,1,1
100879,Cooler,Water,placed,1,1
100879,Cooler,Soft Drinks,placed,1,2
110832,Coffee,Coffee ,placed,2,0
110832,Cooler,Water,placed,1,1
110832,Cooler,Soft Drinks,placed,5,"4,6"
110832,Dispenser,Water,placed,1,0
104535,Cooler,Soft Drinks,placed,1,"1,5"
107095,Cooler,Soft Drinks,placed,1,2
107095,Cooler,Energy,placed,1,"0,7"
110831,Coffee,Coffee ,placed,2,0
110831,Cooler,Water,placed,2,2
110831,Cooler,Soft Drinks,placed,2,"0,6"
110831,Cooler,Soft Drinks,placed,3,"3,2"
104634,Cooler,Soft Drinks,placed,1,2
101886,Cooler,Soft Drinks,placed,4,6
101886,Cooler,Energy,placed,1,"0,7"
106272,Cooler,Water,placed,1,1
106272,Cooler,Soft Drinks,placed,1,1
101103,Cooler,Water,placed,1,2
101103,Cooler,Energy,placed,1,"0,7"
102060,Cooler,Soft Drinks,placed,1,2
101870,Cooler,Soft Drinks,placed,2,3
101870,Cooler,Energy,placed,1,"0,7"
109925,Cooler,Soft Drinks,placed,5,4
104303,Cooler,Soft Drinks,placed,1,2
104998,Cooler,Soft Drinks,placed,1,1
105674,Cooler,Water,placed,2,"2,5"
105674,Cooler,Soft Drinks,placed,4,5
105674,Dispenser,Water,placed,1,0
101841,Cooler,Soft Drinks,placed,1,2
111572,Cooler,Soft Drinks,placed,1,1
100364,Cooler,Soft Drinks,placed,1,2
101515,Cooler,Soft Drinks,placed,1,2
111124,Cooler,Energy,placed,1,"0,7"
107514,Cooler,Water,placed,1,"1,5"
110233,Fountain,Soft Drinks,placed,3,0
110233,Dispenser,Water,placed,1,0
107132,Cooler,Soft Drinks,placed,1,1
104669,Cooler,Water,placed,1,"1,5"
111285,Cooler,Soft Drinks,placed,2,2
101733,Cooler,Soft Drinks,placed,2,"3,5"
101733,Cooler,Energy,placed,1,"0,7"
106669,Cooler,Soft Drinks,placed,2,"3,5"
106669,Cooler,Energy,placed,1,"0,7"
103019,Cooler,Soft Drinks,placed,1,2
103019,Cooler,Energy,placed,1,"0,7"
103019,Cooler,Energy,placed,1,"0,7"
107295,Cooler,Energy,placed,3,"1,3"
100099,Cooler,Soft Drinks,placed,2,"2,5"
111384,Cooler,Soft Drinks,placed,1,1
111238,Cooler,Soft Drinks,placed,2,"1,7"
110130,Cooler,Soft Drinks,placed,1,1
101518,Cooler,Soft Drinks,placed,1,1
101496,Cooler,Water,placed,1,2
101496,Cooler,Energy,placed,1,"0,7"
100033,Cooler,Soft Drinks,placed,1,"0,7"
101125,Cooler,Soft Drinks,placed,1,2
110204,Cooler,Soft Drinks,placed,1,"0,7"
105307,Cooler,Water,placed,1,"1,5"
105307,Cooler,Soft Drinks,placed,2,"0,6"
105307,Dispenser,Water,placed,1,0
108006,Cooler,Soft Drinks,placed,3,"3,3"
109495,Cooler,Water,placed,5,5
109495,Cooler,Soft Drinks,placed,1,1
105472,Cooler,Soft Drinks,placed,1,1
108978,Cooler,Soft Drinks,placed,3,3
108978,Fountain,Soft Drinks,placed,5,0
107666,Cooler,Soft Drinks,placed,1,1
108921,Cooler,Soft Drinks,placed,1,1
111665,Cooler,Soft Drinks,placed,1,"0,7"
105983,Cooler,Water,placed,1,1
105983,Cooler,Soft Drinks,placed,1,1
108530,Cooler,Water,placed,2,"2,5"
108530,Cooler,Soft Drinks,placed,1,1
108202,Cooler,Soft Drinks,placed,1,1
107479,Cooler,Water,placed,1,1
107479,Cooler,Soft Drinks,placed,1,"0,3"
100213,Cooler,Water,placed,1,1
100213,Cooler,Soft Drinks,placed,2,"1,7"
104268,Cooler,Water,placed,1,"1,5"
104268,Cooler,Soft Drinks,placed,1,2
104268,Cooler,Energy,placed,1,"0,7"
105582,Cooler,Soft Drinks,placed,1,1
104277,Cooler,Water,placed,1,"1,5"
104277,Cooler,Soft Drinks,placed,1,2
104277,Cooler,Energy,placed,1,"0,7"
108631,Cooler,Water,placed,2,2
108631,Cooler,Soft Drinks,placed,2,2
111132,Cooler,Soft Drinks,placed,1,1
111132,Fountain,Soft Drinks,placed,1,0
111275,Cooler,Soft Drinks,placed,1,1
105165,Cooler,Soft Drinks,placed,1,1
108106,Cooler,Water,placed,1,"1,5"
108106,Cooler,Soft Drinks,placed,2,2
108106,Cooler,Juice,placed,1,"0,3"
105934,Cooler,Soft Drinks,placed,1,1
100052,Cooler,Soft Drinks,placed,2,"2,5"
105941,Cooler,Juice,placed,1,"0,7"
107456,Cooler,Soft Drinks,placed,2,2
105501,Cooler,Water,placed,1,1
105501,Cooler,Soft Drinks,placed,1,1
106852,Cooler,Energy,placed,1,1
111360,Cooler,Water,placed,1,1
111360,Cooler,Soft Drinks,placed,1,1
107129,Cooler,Water,placed,2,3
107345,Cooler,Water,placed,2,2
107345,Cooler,Soft Drinks,placed,1,2
111469,Cooler,Soft Drinks,placed,1,1
109394,Cooler,Soft Drinks,placed,1,"0,7"
105224,Cooler,Soft Drinks,placed,1,"0,7"
108590,Cooler,Water,placed,1,1
108590,Cooler,Soft Drinks,placed,1,1
108590,Cooler,Juice,placed,1,1
108590,Dispenser,Water,placed,1,0
110155,Cooler,Soft Drinks,placed,2,4
107230,Cooler,Soft Drinks,placed,5,10
107230,Cooler,Energy,placed,1,1
107230,Cooler,Energy,placed,1,"0,7"
104939,Cooler,Energy,placed,1,"0,7"
111332,Cooler,Energy,placed,1,"0,7"
105418,Cooler,Soft Drinks,placed,1,1
111558,Cooler,Water,placed,1,1
111558,Cooler,Soft Drinks,placed,1,1
100218,Cooler,Soft Drinks,placed,1,"0,7"
106507,Cooler,Soft Drinks,placed,1,1
106528,Cooler,Soft Drinks,placed,1,1
106519,Cooler,Soft Drinks,placed,1,1
106523,Cooler,Soft Drinks,placed,1,"1,5"
102324,Cooler,Water,placed,1,"1,5"
102324,Cooler,Soft Drinks,placed,1,2
106470,Cooler,Soft Drinks,placed,1,1
109455,Coffee,Coffee ,placed,2,0
109455,Cooler,Soft Drinks,placed,1,"0,3"
111250,Cooler,Soft Drinks,placed,3,3
108993,Cooler,Water,placed,1,"1,5"
108936,Cooler,Soft Drinks,placed,1,1
101869,Cooler,Soft Drinks,placed,3,4
101869,Cooler,Energy,placed,1,"0,7"
107409,Cooler,Water,placed,2,2
107409,Cooler,Soft Drinks,placed,3,"3,5"
101868,Cooler,Soft Drinks,placed,1,"1,5"
101868,Cooler,Energy,placed,1,"0,7"
104195,Cooler,Soft Drinks,placed,1,1
111383,Coffee,Coffee ,placed,1,0
111383,Cooler,Soft Drinks,placed,1,"0,7"
100639,Cooler,Soft Drinks,placed,1,1
109992,Cooler,Soft Drinks,placed,1,1
111174,Cooler,Soft Drinks,placed,1,"0,3"
111382,Coffee,Coffee ,placed,1,0
111382,Cooler,Soft Drinks,placed,1,"0,7"
107906,Cooler,Soft Drinks,placed,1,1
101842,Cooler,Water,placed,1,1
101842,Cooler,Soft Drinks,placed,2,2
101842,Cooler,Energy,placed,2,"1,4"
106367,Cooler,Soft Drinks,placed,2,"1,7"
105832,Cooler,Soft Drinks,placed,1,1
101731,Cooler,Soft Drinks,placed,1,"1,5"
104278,Cooler,Soft Drinks,placed,1,1
100007,Cooler,Juice,placed,1,1
100721,Coffee,Coffee ,placed,2,0
100721,Cooler,Water,placed,1,1
100721,Cooler,Soft Drinks,placed,1,2
100721,Cooler,Energy,placed,1,"0,7"
100363,Coffee,Coffee ,placed,3,0
100363,Cooler,Water,placed,1,"1,5"
100363,Cooler,Soft Drinks,placed,2,"3,5"
100363,Cooler,Energy,placed,1,"0,7"
100363,Cooler,Energy,placed,1,"0,7"
106932,Cooler,Water,placed,2,3
106932,Cooler,Soft Drinks,placed,1,2
106932,Dispenser,Water,placed,1,0
103126,Cooler,Water,placed,1,"1,5"
103126,Cooler,Energy,placed,1,"0,7"
100106,Cooler,Water,placed,1,1
100106,Cooler,Soft Drinks,placed,1,1
106042,Cooler,Soft Drinks,placed,1,1
101860,Cooler,Soft Drinks,placed,3,5
101713,Cooler,Soft Drinks,placed,2,3
109396,Cooler,Soft Drinks,placed,3,"3,5"
102421,Cooler,Soft Drinks,placed,1,1
101667,Cooler,Soft Drinks,placed,1,1
102993,Cooler,Water,placed,1,1
102993,Cooler,Soft Drinks,placed,1,2
102993,Cooler,Energy,placed,1,"0,7"
105824,Cooler,Water,placed,1,1
105824,Cooler,Soft Drinks,placed,1,1
105824,Cooler,Energy,placed,1,1
107407,Cooler,Water,placed,2,2
107407,Cooler,Soft Drinks,placed,1,1
104291,Cooler,Water,placed,1,"1,5"
104291,Cooler,Energy,placed,1,"0,7"
100434,Cooler,Water,placed,4,"6,5"
100434,Cooler,Soft Drinks,placed,1,"1,5"
110319,Cooler,Water,placed,1,1
110319,Cooler,Soft Drinks,placed,1,2
110319,Cooler,Energy,placed,2,"1,4"
110319,Fountain,Soft Drinks,placed,1,0
107491,Cooler,Soft Drinks,placed,1,1
107491,Cooler,Energy,placed,1,"0,7"
101369,Cooler,Soft Drinks,placed,3,"1,3"
101369,Cooler,Juice,placed,1,"0,3"
110201,Cooler,Soft Drinks,placed,1,"0,7"
109343,Cooler,Soft Drinks,placed,1,1
110830,Coffee,Coffee ,placed,3,0
110830,Cooler,Water,placed,3,4
110830,Cooler,Soft Drinks,placed,2,1
104177,Cooler,Water,placed,1,2
104177,Cooler,Soft Drinks,placed,3,5
104177,Cooler,Energy,placed,1,1
106456,Cooler,Soft Drinks,placed,1,1
104890,Cooler,Soft Drinks,placed,1,1
105168,Cooler,Soft Drinks,placed,1,1
108123,Cooler,Soft Drinks,placed,1,2
103764,Cooler,Energy,placed,1,"0,7"
100003,Cooler,Water,placed,1,1
100003,Cooler,Soft Drinks,placed,2,2
100003,Cooler,Energy,placed,1,"0,7"
110839,Cooler,Soft Drinks,placed,2,2
110839,Cooler,Energy,placed,1,"0,7"
106428,Cooler,Soft Drinks,placed,1,"0,7"
106207,Cooler,Water,placed,3,3
106207,Cooler,Soft Drinks,placed,1,2
105707,Cooler,Water,placed,1,1
105707,Cooler,Soft Drinks,placed,2,2
105707,Cooler,Energy,placed,1,"0,3"
104188,Cooler,Water,placed,2,"2,5"
104188,Cooler,Soft Drinks,placed,2,4
104188,Cooler,Energy,placed,1,"0,7"
104889,Cooler,Soft Drinks,placed,1,1
108195,Cooler,Water,placed,3,3
108195,Cooler,Soft Drinks,placed,3,4
108195,Cooler,Juice,placed,1,1
105682,Dispenser,Water,placed,2,0
106617,Cooler,Soft Drinks,placed,1,1
105689,Cooler,Water,placed,1,"1,5"
105689,Cooler,Soft Drinks,placed,1,1
110049,Cooler,Soft Drinks,placed,1,"0,3"
108213,Cooler,Water,placed,2,2
108213,Cooler,Soft Drinks,placed,2,2
101298,Cooler,Soft Drinks,placed,1,1
108524,Cooler,Water,placed,1,1
108524,Cooler,Soft Drinks,placed,1,2
108524,Cooler,Juice,placed,1,"0,3"
109399,Cooler,Soft Drinks,placed,3,3
110152,Cooler,Soft Drinks,placed,2,2
105431,Cooler,Soft Drinks,placed,1,1
110025,Cooler,Soft Drinks,placed,9,"8,4"
110025,Cooler,Juice,placed,2,2
107698,Cooler,Soft Drinks,placed,1,1
110006,Cooler,Soft Drinks,placed,1,"0,3"
106386,Coffee,Coffee ,placed,10,0
106386,Cooler,Soft Drinks,placed,2,2
106386,Cooler,Juice,placed,1,"0,3"
111081,Cooler,Water,placed,5,5
111081,Cooler,Soft Drinks,placed,6,7
111081,Cooler,Juice,placed,2,2
111081,Fountain,Soft Drinks,placed,33,0
110026,Dispenser,Water,placed,3,0
111019,Cooler,Soft Drinks,placed,2,2
106401,Cooler,Soft Drinks,placed,1,1
101083,Cooler,Soft Drinks,placed,1,"0,3"
111450,Cooler,Soft Drinks,placed,2,2
111169,Cooler,Water,placed,1,2
111169,Cooler,Soft Drinks,placed,1,2
110991,Cooler,Soft Drinks,placed,1,"0,7"
110991,Fountain,Soft Drinks,placed,1,0
105223,Cooler,Soft Drinks,placed,1,1
103886,Cooler,Water,placed,2,"2,5"
103886,Cooler,Soft Drinks,placed,1,2
103886,Cooler,Energy,placed,1,"0,7"
103886,Dispenser,Water,placed,1,0
102847,Cooler,Water,placed,1,1
102847,Cooler,Soft Drinks,placed,1,2
110197,Cooler,Water,placed,1,"1,5"
110197,Cooler,Energy,placed,1,"0,7"
103110,Cooler,Water,placed,1,1
104352,Cooler,Water,placed,1,"1,5"
109404,Cooler,Soft Drinks,placed,1,1
106346,Cooler,Soft Drinks,placed,1,"0,7"
105479,Cooler,Soft Drinks,placed,1,1
103303,Cooler,Soft Drinks,placed,1,"0,7"
103303,Cooler,Energy,placed,1,1
111960,Cooler,Water,placed,1,1
111960,Cooler,Soft Drinks,placed,2,3
111960,Cooler,Energy,placed,1,"0,7"
111959,Coffee,Coffee ,placed,2,0
111959,Cooler,Soft Drinks,placed,3,"4,5"
111959,Cooler,Energy,placed,1,"0,7"
111721,Cooler,Soft Drinks,placed,2,"2,2"
103300,Cooler,Soft Drinks,placed,2,3
110149,Cooler,Water,placed,1,"1,5"
110149,Cooler,Soft Drinks,placed,1,1
109403,Cooler,Soft Drinks,placed,1,1
102349,Cooler,Soft Drinks,placed,2,3
101866,Cooler,Water,placed,1,1
101866,Cooler,Soft Drinks,placed,1,1
102348,Cooler,Water,placed,2,"2,5"
102348,Cooler,Soft Drinks,placed,1,2
112057,Cooler,Soft Drinks,placed,1,"0,3"
102299,Cooler,Soft Drinks,placed,2,"3,5"
111609,Cooler,Water,placed,1,1
105432,Cooler,Soft Drinks,placed,2,"1,7"
100115,Cooler,Water,placed,1,1
100115,Cooler,Soft Drinks,placed,1,1
102621,Cooler,Water,placed,2,2
102621,Cooler,Energy,placed,1,"0,7"
110207,Cooler,Energy,placed,1,1
101863,Cooler,Soft Drinks,placed,2,4
101863,Cooler,Energy,placed,1,"0,7"
105971,Cooler,Soft Drinks,placed,1,2
107402,Cooler,Water,placed,1,1
107402,Cooler,Soft Drinks,placed,2,2
108242,Cooler,Water,placed,1,1
108242,Cooler,Soft Drinks,placed,1,1
105623,Cooler,Water,placed,1,1
105623,Cooler,Soft Drinks,placed,1,1
108260,Cooler,Soft Drinks,placed,1,2
107904,Cooler,Water,placed,2,2
107904,Cooler,Soft Drinks,placed,5,"5,1"
109441,Cooler,Soft Drinks,placed,1,1
105222,Cooler,Soft Drinks,placed,1,1
108525,Cooler,Water,placed,1,1
108525,Cooler,Soft Drinks,placed,1,1
108559,Cooler,Soft Drinks,placed,1,1
102608,Cooler,Water,placed,2,2
103543,Cooler,Water,placed,2,2
103543,Cooler,Soft Drinks,placed,2,3
100877,Coffee,Coffee ,placed,2,0
100877,Cooler,Water,placed,1,"1,5"
100877,Cooler,Soft Drinks,placed,1,"1,5"
102004,Cooler,Water,placed,1,"1,5"
102004,Cooler,Energy,placed,1,"0,7"
100881,Cooler,Soft Drinks,placed,2,3
111720,Cooler,Water,placed,2,2
111720,Cooler,Soft Drinks,placed,1,1
103298,Cooler,Soft Drinks,placed,1,"0,7"
103298,Cooler,Soft Drinks,placed,3,5
103298,Cooler,Energy,placed,1,"0,7"
105452,Cooler,Water,placed,1,"1,5"
106039,Cooler,Soft Drinks,placed,1,1
111134,Fountain,Soft Drinks,placed,1,0
102433,Cooler,Water,placed,1,"1,5"
102433,Cooler,Soft Drinks,placed,1,2
102433,Cooler,Energy,placed,1,"0,7"
100888,Coffee,Coffee ,placed,2,0
100888,Cooler,Water,placed,1,1
100888,Cooler,Soft Drinks,placed,1,2
100888,Cooler,Energy,placed,1,"0,7"
100888,Dispenser,Water,placed,1,0
101293,Cooler,Water,placed,1,"1,5"
101293,Cooler,Soft Drinks,placed,1,1
111135,Fountain,Soft Drinks,placed,7,0
105590,Cooler,Soft Drinks,placed,1,1
106805,Cooler,Soft Drinks,placed,1,1
106805,Cooler,Juice,placed,1,1
103308,Cooler,Water,placed,2,2
103308,Cooler,Soft Drinks,placed,2,3
103308,Cooler,Energy,placed,1,"0,7"
103308,Cooler,Energy,placed,1,"0,7"
105850,Cooler,Water,placed,2,"2,5"
109588,Cooler,Water,placed,1,1
109942,Cooler,Soft Drinks,placed,4,4
101407,Cooler,Soft Drinks,placed,1,"1,5"
104893,Cooler,Soft Drinks,placed,2,"2,7"
102003,Cooler,Soft Drinks,placed,1,"1,5"
109884,Cooler,Soft Drinks,placed,1,1
103297,Cooler,Soft Drinks,placed,1,"1,5"
103297,Cooler,Energy,placed,1,"0,7"
103327,Cooler,Water,placed,1,2
103327,Cooler,Soft Drinks,placed,1,"1,5"
103327,Cooler,Juice,placed,1,1
102061,Cooler,Water,placed,1,1
102061,Cooler,Soft Drinks,placed,1,2
106394,Cooler,Soft Drinks,placed,4,"4,5"
106394,Dispenser,Water,placed,1,0
111338,Cooler,Soft Drinks,placed,1,"1,5"
111338,Fountain,Soft Drinks,placed,2,0
105014,Cooler,Soft Drinks,placed,1,1
105014,Cooler,Juice,placed,1,"0,7"
103296,Cooler,Soft Drinks,placed,1,2
100331,Cooler,Soft Drinks,placed,1,2
101104,Cooler,Soft Drinks,placed,1,1
104686,Cooler,Water,placed,1,"1,5"
104686,Cooler,Soft Drinks,placed,1,"1,5"
101037,Cooler,Soft Drinks,placed,1,2
111723,Cooler,Soft Drinks,placed,2,3
111723,Cooler,Energy,placed,1,"0,7"
109393,Cooler,Soft Drinks,placed,1,1
111163,Cooler,Water,placed,2,2
111163,Cooler,Soft Drinks,placed,2,"1,4"
111163,Fountain,Soft Drinks,placed,8,0
111379,Cooler,Soft Drinks,placed,1,1
102062,Cooler,Soft Drinks,placed,1,2
100882,Coffee,Coffee ,placed,2,0
100882,Cooler,Water,placed,3,4
100882,Cooler,Soft Drinks,placed,1,2
100882,Cooler,Energy,placed,1,"0,7"
100882,Dispenser,Water,placed,1,0
111126,Fountain,Soft Drinks,placed,4,0
102430,Cooler,Water,placed,1,1
102430,Cooler,Soft Drinks,placed,1,"1,5"
109405,Cooler,Water,placed,2,2
109405,Cooler,Soft Drinks,placed,1,1
105851,Cooler,Water,placed,1,"1,5"
102022,Cooler,Soft Drinks,placed,1,2
102022,Cooler,Energy,placed,1,"0,7"
103756,Cooler,Soft Drinks,placed,2,4
103756,Cooler,Energy,placed,1,"0,7"
103756,Cooler,Energy,placed,1,"0,7"
103007,Cooler,Water,placed,2,2
103007,Cooler,Soft Drinks,placed,1,2
103007,Cooler,Energy,placed,1,"0,7"
100406,Cooler,Water,placed,2,3
100406,Cooler,Soft Drinks,placed,1,2
100406,Cooler,Energy,placed,1,"0,7"
105681,Cooler,Water,placed,1,2
105681,Cooler,Soft Drinks,placed,1,"1,5"
105688,Cooler,Soft Drinks,placed,4,"4,5"
109508,Cooler,Soft Drinks,placed,3,"2,4"
107350,Cooler,Soft Drinks,placed,1,"1,5"
100433,Cooler,Energy,placed,1,"0,7"
101862,Cooler,Water,placed,1,2
101862,Cooler,Soft Drinks,placed,1,2
101862,Cooler,Energy,placed,1,"0,7"
105686,Cooler,Soft Drinks,placed,3,"2,6"
107348,Cooler,Water,placed,3,"3,5"
107348,Cooler,Soft Drinks,placed,2,3
107348,Cooler,Juice,placed,1,1
104528,Cooler,Water,placed,1,1
100883,Cooler,Soft Drinks,placed,1,"1,5"
100883,Cooler,Energy,placed,1,"0,7"
101227,Cooler,Energy,placed,1,"0,7"
106504,Cooler,Water,placed,1,1
106455,Cooler,Water,placed,1,1
106455,Cooler,Soft Drinks,placed,1,1
100722,Cooler,Water,placed,1,1
100722,Cooler,Soft Drinks,placed,1,"1,5"
112031,Dispenser,Water,placed,1,0
111570,Cooler,Soft Drinks,placed,2,"2,5"
100885,Coffee,Coffee ,placed,2,0
100885,Cooler,Water,placed,2,3
100885,Cooler,Soft Drinks,placed,1,2
100885,Dispenser,Water,placed,1,0
111780,Cooler,Soft Drinks,placed,1,1
105012,Cooler,Soft Drinks,placed,1,"0,3"
107902,Cooler,Soft Drinks,placed,1,1
107449,Cooler,Soft Drinks,placed,1,2
105514,Cooler,Soft Drinks,placed,1,1
104915,Cooler,Soft Drinks,placed,1,1
107480,Cooler,Water,placed,1,1
107480,Cooler,Soft Drinks,placed,1,2
108014,Cooler,Soft Drinks,placed,1,"0,7"
108528,Cooler,Water,placed,2,2
108528,Cooler,Soft Drinks,placed,3,3
108528,Cooler,Juice,placed,1,1
109589,Cooler,Soft Drinks,placed,1,1
109486,Cooler,Water,placed,1,"1,5"
111282,Coffee,Coffee ,placed,1,0
111282,Cooler,Soft Drinks,placed,1,"0,7"
110479,Cooler,Soft Drinks,placed,2,1
104881,Cooler,Soft Drinks,placed,1,2
100887,Coffee,Coffee ,placed,4,0
100887,Cooler,Water,placed,1,1
100887,Cooler,Soft Drinks,placed,1,2
100887,Cooler,Energy,placed,2,"1,2"
106521,Cooler,Soft Drinks,placed,1,1
111726,Cooler,Water,placed,1,"1,5"
111726,Cooler,Soft Drinks,placed,3,"3,7"
111726,Cooler,Energy,placed,1,"0,7"
109587,Cooler,Energy,placed,1,"0,7"
109587,Dispenser,Water,placed,1,0
109780,Cooler,Water,placed,1,1
109780,Cooler,Soft Drinks,placed,1,1
106566,Cooler,Soft Drinks,placed,1,1
110785,Cooler,Water,placed,2,3
110785,Cooler,Soft Drinks,placed,4,"4,7"
110785,Cooler,Juice,placed,2,"1,3"
110785,Dispenser,Water,placed,1,0
111107,Cooler,Soft Drinks,placed,2,"1,4"
111107,Fountain,Soft Drinks,placed,2,0
101089,Cooler,Water,placed,1,2
101089,Cooler,Soft Drinks,placed,1,"0,7"
100345,Cooler,Juice,placed,1,1
103798,Cooler,Soft Drinks,placed,1,1
110391,Cooler,Soft Drinks,placed,2,3
110151,Cooler,Soft Drinks,placed,1,1
104407,Cooler,Water,placed,1,1
104407,Cooler,Energy,placed,1,"0,7"
111849,Cooler,Water,placed,1,1
111849,Cooler,Soft Drinks,placed,1,1
108299,Cooler,Soft Drinks,placed,3,4
106503,Cooler,Soft Drinks,placed,1,"0,7"
106502,Cooler,Soft Drinks,placed,1,1
106506,Cooler,Soft Drinks,placed,1,1
106501,Cooler,Soft Drinks,placed,1,1
106505,Cooler,Soft Drinks,placed,1,1
106493,Cooler,Soft Drinks,placed,1,"0,7"
111610,Cooler,Water,placed,2,2
111610,Cooler,Soft Drinks,placed,1,1
104920,Cooler,Soft Drinks,placed,1,2
109860,Cooler,Water,placed,1,1
110117,Cooler,Soft Drinks,placed,2,"2,5"
105050,Cooler,Soft Drinks,placed,2,"1,3"
110196,Cooler,Soft Drinks,placed,1,1
101073,Cooler,Soft Drinks,placed,1,1
105424,Cooler,Soft Drinks,placed,1,1
105355,Cooler,Energy,placed,1,"0,7"
110806,Cooler,Water,placed,1,1
110806,Cooler,Soft Drinks,placed,3,3
110806,Cooler,Juice,placed,1,1
105969,Cooler,Soft Drinks,placed,1,1
109401,Cooler,Soft Drinks,placed,1,1
110763,Cooler,Soft Drinks,placed,1,"0,7"
108984,Cooler,Water,placed,1,1
108984,Cooler,Soft Drinks,placed,2,2
108984,Dispenser,Water,placed,2,0
111829,Cooler,Water,placed,1,1
111829,Cooler,Soft Drinks,placed,2,3
103260,Cooler,Soft Drinks,placed,2,3
110158,Cooler,Soft Drinks,placed,1,1
111692,Cooler,Water,placed,1,1
111692,Cooler,Soft Drinks,placed,1,1
111606,Cooler,Water,placed,1,"1,5"
100616,Cooler,Water,placed,1,"1,5"
100616,Cooler,Soft Drinks,placed,1,2
102222,Cooler,Water,placed,2,"2,5"
102222,Cooler,Soft Drinks,placed,1,2
105784,Cooler,Soft Drinks,placed,1,1
100606,Cooler,Water,placed,1,"1,5"
100606,Cooler,Soft Drinks,placed,2,"3,5"
100606,Cooler,Energy,placed,1,"0,7"
105303,Cooler,Water,placed,2,"2,5"
105303,Cooler,Soft Drinks,placed,4,5
106632,Cooler,Water,placed,3,"3,5"
106632,Cooler,Soft Drinks,placed,3,"5,5"
106632,Cooler,Energy,placed,1,"0,7"
106632,Cooler,Energy,placed,1,"0,7"
106632,Dispenser,Water,placed,1,0
108529,Cooler,Water,placed,2,2
108529,Cooler,Soft Drinks,placed,1,"1,5"
111661,Cooler,Soft Drinks,placed,1,1
108017,Cooler,Water,placed,2,2
108017,Cooler,Soft Drinks,placed,1,1
108906,Cooler,Soft Drinks,placed,1,1
106130,Cooler,Soft Drinks,placed,1,1
104190,Cooler,Water,placed,1,"1,5"
104190,Cooler,Soft Drinks,placed,1,2
107490,Cooler,Soft Drinks,placed,5,"6,3"
106787,Cooler,Soft Drinks,placed,6,"4,6"
106787,Fountain,Soft Drinks,placed,2,0
109388,Cooler,Soft Drinks,placed,2,2
101331,Cooler,Soft Drinks,placed,1,1
108016,Cooler,Soft Drinks,placed,1,1
109440,Cooler,Water,placed,1,1
107699,Cooler,Water,placed,2,2
107699,Cooler,Soft Drinks,placed,1,1
107699,Cooler,Juice,placed,1,1
107699,Dispenser,Water,placed,1,0
111676,Cooler,Soft Drinks,placed,2,3
111676,Cooler,Energy,placed,1,"0,7"
108294,Cooler,Water,placed,4,4
105219,Cooler,Soft Drinks,placed,1,1
107126,Cooler,Soft Drinks,placed,1,1
108295,Cooler,Soft Drinks,placed,1,1
110620,Cooler,Soft Drinks,placed,1,1
110620,Cooler,Energy,placed,1,"0,7"
106243,Cooler,Soft Drinks,placed,3,"4,5"
105356,Cooler,Water,placed,1,1
105356,Cooler,Soft Drinks,placed,1,1
105356,Cooler,Energy,placed,1,"0,7"
105356,Dispenser,Water,placed,1,0
108296,Cooler,Soft Drinks,placed,3,3
109067,Cooler,Water,placed,1,1
109067,Cooler,Soft Drinks,placed,2,2
100230,Cooler,Soft Drinks,placed,1,2
100459,Cooler,Water,placed,1,"1,5"
100459,Cooler,Soft Drinks,placed,1,2
106740,Cooler,Water,placed,1,"1,5"
106740,Cooler,Soft Drinks,placed,5,6
106740,Fountain,Soft Drinks,placed,1,0
108214,Cooler,Water,placed,1,"1,5"
108214,Cooler,Soft Drinks,placed,2,"2,5"
105048,Cooler,Soft Drinks,placed,2,2
105679,Cooler,Soft Drinks,placed,3,5
108023,Cooler,Water,placed,1,"1,5"
108023,Cooler,Soft Drinks,placed,3,"2,3"
108023,Dispenser,Water,placed,1,0
106630,Cooler,Water,placed,1,1
106630,Cooler,Soft Drinks,placed,1,1
106630,Cooler,Energy,placed,3,"2,1"
105680,Cooler,Soft Drinks,placed,1,"0,3"
105680,Fountain,Soft Drinks,placed,1,0
105976,Cooler,Soft Drinks,placed,1,1
106385,Dispenser,Water,placed,1,0
107718,Cooler,Soft Drinks,placed,1,2
107718,Dispenser,Water,placed,1,0
110073,Cooler,Soft Drinks,placed,1,"0,7"
109991,Cooler,Water,placed,1,1
109991,Cooler,Soft Drinks,placed,1,1
108930,Cooler,Water,placed,2,2
108930,Cooler,Soft Drinks,placed,1,1
104990,Cooler,Soft Drinks,placed,2,2
105982,Cooler,Soft Drinks,placed,1,1
108038,Cooler,Soft Drinks,placed,1,1
107720,Cooler,Juice,placed,2,"1,3"
108292,Cooler,Water,placed,2,"3,5"
108292,Cooler,Soft Drinks,placed,1,"1,5"
105783,Cooler,Water,placed,2,2
105783,Cooler,Soft Drinks,placed,1,1
105783,Cooler,Juice,placed,1,1
111110,Cooler,Water,placed,1,1
111110,Fountain,Soft Drinks,placed,3,0
100192,Cooler,Soft Drinks,placed,1,1
106898,Cooler,Soft Drinks,placed,1,2
100612,Cooler,Water,placed,2,2
100612,Cooler,Soft Drinks,placed,1,2
111998,Coffee,Coffee ,placed,2,0
111998,Cooler,Soft Drinks,placed,3,4
111998,Cooler,Energy,placed,2,1
105745,Cooler,Soft Drinks,placed,1,1
105576,Cooler,Water,placed,2,"2,5"
105576,Cooler,Soft Drinks,placed,1,"0,3"
105144,Cooler,Water,placed,1,1
105144,Cooler,Soft Drinks,placed,1,1
106909,Cooler,Soft Drinks,placed,1,1
105047,Cooler,Soft Drinks,placed,1,1
105047,Dispenser,Water,placed,1,0
109444,Coffee,Coffee ,placed,1,0
108261,Cooler,Soft Drinks,placed,2,2
106433,Cooler,Water,placed,1,"1,5"
105152,Cooler,Soft Drinks,placed,1,1
100275,Cooler,Water,placed,1,"1,5"
108982,Cooler,Juice,placed,1,1
111102,Cooler,Soft Drinks,placed,3,"2,1"
111102,Fountain,Soft Drinks,placed,3,0
107717,Cooler,Soft Drinks,placed,1,1
107717,Cooler,Juice,placed,2,2
104192,Cooler,Water,placed,2,4
104192,Cooler,Soft Drinks,placed,1,2
104192,Cooler,Energy,placed,1,"0,7"
104192,Cooler,Energy,placed,1,"0,7"
110371,Cooler,Water,placed,1,1
110371,Cooler,Soft Drinks,placed,1,1
104913,Cooler,Soft Drinks,placed,1,1
104913,Cooler,Juice,placed,1,1
109526,Cooler,Water,placed,1,2
109198,Cooler,Water,placed,1,1
108596,Cooler,Soft Drinks,placed,1,1
108262,Cooler,Water,placed,1,1
108262,Cooler,Soft Drinks,placed,2,2
104186,Cooler,Water,placed,1,"1,5"
104186,Cooler,Soft Drinks,placed,3,5
111192,Cooler,Water,placed,2,2
111192,Cooler,Soft Drinks,placed,1,"1,5"
106806,Cooler,Water,placed,2,2
106806,Cooler,Soft Drinks,placed,1,1
102373,Cooler,Soft Drinks,placed,1,2
102373,Cooler,Juice,placed,1,1
108264,Cooler,Soft Drinks,placed,2,2
108264,Cooler,Juice,placed,1,1
108265,Dispenser,Water,placed,1,0
107317,Cooler,Soft Drinks,placed,2,"1,7"
111451,Cooler,Water,placed,1,1
111451,Cooler,Soft Drinks,placed,1,"1,5"
102336,Cooler,Water,placed,1,1
102336,Cooler,Soft Drinks,placed,1,"1,5"
111327,Cooler,Soft Drinks,placed,1,"0,7"
108231,Cooler,Water,placed,3,3
108231,Cooler,Soft Drinks,placed,5,5
108231,Dispenser,Water,placed,2,0
108233,Cooler,Water,placed,1,1
108237,Cooler,Soft Drinks,placed,1,"1,5"
107723,Cooler,Water,placed,1,"1,5"
107723,Dispenser,Water,placed,1,0
105049,Coffee,Coffee ,placed,2,0
105049,Cooler,Soft Drinks,placed,2,"1,3"
100216,Cooler,Soft Drinks,placed,1,1
104391,Cooler,Soft Drinks,placed,2,2
106335,Cooler,Water,placed,2,4
106335,Cooler,Soft Drinks,placed,1,2
104905,Cooler,Soft Drinks,placed,1,1
108445,Cooler,Soft Drinks,placed,1,1
107328,Cooler,Water,placed,1,1
104887,Cooler,Water,placed,1,1
105296,Cooler,Water,placed,1,1
106850,Cooler,Soft Drinks,placed,1,1
105789,Cooler,Water,placed,1,1
105789,Cooler,Soft Drinks,placed,2,2
105813,Cooler,Water,placed,1,1
105269,Cooler,Soft Drinks,placed,1,1
111781,Cooler,Soft Drinks,placed,1,2
111781,Cooler,Energy,placed,1,"0,7"
104582,Cooler,Soft Drinks,placed,1,1
110027,Cooler,Soft Drinks,placed,1,"1,5"
110027,Dispenser,Water,placed,1,0
104194,Cooler,Water,placed,1,2
104194,Cooler,Soft Drinks,placed,1,2
104194,Cooler,Energy,placed,1,"0,7"
108186,Cooler,Water,placed,2,2
108186,Cooler,Juice,placed,1,1
108963,Cooler,Soft Drinks,placed,1,1
101714,Cooler,Water,placed,2,2
105135,Cooler,Water,placed,1,1
105135,Cooler,Soft Drinks,placed,2,"1,7"
104553,Cooler,Water,placed,1,"1,5"
100233,Cooler,Water,placed,1,1
100233,Cooler,Soft Drinks,placed,1,1
110414,Cooler,Water,placed,1,1
102054,Cooler,Water,placed,2,"2,5"
102054,Cooler,Soft Drinks,placed,1,2
102054,Cooler,Energy,placed,1,"0,7"
102054,Cooler,Energy,placed,1,"0,7"
105332,Cooler,Water,placed,1,1
105332,Cooler,Soft Drinks,placed,2,2
105332,Cooler,Energy,placed,1,"0,7"
107939,Cooler,Water,placed,1,"1,5"
107939,Cooler,Soft Drinks,placed,1,"1,5"
101376,Cooler,Soft Drinks,placed,1,2
105344,Cooler,Soft Drinks,placed,1,"1,5"
105344,Dispenser,Water,placed,1,0
105337,Cooler,Soft Drinks,placed,1,2
106148,Cooler,Water,placed,1,1
106148,Cooler,Soft Drinks,placed,1,1
106148,Cooler,Juice,placed,2,2
100603,Cooler,Water,placed,1,"1,5"
100603,Cooler,Soft Drinks,placed,2,3
106117,Cooler,Water,placed,1,1
110752,Cooler,Soft Drinks,placed,1,1
111398,Cooler,Soft Drinks,placed,1,1
110216,Cooler,Soft Drinks,placed,3,5
110216,Cooler,Soft Drinks,placed,2,"0,6"
110216,Dispenser,Water,placed,1,0
103276,Cooler,Water,placed,1,"1,5"
103276,Cooler,Soft Drinks,placed,1,2
103276,Cooler,Energy,placed,1,"0,7"
109827,Cooler,Water,placed,1,1
109827,Cooler,Soft Drinks,placed,1,"1,5"
109827,Dispenser,Water,placed,1,0
109770,Cooler,Soft Drinks,placed,1,1
109098,Cooler,Soft Drinks,placed,2,3
104056,Cooler,Water,placed,1,"1,5"
104056,Cooler,Soft Drinks,placed,1,2
104056,Cooler,Energy,placed,1,"0,7"
100141,Cooler,Soft Drinks,placed,1,1
105456,Cooler,Soft Drinks,placed,1,1
108994,Cooler,Soft Drinks,placed,1,1
108994,Cooler,Juice,placed,1,1
109012,Cooler,Soft Drinks,placed,1,1
111272,Cooler,Soft Drinks,placed,1,1
107900,Cooler,Soft Drinks,placed,1,1
107901,Cooler,Soft Drinks,placed,1,1
108824,Cooler,Soft Drinks,placed,1,1
108824,Cooler,Energy,placed,1,"0,7"
106466,Cooler,Soft Drinks,placed,1,1
106468,Cooler,Soft Drinks,placed,1,1
111831,Cooler,Soft Drinks,placed,2,2
111831,Dispenser,Water,placed,1,0
102969,Cooler,Water,placed,1,1
102969,Cooler,Soft Drinks,placed,1,"1,5"
106384,Cooler,Water,placed,1,1
106384,Cooler,Soft Drinks,placed,3,3
105360,Cooler,Soft Drinks,placed,2,1
111191,Cooler,Soft Drinks,placed,1,"0,3"
111191,Cooler,Energy,placed,1,"0,7"
108444,Cooler,Water,placed,1,1
108444,Cooler,Soft Drinks,placed,2,2
109370,Coffee,Coffee ,placed,2,0
105030,Cooler,Soft Drinks,placed,1,1
104554,Cooler,Water,placed,2,"2,5"
104554,Cooler,Energy,placed,1,"0,7"
106460,Cooler,Soft Drinks,placed,1,"0,7"
109594,Cooler,Soft Drinks,placed,1,"0,7"
107565,Cooler,Water,placed,1,1
107565,Cooler,Soft Drinks,placed,2,"1,3"
110481,Cooler,Soft Drinks,placed,1,"0,7"
106547,Cooler,Water,placed,1,1
105028,Cooler,Soft Drinks,placed,1,"0,7"
105028,Cooler,Energy,placed,1,"0,3"
108021,Cooler,Water,placed,1,1
108021,Cooler,Soft Drinks,placed,1,1
109939,Cooler,Soft Drinks,placed,1,1
109358,Cooler,Water,placed,1,1
109358,Cooler,Juice,placed,1,1
110678,Cooler,Soft Drinks,placed,1,1
110678,Dispenser,Water,placed,1,0
105358,Cooler,Soft Drinks,placed,1,"0,7"
107724,Cooler,Soft Drinks,placed,1,"1,5"
107724,Dispenser,Water,placed,1,0
110385,Cooler,Water,placed,1,1
110385,Cooler,Soft Drinks,placed,4,5
110385,Cooler,Energy,placed,1,"0,7"
110385,Cooler,Juice,placed,1,"0,3"
111685,Cooler,Water,placed,1,1
111685,Cooler,Soft Drinks,placed,1,1
108236,Cooler,Soft Drinks,placed,1,"1,5"
104555,Cooler,Water,placed,1,1
104555,Cooler,Energy,placed,1,"0,7"
107508,Cooler,Water,placed,3,3
107508,Cooler,Soft Drinks,placed,1,1
106897,Cooler,Water,placed,1,1
106897,Cooler,Soft Drinks,placed,1,"1,5"
110480,Cooler,Soft Drinks,placed,1,1
103885,Cooler,Water,placed,1,1
103885,Cooler,Soft Drinks,placed,1,1
109938,Cooler,Soft Drinks,placed,1,1
103263,Coffee,Coffee ,placed,2,0
103263,Cooler,Soft Drinks,placed,1,"0,7"
103263,Cooler,Soft Drinks,placed,5,7
103263,Cooler,Energy,placed,1,"0,7"
103263,Cooler,Energy,placed,1,"0,7"
110710,Cooler,Water,placed,1,"1,5"
110710,Cooler,Soft Drinks,placed,1,1
110710,Dispenser,Water,placed,1,0
107603,Cooler,Water,placed,1,1
107603,Cooler,Soft Drinks,placed,1,1
107603,Dispenser,Water,placed,1,0
110751,Cooler,Soft Drinks,placed,1,"0,7"
109984,Cooler,Soft Drinks,placed,1,1
106548,Cooler,Soft Drinks,placed,2,"1,4"
106548,Dispenser,Water,placed,1,0
110846,Cooler,Water,placed,2,2
110846,Cooler,Soft Drinks,placed,2,2
110846,Cooler,Energy,placed,1,"0,7"
110846,Dispenser,Water,placed,1,0
107179,Cooler,Water,placed,1,"1,5"
107179,Cooler,Soft Drinks,placed,1,2
108184,Cooler,Water,placed,1,1
108184,Cooler,Soft Drinks,placed,1,1
107486,Cooler,Water,placed,1,1
107486,Cooler,Soft Drinks,placed,1,1
107486,Cooler,Juice,placed,1,1
111287,Coffee,Coffee ,placed,2,0
111287,Cooler,Water,placed,1,"1,5"
107604,Cooler,Water,placed,1,1
107604,Cooler,Soft Drinks,placed,3,5
108028,Cooler,Water,placed,3,"3,5"
108028,Cooler,Soft Drinks,placed,1,1
108028,Cooler,Energy,placed,1,"0,7"
108028,Fountain,Soft Drinks,placed,1,0
103762,Cooler,Soft Drinks,placed,1,1
109001,Cooler,Soft Drinks,placed,1,"0,7"
105847,Cooler,Water,placed,1,1
109549,Cooler,Water,placed,1,1
100108,Cooler,Water,placed,1,1
100108,Cooler,Soft Drinks,placed,2,"2,5"
100108,Cooler,Energy,placed,1,"0,7"
109696,Cooler,Water,placed,1,1
109696,Cooler,Soft Drinks,placed,1,1
109434,Cooler,Soft Drinks,placed,1,"0,7"
100966,Cooler,Water,placed,1,"1,5"
100966,Cooler,Soft Drinks,placed,1,"1,5"
111694,Cooler,Water,placed,1,1
111694,Cooler,Soft Drinks,placed,1,1
111694,Cooler,Soft Drinks,placed,1,"0,3"
109329,Cooler,Soft Drinks,placed,1,1
110247,Cooler,Soft Drinks,placed,2,"1,7"
110585,Cooler,Soft Drinks,placed,1,1
110585,Cooler,Energy,placed,1,"0,7"
109980,Cooler,Soft Drinks,placed,1,1
109433,Cooler,Water,placed,1,1
108227,Cooler,Water,placed,1,1
108227,Cooler,Soft Drinks,placed,4,3
107608,Cooler,Water,placed,1,1
107608,Cooler,Soft Drinks,placed,2,4
100965,Cooler,Water,placed,1,1
100965,Cooler,Soft Drinks,placed,1,2
100965,Cooler,Energy,placed,1,"0,7"
108230,Cooler,Water,placed,2,2
108230,Cooler,Soft Drinks,placed,4,"4,3"
108230,Dispenser,Water,placed,1,0
108258,Cooler,Water,placed,2,2
108258,Cooler,Soft Drinks,placed,1,1
107511,Cooler,Soft Drinks,placed,2,3
105450,Cooler,Water,placed,1,1
109694,Cooler,Water,placed,1,1
109694,Cooler,Soft Drinks,placed,1,1
101183,Cooler,Soft Drinks,placed,1,"1,5"
101072,Cooler,Soft Drinks,placed,1,1
102030,Coffee,Coffee ,placed,2,0
102030,Cooler,Water,placed,1,"1,5"
102030,Cooler,Soft Drinks,placed,1,2
110413,Cooler,Soft Drinks,placed,1,1
106049,Cooler,Soft Drinks,placed,1,1
106049,Dispenser,Water,placed,1,0
112023,Cooler,Water,placed,1,1
109577,Cooler,Soft Drinks,placed,1,"0,7"
100458,Cooler,Water,placed,1,"1,5"
100458,Cooler,Soft Drinks,placed,1,2
100458,Cooler,Energy,placed,1,"0,7"
110777,Cooler,Soft Drinks,placed,1,"0,7"
110777,Dispenser,Water,placed,1,0
111337,Cooler,Water,placed,6,7
111337,Cooler,Soft Drinks,placed,9,13
104954,Coffee,Coffee ,placed,5,0
104954,Cooler,Water,placed,1,1
104954,Cooler,Soft Drinks,placed,2,4
104954,Cooler,Energy,placed,1,"0,7"
104954,Dispenser,Water,placed,1,0
100453,Cooler,Soft Drinks,placed,1,"0,7"
100453,Cooler,Soft Drinks,placed,2,3
108041,Cooler,Water,placed,1,1
108041,Cooler,Soft Drinks,placed,1,1
108041,Dispenser,Water,placed,1,0
105035,Cooler,Water,placed,1,1
105035,Cooler,Soft Drinks,placed,3,"1,6"
104505,Cooler,Water,placed,1,"1,5"
104505,Cooler,Soft Drinks,placed,1,1
107494,Cooler,Water,placed,3,3
107494,Cooler,Soft Drinks,placed,1,1
111160,Cooler,Water,placed,1,1
111160,Cooler,Soft Drinks,placed,3,"2,4"
111160,Fountain,Soft Drinks,placed,9,0
104184,Cooler,Water,placed,1,"1,5"
104184,Cooler,Soft Drinks,placed,1,"1,5"
106712,Cooler,Water,placed,1,1
106712,Cooler,Soft Drinks,placed,1,"1,5"
106712,Cooler,Energy,placed,1,"0,7"
100963,Coffee,Coffee ,placed,1,0
100963,Cooler,Water,placed,1,"1,5"
100963,Cooler,Soft Drinks,placed,1,2
100962,Cooler,Soft Drinks,placed,2,2
100955,Cooler,Water,placed,1,1
100955,Cooler,Soft Drinks,placed,1,2
106186,Cooler,Soft Drinks,placed,2,2
108440,Cooler,Water,placed,1,"1,5"
108404,Cooler,Water,placed,1,"1,5"
108404,Cooler,Soft Drinks,placed,2,"2,5"
111841,Cooler,Soft Drinks,placed,1,"0,3"
111841,Cooler,Soft Drinks,placed,1,"1,5"
109136,Cooler,Soft Drinks,placed,1,1
106827,Cooler,Soft Drinks,placed,1,1
108307,Cooler,Water,placed,1,1
108307,Cooler,Soft Drinks,placed,2,"1,7"
108309,Cooler,Soft Drinks,placed,1,1
109959,Cooler,Soft Drinks,placed,1,1
107612,Cooler,Water,placed,3,3
107612,Cooler,Soft Drinks,placed,1,1
107613,Cooler,Water,placed,1,1
107613,Cooler,Soft Drinks,placed,3,3
107613,Cooler,Juice,placed,1,1
111517,Cooler,Soft Drinks,placed,1,1
108040,Cooler,Soft Drinks,placed,3,"2,7"
101861,Cooler,Energy,placed,1,"0,7"
107707,Cooler,Water,placed,2,3
111142,Cooler,Water,placed,1,1
111142,Cooler,Soft Drinks,placed,4,4
111142,Fountain,Soft Drinks,placed,2,0
106830,Cooler,Water,placed,1,1
106830,Cooler,Soft Drinks,placed,1,1
105713,Cooler,Water,placed,1,1
105713,Cooler,Soft Drinks,placed,6,6
100975,Cooler,Soft Drinks,placed,1,2
109144,Cooler,Water,placed,2,2
109144,Cooler,Soft Drinks,placed,3,"0,9"
108410,Cooler,Water,placed,1,1
108410,Cooler,Soft Drinks,placed,1,1
100601,Cooler,Soft Drinks,placed,3,5
100601,Cooler,Energy,placed,1,1
100601,Cooler,Soft Drinks,placed,1,"0,3"
103994,Cooler,Water,placed,1,"1,5"
103994,Cooler,Soft Drinks,placed,1,2
103994,Cooler,Juice,placed,1,1
106785,Cooler,Soft Drinks,placed,1,1
100059,Cooler,Water,placed,1,1
100059,Cooler,Soft Drinks,placed,1,2
108583,Cooler,Soft Drinks,placed,1,1
108408,Cooler,Soft Drinks,placed,1,1
108408,Cooler,Energy,placed,1,"0,3"
108407,Cooler,Soft Drinks,placed,1,1
100101,Cooler,Soft Drinks,placed,1,"1,5"
110570,Cooler,Soft Drinks,placed,1,"1,5"
107614,Cooler,Water,placed,2,"2,5"
107614,Cooler,Soft Drinks,placed,4,4
105685,Cooler,Soft Drinks,placed,2,3
110154,Cooler,Soft Drinks,placed,1,"1,5"
110653,Cooler,Soft Drinks,placed,1,1
100201,Cooler,Water,placed,2,3
100201,Cooler,Soft Drinks,placed,2,3
100201,Cooler,Energy,placed,1,"0,7"
104178,Cooler,Water,placed,2,"2,5"
104178,Cooler,Soft Drinks,placed,1,2
104178,Cooler,Energy,placed,1,"0,7"
105540,Cooler,Soft Drinks,placed,1,1
108585,Cooler,Soft Drinks,placed,1,1
108209,Cooler,Water,placed,2,2
108209,Cooler,Soft Drinks,placed,1,1
106977,Cooler,Soft Drinks,placed,1,1
106780,Cooler,Soft Drinks,placed,1,1
107474,Cooler,Water,placed,1,1
107474,Cooler,Soft Drinks,placed,1,1
108039,Cooler,Soft Drinks,placed,3,3
108039,Cooler,Juice,placed,1,1
109165,Cooler,Soft Drinks,placed,2,2
111143,Cooler,Water,placed,1,1
111143,Fountain,Soft Drinks,placed,4,0
110625,Cooler,Soft Drinks,placed,1,1
111239,Cooler,Water,placed,1,1
111239,Cooler,Soft Drinks,placed,2,3
107616,Cooler,Juice,placed,1,1
109556,Cooler,Water,placed,1,1
106784,Cooler,Soft Drinks,placed,2,"1,7"
104206,Cooler,Soft Drinks,placed,1,2
108405,Cooler,Soft Drinks,placed,1,2
101368,Cooler,Soft Drinks,placed,3,"2,6"
104883,Cooler,Soft Drinks,placed,1,"1,5"
106779,Cooler,Water,placed,1,1
106779,Cooler,Soft Drinks,placed,1,1
111179,Cooler,Water,placed,1,1
111179,Cooler,Soft Drinks,placed,4,"5,5"
106855,Cooler,Water,placed,1,1
106855,Cooler,Soft Drinks,placed,1,"1,5"
108917,Cooler,Water,placed,2,2
108917,Cooler,Soft Drinks,placed,1,1
100609,Cooler,Soft Drinks,placed,1,2
100609,Cooler,Energy,placed,1,1
102233,Cooler,Water,placed,1,"1,5"
102233,Cooler,Soft Drinks,placed,2,4
100626,Cooler,Water,placed,2,3
100626,Cooler,Soft Drinks,placed,2,"3,5"
100626,Cooler,Energy,placed,1,"0,7"
109142,Cooler,Juice,placed,1,1
109142,Dispenser,Water,placed,1,0
107229,Cooler,Water,placed,1,1
107229,Cooler,Soft Drinks,placed,2,3
107050,Cooler,Water,placed,1,1
105886,Cooler,Water,placed,1,1
109875,Cooler,Water,placed,1,1
109875,Cooler,Soft Drinks,placed,1,1
108606,Cooler,Water,placed,1,1
108608,Cooler,Soft Drinks,placed,1,1
102032,Cooler,Soft Drinks,placed,2,3
107509,Cooler,Water,placed,3,"3,5"
107509,Cooler,Soft Drinks,placed,1,1
106478,Cooler,Water,placed,1,1
109976,Cooler,Water,placed,1,1
107709,Cooler,Energy,placed,1,"0,7"
107580,Cooler,Soft Drinks,placed,2,"1,7"
102220,Cooler,Water,placed,2,3
102220,Cooler,Soft Drinks,placed,2,"3,5"
102220,Cooler,Energy,placed,1,"0,7"
102220,Cooler,Energy,placed,1,"0,7"
111341,Dispenser,Water,placed,1,0
109271,Cooler,Soft Drinks,placed,3,3
102065,Cooler,Water,placed,3,4
102065,Cooler,Soft Drinks,placed,1,1
102065,Dispenser,Water,placed,1,0
100617,Cooler,Water,placed,1,"1,5"
100617,Cooler,Soft Drinks,placed,1,"1,5"
108402,Cooler,Water,placed,1,1
108402,Cooler,Soft Drinks,placed,2,2
108437,Cooler,Soft Drinks,placed,1,1
108057,Dispenser,Water,placed,1,0
105565,Cooler,Water,placed,1,1
105565,Cooler,Soft Drinks,placed,1,1
105140,Cooler,Soft Drinks,placed,2,"2,3"
105140,Dispenser,Water,placed,1,0
112086,Cooler,Energy,placed,1,1
111286,Coffee,Coffee ,placed,1,0
111286,Cooler,Soft Drinks,placed,1,"1,5"
104946,Cooler,Soft Drinks,placed,1,1
108049,Cooler,Soft Drinks,placed,1,1
101961,Coffee,Coffee ,placed,1,0
101961,Cooler,Soft Drinks,placed,3,"5,5"
101961,Cooler,Energy,placed,1,"0,7"
101971,Coffee,Coffee ,placed,1,0
101971,Cooler,Water,placed,1,1
101971,Cooler,Soft Drinks,placed,2,3
109705,Cooler,Water,placed,1,1
111728,Cooler,Water,placed,2,2
111728,Cooler,Soft Drinks,placed,3,"3,3"
111728,Cooler,Energy,placed,1,"0,7"
111745,Cooler,Soft Drinks,placed,1,"1,5"
108439,Cooler,Water,placed,1,2
108414,Cooler,Soft Drinks,placed,2,2
100983,Cooler,Soft Drinks,placed,2,2
110108,Cooler,Soft Drinks,placed,1,1
104950,Cooler,Soft Drinks,placed,1,1
108449,Cooler,Water,placed,1,1
108449,Cooler,Soft Drinks,placed,2,2
108449,Cooler,Juice,placed,1,1
107446,Cooler,Soft Drinks,placed,2,2
106971,Cooler,Water,placed,1,2
106971,Cooler,Soft Drinks,placed,1,2
108438,Cooler,Water,placed,2,"2,5"
108438,Cooler,Soft Drinks,placed,2,"2,2"
108438,Dispenser,Water,placed,1,0
111589,Cooler,Soft Drinks,placed,2,"1,7"
110863,Cooler,Soft Drinks,placed,1,"1,5"
110863,Cooler,Energy,placed,1,1
106642,Cooler,Soft Drinks,placed,1,"1,5"
106642,Cooler,Energy,placed,1,"0,7"
100964,Cooler,Water,placed,1,"1,5"
100964,Cooler,Soft Drinks,placed,1,1
104207,Cooler,Water,placed,1,"1,5"
104207,Cooler,Soft Drinks,placed,1,2
105415,Cooler,Soft Drinks,placed,1,1
109055,Cooler,Soft Drinks,placed,1,"0,7"
105094,Cooler,Soft Drinks,placed,1,"0,7"
105101,Coffee,Coffee ,placed,2,0
105101,Cooler,Water,placed,1,1
105101,Cooler,Soft Drinks,placed,2,2
104191,Cooler,Water,placed,1,1
104191,Cooler,Soft Drinks,placed,1,"1,5"
108073,Cooler,Water,placed,1,1
108073,Cooler,Soft Drinks,placed,1,1
106969,Cooler,Soft Drinks,placed,1,2
108072,Cooler,Water,placed,1,1
108072,Cooler,Soft Drinks,placed,3,4
107178,Cooler,Soft Drinks,placed,1,1
104949,Cooler,Soft Drinks,placed,1,"0,3"
110173,Cooler,Soft Drinks,placed,1,"1,5"
108450,Cooler,Water,placed,1,"1,5"
108450,Cooler,Soft Drinks,placed,1,1
111464,Cooler,Soft Drinks,placed,3,2
111464,Cooler,Juice,placed,1,1
109049,Cooler,Soft Drinks,placed,2,2
104556,Cooler,Water,placed,1,1
104211,Cooler,Water,placed,1,2
104211,Cooler,Soft Drinks,placed,1,2
104211,Cooler,Energy,placed,1,"0,7"
112078,Coffee,Coffee ,placed,38,0
103811,Cooler,Water,placed,2,3
103811,Cooler,Soft Drinks,placed,1,2
103811,Cooler,Energy,placed,1,"0,7"
111561,Cooler,Water,placed,1,"1,5"
111561,Cooler,Soft Drinks,placed,1,"1,5"
107382,Cooler,Soft Drinks,placed,1,2
108996,Cooler,Water,placed,6,7
108996,Cooler,Soft Drinks,placed,2,2
108996,Cooler,Juice,placed,3,3
106132,Cooler,Soft Drinks,placed,1,1
109702,Cooler,Soft Drinks,placed,1,"0,7"
111074,Cooler,Soft Drinks,placed,1,1
111074,Fountain,Soft Drinks,placed,2,0
109703,Cooler,Soft Drinks,placed,2,4
105975,Cooler,Soft Drinks,placed,1,1
110478,Coffee,Coffee ,placed,1,0
101113,Cooler,Soft Drinks,placed,1,1
102379,Cooler,Water,placed,1,"1,5"
102379,Cooler,Soft Drinks,placed,1,2
102379,Cooler,Juice,placed,1,"0,3"
100979,Cooler,Soft Drinks,placed,1,2
109698,Cooler,Soft Drinks,placed,1,"0,7"
106172,Cooler,Water,placed,1,1
106172,Cooler,Soft Drinks,placed,4,4
106172,Cooler,Juice,placed,1,1
108384,Cooler,Water,placed,3,3
108384,Cooler,Soft Drinks,placed,5,"5,7"
108384,Dispenser,Water,placed,1,0
106782,Cooler,Soft Drinks,placed,1,1
102378,Cooler,Soft Drinks,placed,1,1
106421,Cooler,Water,placed,1,"0,3"
106943,Cooler,Water,placed,1,2
106943,Cooler,Soft Drinks,placed,3,4
108429,Cooler,Soft Drinks,placed,2,"1,3"
108194,Cooler,Soft Drinks,placed,1,1
108194,Cooler,Soft Drinks,placed,1,1
107210,Cooler,Water,placed,1,"1,5"
103890,Cooler,Soft Drinks,placed,1,"1,5"
104185,Cooler,Water,placed,1,2
104185,Cooler,Soft Drinks,placed,2,3
110094,Cooler,Soft Drinks,placed,1,"0,7"
109805,Cooler,Water,placed,2,2
109805,Cooler,Soft Drinks,placed,1,1
109714,Cooler,Soft Drinks,placed,1,1
104208,Cooler,Water,placed,1,1
104208,Cooler,Soft Drinks,placed,1,2
104208,Cooler,Energy,placed,1,"0,7"
110205,Coffee,Coffee ,placed,2,0
110205,Cooler,Water,placed,2,"2,5"
110205,Cooler,Soft Drinks,placed,1,2
101208,Cooler,Soft Drinks,placed,1,1
107122,Cooler,Soft Drinks,placed,1,1
100215,Cooler,Soft Drinks,placed,2,2
102295,Cooler,Water,placed,3,"3,5"
102295,Cooler,Soft Drinks,placed,2,3
102295,Cooler,Energy,placed,1,1
111564,Cooler,Soft Drinks,placed,1,1
100028,Cooler,Water,placed,1,"1,5"
100028,Cooler,Soft Drinks,placed,1,2
100028,Cooler,Energy,placed,1,"0,7"
109046,Cooler,Water,placed,1,1
106952,Cooler,Water,placed,5,7
106952,Cooler,Soft Drinks,placed,13,"20,3"
106952,Cooler,Energy,placed,1,"0,7"
106952,Dispenser,Water,placed,1,0
110215,Cooler,Soft Drinks,placed,2,"2,5"
110215,Cooler,Energy,placed,1,"0,7"
111083,Fountain,Soft Drinks,placed,9,0
110060,Cooler,Soft Drinks,placed,1,"0,7"
101153,Cooler,Soft Drinks,placed,1,1
100471,Cooler,Energy,placed,3,"2,4"
110476,Cooler,Water,placed,1,1
110476,Cooler,Soft Drinks,placed,1,1
102391,Cooler,Water,placed,1,1
102391,Cooler,Soft Drinks,placed,1,1
106438,Cooler,Soft Drinks,placed,2,"1,4"
106438,Dispenser,Water,placed,1,0
107408,Cooler,Water,placed,1,1
107408,Cooler,Soft Drinks,placed,1,1
106369,Cooler,Soft Drinks,placed,1,"0,7"
100960,Cooler,Water,placed,2,3
100960,Cooler,Soft Drinks,placed,1,"1,5"
100960,Cooler,Energy,placed,1,"0,7"
102268,Cooler,Water,placed,2,3
102268,Cooler,Soft Drinks,placed,2,4
102268,Cooler,Energy,placed,1,"0,7"
102268,Cooler,Energy,placed,1,"0,7"
109695,Cooler,Soft Drinks,placed,1,1
108297,Cooler,Water,placed,1,1
108297,Cooler,Soft Drinks,placed,2,3
100102,Coffee,Coffee ,placed,2,0
100102,Cooler,Soft Drinks,placed,1,"1,5"
103947,Cooler,Water,placed,1,1
103947,Cooler,Energy,placed,1,"0,7"
103947,Cooler,Energy,placed,1,"0,7"
110755,Cooler,Soft Drinks,placed,1,"0,7"
100816,Cooler,Water,placed,2,2
100816,Cooler,Soft Drinks,placed,1,1
105825,Cooler,Soft Drinks,placed,1,1
108193,Cooler,Soft Drinks,placed,2,2
105973,Cooler,Water,placed,1,"1,5"
109553,Cooler,Soft Drinks,placed,1,"0,7"
108962,Cooler,Soft Drinks,placed,1,"0,7"
106136,Cooler,Soft Drinks,placed,1,"1,5"
100469,Cooler,Water,placed,1,"1,5"
100469,Cooler,Soft Drinks,placed,1,"1,5"
100486,Cooler,Water,placed,1,"1,5"
100486,Cooler,Soft Drinks,placed,2,4
105555,Cooler,Juice,placed,1,1
108179,Cooler,Water,placed,1,1
100030,Cooler,Soft Drinks,placed,1,2
103990,Cooler,Water,placed,1,1
103990,Cooler,Juice,placed,1,1
107476,Cooler,Soft Drinks,placed,1,1
111356,Cooler,Soft Drinks,placed,1,1
110599,Cooler,Energy,placed,1,1
110415,Cooler,Water,placed,1,1
110415,Cooler,Soft Drinks,placed,2,2
110415,Cooler,Energy,placed,1,"0,7"
110415,Cooler,Juice,placed,1,"0,3"
110415,Dispenser,Water,placed,1,0
110845,Cooler,Water,placed,1,1
110845,Cooler,Soft Drinks,placed,3,"3,5"
110845,Dispenser,Water,placed,1,0
110577,Cooler,Soft Drinks,placed,1,1
100246,Cooler,Soft Drinks,placed,1,1
106192,Cooler,Water,placed,1,1
106192,Cooler,Soft Drinks,placed,1,1
106192,Cooler,Juice,placed,1,1
112079,Dispenser,Water,placed,1,0
106191,Cooler,Water,placed,1,1
102270,Cooler,Water,placed,2,3
102270,Cooler,Soft Drinks,placed,2,4
102270,Cooler,Energy,placed,1,"0,7"
100023,Cooler,Water,placed,1,1
100023,Cooler,Soft Drinks,placed,1,"1,5"
100023,Cooler,Energy,placed,1,"0,7"
106430,Cooler,Soft Drinks,placed,1,1
110474,Cooler,Soft Drinks,placed,1,1
105808,Cooler,Water,placed,2,2
109292,Cooler,Soft Drinks,placed,1,1
107502,Cooler,Water,placed,1,1
107502,Cooler,Soft Drinks,placed,1,1
110087,Cooler,Water,placed,2,2
102685,Cooler,Soft Drinks,placed,1,2
100669,Cooler,Energy,placed,1,"0,7"
100082,Cooler,Soft Drinks,placed,1,"0,7"
102851,Cooler,Water,placed,1,2
102851,Cooler,Soft Drinks,placed,2,3
102686,Cooler,Juice,placed,1,1
100075,Cooler,Soft Drinks,placed,1,1
102447,Cooler,Soft Drinks,placed,1,2
102979,Cooler,Water,placed,1,1
106652,Cooler,Water,placed,1,"1,5"
106652,Cooler,Soft Drinks,placed,1,"1,5"
102646,Cooler,Soft Drinks,placed,1,2
106654,Cooler,Soft Drinks,placed,1,2
106654,Cooler,Energy,placed,1,"0,7"
106654,Cooler,Energy,placed,1,1
106734,Cooler,Water,placed,1,1
106734,Cooler,Soft Drinks,placed,1,2
106734,Cooler,Energy,placed,1,"0,7"
107023,Cooler,Soft Drinks,placed,1,1
100281,Cooler,Soft Drinks,placed,1,1
102687,Cooler,Soft Drinks,placed,1,"1,5"
100702,Cooler,Soft Drinks,placed,1,1
102759,Cooler,Water,placed,1,1
104415,Cooler,Water,placed,1,1
104415,Cooler,Soft Drinks,placed,1,2
102652,Cooler,Soft Drinks,placed,1,"1,5"
100641,Cooler,Water,placed,1,1
100641,Cooler,Soft Drinks,placed,1,2
102417,Cooler,Soft Drinks,placed,1,1
104314,Cooler,Water,placed,1,"1,5"
102410,Cooler,Soft Drinks,placed,1,2
103009,Cooler,Soft Drinks,placed,1,2
102778,Cooler,Energy,placed,1,"0,7"
101291,Cooler,Soft Drinks,placed,1,1
103155,Cooler,Water,placed,1,"1,5"
103155,Cooler,Soft Drinks,placed,1,"1,5"
101194,Cooler,Soft Drinks,placed,2,2
101174,Cooler,Soft Drinks,placed,1,1
106980,Cooler,Water,placed,1,1
102850,Cooler,Soft Drinks,placed,1,2
102518,Cooler,Water,placed,1,"1,5"
100638,Cooler,Juice,placed,1,1
107250,Cooler,Water,placed,2,2
107250,Cooler,Soft Drinks,placed,1,"0,3"
107250,Cooler,Energy,placed,1,"0,7"
107250,Cooler,Juice,placed,2,2
107021,Cooler,Water,placed,1,1
107004,Cooler,Water,placed,1,1
107004,Cooler,Soft Drinks,placed,1,1
104386,Cooler,Water,placed,1,"1,5"
104386,Cooler,Soft Drinks,placed,2,3
102623,Cooler,Soft Drinks,placed,1,2
104761,Cooler,Water,placed,1,"1,5"
104761,Cooler,Soft Drinks,placed,1,2
104652,Cooler,Water,placed,1,1
104652,Cooler,Energy,placed,1,"0,7"
104287,Coffee,Coffee ,placed,2,0
104287,Cooler,Water,placed,1,"1,5"
104287,Cooler,Soft Drinks,placed,2,"2,5"
104780,Cooler,Soft Drinks,placed,1,"1,5"
102848,Cooler,Water,placed,1,1
102848,Cooler,Soft Drinks,placed,1,2
102657,Cooler,Water,placed,1,1
102657,Cooler,Soft Drinks,placed,1,2
104681,Cooler,Water,placed,1,1
104681,Cooler,Soft Drinks,placed,1,2
104775,Cooler,Soft Drinks,placed,1,"1,5"
102449,Cooler,Soft Drinks,placed,1,2
104682,Cooler,Soft Drinks,placed,3,5
102493,Cooler,Soft Drinks,placed,1,2
102493,Cooler,Energy,placed,1,1
112018,Cooler,Water,placed,1,1
112018,Cooler,Soft Drinks,placed,1,1
106268,Cooler,Soft Drinks,placed,1,1
102516,Cooler,Soft Drinks,placed,1,2
102516,Cooler,Energy,placed,1,1
100644,Cooler,Soft Drinks,placed,1,1
100645,Cooler,Soft Drinks,placed,1,1
102502,Cooler,Water,placed,1,"1,5"
102502,Cooler,Soft Drinks,placed,1,"1,5"
102502,Cooler,Energy,placed,1,"0,7"
102413,Cooler,Water,placed,1,1
102413,Cooler,Soft Drinks,placed,1,"1,5"
102659,Cooler,Soft Drinks,placed,2,3
104772,Cooler,Soft Drinks,placed,1,1
100088,Cooler,Water,placed,2,2
100088,Cooler,Soft Drinks,placed,1,1
102613,Cooler,Water,placed,2,"2,5"
102613,Cooler,Soft Drinks,placed,1,2
102613,Cooler,Energy,placed,1,"0,7"
102613,Dispenser,Water,placed,1,0
102637,Cooler,Soft Drinks,placed,1,2
102637,Cooler,Energy,placed,1,"0,7"
102988,Cooler,Soft Drinks,placed,1,2
100655,Cooler,Soft Drinks,placed,1,1
102813,Cooler,Water,placed,1,1
102888,Cooler,Water,placed,1,1
102888,Cooler,Soft Drinks,placed,1,2
102888,Cooler,Energy,placed,1,"0,7"
107046,Cooler,Water,placed,1,1
107046,Cooler,Soft Drinks,placed,1,1
102844,Cooler,Soft Drinks,placed,1,"1,5"
104741,Cooler,Soft Drinks,placed,1,2
104741,Cooler,Energy,placed,1,"0,7"
102615,Cooler,Water,placed,1,"1,5"
102615,Cooler,Soft Drinks,placed,1,2
104615,Cooler,Soft Drinks,placed,2,3
102496,Cooler,Soft Drinks,placed,1,2
102414,Cooler,Water,placed,1,1
102414,Cooler,Soft Drinks,placed,1,2
107016,Cooler,Soft Drinks,placed,2,2
107016,Cooler,Juice,placed,1,"0,3"
104685,Cooler,Soft Drinks,placed,1,2
102791,Cooler,Soft Drinks,placed,1,2
107025,Cooler,Soft Drinks,placed,1,1
102655,Cooler,Soft Drinks,placed,1,2
102655,Cooler,Soft Drinks,placed,1,"0,3"
107019,Cooler,Soft Drinks,placed,1,2
106664,Cooler,Water,placed,1,1
106664,Cooler,Energy,placed,1,"0,7"
106664,Cooler,Juice,placed,1,2
102772,Cooler,Soft Drinks,placed,1,"0,7"
102772,Cooler,Soft Drinks,placed,2,3
102591,Cooler,Water,placed,1,1
102591,Cooler,Soft Drinks,placed,2,3
102591,Cooler,Energy,placed,1,"0,7"
102792,Cooler,Soft Drinks,placed,1,2
107035,Cooler,Soft Drinks,placed,1,1
102889,Cooler,Water,placed,1,1
102889,Cooler,Soft Drinks,placed,1,2
106649,Cooler,Water,placed,2,2
106649,Cooler,Soft Drinks,placed,1,2
106649,Cooler,Energy,placed,1,"0,7"
100646,Cooler,Water,placed,1,1
100646,Cooler,Energy,placed,1,"0,7"
100646,Cooler,Juice,placed,1,1
104298,Cooler,Water,placed,1,"1,5"
104298,Cooler,Soft Drinks,placed,1,2
102626,Cooler,Water,placed,1,"1,5"
102890,Cooler,Water,placed,1,1
102890,Cooler,Soft Drinks,placed,1,2
102890,Cooler,Energy,placed,1,"0,7"
102415,Cooler,Water,placed,1,1
104684,Cooler,Soft Drinks,placed,1,2
104684,Cooler,Energy,placed,1,1
104683,Cooler,Water,placed,2,2
104683,Cooler,Soft Drinks,placed,1,"1,5"
104683,Cooler,Energy,placed,1,"0,7"
103001,Coffee,Coffee ,placed,2,0
103001,Cooler,Soft Drinks,placed,1,2
103001,Cooler,Energy,placed,1,"0,7"
102628,Cooler,Soft Drinks,placed,1,2
102411,Cooler,Water,placed,1,"1,5"
102411,Cooler,Soft Drinks,placed,1,"1,5"
102795,Cooler,Water,placed,1,1
102795,Cooler,Soft Drinks,placed,1,2
102612,Cooler,Water,placed,1,1
102612,Cooler,Soft Drinks,placed,1,1
104289,Cooler,Water,placed,1,1
104289,Cooler,Soft Drinks,placed,2,3
101302,Cooler,Soft Drinks,placed,1,1
104330,Cooler,Energy,placed,1,"0,7"
104312,Cooler,Soft Drinks,placed,1,1
102771,Cooler,Water,placed,1,"1,5"
102771,Cooler,Soft Drinks,placed,1,"1,5"
104311,Cooler,Soft Drinks,placed,1,2
100094,Cooler,Juice,placed,1,"0,3"
102409,Cooler,Water,placed,1,1
102409,Cooler,Soft Drinks,placed,1,2
102409,Cooler,Energy,placed,1,"0,7"
102409,Cooler,Energy,placed,1,1
104640,Cooler,Water,placed,1,1
104640,Cooler,Soft Drinks,placed,2,"3,5"
104640,Cooler,Energy,placed,1,"0,7"
100097,Cooler,Water,placed,1,1
100097,Cooler,Soft Drinks,placed,1,2
106672,Cooler,Soft Drinks,placed,2,3
106672,Cooler,Energy,placed,1,"0,7"
102497,Cooler,Soft Drinks,placed,1,2
102498,Cooler,Soft Drinks,placed,1,2
100642,Cooler,Juice,placed,1,1
106990,Cooler,Soft Drinks,placed,1,1
100676,Cooler,Water,placed,1,1
100676,Cooler,Juice,placed,1,1
104720,Cooler,Water,placed,1,1
104720,Cooler,Soft Drinks,placed,1,2
102796,Cooler,Soft Drinks,placed,1,1
102891,Cooler,Soft Drinks,placed,1,1
102892,Cooler,Soft Drinks,placed,1,2
102894,Cooler,Water,placed,1,1
102894,Cooler,Soft Drinks,placed,1,2
100634,Cooler,Juice,placed,1,1
102499,Cooler,Water,placed,1,1
102499,Cooler,Soft Drinks,placed,1,2
101070,Cooler,Soft Drinks,placed,1,1
106271,Cooler,Soft Drinks,placed,1,2
106998,Cooler,Soft Drinks,placed,1,1
102446,Cooler,Water,placed,1,1
102446,Cooler,Soft Drinks,placed,1,2
102592,Cooler,Water,placed,2,"2,5"
102592,Cooler,Soft Drinks,placed,1,2
102592,Cooler,Energy,placed,1,"0,7"
102500,Cooler,Water,placed,1,"1,5"
102500,Cooler,Soft Drinks,placed,1,"1,5"
100698,Cooler,Soft Drinks,placed,1,1
101050,Cooler,Soft Drinks,placed,2,4
106651,Cooler,Water,placed,1,1
106651,Cooler,Soft Drinks,placed,1,2
100080,Cooler,Soft Drinks,placed,1,"0,7"
100677,Cooler,Soft Drinks,placed,1,2
100677,Cooler,Juice,placed,1,1
106261,Coffee,Coffee ,placed,2,0
106261,Cooler,Water,placed,2,2
106261,Cooler,Soft Drinks,placed,1,1
106663,Cooler,Water,placed,1,"1,5"
102765,Cooler,Water,placed,1,1
102765,Cooler,Soft Drinks,placed,1,2
107036,Cooler,Soft Drinks,placed,1,1
102784,Cooler,Soft Drinks,placed,1,2
102784,Cooler,Energy,placed,1,"0,7"
101049,Coffee,Coffee ,placed,1,0
101049,Cooler,Soft Drinks,placed,1,"1,5"
101049,Cooler,Energy,placed,1,"0,7"
100284,Cooler,Soft Drinks,placed,1,2
104710,Cooler,Soft Drinks,placed,1,2
103145,Cooler,Water,placed,1,2
103145,Cooler,Soft Drinks,placed,1,2
103145,Cooler,Energy,placed,1,"0,7"
103145,Cooler,Energy,placed,1,1
100290,Cooler,Water,placed,1,1
100290,Cooler,Soft Drinks,placed,1,2
104709,Cooler,Soft Drinks,placed,1,2
104680,Cooler,Soft Drinks,placed,1,2
102462,Cooler,Water,placed,1,1
102462,Cooler,Soft Drinks,placed,1,"1,5"
101189,Cooler,Water,placed,1,"1,5"
101189,Cooler,Soft Drinks,placed,1,2
102958,Cooler,Water,placed,1,1
102958,Cooler,Soft Drinks,placed,1,"1,5"
100640,Cooler,Water,placed,1,1
100640,Cooler,Soft Drinks,placed,2,"2,7"
102856,Cooler,Soft Drinks,placed,1,2
102893,Cooler,Water,placed,2,2
102893,Cooler,Soft Drinks,placed,1,"1,5"
102893,Cooler,Energy,placed,1,"0,7"
102872,Cooler,Water,placed,3,4
107219,Cooler,Soft Drinks,placed,1,1
102448,Cooler,Water,placed,1,1
107022,Cooler,Soft Drinks,placed,1,1
102492,Cooler,Water,placed,2,"2,5"
102927,Cooler,Soft Drinks,placed,1,"1,5"
102910,Cooler,Water,placed,1,1
102910,Cooler,Soft Drinks,placed,1,"1,5"
102790,Cooler,Water,placed,1,1
102790,Cooler,Soft Drinks,placed,1,1
101038,Cooler,Water,placed,1,1
109350,Cooler,Soft Drinks,placed,1,1
104649,Cooler,Water,placed,1,1
104649,Cooler,Soft Drinks,placed,1,"1,5"
102789,Cooler,Water,placed,1,1
102789,Cooler,Soft Drinks,placed,1,2
102895,Cooler,Water,placed,1,"1,5"
102896,Cooler,Water,placed,2,2
102896,Cooler,Soft Drinks,placed,2,"3,5"
106666,Cooler,Water,placed,1,1
102450,Cooler,Soft Drinks,placed,1,1
102501,Cooler,Soft Drinks,placed,1,1
100652,Cooler,Soft Drinks,placed,1,1
103146,Cooler,Water,placed,1,"1,5"
103146,Cooler,Soft Drinks,placed,2,"2,3"
103146,Cooler,Energy,placed,1,"0,7"
103146,Cooler,Energy,placed,1,"0,7"
104742,Cooler,Soft Drinks,placed,2,3
107024,Cooler,Water,placed,1,"1,5"
107024,Cooler,Energy,placed,1,"0,7"
100685,Cooler,Soft Drinks,placed,1,"0,7"
100685,Cooler,Soft Drinks,placed,1,1
100090,Cooler,Soft Drinks,placed,2,2
102897,Cooler,Soft Drinks,placed,1,2
102897,Cooler,Energy,placed,1,"0,7"
100694,Cooler,Soft Drinks,placed,3,"4,5"
107026,Cooler,Soft Drinks,placed,1,1
100089,Cooler,Water,placed,1,1
100089,Cooler,Soft Drinks,placed,1,2
102931,Coffee,Coffee ,placed,3,0
102931,Cooler,Soft Drinks,placed,1,"1,5"
101180,Cooler,Soft Drinks,placed,1,1
107493,Cooler,Soft Drinks,placed,1,"1,5"
107493,Cooler,Juice,placed,1,"0,3"
104792,Cooler,Water,placed,1,1
104792,Cooler,Soft Drinks,placed,2,3
104779,Cooler,Water,placed,1,1
104779,Cooler,Soft Drinks,placed,1,2
104779,Cooler,Energy,placed,1,"0,7"
104787,Cooler,Water,placed,2,"2,5"
104787,Cooler,Soft Drinks,placed,1,"1,5"
104787,Cooler,Energy,placed,1,"0,7"
102842,Cooler,Water,placed,1,"1,5"
105794,Cooler,Juice,placed,1,1
104707,Cooler,Water,placed,1,1
104707,Cooler,Soft Drinks,placed,1,2
104705,Cooler,Water,placed,1,1
104705,Cooler,Soft Drinks,placed,2,3
102494,Cooler,Water,placed,1,1
102494,Cooler,Soft Drinks,placed,1,2
102494,Cooler,Energy,placed,1,"0,7"
104690,Cooler,Water,placed,2,"2,5"
104690,Cooler,Soft Drinks,placed,1,"1,5"
107497,Cooler,Water,placed,1,1
102915,Cooler,Water,placed,1,1
102915,Cooler,Soft Drinks,placed,1,2
102915,Cooler,Energy,placed,1,"0,7"
106733,Cooler,Water,placed,1,"1,5"
106733,Cooler,Soft Drinks,placed,2,1
106345,Cooler,Water,placed,1,"1,5"
106345,Cooler,Soft Drinks,placed,1,"1,5"
106345,Cooler,Energy,placed,1,"0,7"
102928,Cooler,Water,placed,1,"1,5"
102928,Cooler,Soft Drinks,placed,2,3
102928,Cooler,Energy,placed,1,"0,7"
100696,Cooler,Water,placed,1,1
100696,Cooler,Soft Drinks,placed,1,1
100696,Cooler,Energy,placed,1,"0,7"
102767,Cooler,Water,placed,1,1
102767,Cooler,Soft Drinks,placed,1,"1,5"
102766,Cooler,Water,placed,1,2
102766,Cooler,Soft Drinks,placed,2,3
104747,Cooler,Water,placed,2,2
102418,Cooler,Soft Drinks,placed,1,"1,5"
109348,Cooler,Soft Drinks,placed,1,"0,7"
106344,Cooler,Soft Drinks,placed,1,1
106344,Cooler,Energy,placed,1,"0,7"
102434,Cooler,Water,placed,1,1
102434,Cooler,Soft Drinks,placed,1,2
102434,Cooler,Energy,placed,1,"0,7"
102434,Cooler,Energy,placed,1,"0,7"
102773,Cooler,Soft Drinks,placed,1,"1,5"
104788,Cooler,Soft Drinks,placed,1,2
100684,Cooler,Soft Drinks,placed,1,2
101199,Cooler,Water,placed,1,2
102689,Cooler,Soft Drinks,placed,1,1
102919,Cooler,Soft Drinks,placed,1,2
101188,Cooler,Soft Drinks,placed,2,2
101188,Dispenser,Water,placed,1,0
100693,Cooler,Soft Drinks,placed,1,"1,5"
102828,Cooler,Water,placed,2,2
102828,Cooler,Soft Drinks,placed,1,2
101043,Cooler,Water,placed,1,1
101043,Cooler,Soft Drinks,placed,1,"1,5"
106732,Cooler,Water,placed,1,"1,5"
106732,Cooler,Soft Drinks,placed,1,"1,5"
106732,Cooler,Soft Drinks,placed,1,1
106732,Cooler,Energy,placed,1,"0,7"
104745,Cooler,Soft Drinks,placed,1,2
102700,Cooler,Soft Drinks,placed,1,2
106340,Cooler,Soft Drinks,placed,1,1
102812,Cooler,Soft Drinks,placed,1,2
102812,Cooler,Energy,placed,1,"0,7"
102812,Cooler,Juice,placed,1,1
101069,Cooler,Soft Drinks,placed,1,1
100708,Cooler,Soft Drinks,placed,1,1
102922,Cooler,Water,placed,1,"1,5"
102699,Cooler,Soft Drinks,placed,1,2
104646,Cooler,Soft Drinks,placed,1,"1,5"
102763,Cooler,Water,placed,1,1
102763,Cooler,Soft Drinks,placed,1,"1,5"
102920,Cooler,Water,placed,1,"1,5"
102920,Cooler,Soft Drinks,placed,1,2
104648,Cooler,Water,placed,1,"1,5"
106662,Coffee,Coffee ,placed,2,0
106662,Cooler,Water,placed,1,"1,5"
106662,Cooler,Soft Drinks,placed,2,3
100675,Cooler,Water,placed,1,1
100675,Cooler,Energy,placed,1,"0,7"
102698,Cooler,Soft Drinks,placed,1,2
104613,Cooler,Soft Drinks,placed,1,1
102595,Cooler,Soft Drinks,placed,1,2
104752,Cooler,Water,placed,1,1
104752,Cooler,Soft Drinks,placed,1,"1,5"
104752,Cooler,Energy,placed,1,"0,7"
107032,Cooler,Soft Drinks,placed,1,"1,5"
104740,Cooler,Soft Drinks,placed,1,1
104753,Cooler,Water,placed,1,"1,5"
104753,Cooler,Soft Drinks,placed,1,2
104754,Cooler,Soft Drinks,placed,1,2
102761,Cooler,Soft Drinks,placed,1,"1,5"
102760,Cooler,Soft Drinks,placed,1,2
102764,Cooler,Soft Drinks,placed,1,"1,5"
107209,Cooler,Water,placed,1,1
107209,Cooler,Soft Drinks,placed,1,"1,5"
107209,Cooler,Energy,placed,1,"0,7"
102816,Cooler,Soft Drinks,placed,1,2
104755,Cooler,Soft Drinks,placed,1,"1,5"
104602,Cooler,Water,placed,2,2
104602,Cooler,Soft Drinks,placed,1,"1,5"
104602,Cooler,Energy,placed,1,"0,7"
102762,Cooler,Soft Drinks,placed,1,"1,5"
106731,Cooler,Water,placed,2,"2,5"
106731,Cooler,Soft Drinks,placed,1,1
106731,Cooler,Energy,placed,1,"0,7"
106731,Cooler,Energy,placed,1,"0,7"
102769,Cooler,Soft Drinks,placed,1,1
101186,Cooler,Water,placed,1,"1,5"
101186,Cooler,Soft Drinks,placed,1,1
101186,Cooler,Energy,placed,1,"0,7"
102909,Cooler,Water,placed,1,"1,5"
102909,Cooler,Soft Drinks,placed,1,"1,5"
104717,Cooler,Water,placed,1,1
104731,Cooler,Water,placed,1,1
104731,Cooler,Soft Drinks,placed,1,2
107283,Cooler,Water,placed,1,"1,5"
107283,Cooler,Soft Drinks,placed,1,"1,5"
102830,Cooler,Water,placed,1,1
102830,Cooler,Soft Drinks,placed,1,2
102768,Cooler,Water,placed,1,1
102768,Cooler,Soft Drinks,placed,1,2
102738,Cooler,Soft Drinks,placed,1,"1,5"
102781,Cooler,Water,placed,2,3
102781,Cooler,Energy,placed,1,"0,7"
104645,Cooler,Soft Drinks,placed,1,2
102594,Cooler,Soft Drinks,placed,1,2
102594,Cooler,Energy,placed,1,1
102740,Cooler,Soft Drinks,placed,1,"1,5"
105949,Cooler,Water,placed,1,"1,5"
105949,Cooler,Soft Drinks,placed,1,"1,5"
102755,Cooler,Soft Drinks,placed,2,"2,5"
102755,Cooler,Energy,placed,1,"0,7"
104715,Cooler,Soft Drinks,placed,2,3
102819,Cooler,Water,placed,1,"1,5"
102819,Cooler,Soft Drinks,placed,1,2
102819,Cooler,Energy,placed,1,"0,7"
102590,Cooler,Water,placed,1,"1,5"
102590,Cooler,Soft Drinks,placed,1,"1,5"
102926,Cooler,Water,placed,1,1
102926,Cooler,Soft Drinks,placed,1,2
102774,Cooler,Soft Drinks,placed,2,3
102782,Cooler,Soft Drinks,placed,2,3
102930,Cooler,Water,placed,1,"1,5"
102930,Cooler,Soft Drinks,placed,1,"1,5"
102930,Cooler,Energy,placed,1,"0,7"
101190,Coffee,Coffee ,placed,4,0
101190,Cooler,Soft Drinks,placed,1,"1,5"
102780,Cooler,Water,placed,1,1
102780,Cooler,Soft Drinks,placed,1,1
104734,Cooler,Water,placed,1,1
104734,Cooler,Soft Drinks,placed,1,1
106660,Cooler,Soft Drinks,placed,1,2
106660,Cooler,Energy,placed,1,"0,7"
106660,Cooler,Energy,placed,1,1
102593,Cooler,Soft Drinks,placed,2,2
102779,Cooler,Soft Drinks,placed,2,"2,2"
102596,Cooler,Soft Drinks,placed,2,3
102887,Cooler,Water,placed,1,"1,5"
102887,Cooler,Soft Drinks,placed,1,"1,5"
104735,Cooler,Soft Drinks,placed,1,1
104739,Cooler,Soft Drinks,placed,1,1
106996,Cooler,Soft Drinks,placed,1,1
102908,Cooler,Soft Drinks,placed,1,1
102916,Cooler,Soft Drinks,placed,1,2
102707,Cooler,Water,placed,1,"1,5"
100695,Cooler,Water,placed,1,1
100695,Cooler,Soft Drinks,placed,2,4
106341,Coffee,Coffee ,placed,1,0
106341,Cooler,Soft Drinks,placed,1,2
106341,Cooler,Energy,placed,1,"0,7"
107037,Cooler,Soft Drinks,placed,1,1
106726,Cooler,Water,placed,3,4
106726,Cooler,Soft Drinks,placed,1,"0,7"
106730,Cooler,Water,placed,2,3
106730,Cooler,Soft Drinks,placed,1,"1,5"
106730,Cooler,Energy,placed,1,"0,7"
100683,Cooler,Water,placed,1,1
100683,Cooler,Soft Drinks,placed,1,"1,5"
100683,Cooler,Energy,placed,1,"0,7"
104744,Cooler,Water,placed,1,1
104744,Cooler,Soft Drinks,placed,1,1
102820,Cooler,Water,placed,1,1
102820,Cooler,Soft Drinks,placed,1,2
102820,Cooler,Energy,placed,1,"0,7"
112027,Cooler,Soft Drinks,placed,1,"1,5"
112059,Cooler,Soft Drinks,placed,2,3
102742,Cooler,Water,placed,1,1
102742,Cooler,Soft Drinks,placed,1,1
104609,Coffee,Coffee ,placed,2,0
104609,Cooler,Soft Drinks,placed,1,"1,5"
104610,Cooler,Water,placed,1,1
106735,Cooler,Water,placed,2,3
106735,Cooler,Soft Drinks,placed,2,3
106735,Cooler,Energy,placed,1,"0,7"
104624,Cooler,Soft Drinks,placed,1,2
101289,Cooler,Water,placed,2,"2,5"
101289,Cooler,Energy,placed,1,"0,7"
101289,Cooler,Energy,placed,1,"0,7"
102821,Cooler,Water,placed,1,"1,5"
102821,Cooler,Soft Drinks,placed,2,"2,5"
102788,Cooler,Soft Drinks,placed,2,2
100686,Coffee,Coffee ,placed,2,0
100686,Cooler,Soft Drinks,placed,1,"1,5"
102822,Cooler,Water,placed,1,"1,5"
102822,Cooler,Energy,placed,1,"0,7"
104612,Cooler,Water,placed,1,1
104612,Cooler,Soft Drinks,placed,1,"1,5"
107042,Cooler,Soft Drinks,placed,1,1
102662,Cooler,Water,placed,2,"2,5"
102662,Cooler,Soft Drinks,placed,2,"2,5"
102662,Cooler,Energy,placed,1,"0,7"
101200,Coffee,Coffee ,placed,4,0
101200,Cooler,Soft Drinks,placed,2,3
101200,Cooler,Energy,placed,1,"0,7"
104600,Cooler,Juice,placed,1,1
102902,Cooler,Water,placed,2,2
102902,Cooler,Soft Drinks,placed,2,"2,7"
102902,Cooler,Energy,placed,1,"0,7"
101176,Cooler,Water,placed,1,1
100296,Coffee,Coffee ,placed,2,0
100296,Cooler,Soft Drinks,placed,1,"1,5"
102661,Cooler,Water,placed,1,"1,5"
102661,Cooler,Soft Drinks,placed,1,2
104429,Cooler,Water,placed,1,1
104429,Cooler,Soft Drinks,placed,1,1
107017,Cooler,Water,placed,1,1
107017,Cooler,Soft Drinks,placed,1,1
107017,Cooler,Energy,placed,1,"0,7"
100682,Cooler,Water,placed,1,1
100682,Cooler,Soft Drinks,placed,1,2
102696,Cooler,Soft Drinks,placed,1,"1,5"
107028,Cooler,Water,placed,1,"1,5"
107028,Cooler,Soft Drinks,placed,1,2
104706,Cooler,Soft Drinks,placed,1,1
100705,Cooler,Water,placed,2,2
100705,Cooler,Soft Drinks,placed,1,2
104427,Cooler,Water,placed,1,1
104427,Cooler,Soft Drinks,placed,1,2
104427,Cooler,Energy,placed,1,"0,7"
106659,Cooler,Water,placed,2,"2,5"
106659,Cooler,Soft Drinks,placed,1,2
106659,Cooler,Energy,placed,1,"0,7"
101306,Cooler,Soft Drinks,placed,1,1
102823,Cooler,Soft Drinks,placed,1,1
102873,Cooler,Energy,placed,1,1
104712,Cooler,Water,placed,1,1
104712,Cooler,Soft Drinks,placed,1,1
102874,Cooler,Water,placed,1,"1,5"
102874,Cooler,Soft Drinks,placed,1,1
102907,Cooler,Soft Drinks,placed,3,6
102907,Cooler,Energy,placed,1,"0,7"
107009,Cooler,Soft Drinks,placed,1,1
102824,Cooler,Water,placed,1,1
102824,Cooler,Soft Drinks,placed,1,2
102901,Cooler,Soft Drinks,placed,1,2
102944,Cooler,Water,placed,1,"1,5"
102944,Cooler,Soft Drinks,placed,1,"1,5"
102911,Cooler,Water,placed,2,"2,5"
102911,Cooler,Soft Drinks,placed,1,2
102711,Cooler,Soft Drinks,placed,2,"3,5"
102818,Cooler,Soft Drinks,placed,2,3
102818,Cooler,Energy,placed,1,"0,7"
102695,Cooler,Soft Drinks,placed,1,1
107218,Cooler,Soft Drinks,placed,1,1
104425,Cooler,Soft Drinks,placed,1,2
111880,Coffee,Coffee ,placed,1,0
111880,Cooler,Soft Drinks,placed,1,2
104729,Cooler,Soft Drinks,placed,1,1
102658,Cooler,Water,placed,1,1
102658,Cooler,Soft Drinks,placed,1,2
100084,Cooler,Soft Drinks,placed,1,1
100707,Cooler,Soft Drinks,placed,2,"1,7"
104716,Cooler,Water,placed,1,1
104716,Cooler,Soft Drinks,placed,1,"1,5"
102709,Cooler,Soft Drinks,placed,1,2
102709,Cooler,Energy,placed,1,"0,7"
112096,Cooler,Water,placed,1,1
112096,Cooler,Soft Drinks,placed,2,"1,3"
102833,Cooler,Soft Drinks,placed,1,1
102955,Coffee,Coffee ,placed,2,0
102955,Cooler,Water,placed,1,"1,5"
102955,Cooler,Soft Drinks,placed,2,3
102955,Cooler,Energy,placed,1,"0,7"
104718,Cooler,Soft Drinks,placed,1,"1,5"
105282,Cooler,Soft Drinks,placed,1,1
102962,Cooler,Water,placed,1,"1,5"
102962,Cooler,Soft Drinks,placed,1,"1,5"
102962,Cooler,Energy,placed,1,"0,7"
107040,Cooler,Water,placed,1,1
107040,Cooler,Soft Drinks,placed,1,1
102912,Cooler,Soft Drinks,placed,1,1
104719,Cooler,Water,placed,1,2
102702,Cooler,Soft Drinks,placed,1,1
102961,Cooler,Water,placed,1,1
102961,Cooler,Soft Drinks,placed,1,"1,5"
102961,Cooler,Energy,placed,1,"0,7"
106728,Cooler,Water,placed,1,1
106728,Cooler,Soft Drinks,placed,2,"2,5"
106728,Cooler,Energy,placed,1,"0,7"
102937,Cooler,Soft Drinks,placed,1,1
102724,Cooler,Soft Drinks,placed,1,"1,5"
111951,Cooler,Water,placed,1,2
102706,Cooler,Soft Drinks,placed,1,2
101079,Cooler,Water,placed,1,1
101079,Cooler,Soft Drinks,placed,1,2
101079,Cooler,Energy,placed,1,"0,7"
102939,Cooler,Soft Drinks,placed,1,"1,5"
102960,Cooler,Soft Drinks,placed,1,1
104722,Cooler,Soft Drinks,placed,1,2
102875,Cooler,Water,placed,1,1
102705,Cooler,Water,placed,1,1
102704,Cooler,Soft Drinks,placed,1,1
102906,Cooler,Soft Drinks,placed,3,5
102656,Cooler,Soft Drinks,placed,1,"1,5"
102886,Cooler,Soft Drinks,placed,1,2
102886,Cooler,Energy,placed,1,"0,7"
102934,Cooler,Water,placed,1,"1,5"
102934,Cooler,Soft Drinks,placed,1,"1,5"
106264,Cooler,Water,placed,1,1
106264,Cooler,Soft Drinks,placed,1,"1,5"
102703,Cooler,Soft Drinks,placed,1,1
101063,Cooler,Water,placed,1,1
101063,Cooler,Soft Drinks,placed,1,2
107015,Cooler,Water,placed,1,1
107015,Cooler,Soft Drinks,placed,1,1
102959,Cooler,Soft Drinks,placed,1,"1,5"
102959,Cooler,Energy,placed,1,"0,7"
104784,Cooler,Water,placed,2,2
104784,Cooler,Soft Drinks,placed,1,2
104784,Cooler,Energy,placed,1,"0,7"
104643,Cooler,Soft Drinks,placed,1,2
104738,Cooler,Soft Drinks,placed,1,2
104738,Cooler,Energy,placed,1,"0,7"
104603,Cooler,Water,placed,1,1
104603,Cooler,Soft Drinks,placed,1,1
104603,Cooler,Energy,placed,1,"0,7"
108018,Cooler,Water,placed,1,1
108018,Cooler,Soft Drinks,placed,1,1
100211,Cooler,Water,placed,1,1
107216,Cooler,Water,placed,1,1
107216,Cooler,Soft Drinks,placed,1,"1,5"
104644,Cooler,Soft Drinks,placed,1,2
103991,Cooler,Water,placed,1,1
103991,Cooler,Energy,placed,1,"0,7"
103912,Cooler,Water,placed,1,1
103912,Cooler,Soft Drinks,placed,1,2
103912,Cooler,Energy,placed,1,"0,7"
102420,Cooler,Water,placed,1,1
102420,Cooler,Soft Drinks,placed,1,"1,5"
103162,Cooler,Soft Drinks,placed,1,2
103162,Cooler,Energy,placed,1,"0,7"
104339,Cooler,Water,placed,2,"2,5"
104339,Cooler,Soft Drinks,placed,1,"1,5"
104339,Cooler,Energy,placed,1,"0,7"
107599,Cooler,Soft Drinks,placed,1,1
107599,Cooler,Juice,placed,1,"0,3"
103582,Cooler,Water,placed,2,3
103582,Cooler,Energy,placed,1,"0,7"
109332,Cooler,Water,placed,2,2
109332,Cooler,Soft Drinks,placed,3,3
109332,Cooler,Juice,placed,2,2
102453,Cooler,Water,placed,2,"2,5"
102453,Cooler,Soft Drinks,placed,1,"1,5"
102453,Cooler,Energy,placed,1,"0,7"
101214,Cooler,Soft Drinks,placed,1,1
108381,Cooler,Water,placed,2,2
108381,Cooler,Soft Drinks,placed,1,1
103847,Cooler,Water,placed,1,"1,5"
108436,Cooler,Water,placed,1,1
108436,Cooler,Soft Drinks,placed,2,"2,5"
102002,Cooler,Energy,placed,1,"0,7"
110468,Cooler,Water,placed,1,1
110468,Cooler,Soft Drinks,placed,2,2
103850,Cooler,Soft Drinks,placed,1,2
109661,Cooler,Soft Drinks,placed,1,1
105467,Cooler,Soft Drinks,placed,1,1
109364,Cooler,Energy,placed,1,"0,7"
102708,Cooler,Water,placed,1,1
102708,Cooler,Soft Drinks,placed,1,"1,5"
102708,Cooler,Energy,placed,1,"0,7"
108680,Cooler,Soft Drinks,placed,1,1
102667,Cooler,Soft Drinks,placed,1,2
105145,Cooler,Soft Drinks,placed,1,"0,7"
110147,Cooler,Soft Drinks,placed,1,1
110147,Cooler,Energy,placed,1,"0,7"
110147,Cooler,Juice,placed,1,1
108592,Cooler,Soft Drinks,placed,1,1
111236,Cooler,Soft Drinks,placed,1,"0,3"
111236,Fountain,Soft Drinks,placed,3,0
104730,Cooler,Soft Drinks,placed,2,"2,7"
104647,Cooler,Water,placed,1,1
104647,Cooler,Soft Drinks,placed,1,2
104743,Cooler,Water,placed,1,1
104743,Cooler,Soft Drinks,placed,1,"0,7"
106727,Cooler,Water,placed,2,3
106727,Cooler,Soft Drinks,placed,5,"6,2"
106727,Cooler,Energy,placed,1,"0,7"
104732,Cooler,Water,placed,2,2
104732,Cooler,Soft Drinks,placed,1,"1,5"
104732,Cooler,Energy,placed,1,"0,7"
104679,Cooler,Water,placed,1,1
104679,Cooler,Soft Drinks,placed,1,2
102669,Cooler,Soft Drinks,placed,1,"1,5"
102669,Cooler,Energy,placed,1,"0,7"
106342,Cooler,Water,placed,1,"1,5"
106342,Cooler,Soft Drinks,placed,1,"1,5"
102670,Cooler,Water,placed,1,1
102670,Cooler,Soft Drinks,placed,2,3
102670,Cooler,Energy,placed,1,"0,7"
105103,Cooler,Soft Drinks,placed,1,1
109846,Cooler,Soft Drinks,placed,2,"1,7"
109846,Cooler,Juice,placed,1,"0,7"
110583,Cooler,Soft Drinks,placed,1,1
110583,Cooler,Energy,placed,1,"0,7"
111148,Cooler,Soft Drinks,placed,3,"2,1"
111148,Cooler,Soft Drinks,placed,6,"4,2"
111148,Cooler,Energy,placed,1,"0,7"
108061,Coffee,Coffee ,placed,2,0
108061,Cooler,Water,placed,2,3
108061,Cooler,Soft Drinks,placed,5,"6,5"
106066,Cooler,Soft Drinks,placed,1,1
106066,Dispenser,Water,placed,1,0
111149,Cooler,Soft Drinks,placed,2,"1,7"
106063,Cooler,Water,placed,1,1
109366,Cooler,Water,placed,1,1
109297,Cooler,Soft Drinks,placed,1,1
107403,Cooler,Soft Drinks,placed,1,1
102835,Cooler,Juice,placed,1,1
105142,Coffee,Coffee ,placed,1,0
106595,Coffee,Coffee ,placed,3,0
106595,Cooler,Soft Drinks,placed,2,3
104813,Cooler,Water,placed,1,1
109689,Cooler,Soft Drinks,placed,1,"0,7"
111150,Cooler,Water,placed,4,4
111150,Cooler,Soft Drinks,placed,1,1
111150,Cooler,Energy,placed,1,1
111150,Fountain,Soft Drinks,placed,13,0
111701,Cooler,Water,placed,1,1
110851,Cooler,Water,placed,2,2
107401,Cooler,Soft Drinks,placed,1,1
111394,Coffee,Coffee ,placed,2,0
111394,Cooler,Water,placed,1,1
111394,Cooler,Soft Drinks,placed,1,1
110547,Cooler,Soft Drinks,placed,1,"0,7"
109929,Dispenser,Water,placed,1,0
110815,Cooler,Soft Drinks,placed,1,1
111826,Cooler,Water,placed,1,1
111826,Cooler,Soft Drinks,placed,3,3
111669,Cooler,Water,placed,1,1
111669,Cooler,Soft Drinks,placed,1,2
111669,Cooler,Energy,placed,1,"0,7"
109840,Cooler,Soft Drinks,placed,1,1
111760,Cooler,Soft Drinks,placed,1,1
108313,Cooler,Soft Drinks,placed,2,2
107719,Cooler,Water,placed,1,1
107719,Cooler,Soft Drinks,placed,2,2
101329,Cooler,Soft Drinks,placed,1,1
105134,Coffee,Coffee ,placed,2,0
105134,Cooler,Soft Drinks,placed,1,1
105134,Cooler,Energy,placed,1,"0,7"
108584,Cooler,Water,placed,1,1
111803,Cooler,Water,placed,1,1
111803,Cooler,Soft Drinks,placed,1,1
110471,Cooler,Soft Drinks,placed,1,"0,7"
106999,Cooler,Soft Drinks,placed,1,1
110146,Cooler,Soft Drinks,placed,1,1
110855,Cooler,Soft Drinks,placed,1,1
110241,Cooler,Soft Drinks,placed,1,"0,7"
109295,Cooler,Soft Drinks,placed,3,4
109295,Cooler,Energy,placed,1,"0,7"
109972,Cooler,Soft Drinks,placed,1,"0,7"
110172,Cooler,Water,placed,1,1
110172,Cooler,Soft Drinks,placed,1,1
108298,Cooler,Soft Drinks,placed,3,3
110849,Cooler,Soft Drinks,placed,2,3
110472,Cooler,Soft Drinks,placed,6,8
110472,Dispenser,Water,placed,1,0
109910,Cooler,Soft Drinks,placed,1,1
104814,Cooler,Water,placed,1,"1,5"
104814,Cooler,Soft Drinks,placed,1,"1,5"
108198,Cooler,Soft Drinks,placed,1,1
105015,Coffee,Coffee ,placed,2,0
105015,Cooler,Water,placed,1,1
111696,Cooler,Soft Drinks,placed,2,2
109090,Cooler,Soft Drinks,placed,1,"1,5"
110395,Coffee,Coffee ,placed,2,0
110395,Cooler,Water,placed,1,"1,5"
110395,Cooler,Soft Drinks,placed,1,"1,5"
110395,Cooler,Energy,placed,1,"0,7"
110786,Cooler,Water,placed,2,3
110786,Cooler,Soft Drinks,placed,5,6
110786,Dispenser,Water,placed,1,0
101258,Cooler,Soft Drinks,placed,1,2
101258,Cooler,Energy,placed,1,"0,7"
108991,Cooler,Soft Drinks,placed,1,"0,7"
106623,Cooler,Water,placed,2,3
106623,Cooler,Soft Drinks,placed,2,3
111068,Fountain,Soft Drinks,placed,6,0
111461,Cooler,Soft Drinks,placed,2,2
107507,Cooler,Soft Drinks,placed,3,"1,6"
107507,Cooler,Juice,placed,1,"0,3"
108576,Cooler,Water,placed,1,1
111708,Cooler,Soft Drinks,placed,1,1
107357,Cooler,Soft Drinks,placed,2,"1,7"
106473,Cooler,Soft Drinks,placed,1,1
104815,Cooler,Water,placed,1,1
106856,Cooler,Water,placed,1,1
111628,Cooler,Soft Drinks,placed,2,3
109924,Cooler,Soft Drinks,placed,1,1
100276,Cooler,Soft Drinks,placed,1,2
111180,Cooler,Soft Drinks,placed,3,3
107496,Cooler,Water,placed,4,4
107496,Cooler,Soft Drinks,placed,2,2
107496,Cooler,Juice,placed,1,"0,3"
109124,Cooler,Energy,placed,1,"0,7"
108160,Cooler,Water,placed,1,1
108160,Cooler,Soft Drinks,placed,1,1
105771,Cooler,Water,placed,1,1
105771,Cooler,Soft Drinks,placed,1,1
109982,Cooler,Soft Drinks,placed,1,1
110545,Cooler,Soft Drinks,placed,1,1
109365,Cooler,Soft Drinks,placed,2,2
110316,Fountain,Soft Drinks,placed,2,0
110316,Dispenser,Water,placed,1,0
105578,Cooler,Soft Drinks,placed,5,5
105578,Fountain,Soft Drinks,placed,2,0
109957,Cooler,Soft Drinks,placed,2,"2,7"
109957,Cooler,Energy,placed,1,"0,3"
109957,Dispenser,Water,placed,1,0
111809,Cooler,Water,placed,1,"1,5"
111809,Cooler,Energy,placed,1,"0,3"
109239,Cooler,Soft Drinks,placed,5,5
109105,Cooler,Water,placed,1,1
106189,Cooler,Water,placed,4,5
106189,Cooler,Soft Drinks,placed,4,5
101356,Cooler,Soft Drinks,placed,7,"4,7"
108238,Cooler,Soft Drinks,placed,1,1
110812,Cooler,Soft Drinks,placed,1,"1,5"
111063,Coffee,Coffee ,placed,1,0
111063,Cooler,Water,placed,2,2
111063,Cooler,Soft Drinks,placed,3,"3,5"
111063,Fountain,Soft Drinks,placed,15,0
109716,Coffee,Coffee ,placed,1,0
110843,Cooler,Soft Drinks,placed,2,"0,6"
105583,Cooler,Soft Drinks,placed,1,1
109291,Cooler,Soft Drinks,placed,2,3
109291,Cooler,Juice,placed,1,1
106786,Cooler,Soft Drinks,placed,2,1
106786,Fountain,Soft Drinks,placed,1,0
110297,Cooler,Water,placed,1,1
110297,Cooler,Soft Drinks,placed,1,"1,5"
106834,Cooler,Water,placed,2,2
106834,Cooler,Soft Drinks,placed,2,2
106834,Dispenser,Water,placed,1,0
106831,Cooler,Energy,placed,1,"0,7"
106833,Cooler,Soft Drinks,placed,1,2
107711,Cooler,Water,placed,1,2
110810,Cooler,Soft Drinks,placed,1,1
111235,Fountain,Soft Drinks,placed,8,0
110811,Cooler,Water,placed,1,1
110811,Cooler,Soft Drinks,placed,1,1
111596,Cooler,Soft Drinks,placed,1,1
111220,Cooler,Soft Drinks,placed,2,"1,3"
109727,Cooler,Soft Drinks,placed,1,"1,5"
106824,Cooler,Water,placed,3,"3,5"
106824,Cooler,Soft Drinks,placed,1,2
105703,Cooler,Water,placed,1,"1,5"
110540,Cooler,Water,placed,1,1
110540,Cooler,Soft Drinks,placed,2,"2,5"
109041,Cooler,Water,placed,1,1
105807,Cooler,Soft Drinks,placed,1,1
111305,Cooler,Soft Drinks,placed,1,1
106808,Cooler,Energy,placed,1,"0,7"
109940,Cooler,Soft Drinks,placed,1,1
110728,Cooler,Soft Drinks,placed,1,"1,5"
109361,Cooler,Soft Drinks,placed,1,1
108426,Cooler,Soft Drinks,placed,1,1
108412,Cooler,Soft Drinks,placed,1,1
107713,Cooler,Soft Drinks,placed,2,2
107713,Cooler,Juice,placed,2,2
110303,Cooler,Soft Drinks,placed,1,1
109906,Cooler,Soft Drinks,placed,1,"0,7"
107361,Cooler,Soft Drinks,placed,2,3
101386,Cooler,Soft Drinks,placed,3,3
106432,Cooler,Water,placed,1,1
106432,Cooler,Soft Drinks,placed,1,1
105051,Cooler,Water,placed,1,1
104816,Cooler,Water,placed,2,"2,5"
111590,Cooler,Soft Drinks,placed,1,1
105346,Coffee,Coffee ,placed,2,0
105346,Cooler,Water,placed,1,"1,5"
107302,Cooler,Soft Drinks,placed,1,1
108432,Cooler,Soft Drinks,placed,1,"1,5"
110199,Cooler,Water,placed,1,1
110199,Cooler,Soft Drinks,placed,3,"3,5"
110199,Cooler,Energy,placed,1,"0,7"
110296,Cooler,Soft Drinks,placed,1,"1,5"
107223,Cooler,Soft Drinks,placed,1,"0,7"
109934,Coffee,Coffee ,placed,2,0
109934,Cooler,Soft Drinks,placed,1,2
109371,Cooler,Soft Drinks,placed,1,"1,5"
109371,Cooler,Juice,placed,1,1
104985,Cooler,Soft Drinks,placed,2,"2,7"
104983,Coffee,Coffee ,placed,2,0
104983,Cooler,Soft Drinks,placed,1,1
109950,Coffee,Coffee ,placed,3,0
109950,Cooler,Water,placed,1,1
109950,Cooler,Soft Drinks,placed,2,"3,5"
106511,Cooler,Soft Drinks,placed,2,2
106510,Cooler,Water,placed,2,2
105826,Cooler,Soft Drinks,placed,2,2
109402,Cooler,Water,placed,1,1
107110,Cooler,Water,placed,1,2
111377,Cooler,Soft Drinks,placed,1,2
110818,Cooler,Soft Drinks,placed,2,2
101342,Fountain,Soft Drinks,placed,3,0
104942,Cooler,Soft Drinks,placed,1,2
109032,Cooler,Water,placed,2,2
111462,Cooler,Soft Drinks,placed,3,4
111462,Cooler,Juice,placed,1,1
111076,Cooler,Water,placed,1,1
111076,Cooler,Soft Drinks,placed,6,"4,6"
100297,Cooler,Water,placed,1,1
100297,Cooler,Soft Drinks,placed,1,"1,5"
100297,Cooler,Energy,placed,1,"0,7"
101328,Cooler,Soft Drinks,placed,1,1
110913,Cooler,Soft Drinks,placed,2,"2,5"
110293,Cooler,Soft Drinks,placed,1,1
111234,Cooler,Water,placed,5,5
109282,Cooler,Soft Drinks,placed,1,1
108990,Cooler,Soft Drinks,placed,1,1
108990,Cooler,Juice,placed,1,1
109398,Cooler,Water,placed,1,1
107504,Coffee,Coffee ,placed,4,0
107504,Cooler,Water,placed,1,1
107504,Cooler,Soft Drinks,placed,1,"0,7"
107506,Cooler,Water,placed,3,4
107506,Cooler,Soft Drinks,placed,3,4
110643,Cooler,Soft Drinks,placed,1,1
110127,Cooler,Soft Drinks,placed,1,"1,5"
110127,Cooler,Energy,placed,1,"0,7"
110148,Cooler,Soft Drinks,placed,1,1
109720,Cooler,Soft Drinks,placed,1,"0,7"
105351,Cooler,Water,placed,1,"1,5"
111306,Cooler,Soft Drinks,placed,1,1
110807,Cooler,Soft Drinks,placed,1,1
110550,Cooler,Water,placed,1,1
104940,Dispenser,Water,placed,1,0
107211,Cooler,Soft Drinks,placed,1,1
107400,Cooler,Juice,placed,1,1
108428,Cooler,Soft Drinks,placed,2,2
112073,Fountain,Soft Drinks,placed,1,0
109951,Cooler,Juice,placed,1,1
110041,Cooler,Soft Drinks,placed,2,1
106832,Cooler,Soft Drinks,placed,1,2
109033,Cooler,Water,placed,3,5
109033,Fountain,Soft Drinks,placed,1,0
109954,Cooler,Water,placed,1,1
109541,Cooler,Soft Drinks,placed,1,1
111276,Cooler,Soft Drinks,placed,1,2
111308,Cooler,Water,placed,1,1
109360,Cooler,Water,placed,1,1
109360,Cooler,Soft Drinks,placed,1,1
110690,Cooler,Water,placed,2,"2,5"
110690,Cooler,Soft Drinks,placed,3,4
106763,Cooler,Soft Drinks,placed,1,1
110621,Cooler,Soft Drinks,placed,2,"1,4"
110621,Fountain,Soft Drinks,placed,1,0
110621,Fountain,Soft Drinks,placed,1,0
110621,Dispenser,Water,placed,1,0
106400,Coffee,Coffee ,placed,3,0
106400,Cooler,Soft Drinks,placed,1,"0,7"
110722,Cooler,Water,placed,2,2
110722,Cooler,Soft Drinks,placed,1,1
105073,Cooler,Soft Drinks,placed,1,1
111471,Cooler,Water,placed,1,1
111471,Cooler,Soft Drinks,placed,1,1
108999,Cooler,Soft Drinks,placed,1,1
110138,Cooler,Soft Drinks,placed,3,"3,5"
105492,Cooler,Water,placed,1,1
105492,Cooler,Soft Drinks,placed,1,1
105848,Cooler,Soft Drinks,placed,1,1
109355,Cooler,Juice,placed,1,"0,7"
107434,Cooler,Soft Drinks,placed,1,1
107430,Cooler,Soft Drinks,placed,1,1
108601,Cooler,Juice,placed,1,1
105310,Cooler,Water,placed,1,"1,5"
105310,Cooler,Soft Drinks,placed,1,"0,3"
105310,Cooler,Soft Drinks,placed,2,"1,7"
108595,Cooler,Water,placed,1,1
109612,Cooler,Water,placed,1,1
109612,Cooler,Energy,placed,1,"0,7"
111800,Cooler,Water,placed,1,1
111800,Cooler,Soft Drinks,placed,1,1
110817,Cooler,Soft Drinks,placed,1,1
105706,Cooler,Water,placed,1,1
105706,Cooler,Soft Drinks,placed,1,1
101358,Cooler,Soft Drinks,placed,1,1
105136,Coffee,Coffee ,placed,2,0
105136,Cooler,Soft Drinks,placed,3,"2,1"
107360,Cooler,Soft Drinks,placed,1,1
107404,Cooler,Soft Drinks,placed,2,3
107404,Dispenser,Water,placed,1,0
101321,Cooler,Soft Drinks,placed,3,"2,5"
107372,Cooler,Water,placed,1,1
107372,Cooler,Soft Drinks,placed,3,4
107372,Dispenser,Water,placed,2,0
108983,Cooler,Water,placed,1,1
108983,Cooler,Soft Drinks,placed,2,3
108983,Fountain,Soft Drinks,placed,2,0
108983,Dispenser,Water,placed,2,0
104970,Cooler,Soft Drinks,placed,1,2
111814,Cooler,Soft Drinks,placed,1,1
110286,Cooler,Soft Drinks,placed,1,"0,7"
105628,Cooler,Soft Drinks,placed,1,1
107529,Cooler,Soft Drinks,placed,7,"6,1"
107529,Cooler,Juice,placed,1,1
109042,Cooler,Soft Drinks,placed,1,1
104812,Cooler,Soft Drinks,placed,1,1
111302,Cooler,Soft Drinks,placed,1,1
111302,Fountain,Soft Drinks,placed,1,0
110185,Cooler,Water,placed,2,"2,5"
110185,Cooler,Soft Drinks,placed,3,"2,3"
105964,Cooler,Soft Drinks,placed,3,3
105964,Cooler,Juice,placed,1,1
110844,Cooler,Soft Drinks,placed,4,"2,7"
105839,Cooler,Soft Drinks,placed,1,"1,5"
109043,Cooler,Soft Drinks,placed,1,1
107516,Cooler,Soft Drinks,placed,1,"0,7"
108673,Cooler,Soft Drinks,placed,1,"0,3"
110554,Cooler,Water,placed,1,1
106364,Cooler,Soft Drinks,placed,1,"1,5"
111295,Cooler,Soft Drinks,placed,2,2
110680,Cooler,Soft Drinks,placed,3,4
108161,Cooler,Soft Drinks,placed,1,2
109652,Cooler,Soft Drinks,placed,1,"0,7"
110856,Cooler,Water,placed,2,2
110856,Cooler,Soft Drinks,placed,1,1
105880,Cooler,Soft Drinks,placed,1,1
109435,Coffee,Coffee ,placed,2,0
109435,Cooler,Water,placed,1,1
111313,Cooler,Water,placed,3,3
111313,Cooler,Soft Drinks,placed,1,2
111683,Cooler,Soft Drinks,placed,4,6
105311,Cooler,Water,placed,1,1
105311,Cooler,Soft Drinks,placed,1,1
110854,Cooler,Water,placed,1,1
110854,Cooler,Soft Drinks,placed,1,1
105369,Cooler,Soft Drinks,placed,1,1
109559,Cooler,Soft Drinks,placed,1,"0,7"
106431,Cooler,Soft Drinks,placed,1,"0,7"
109941,Cooler,Soft Drinks,placed,1,1
109326,Cooler,Soft Drinks,placed,1,1
111599,Cooler,Water,placed,1,1
111599,Cooler,Soft Drinks,placed,2,3
109855,Cooler,Soft Drinks,placed,1,1
104978,Cooler,Water,placed,1,1
104935,Cooler,Soft Drinks,placed,1,"0,7"
109533,Coffee,Coffee ,placed,2,0
109533,Cooler,Soft Drinks,placed,1,"0,7"
110289,Cooler,Soft Drinks,placed,1,1
107521,Cooler,Water,placed,1,1
107521,Cooler,Soft Drinks,placed,4,"4,5"
107521,Dispenser,Water,placed,2,0
104886,Cooler,Soft Drinks,placed,1,1
104886,Dispenser,Water,placed,1,0
109379,Cooler,Soft Drinks,placed,1,"0,7"
105507,Cooler,Soft Drinks,placed,2,"1,3"
105507,Cooler,Energy,placed,1,"0,3"
101939,Cooler,Soft Drinks,placed,2,4
109353,Cooler,Soft Drinks,placed,3,4
105170,Coffee,Coffee ,placed,1,0
105170,Cooler,Water,placed,1,"1,5"
105170,Cooler,Soft Drinks,placed,1,"0,3"
109653,Cooler,Soft Drinks,placed,1,"0,7"
106412,Coffee,Coffee ,placed,1,0
110860,Cooler,Water,placed,1,1
110860,Cooler,Soft Drinks,placed,1,1
107505,Cooler,Water,placed,2,"2,5"
107505,Cooler,Soft Drinks,placed,2,3
107505,Cooler,Juice,placed,1,1
107505,Dispenser,Water,placed,1,0
104982,Coffee,Coffee ,placed,2,0
110888,Cooler,Water,placed,1,1
110888,Cooler,Soft Drinks,placed,1,1
109545,Cooler,Soft Drinks,placed,1,"0,7"
111232,Fountain,Soft Drinks,placed,11,0
111237,Fountain,Soft Drinks,placed,12,0
107368,Cooler,Water,placed,1,"1,5"
106538,Cooler,Soft Drinks,placed,1,"1,5"
111804,Cooler,Soft Drinks,placed,2,1
105626,Cooler,Soft Drinks,placed,1,1
106497,Cooler,Water,placed,1,1
105610,Cooler,Water,placed,2,"2,5"
107605,Cooler,Water,placed,1,1
107605,Cooler,Soft Drinks,placed,1,1
109357,Cooler,Soft Drinks,placed,3,"3,5"
111710,Cooler,Water,placed,2,2
111710,Cooler,Soft Drinks,placed,3,3
111710,Cooler,Juice,placed,1,1
110837,Cooler,Soft Drinks,placed,2,1
110837,Cooler,Soft Drinks,placed,3,"2,8"
110837,Cooler,Energy,placed,1,"0,7"
105833,Cooler,Soft Drinks,placed,1,1
105171,Cooler,Water,placed,1,"1,5"
107716,Cooler,Water,placed,1,"1,5"
107716,Dispenser,Water,placed,1,0
111707,Cooler,Soft Drinks,placed,1,1
110610,Cooler,Soft Drinks,placed,1,"1,5"
111839,Cooler,Soft Drinks,placed,2,"1,4"
111468,Cooler,Soft Drinks,placed,3,3
111815,Cooler,Water,placed,1,1
109024,Cooler,Soft Drinks,placed,1,"0,7"
109024,Cooler,Energy,placed,1,"0,7"
106467,Coffee,Coffee ,placed,2,0
106467,Cooler,Soft Drinks,placed,2,2
107579,Cooler,Water,placed,2,2
107579,Cooler,Soft Drinks,placed,1,2
109359,Cooler,Water,placed,1,1
107577,Cooler,Water,placed,1,1
107577,Cooler,Soft Drinks,placed,1,1
111704,Cooler,Soft Drinks,placed,3,3
110475,Cooler,Soft Drinks,placed,1,1
111078,Dispenser,Water,placed,6,0
105106,Cooler,Water,placed,1,1
105106,Cooler,Soft Drinks,placed,2,"1,4"
111085,Cooler,Soft Drinks,placed,3,"3,5"
111085,Fountain,Soft Drinks,placed,1,0
109804,Cooler,Soft Drinks,placed,1,1
108152,Cooler,Water,placed,1,1
108152,Cooler,Soft Drinks,placed,1,1
111811,Cooler,Soft Drinks,placed,2,"1,7"
111850,Cooler,Soft Drinks,placed,1,1
111850,Cooler,Energy,placed,1,"0,7"
110609,Cooler,Soft Drinks,placed,1,1
107567,Cooler,Soft Drinks,placed,1,1
109995,Cooler,Soft Drinks,placed,1,"0,3"
107548,Cooler,Soft Drinks,placed,2,3
105589,Cooler,Soft Drinks,placed,2,"2,3"
111607,Cooler,Soft Drinks,placed,3,3
109691,Cooler,Water,placed,1,1
109191,Cooler,Soft Drinks,placed,1,"0,7"
110037,Coffee,Coffee ,placed,2,0
110037,Cooler,Soft Drinks,placed,1,"0,7"
107503,Cooler,Water,placed,2,2
107503,Cooler,Soft Drinks,placed,4,4
110465,Cooler,Water,placed,1,1
106479,Cooler,Soft Drinks,placed,1,1
111227,Cooler,Soft Drinks,placed,1,2
111266,Cooler,Soft Drinks,placed,2,"1,7"
109009,Cooler,Soft Drinks,placed,2,2
105394,Cooler,Soft Drinks,placed,1,"0,7"
104934,Cooler,Soft Drinks,placed,5,"5,5"
106435,Cooler,Soft Drinks,placed,1,1
111233,Fountain,Soft Drinks,placed,8,0
109657,Cooler,Soft Drinks,placed,1,1
105393,Cooler,Soft Drinks,placed,1,1
105042,Cooler,Soft Drinks,placed,1,"1,5"
109333,Cooler,Soft Drinks,placed,1,1
111602,Cooler,Water,placed,1,"1,5"
111602,Cooler,Soft Drinks,placed,1,1
111602,Cooler,Energy,placed,1,"0,7"
111351,Cooler,Water,placed,1,1
111351,Cooler,Soft Drinks,placed,4,"5,5"
110410,Cooler,Soft Drinks,placed,1,1
109352,Cooler,Soft Drinks,placed,2,2
110202,Cooler,Soft Drinks,placed,1,1
111802,Cooler,Soft Drinks,placed,1,1
110079,Cooler,Soft Drinks,placed,1,"0,7"
109836,Cooler,Water,placed,1,1
109836,Cooler,Soft Drinks,placed,1,"1,5"
109836,Dispenser,Water,placed,1,0
111442,Cooler,Soft Drinks,placed,1,1
111798,Cooler,Soft Drinks,placed,1,1
110790,Cooler,Water,placed,1,1
109189,Cooler,Water,placed,1,1
110483,Cooler,Soft Drinks,placed,1,"0,7"
111090,Cooler,Water,placed,1,1
111090,Cooler,Soft Drinks,placed,2,2
106372,Cooler,Soft Drinks,placed,1,"0,3"
110250,Cooler,Soft Drinks,placed,1,1
109535,Cooler,Soft Drinks,placed,1,1
111719,Cooler,Water,placed,1,1
111719,Cooler,Soft Drinks,placed,1,1
105044,Cooler,Soft Drinks,placed,1,1
110470,Cooler,Water,placed,1,1
111519,Cooler,Soft Drinks,placed,3,3
111519,Cooler,Energy,placed,1,"0,7"
110774,Cooler,Energy,placed,1,"0,7"
108729,Cooler,Water,placed,1,"1,5"
108604,Cooler,Soft Drinks,placed,1,2
110828,Cooler,Water,placed,1,1
110828,Cooler,Soft Drinks,placed,1,1
108132,Cooler,Soft Drinks,placed,1,"1,5"
104925,Cooler,Soft Drinks,placed,1,1
107523,Cooler,Water,placed,1,1
107523,Cooler,Soft Drinks,placed,2,"1,7"
105768,Cooler,Soft Drinks,placed,1,1
111092,Cooler,Water,placed,1,1
111092,Cooler,Soft Drinks,placed,3,3
110861,Cooler,Water,placed,2,2
110861,Cooler,Soft Drinks,placed,1,1
105041,Cooler,Water,placed,1,"1,5"
109590,Cooler,Water,placed,1,1
109590,Dispenser,Water,placed,4,0
105977,Cooler,Soft Drinks,placed,1,1
107675,Cooler,Soft Drinks,placed,2,2
110912,Cooler,Soft Drinks,placed,1,1
111500,Cooler,Water,placed,2,2
111500,Cooler,Soft Drinks,placed,4,"4,5"
108566,Cooler,Water,placed,1,1
108566,Cooler,Soft Drinks,placed,3,5
108594,Cooler,Water,placed,1,1
108147,Cooler,Water,placed,1,1
108147,Cooler,Soft Drinks,placed,1,1
110761,Cooler,Water,placed,1,"1,5"
110761,Cooler,Soft Drinks,placed,1,"1,5"
105687,Cooler,Water,placed,1,1
105687,Cooler,Soft Drinks,placed,3,"2,3"
104933,Cooler,Soft Drinks,placed,1,1
105863,Cooler,Soft Drinks,placed,1,1
105835,Cooler,Soft Drinks,placed,2,2
110579,Cooler,Soft Drinks,placed,1,1
110558,Cooler,Water,placed,1,1
110305,Cooler,Water,placed,1,1
110305,Cooler,Soft Drinks,placed,1,"1,5"
104927,Cooler,Soft Drinks,placed,1,1
107569,Cooler,Soft Drinks,placed,1,"1,5"
107327,Cooler,Soft Drinks,placed,1,"1,5"
105743,Cooler,Water,placed,1,1
105743,Cooler,Soft Drinks,placed,1,2
111597,Cooler,Water,placed,1,1
104932,Cooler,Soft Drinks,placed,1,1
110658,Cooler,Soft Drinks,placed,1,2
106196,Cooler,Soft Drinks,placed,1,1
108417,Cooler,Water,placed,1,1
108417,Cooler,Soft Drinks,placed,1,1
108417,Cooler,Juice,placed,1,1
108417,Dispenser,Water,placed,1,0
105335,Cooler,Soft Drinks,placed,1,"1,5"
108025,Cooler,Soft Drinks,placed,1,1
107440,Cooler,Water,placed,1,1
107440,Cooler,Soft Drinks,placed,1,"0,3"
107440,Cooler,Soft Drinks,placed,6,"4,6"
105710,Cooler,Soft Drinks,placed,2,"0,6"
109952,Cooler,Soft Drinks,placed,1,"0,7"
106795,Cooler,Soft Drinks,placed,4,7
100454,Cooler,Soft Drinks,placed,1,2
111269,Cooler,Soft Drinks,placed,1,1
106067,Coffee,Coffee ,placed,2,0
110924,Cooler,Soft Drinks,placed,2,2
108035,Cooler,Soft Drinks,placed,4,"4,8"
109930,Cooler,Soft Drinks,placed,1,"0,7"
109930,Cooler,Juice,placed,1,"0,3"
105162,Cooler,Water,placed,1,1
105162,Cooler,Soft Drinks,placed,1,1
110459,Cooler,Soft Drinks,placed,2,"1,4"
110459,Cooler,Soft Drinks,placed,1,2
106539,Cooler,Soft Drinks,placed,1,2
111350,Cooler,Soft Drinks,placed,1,1
108030,Cooler,Soft Drinks,placed,2,3
109876,Cooler,Water,placed,1,1
109876,Cooler,Soft Drinks,placed,1,"1,5"
105777,Cooler,Soft Drinks,placed,1,1
110825,Cooler,Soft Drinks,placed,3,"3,5"
109276,Cooler,Soft Drinks,placed,1,1
106000,Cooler,Soft Drinks,placed,1,1
105039,Cooler,Soft Drinks,placed,1,1
107538,Coffee,Coffee ,placed,2,0
107538,Cooler,Water,placed,1,"1,5"
107538,Cooler,Soft Drinks,placed,1,"0,3"
107538,Cooler,Soft Drinks,placed,6,"4,3"
111388,Coffee,Coffee ,placed,1,0
111388,Cooler,Soft Drinks,placed,2,"1,7"
110167,Cooler,Soft Drinks,placed,1,1
110086,Cooler,Soft Drinks,placed,1,1
106104,Cooler,Soft Drinks,placed,1,1
110302,Cooler,Water,placed,1,1
109919,Cooler,Soft Drinks,placed,1,1
109920,Cooler,Water,placed,1,1
110262,Cooler,Water,placed,1,1
110923,Cooler,Soft Drinks,placed,1,1
108599,Cooler,Soft Drinks,placed,1,1
108599,Cooler,Juice,placed,1,"0,3"
104929,Cooler,Soft Drinks,placed,1,"1,5"
109608,Cooler,Water,placed,1,1
110069,Cooler,Soft Drinks,placed,1,"0,3"
104836,Cooler,Water,placed,1,1
104836,Cooler,Soft Drinks,placed,1,1
104836,Dispenser,Water,placed,1,0
104937,Cooler,Soft Drinks,placed,1,1
110584,Cooler,Water,placed,1,1
110868,Cooler,Soft Drinks,placed,1,"0,3"
108713,Cooler,Soft Drinks,placed,2,"1,4"
111835,Cooler,Water,placed,1,1
111835,Cooler,Soft Drinks,placed,2,2
110461,Cooler,Water,placed,1,1
108602,Cooler,Water,placed,1,1
108602,Cooler,Soft Drinks,placed,1,1
110407,Cooler,Water,placed,1,1
110671,Cooler,Soft Drinks,placed,1,1
110674,Cooler,Water,placed,1,1
110674,Cooler,Soft Drinks,placed,5,7
101339,Cooler,Soft Drinks,placed,1,1
107393,Cooler,Soft Drinks,placed,2,"2,5"
106069,Cooler,Soft Drinks,placed,2,2
105708,Cooler,Water,placed,1,"1,5"
105708,Cooler,Soft Drinks,placed,2,"2,5"
105080,Cooler,Energy,placed,1,"0,7"
107397,Cooler,Soft Drinks,placed,2,"2,5"
109591,Cooler,Soft Drinks,placed,1,1
105497,Cooler,Soft Drinks,placed,1,1
105083,Cooler,Soft Drinks,placed,1,1
111716,Cooler,Water,placed,1,1
111727,Cooler,Water,placed,1,1
111727,Cooler,Soft Drinks,placed,1,"1,5"
109324,Cooler,Soft Drinks,placed,1,1
105167,Coffee,Coffee ,placed,2,0
105167,Cooler,Soft Drinks,placed,3,"1,3"
111411,Cooler,Soft Drinks,placed,1,1
106195,Cooler,Soft Drinks,placed,1,1
111830,Cooler,Soft Drinks,placed,1,1
109234,Cooler,Water,placed,1,1
109234,Cooler,Soft Drinks,placed,2,2
111097,Fountain,Soft Drinks,placed,6,0
111534,Cooler,Water,placed,1,1
111534,Cooler,Soft Drinks,placed,1,1
105082,Cooler,Soft Drinks,placed,1,1
109759,Cooler,Soft Drinks,placed,1,1
109539,Cooler,Soft Drinks,placed,1,1
104930,Cooler,Soft Drinks,placed,1,"1,5"
109540,Cooler,Water,placed,1,1
109540,Cooler,Soft Drinks,placed,1,1
109552,Cooler,Water,placed,2,2
109552,Cooler,Energy,placed,1,"0,7"
109802,Cooler,Soft Drinks,placed,2,"1,7"
109802,Cooler,Juice,placed,1,"0,7"
109802,Cooler,Energy,placed,1,"0,7"
111225,Cooler,Soft Drinks,placed,5,"4,1"
111581,Cooler,Soft Drinks,placed,1,1
111581,Fountain,Soft Drinks,placed,1,0
105705,Cooler,Soft Drinks,placed,2,2
107419,Cooler,Soft Drinks,placed,2,2
101325,Cooler,Water,placed,1,"1,5"
105037,Cooler,Soft Drinks,placed,1,"0,7"
110850,Cooler,Water,placed,1,1
110850,Cooler,Juice,placed,1,1
111838,Cooler,Water,placed,1,1
111553,Cooler,Soft Drinks,placed,3,3
111553,Cooler,Juice,placed,1,1
110602,Cooler,Soft Drinks,placed,1,1
110602,Cooler,Energy,placed,1,"0,7"
111064,Cooler,Soft Drinks,placed,3,"2,7"
111837,Cooler,Water,placed,1,2
111837,Cooler,Soft Drinks,placed,1,1
111836,Cooler,Water,placed,3,3
111836,Cooler,Soft Drinks,placed,1,1
111836,Dispenser,Water,placed,2,0
111711,Cooler,Water,placed,1,1
108131,Cooler,Water,placed,1,1
108131,Cooler,Soft Drinks,placed,1,1
111767,Cooler,Water,placed,1,1
111767,Cooler,Soft Drinks,placed,1,1
111767,Cooler,Energy,placed,1,"0,7"
105570,Cooler,Water,placed,1,1
105570,Cooler,Soft Drinks,placed,1,"0,7"
107415,Cooler,Soft Drinks,placed,4,"3,6"
107415,Cooler,Juice,placed,1,1
105629,Cooler,Water,placed,3,"4,5"
105629,Cooler,Soft Drinks,placed,2,2
105629,Cooler,Juice,placed,1,1
105629,Dispenser,Water,placed,2,0
109101,Dispenser,Water,placed,2,0
110439,Cooler,Soft Drinks,placed,1,1
107421,Cooler,Soft Drinks,placed,1,1
110451,Cooler,Soft Drinks,placed,1,"0,7"
108693,Cooler,Water,placed,1,1
108693,Cooler,Soft Drinks,placed,2,2
108693,Cooler,Energy,placed,1,"0,7"
110494,Cooler,Soft Drinks,placed,1,1
110435,Cooler,Water,placed,1,1
110435,Cooler,Soft Drinks,placed,1,1
110626,Cooler,Soft Drinks,placed,1,1
110624,Cooler,Soft Drinks,placed,2,"2,5"
109808,Cooler,Soft Drinks,placed,1,1
106087,Cooler,Soft Drinks,placed,1,1
105016,Cooler,Soft Drinks,placed,1,1
105594,Cooler,Water,placed,3,4
105594,Cooler,Soft Drinks,placed,9,"6,6"
105594,Dispenser,Water,placed,4,0
107566,Cooler,Soft Drinks,placed,1,1
110159,Cooler,Water,placed,1,1
110159,Cooler,Soft Drinks,placed,3,3
107411,Cooler,Soft Drinks,placed,1,1
111771,Cooler,Soft Drinks,placed,1,"1,5"
111304,Cooler,Water,placed,1,1
107437,Cooler,Soft Drinks,placed,1,1
107559,Cooler,Water,placed,2,2
107559,Cooler,Soft Drinks,placed,2,3
107355,Cooler,Soft Drinks,placed,3,3
106495,Cooler,Soft Drinks,placed,1,1
110637,Cooler,Water,placed,1,1
110637,Cooler,Soft Drinks,placed,3,3
110646,Cooler,Water,placed,1,"1,5"
110646,Cooler,Soft Drinks,placed,3,"4,3"
110449,Cooler,Soft Drinks,placed,1,1
111470,Cooler,Soft Drinks,placed,1,1
106494,Cooler,Soft Drinks,placed,1,1
109898,Coffee,Coffee ,placed,2,0
109898,Cooler,Soft Drinks,placed,4,"3,1"
109186,Cooler,Soft Drinks,placed,4,4
110619,Cooler,Soft Drinks,placed,1,1
110294,Cooler,Water,placed,2,2
107547,Cooler,Water,placed,1,1
105697,Cooler,Soft Drinks,placed,1,"0,7"
110436,Cooler,Water,placed,1,1
110436,Dispenser,Water,placed,1,0
110324,Cooler,Soft Drinks,placed,1,1
110174,Cooler,Soft Drinks,placed,1,1
110264,Cooler,Water,placed,1,1
110264,Cooler,Soft Drinks,placed,2,2
109209,Cooler,Water,placed,1,1
109927,Cooler,Soft Drinks,placed,1,"0,7"
111240,Cooler,Soft Drinks,placed,1,"0,3"
110192,Cooler,Soft Drinks,placed,1,1
106185,Cooler,Water,placed,1,1
110466,Cooler,Soft Drinks,placed,2,2
109208,Cooler,Soft Drinks,placed,2,2
111722,Cooler,Soft Drinks,placed,1,1
110914,Cooler,Water,placed,1,1
110914,Cooler,Soft Drinks,placed,2,2
111778,Cooler,Soft Drinks,placed,1,1
111797,Cooler,Soft Drinks,placed,1,1
106767,Cooler,Soft Drinks,placed,1,1
107550,Cooler,Water,placed,1,1
107550,Cooler,Soft Drinks,placed,4,6
110272,Cooler,Water,placed,2,2
110272,Cooler,Soft Drinks,placed,2,2
110272,Cooler,Juice,placed,1,1
105495,Cooler,Energy,placed,1,"0,7"
107703,Cooler,Soft Drinks,placed,1,"1,5"
107701,Cooler,Water,placed,1,1
107701,Cooler,Soft Drinks,placed,1,"1,5"
109127,Cooler,Soft Drinks,placed,1,1
101332,Fountain,Soft Drinks,placed,1,0
106837,Cooler,Soft Drinks,placed,1,"1,5"
104837,Coffee,Coffee ,placed,2,0
111258,Cooler,Soft Drinks,placed,2,"2,5"
111258,Cooler,Juice,placed,1,1
111385,Cooler,Soft Drinks,placed,1,1
110905,Cooler,Water,placed,1,1
108413,Cooler,Water,placed,1,1
108413,Cooler,Soft Drinks,placed,2,"2,5"
108413,Cooler,Juice,placed,2,2
101385,Cooler,Soft Drinks,placed,1,1
111246,Cooler,Soft Drinks,placed,2,"1,3"
111246,Cooler,Energy,placed,1,"0,7"
109922,Cooler,Soft Drinks,placed,1,"0,3"
110454,Cooler,Soft Drinks,placed,1,"1,5"
108716,Cooler,Soft Drinks,placed,1,1
108716,Dispenser,Water,placed,2,0
107530,Cooler,Water,placed,1,1
107530,Cooler,Soft Drinks,placed,3,4
107530,Dispenser,Water,placed,1,0
108695,Cooler,Water,placed,1,1
108695,Cooler,Soft Drinks,placed,1,1
110915,Cooler,Water,placed,1,1
110915,Cooler,Soft Drinks,placed,1,1
109753,Cooler,Soft Drinks,placed,1,1
106757,Cooler,Soft Drinks,placed,1,1
109296,Cooler,Soft Drinks,placed,1,1
109133,Cooler,Soft Drinks,placed,1,1
106183,Cooler,Water,placed,1,1
106183,Cooler,Soft Drinks,placed,1,1
108696,Cooler,Soft Drinks,placed,1,1
109218,Cooler,Soft Drinks,placed,1,1
110092,Cooler,Water,placed,1,1
106836,Cooler,Soft Drinks,placed,2,"2,5"
106836,Cooler,Juice,placed,1,"0,3"
105099,Cooler,Water,placed,1,1
111775,Cooler,Soft Drinks,placed,1,1
105592,Coffee,Coffee ,placed,2,0
105592,Cooler,Water,placed,1,1
105592,Cooler,Soft Drinks,placed,2,"2,2"
108597,Cooler,Soft Drinks,placed,2,2
108401,Cooler,Soft Drinks,placed,1,"1,5"
109729,Cooler,Juice,placed,1,1
110605,Cooler,Water,placed,1,1
110743,Cooler,Soft Drinks,placed,1,"0,7"
109745,Cooler,Water,placed,1,"1,5"
111813,Cooler,Soft Drinks,placed,1,"1,5"
105630,Cooler,Soft Drinks,placed,1,1
110507,Cooler,Soft Drinks,placed,1,1
111547,Cooler,Water,placed,1,"1,5"
111547,Cooler,Juice,placed,1,1
110910,Cooler,Soft Drinks,placed,1,2
110189,Cooler,Soft Drinks,placed,1,1
110901,Cooler,Soft Drinks,placed,2,2
105100,Cooler,Soft Drinks,placed,1,1
108697,Cooler,Water,placed,1,1
110279,Cooler,Soft Drinks,placed,1,1
110398,Cooler,Water,placed,1,1
110398,Cooler,Soft Drinks,placed,1,1
110398,Dispenser,Water,placed,1,0
106496,Cooler,Soft Drinks,placed,2,"1,4"
110484,Cooler,Soft Drinks,placed,1,1
107501,Cooler,Juice,placed,1,1
108422,Cooler,Water,placed,1,1
108422,Cooler,Soft Drinks,placed,2,2
108422,Cooler,Juice,placed,3,"1,6"
103992,Cooler,Water,placed,1,1
109316,Cooler,Soft Drinks,placed,1,1
105366,Cooler,Soft Drinks,placed,1,1
110457,Cooler,Water,placed,1,1
110188,Cooler,Soft Drinks,placed,1,1
111810,Cooler,Soft Drinks,placed,2,"1,3"
105353,Cooler,Soft Drinks,placed,1,1
110802,Cooler,Water,placed,2,2
110613,Cooler,Juice,placed,2,2
108419,Cooler,Water,placed,2,2
108419,Cooler,Soft Drinks,placed,1,"1,5"
108419,Cooler,Juice,placed,1,1
111408,Cooler,Soft Drinks,placed,1,1
109585,Cooler,Water,placed,1,1
104839,Cooler,Soft Drinks,placed,1,"0,7"
109935,Coffee,Coffee ,placed,2,0
109935,Cooler,Soft Drinks,placed,1,"1,5"
110886,Cooler,Water,placed,1,1
110886,Cooler,Soft Drinks,placed,1,"1,5"
111387,Cooler,Soft Drinks,placed,1,"0,7"
109025,Cooler,Water,placed,2,3
111621,Cooler,Soft Drinks,placed,1,"0,7"
110488,Cooler,Soft Drinks,placed,1,1
109600,Cooler,Soft Drinks,placed,1,1
110527,Cooler,Water,placed,1,1
105491,Cooler,Water,placed,1,1
109609,Cooler,Water,placed,1,1
109609,Cooler,Energy,placed,1,"0,7"
111409,Cooler,Soft Drinks,placed,1,"0,3"
111853,Cooler,Soft Drinks,placed,1,"0,7"
108269,Cooler,Water,placed,1,"1,5"
110222,Cooler,Soft Drinks,placed,1,1
109593,Coffee,Coffee ,placed,2,0
109593,Cooler,Water,placed,1,1
109593,Dispenser,Water,placed,1,0
109392,Coffee,Coffee ,placed,2,0
109392,Cooler,Water,placed,2,2
109392,Cooler,Soft Drinks,placed,2,2
109392,Cooler,Energy,placed,2,"1,4"
110858,Cooler,Soft Drinks,placed,1,1
108598,Cooler,Soft Drinks,placed,2,"1,7"
109843,Cooler,Soft Drinks,placed,1,"0,7"
107510,Cooler,Water,placed,1,1
109693,Cooler,Water,placed,1,"1,5"
109693,Cooler,Soft Drinks,placed,2,2
109693,Cooler,Juice,placed,1,1
106414,Cooler,Soft Drinks,placed,1,"0,7"
108218,Cooler,Soft Drinks,placed,2,2
106454,Cooler,Soft Drinks,placed,1,1
109683,Cooler,Water,placed,1,1
108415,Cooler,Soft Drinks,placed,1,2
106453,Cooler,Soft Drinks,placed,1,1
109010,Cooler,Water,placed,3,"3,5"
109010,Cooler,Soft Drinks,placed,4,5
108300,Cooler,Soft Drinks,placed,1,1
111229,Fountain,Soft Drinks,placed,7,0
105022,Cooler,Soft Drinks,placed,1,"1,5"
109596,Cooler,Soft Drinks,placed,1,1
109933,Cooler,Water,placed,2,2
109933,Cooler,Soft Drinks,placed,1,1
105447,Coffee,Coffee ,placed,2,0
105447,Cooler,Soft Drinks,placed,1,1
105447,Fountain,Soft Drinks,placed,1,0
111550,Cooler,Soft Drinks,placed,1,1
106041,Cooler,Soft Drinks,placed,1,1
110462,Cooler,Soft Drinks,placed,1,"0,7"
107706,Cooler,Energy,placed,1,"0,3"
105557,Cooler,Soft Drinks,placed,1,1
111263,Cooler,Soft Drinks,placed,2,2
106403,Coffee,Coffee ,placed,2,0
106403,Cooler,Soft Drinks,placed,1,1
110460,Cooler,Soft Drinks,placed,1,1
107425,Coffee,Coffee ,placed,2,0
107425,Cooler,Water,placed,4,4
107425,Cooler,Soft Drinks,placed,2,3
107425,Cooler,Juice,placed,1,1
106582,Cooler,Soft Drinks,placed,1,"0,7"
109862,Cooler,Water,placed,1,1
110299,Cooler,Soft Drinks,placed,1,"1,5"
110299,Cooler,Energy,placed,1,"0,7"
110299,Dispenser,Water,placed,1,0
109857,Cooler,Soft Drinks,placed,1,1
110911,Cooler,Water,placed,1,1
110911,Cooler,Soft Drinks,placed,1,"1,5"
107478,Cooler,Soft Drinks,placed,1,1
108153,Cooler,Soft Drinks,placed,1,1
106459,Cooler,Soft Drinks,placed,1,1
105811,Cooler,Water,placed,1,1
105811,Cooler,Soft Drinks,placed,2,"1,4"
105811,Cooler,Juice,placed,1,"0,7"
111224,Cooler,Soft Drinks,placed,1,"0,7"
105440,Cooler,Soft Drinks,placed,1,1
106514,Cooler,Soft Drinks,placed,1,1
111973,Coffee,Coffee ,placed,2,0
111973,Cooler,Water,placed,1,1
106048,Cooler,Water,placed,1,1
106048,Cooler,Soft Drinks,placed,2,"2,5"
104842,Cooler,Soft Drinks,placed,1,"0,3"
104842,Cooler,Soft Drinks,placed,3,"1,6"
104842,Cooler,Energy,placed,1,"0,7"
110781,Cooler,Soft Drinks,placed,1,"0,7"
108219,Cooler,Water,placed,1,1
108219,Cooler,Soft Drinks,placed,2,2
108219,Dispenser,Water,placed,1,0
107736,Cooler,Soft Drinks,placed,1,"1,5"
111757,Cooler,Soft Drinks,placed,1,1
111365,Cooler,Water,placed,4,4
111365,Cooler,Soft Drinks,placed,3,"2,7"
110135,Cooler,Soft Drinks,placed,1,1
111752,Cooler,Water,placed,1,1
111752,Cooler,Soft Drinks,placed,1,1
107568,Cooler,Soft Drinks,placed,1,1
105775,Cooler,Water,placed,2,2
105775,Cooler,Soft Drinks,placed,1,1
105563,Cooler,Water,placed,1,1
105563,Cooler,Soft Drinks,placed,1,1
111528,Cooler,Soft Drinks,placed,1,1
105091,Cooler,Water,placed,1,1
109485,Cooler,Soft Drinks,placed,1,1
110604,Cooler,Water,placed,1,1
110604,Cooler,Soft Drinks,placed,2,"2,5"
110419,Cooler,Soft Drinks,placed,1,"0,7"
111501,Cooler,Water,placed,1,1
111501,Cooler,Soft Drinks,placed,1,"1,5"
111615,Cooler,Soft Drinks,placed,1,1
110309,Coffee,Coffee ,placed,1,0
110506,Cooler,Soft Drinks,placed,2,"1,7"
111065,Cooler,Soft Drinks,placed,1,1
105591,Cooler,Soft Drinks,placed,1,"1,5"
105883,Cooler,Soft Drinks,placed,1,"1,5"
105974,Cooler,Soft Drinks,placed,1,1
105096,Cooler,Soft Drinks,placed,1,"1,5"
105096,Cooler,Energy,placed,1,"0,7"
110679,Cooler,Soft Drinks,placed,1,1
110679,Cooler,Soft Drinks,placed,2,2
110679,Dispenser,Water,placed,1,0
105882,Cooler,Soft Drinks,placed,1,1
111546,Cooler,Water,placed,1,1
111546,Cooler,Soft Drinks,placed,1,2
111546,Cooler,Juice,placed,1,1
111545,Cooler,Water,placed,2,2
111545,Dispenser,Water,placed,1,0
107754,Cooler,Soft Drinks,placed,1,"1,5"
110061,Cooler,Soft Drinks,placed,1,"0,7"
111333,Cooler,Water,placed,1,1
111333,Cooler,Soft Drinks,placed,1,1
105270,Cooler,Soft Drinks,placed,1,1
110063,Cooler,Water,placed,1,1
103373,Cooler,Soft Drinks,placed,1,2
107312,Cooler,Energy,placed,1,1
107903,Cooler,Water,placed,2,2
107903,Cooler,Soft Drinks,placed,2,3
106530,Cooler,Soft Drinks,placed,1,"0,7"
105079,Cooler,Soft Drinks,placed,1,1
110375,Cooler,Soft Drinks,placed,1,1
110500,Cooler,Soft Drinks,placed,3,"2,7"
111782,Cooler,Soft Drinks,placed,1,1
111410,Cooler,Juice,placed,1,1
107473,Cooler,Soft Drinks,placed,1,2
108998,Cooler,Soft Drinks,placed,1,"0,7"
107560,Cooler,Soft Drinks,placed,1,1
109908,Cooler,Water,placed,1,1
111789,Cooler,Soft Drinks,placed,1,"0,7"
111638,Cooler,Soft Drinks,placed,1,1
105439,Cooler,Water,placed,1,1
105439,Cooler,Soft Drinks,placed,2,2
110456,Cooler,Soft Drinks,placed,2,"2,5"
105488,Cooler,Soft Drinks,placed,1,1
110393,Cooler,Soft Drinks,placed,2,"1,4"
110538,Cooler,Soft Drinks,placed,1,1
107546,Cooler,Soft Drinks,placed,4,"5,5"
106165,Cooler,Water,placed,1,1
110183,Cooler,Soft Drinks,placed,1,"1,5"
110183,Fountain,Soft Drinks,placed,2,0
107905,Cooler,Water,placed,1,1
107905,Cooler,Soft Drinks,placed,2,2
107549,Cooler,Soft Drinks,placed,1,1
110071,Cooler,Soft Drinks,placed,1,"0,7"
107576,Cooler,Soft Drinks,placed,1,2
110727,Cooler,Soft Drinks,placed,1,"1,5"
111186,Cooler,Soft Drinks,placed,2,2
111712,Cooler,Soft Drinks,placed,1,"1,5"
107481,Cooler,Soft Drinks,placed,1,1
110238,Cooler,Soft Drinks,placed,2,2
108146,Cooler,Water,placed,1,1
108146,Cooler,Soft Drinks,placed,1,1
108146,Cooler,Juice,placed,1,1
108134,Cooler,Soft Drinks,placed,2,3
105606,Cooler,Water,placed,1,1
105606,Cooler,Soft Drinks,placed,2,3
105606,Cooler,Energy,placed,1,1
105606,Dispenser,Water,placed,1,0
107601,Cooler,Water,placed,1,1
107601,Cooler,Soft Drinks,placed,2,2
104963,Coffee,Coffee ,placed,2,0
104963,Cooler,Water,placed,1,1
105587,Cooler,Water,placed,1,1
105587,Cooler,Soft Drinks,placed,2,"0,6"
105587,Cooler,Soft Drinks,placed,1,1
107600,Cooler,Water,placed,1,"1,5"
107600,Cooler,Soft Drinks,placed,2,"2,5"
105586,Cooler,Water,placed,1,2
109283,Cooler,Soft Drinks,placed,1,"1,5"
110179,Cooler,Soft Drinks,placed,1,"0,7"
107316,Cooler,Soft Drinks,placed,2,"2,5"
110709,Cooler,Water,placed,2,2
110709,Cooler,Soft Drinks,placed,2,3
110709,Dispenser,Water,placed,1,0
111278,Cooler,Soft Drinks,placed,1,"1,5"
105120,Cooler,Soft Drinks,placed,1,1
105754,Cooler,Soft Drinks,placed,1,1
107747,Cooler,Soft Drinks,placed,1,2
106458,Cooler,Water,placed,1,1
108620,Cooler,Water,placed,1,1
108620,Cooler,Soft Drinks,placed,1,"1,5"
108620,Cooler,Juice,placed,1,"0,3"
107485,Cooler,Water,placed,1,1
107485,Cooler,Soft Drinks,placed,2,3
109414,Cooler,Soft Drinks,placed,1,1
107320,Cooler,Water,placed,2,"2,5"
107320,Cooler,Soft Drinks,placed,6,"6,5"
111279,Cooler,Water,placed,1,1
111279,Cooler,Soft Drinks,placed,1,1
111283,Cooler,Soft Drinks,placed,1,1
108136,Cooler,Soft Drinks,placed,1,1
109658,Cooler,Water,placed,1,1
106121,Cooler,Water,placed,1,"1,5"
106121,Cooler,Soft Drinks,placed,1,1
107729,Cooler,Juice,placed,1,1
111281,Cooler,Water,placed,3,3
107749,Cooler,Water,placed,1,1
107749,Cooler,Soft Drinks,placed,1,1
105124,Cooler,Water,placed,2,2
105122,Cooler,Soft Drinks,placed,1,"0,7"
109965,Cooler,Soft Drinks,placed,1,1
108537,Cooler,Soft Drinks,placed,1,"0,3"
108537,Cooler,Soft Drinks,placed,1,2
108845,Cooler,Water,placed,1,1
105156,Cooler,Energy,placed,1,"0,7"
105978,Cooler,Soft Drinks,placed,1,"1,5"
107788,Cooler,Soft Drinks,placed,2,2
111604,Cooler,Soft Drinks,placed,2,"2,5"
105618,Cooler,Water,placed,1,1
105618,Cooler,Soft Drinks,placed,1,1
107574,Cooler,Water,placed,2,3
107574,Cooler,Soft Drinks,placed,1,2
105611,Cooler,Soft Drinks,placed,1,1
110190,Cooler,Soft Drinks,placed,1,"1,5"
110664,Cooler,Water,placed,1,1
110664,Cooler,Soft Drinks,placed,3,4
105993,Cooler,Soft Drinks,placed,1,1
105025,Cooler,Water,placed,1,2
105025,Dispenser,Water,placed,1,0
108844,Cooler,Soft Drinks,placed,1,1
111551,Cooler,Water,placed,2,2
105787,Cooler,Water,placed,1,1
107571,Cooler,Water,placed,1,1
107571,Cooler,Soft Drinks,placed,1,1
107715,Cooler,Soft Drinks,placed,3,"2,4"
107715,Cooler,Juice,placed,2,2
107582,Cooler,Soft Drinks,placed,1,2
107760,Cooler,Soft Drinks,placed,2,2
110311,Cooler,Water,placed,1,1
105698,Cooler,Water,placed,2,3
106588,Cooler,Soft Drinks,placed,1,1
110663,Cooler,Water,placed,1,1
110663,Cooler,Soft Drinks,placed,1,2
110663,Cooler,Energy,placed,1,1
107762,Cooler,Soft Drinks,placed,1,1
110706,Dispenser,Water,placed,1,0
110708,Cooler,Water,placed,1,1
110708,Cooler,Soft Drinks,placed,4,"4,5"
110708,Dispenser,Water,placed,2,0
109969,Cooler,Soft Drinks,placed,3,"3,5"
107325,Cooler,Soft Drinks,placed,7,"7,6"
107325,Cooler,Juice,placed,1,1
107325,Dispenser,Water,placed,3,0
107602,Cooler,Water,placed,3,4
107602,Cooler,Soft Drinks,placed,1,1
107602,Cooler,Juice,placed,1,1
108866,Cooler,Soft Drinks,placed,1,2
110312,Cooler,Soft Drinks,placed,1,1
110900,Cooler,Soft Drinks,placed,1,1
108151,Cooler,Soft Drinks,placed,1,1
108151,Cooler,Juice,placed,1,1
110123,Cooler,Soft Drinks,placed,1,1
109007,Cooler,Water,placed,1,"1,5"
106801,Cooler,Soft Drinks,placed,1,1
110191,Cooler,Soft Drinks,placed,1,1
107381,Cooler,Water,placed,1,1
107381,Cooler,Soft Drinks,placed,1,1
107911,Cooler,Water,placed,1,1
105029,Cooler,Water,placed,1,"1,5"
105029,Cooler,Soft Drinks,placed,1,"1,5"
107757,Dispenser,Water,placed,2,0
105652,Cooler,Water,placed,1,1
110632,Cooler,Soft Drinks,placed,2,"2,5"
108119,Cooler,Soft Drinks,placed,1,2
109006,Cooler,Soft Drinks,placed,2,2
107383,Cooler,Soft Drinks,placed,1,1
107383,Cooler,Energy,placed,1,"0,7"
110705,Cooler,Water,placed,3,3
110705,Cooler,Soft Drinks,placed,4,5
110705,Dispenser,Water,placed,1,0
107772,Cooler,Soft Drinks,placed,1,"1,5"
107740,Cooler,Water,placed,1,"1,5"
110647,Cooler,Soft Drinks,placed,2,2
106060,Cooler,Soft Drinks,placed,1,1
105596,Cooler,Soft Drinks,placed,1,1
109520,Cooler,Water,placed,1,1
110542,Cooler,Soft Drinks,placed,1,1
107387,Cooler,Soft Drinks,placed,5,"5,5"
107387,Cooler,Juice,placed,1,1
111138,Cooler,Soft Drinks,placed,3,"3,2"
107398,Cooler,Soft Drinks,placed,3,3
106755,Cooler,Soft Drinks,placed,2,"1,7"
110355,Cooler,Soft Drinks,placed,1,1
111330,Cooler,Water,placed,1,1
111330,Cooler,Soft Drinks,placed,1,"1,5"
108723,Cooler,Soft Drinks,placed,1,1
105906,Cooler,Soft Drinks,placed,1,1
110325,Cooler,Soft Drinks,placed,1,1
111318,Cooler,Water,placed,1,"1,5"
111504,Cooler,Water,placed,1,"1,5"
111504,Cooler,Juice,placed,1,1
107741,Cooler,Water,placed,1,1
107741,Cooler,Soft Drinks,placed,2,"2,3"
107741,Dispenser,Water,placed,1,0
108271,Cooler,Soft Drinks,placed,1,"1,5"
109005,Cooler,Soft Drinks,placed,5,5
105021,Coffee,Coffee ,placed,2,0
105021,Cooler,Soft Drinks,placed,5,"4,3"
105021,Dispenser,Water,placed,1,0
111784,Cooler,Soft Drinks,placed,3,3
108274,Cooler,Soft Drinks,placed,1,2
107739,Cooler,Water,placed,1,1
107739,Cooler,Soft Drinks,placed,1,1
110537,Cooler,Soft Drinks,placed,1,2
110559,Cooler,Soft Drinks,placed,1,"1,5"
109053,Cooler,Soft Drinks,placed,1,"1,5"
107746,Cooler,Water,placed,1,1
107746,Cooler,Soft Drinks,placed,1,1
106142,Cooler,Soft Drinks,placed,2,2
111636,Cooler,Water,placed,1,1
111636,Cooler,Soft Drinks,placed,2,2
107618,Cooler,Water,placed,1,1
107618,Cooler,Soft Drinks,placed,1,1
107517,Cooler,Water,placed,1,1
107517,Cooler,Soft Drinks,placed,1,1
107733,Cooler,Water,placed,3,3
107733,Cooler,Soft Drinks,placed,2,"2,5"
107731,Cooler,Water,placed,1,"1,5"
107731,Cooler,Soft Drinks,placed,1,"1,5"
111555,Cooler,Soft Drinks,placed,1,"1,5"
111457,Cooler,Soft Drinks,placed,1,2
109387,Cooler,Water,placed,1,"1,5"
105663,Coffee,Coffee ,placed,2,0
105663,Cooler,Soft Drinks,placed,1,"1,5"
105663,Cooler,Energy,placed,1,"0,7"
104888,Cooler,Soft Drinks,placed,1,1
108632,Cooler,Soft Drinks,placed,2,2
107730,Cooler,Water,placed,1,1
107730,Cooler,Soft Drinks,placed,2,2
107738,Cooler,Soft Drinks,placed,1,"1,5"
111634,Cooler,Water,placed,1,1
110897,Cooler,Soft Drinks,placed,2,2
107379,Cooler,Soft Drinks,placed,2,2
107379,Cooler,Juice,placed,1,1
105653,Cooler,Soft Drinks,placed,1,"1,5"
107432,Cooler,Soft Drinks,placed,1,1
104960,Coffee,Coffee ,placed,2,0
104960,Cooler,Soft Drinks,placed,1,1
111444,Cooler,Soft Drinks,placed,2,2
107832,Cooler,Soft Drinks,placed,1,1
108752,Cooler,Soft Drinks,placed,1,1
111671,Cooler,Water,placed,3,3
111671,Cooler,Soft Drinks,placed,3,4
111671,Cooler,Juice,placed,1,1
109579,Cooler,Soft Drinks,placed,1,1
107831,Cooler,Water,placed,1,1
107831,Cooler,Soft Drinks,placed,1,1
107831,Cooler,Juice,placed,1,1
105575,Cooler,Soft Drinks,placed,1,1
111709,Cooler,Water,placed,1,"1,5"
108142,Cooler,Soft Drinks,placed,2,"2,5"
108142,Cooler,Juice,placed,1,1
111642,Cooler,Water,placed,1,1
108577,Cooler,Soft Drinks,placed,1,1
100298,Cooler,Soft Drinks,placed,1,1
106865,Cooler,Soft Drinks,placed,1,1
106022,Cooler,Soft Drinks,placed,1,"0,7"
106022,Dispenser,Water,placed,1,0
107830,Cooler,Soft Drinks,placed,1,"1,5"
104968,Cooler,Soft Drinks,placed,1,"1,5"
109031,Cooler,Soft Drinks,placed,2,2
106044,Cooler,Soft Drinks,placed,1,1
111100,Fountain,Soft Drinks,placed,4,0
104987,Cooler,Water,placed,1,1
108125,Cooler,Water,placed,1,1
108125,Cooler,Soft Drinks,placed,2,2
108154,Cooler,Soft Drinks,placed,3,5
107852,Cooler,Soft Drinks,placed,1,1
109462,Cooler,Soft Drinks,placed,1,1
105445,Cooler,Soft Drinks,placed,1,1
105574,Cooler,Soft Drinks,placed,1,1
107854,Cooler,Water,placed,1,"1,5"
107854,Cooler,Soft Drinks,placed,1,"0,3"
105865,Cooler,Soft Drinks,placed,1,"0,7"
106125,Cooler,Soft Drinks,placed,1,1
110520,Cooler,Soft Drinks,placed,1,"1,5"
105404,Cooler,Soft Drinks,placed,1,2
105617,Cooler,Soft Drinks,placed,1,"1,5"
108769,Cooler,Water,placed,1,1
111251,Cooler,Soft Drinks,placed,6,6
111251,Cooler,Energy,placed,1,1
111251,Dispenser,Water,placed,1,0
107837,Cooler,Soft Drinks,placed,1,1
105364,Cooler,Soft Drinks,placed,1,1
105020,Cooler,Water,placed,1,"1,5"
107860,Cooler,Soft Drinks,placed,1,1
109943,Cooler,Soft Drinks,placed,1,"0,7"
109943,Cooler,Juice,placed,1,"0,3"
110826,Cooler,Soft Drinks,placed,1,2
105192,Cooler,Water,placed,1,1
107563,Cooler,Soft Drinks,placed,4,6
105911,Cooler,Soft Drinks,placed,1,"1,5"
110430,Cooler,Soft Drinks,placed,1,1
105385,Cooler,Water,placed,1,1
111465,Cooler,Water,placed,3,3
111465,Cooler,Soft Drinks,placed,4,5
111465,Cooler,Juice,placed,1,1
111465,Dispenser,Water,placed,1,0
111354,Cooler,Soft Drinks,placed,1,1
106544,Cooler,Soft Drinks,placed,1,1
110516,Cooler,Soft Drinks,placed,4,"3,3"
110516,Cooler,Juice,placed,1,"0,3"
108126,Cooler,Soft Drinks,placed,1,1
110783,Cooler,Water,placed,1,1
110783,Cooler,Soft Drinks,placed,3,3
110783,Dispenser,Water,placed,1,0
110534,Cooler,Soft Drinks,placed,1,"0,7"
105997,Cooler,Soft Drinks,placed,1,1
105203,Cooler,Soft Drinks,placed,1,"1,5"
110120,Cooler,Water,placed,1,"1,5"
109822,Cooler,Soft Drinks,placed,1,1
105442,Cooler,Water,placed,1,1
110404,Cooler,Soft Drinks,placed,3,4
111586,Cooler,Water,placed,1,1
111586,Cooler,Soft Drinks,placed,2,2
110403,Cooler,Water,placed,1,1
105455,Cooler,Soft Drinks,placed,1,1
110515,Cooler,Water,placed,1,1
110515,Cooler,Soft Drinks,placed,2,"2,5"
111907,Cooler,Soft Drinks,placed,1,"0,3"
111911,Cooler,Soft Drinks,placed,1,1
105746,Cooler,Water,placed,1,1
110749,Cooler,Water,placed,1,1
110518,Cooler,Water,placed,1,1
110161,Cooler,Water,placed,1,1
110161,Cooler,Soft Drinks,placed,2,2
108364,Cooler,Soft Drinks,placed,1,1
110277,Cooler,Water,placed,1,1
110277,Cooler,Energy,placed,1,"0,7"
105443,Cooler,Soft Drinks,placed,1,"1,5"
107859,Cooler,Soft Drinks,placed,1,"0,3"
107859,Cooler,Soft Drinks,placed,1,1
110058,Cooler,Soft Drinks,placed,2,"1,7"
110344,Cooler,Soft Drinks,placed,1,1
110344,Cooler,Energy,placed,1,"0,7"
110344,Fountain,Soft Drinks,placed,1,0
110514,Cooler,Soft Drinks,placed,1,"1,5"
110514,Cooler,Energy,placed,1,"0,7"
111391,Cooler,Soft Drinks,placed,1,"0,7"
105444,Cooler,Soft Drinks,placed,1,"0,7"
105444,Cooler,Soft Drinks,placed,3,"1,6"
105446,Cooler,Soft Drinks,placed,2,"1,3"
111647,Cooler,Water,placed,1,1
111647,Cooler,Soft Drinks,placed,1,1
111647,Cooler,Energy,placed,1,"0,7"
110651,Cooler,Soft Drinks,placed,3,3
106540,Cooler,Soft Drinks,placed,1,1
111324,Cooler,Soft Drinks,placed,2,"2,5"
111324,Cooler,Energy,placed,1,"0,7"
106017,Cooler,Water,placed,1,1
106017,Cooler,Soft Drinks,placed,1,1
106590,Cooler,Soft Drinks,placed,1,1
111851,Coffee,Coffee ,placed,2,0
111851,Cooler,Soft Drinks,placed,1,1
106059,Cooler,Soft Drinks,placed,3,3
110726,Cooler,Soft Drinks,placed,1,1
105764,Cooler,Water,placed,1,1
105764,Cooler,Soft Drinks,placed,2,"2,2"
107365,Cooler,Water,placed,2,2
107365,Cooler,Soft Drinks,placed,2,2
107365,Dispenser,Water,placed,1,0
109637,Cooler,Soft Drinks,placed,1,1
110729,Cooler,Soft Drinks,placed,1,2
108220,Cooler,Soft Drinks,placed,1,1
107447,Cooler,Soft Drinks,placed,1,1
109854,Cooler,Water,placed,1,1
105829,Cooler,Soft Drinks,placed,1,1
109336,Cooler,Soft Drinks,placed,1,1
110118,Cooler,Soft Drinks,placed,2,4
110259,Cooler,Water,placed,1,1
110270,Cooler,Soft Drinks,placed,1,2
110778,Cooler,Energy,placed,1,"0,7"
108370,Cooler,Soft Drinks,placed,2,"2,5"
107354,Cooler,Soft Drinks,placed,5,6
111658,Cooler,Water,placed,1,1
111658,Cooler,Energy,placed,1,1
105195,Cooler,Soft Drinks,placed,1,1
110487,Cooler,Water,placed,1,1
110487,Cooler,Soft Drinks,placed,1,"1,5"
107351,Cooler,Water,placed,1,"1,5"
110360,Cooler,Soft Drinks,placed,2,2
110360,Cooler,Energy,placed,1,"0,7"
110360,Dispenser,Water,placed,1,0
105967,Cooler,Soft Drinks,placed,1,"0,7"
112029,Cooler,Soft Drinks,placed,2,1
112029,Fountain,Soft Drinks,placed,1,0
109865,Cooler,Soft Drinks,placed,1,1
105199,Cooler,Soft Drinks,placed,1,"0,3"
105199,Cooler,Energy,placed,1,"0,7"
111718,Cooler,Water,placed,1,"1,5"
111718,Cooler,Soft Drinks,placed,1,1
110525,Cooler,Soft Drinks,placed,1,1
108360,Cooler,Water,placed,1,"1,5"
111028,Cooler,Soft Drinks,placed,1,"0,7"
111713,Cooler,Water,placed,1,1
111713,Cooler,Energy,placed,1,1
111482,Cooler,Water,placed,1,1
111482,Cooler,Soft Drinks,placed,2,2
107870,Cooler,Water,placed,1,1
107870,Cooler,Soft Drinks,placed,1,1
106347,Cooler,Soft Drinks,placed,1,"0,7"
110137,Cooler,Soft Drinks,placed,3,"4,5"
110137,Dispenser,Water,placed,1,0
109281,Cooler,Soft Drinks,placed,4,4
109281,Dispenser,Water,placed,1,0
106450,Cooler,Soft Drinks,placed,1,"0,7"
108226,Cooler,Soft Drinks,placed,1,1
107366,Cooler,Soft Drinks,placed,1,1
109932,Cooler,Soft Drinks,placed,1,"1,5"
111906,Dispenser,Water,placed,1,0
108228,Cooler,Water,placed,1,1
108228,Cooler,Soft Drinks,placed,1,1
111845,Cooler,Soft Drinks,placed,1,"1,5"
104849,Coffee,Coffee ,placed,2,0
104849,Cooler,Water,placed,1,1
104849,Cooler,Soft Drinks,placed,1,"1,5"
110517,Cooler,Water,placed,1,1
106461,Coffee,Coffee ,placed,2,0
106461,Cooler,Soft Drinks,placed,1,"0,7"
109764,Cooler,Water,placed,1,1
109764,Cooler,Soft Drinks,placed,2,3
109236,Cooler,Water,placed,1,"0,7"
109470,Cooler,Water,placed,1,1
110418,Cooler,Energy,placed,1,"0,7"
105654,Cooler,Soft Drinks,placed,1,"0,3"
111843,Cooler,Soft Drinks,placed,2,2
108786,Cooler,Soft Drinks,placed,1,1
111667,Cooler,Water,placed,1,1
111667,Cooler,Soft Drinks,placed,1,1
110896,Cooler,Soft Drinks,placed,2,2
110799,Cooler,Soft Drinks,placed,2,2
111731,Cooler,Soft Drinks,placed,2,2
109611,Cooler,Soft Drinks,placed,1,1
110521,Cooler,Soft Drinks,placed,1,1
110524,Cooler,Soft Drinks,placed,1,"1,5"
110524,Cooler,Energy,placed,1,"0,7"
105871,Cooler,Soft Drinks,placed,1,1
107592,Cooler,Soft Drinks,placed,1,1
110287,Cooler,Soft Drinks,placed,1,"0,7"
105402,Coffee,Coffee ,placed,4,0
105402,Cooler,Water,placed,1,"1,5"
110748,Cooler,Energy,placed,1,"0,7"
111743,Cooler,Water,placed,1,"1,5"
110356,Cooler,Water,placed,1,1
111491,Cooler,Water,placed,2,2
111491,Cooler,Soft Drinks,placed,1,1
105878,Cooler,Soft Drinks,placed,1,1
105374,Cooler,Water,placed,1,1
109491,Cooler,Soft Drinks,placed,1,"1,5"
100226,Cooler,Soft Drinks,placed,1,2
111002,Fountain,Soft Drinks,placed,5,0
107591,Cooler,Soft Drinks,placed,1,2
111367,Cooler,Water,placed,1,1
111367,Cooler,Soft Drinks,placed,4,4
104884,Cooler,Soft Drinks,placed,1,1
105104,Cooler,Soft Drinks,placed,1,1
107593,Cooler,Water,placed,2,2
107593,Cooler,Soft Drinks,placed,3,"2,3"
105615,Cooler,Soft Drinks,placed,1,1
105194,Cooler,Soft Drinks,placed,1,1
107872,Coffee,Coffee ,placed,1,0
107872,Cooler,Water,placed,1,"1,5"
107872,Cooler,Soft Drinks,placed,2,"2,5"
110513,Coffee,Coffee ,placed,1,0
110513,Cooler,Water,placed,1,1
110513,Cooler,Soft Drinks,placed,1,1
111062,Cooler,Water,placed,3,3
110416,Cooler,Soft Drinks,placed,1,1
110416,Cooler,Energy,placed,1,"0,7"
111705,Cooler,Soft Drinks,placed,1,1
105265,Cooler,Soft Drinks,placed,1,1
107364,Cooler,Soft Drinks,placed,2,2
107943,Cooler,Soft Drinks,placed,1,"1,5"
110134,Cooler,Soft Drinks,placed,1,2
105034,Cooler,Water,placed,1,"1,5"
105033,Cooler,Soft Drinks,placed,1,2
109882,Cooler,Water,placed,1,1
109882,Cooler,Soft Drinks,placed,1,"0,7"
106068,Coffee,Coffee ,placed,2,0
106068,Cooler,Soft Drinks,placed,2,2
104863,Cooler,Water,placed,2,2
104863,Cooler,Soft Drinks,placed,1,1
110057,Cooler,Water,placed,2,"2,5"
110057,Cooler,Energy,placed,1,1
110895,Cooler,Water,placed,2,2
110895,Cooler,Soft Drinks,placed,3,3
109605,Cooler,Soft Drinks,placed,1,1
106587,Cooler,Soft Drinks,placed,1,1
110290,Cooler,Water,placed,1,1
110290,Cooler,Soft Drinks,placed,1,1
109604,Cooler,Soft Drinks,placed,1,1
105658,Cooler,Soft Drinks,placed,1,"1,5"
107871,Cooler,Soft Drinks,placed,1,1
108148,Cooler,Water,placed,1,1
108148,Cooler,Energy,placed,1,1
107406,Cooler,Water,placed,1,"1,5"
107406,Cooler,Soft Drinks,placed,1,1
102271,Cooler,Water,placed,1,2
102271,Cooler,Soft Drinks,placed,2,4
105566,Cooler,Soft Drinks,placed,4,"4,5"
100968,Cooler,Soft Drinks,placed,1,"1,5"
104203,Cooler,Water,placed,3,5
104203,Cooler,Soft Drinks,placed,4,6
104203,Cooler,Energy,placed,1,"0,7"
102375,Cooler,Water,placed,1,1
102375,Cooler,Soft Drinks,placed,1,2
108979,Cooler,Soft Drinks,placed,1,2
108115,Cooler,Water,placed,1,1
108115,Cooler,Soft Drinks,placed,1,1
100429,Cooler,Water,placed,1,2
100429,Cooler,Energy,placed,1,"0,7"
102272,Cooler,Water,placed,2,"3,5"
102272,Cooler,Soft Drinks,placed,1,2
102272,Cooler,Energy,placed,1,"0,7"
100848,Cooler,Water,placed,1,1
103852,Cooler,Water,placed,1,"1,5"
103852,Cooler,Soft Drinks,placed,1,"1,5"
103852,Cooler,Energy,placed,1,"0,7"
103852,Cooler,Energy,placed,1,"0,7"
105071,Cooler,Water,placed,4,4
105071,Cooler,Soft Drinks,placed,1,1
107962,Cooler,Soft Drinks,placed,1,1
102376,Cooler,Soft Drinks,placed,1,1
102381,Cooler,Soft Drinks,placed,1,"1,5"
104642,Cooler,Soft Drinks,placed,1,"1,5"
103934,Cooler,Water,placed,2,2
103934,Cooler,Soft Drinks,placed,2,"3,5"
103934,Cooler,Energy,placed,1,"0,7"
111496,Cooler,Water,placed,1,1
111496,Cooler,Energy,placed,1,1
111496,Dispenser,Water,placed,1,0
111044,Cooler,Soft Drinks,placed,3,"2,1"
111044,Fountain,Soft Drinks,placed,6,0
110898,Cooler,Water,placed,1,1
110898,Cooler,Soft Drinks,placed,1,1
110898,Cooler,Energy,placed,1,"0,3"
100703,Coffee,Coffee ,placed,2,0
100681,Cooler,Water,placed,1,2
100681,Cooler,Soft Drinks,placed,1,"1,5"
105383,Cooler,Water,placed,1,1
110862,Cooler,Water,placed,2,2
110862,Cooler,Soft Drinks,placed,1,1
103494,Cooler,Water,placed,1,2
103494,Cooler,Soft Drinks,placed,1,2
103494,Cooler,Energy,placed,1,"0,7"
111371,Cooler,Water,placed,1,1
104989,Cooler,Soft Drinks,placed,1,"1,5"
105328,Coffee,Coffee ,placed,2,0
105328,Cooler,Soft Drinks,placed,1,1
110486,Cooler,Soft Drinks,placed,1,2
106900,Cooler,Water,placed,1,1
103038,Cooler,Water,placed,1,1
103038,Cooler,Soft Drinks,placed,1,2
100464,Cooler,Soft Drinks,placed,3,6
102394,Cooler,Water,placed,1,"1,5"
102394,Cooler,Soft Drinks,placed,1,"1,5"
104296,Cooler,Water,placed,1,1
104296,Cooler,Soft Drinks,placed,1,1
101851,Cooler,Water,placed,1,1
101851,Cooler,Soft Drinks,placed,2,3
101851,Cooler,Energy,placed,1,"0,7"
101938,Cooler,Soft Drinks,placed,2,"3,5"
106929,Cooler,Soft Drinks,placed,1,1
110357,Cooler,Soft Drinks,placed,1,1
106052,Cooler,Soft Drinks,placed,1,"1,5"
106052,Cooler,Energy,placed,1,"0,7"
106637,Cooler,Soft Drinks,placed,1,1
106637,Cooler,Energy,placed,1,"0,7"
111319,Cooler,Soft Drinks,placed,1,1
104201,Cooler,Water,placed,1,"1,5"
104201,Cooler,Soft Drinks,placed,2,"3,5"
104201,Cooler,Energy,placed,1,"0,7"
106551,Cooler,Soft Drinks,placed,2,2
100465,Cooler,Soft Drinks,placed,1,2
100324,Cooler,Soft Drinks,placed,1,2
102300,Cooler,Water,placed,3,4
102300,Cooler,Soft Drinks,placed,1,2
102300,Cooler,Energy,placed,1,"0,7"
103253,Cooler,Soft Drinks,placed,1,2
110217,Cooler,Water,placed,1,"1,5"
110994,Fountain,Soft Drinks,placed,14,0
110994,Dispenser,Water,placed,6,0
110994,Dispenser,Water,placed,2,0
111456,Cooler,Soft Drinks,placed,3,5
104988,Cooler,Soft Drinks,placed,2,3
101099,Cooler,Water,placed,1,1
101099,Cooler,Soft Drinks,placed,1,"1,5"
103039,Cooler,Soft Drinks,placed,1,"1,5"
110800,Cooler,Water,placed,2,"2,5"
110800,Cooler,Soft Drinks,placed,3,3
101937,Cooler,Water,placed,1,"1,5"
101937,Cooler,Soft Drinks,placed,1,2
105327,Cooler,Water,placed,2,2
105327,Cooler,Soft Drinks,placed,4,"1,2"
105327,Cooler,Soft Drinks,placed,2,3
105327,Dispenser,Water,placed,1,0
108156,Cooler,Water,placed,3,3
108156,Cooler,Soft Drinks,placed,2,2
108156,Dispenser,Water,placed,1,0
101936,Cooler,Water,placed,1,"1,5"
101936,Cooler,Soft Drinks,placed,1,2
101936,Cooler,Energy,placed,1,"0,7"
100322,Cooler,Soft Drinks,placed,1,2
100322,Cooler,Energy,placed,1,"0,7"
111944,Cooler,Soft Drinks,placed,1,2
111944,Cooler,Energy,placed,1,"0,7"
107954,Cooler,Energy,placed,1,1
110133,Cooler,Soft Drinks,placed,1,"1,5"
101482,Cooler,Soft Drinks,placed,1,"0,7"
109314,Cooler,Water,placed,1,1
100869,Cooler,Soft Drinks,placed,1,1
100869,Cooler,Energy,placed,1,"0,7"
105077,Coffee,Coffee ,placed,2,0
105077,Cooler,Energy,placed,1,"0,7"
105077,Dispenser,Water,placed,1,0
111541,Cooler,Soft Drinks,placed,3,3
104398,Cooler,Soft Drinks,placed,1,2
101240,Cooler,Soft Drinks,placed,2,"2,5"
110899,Cooler,Soft Drinks,placed,3,"0,9"
110899,Cooler,Soft Drinks,placed,1,"0,7"
110899,Dispenser,Water,placed,1,0
107764,Cooler,Soft Drinks,placed,1,1
108560,Cooler,Soft Drinks,placed,2,3
111508,Coffee,Coffee ,placed,2,0
111508,Cooler,Water,placed,4,4
111508,Cooler,Soft Drinks,placed,1,"1,5"
105619,Cooler,Soft Drinks,placed,1,"0,7"
101800,Cooler,Water,placed,1,"1,5"
101800,Cooler,Soft Drinks,placed,1,"1,5"
101800,Cooler,Energy,placed,1,"0,7"
111622,Cooler,Soft Drinks,placed,1,1
100462,Cooler,Water,placed,1,2
100462,Cooler,Soft Drinks,placed,1,2
100462,Cooler,Energy,placed,1,"0,7"
107779,Cooler,Water,placed,1,1
104187,Cooler,Water,placed,2,"2,5"
104187,Cooler,Soft Drinks,placed,1,2
101066,Cooler,Water,placed,1,1
101066,Cooler,Soft Drinks,placed,1,1
101066,Cooler,Energy,placed,1,"0,7"
102297,Cooler,Soft Drinks,placed,1,"1,5"
102266,Cooler,Soft Drinks,placed,3,5
102266,Cooler,Energy,placed,1,"0,7"
104737,Cooler,Soft Drinks,placed,1,2
111738,Cooler,Water,placed,1,1
111738,Cooler,Soft Drinks,placed,1,1
106053,Cooler,Soft Drinks,placed,1,"0,7"
106965,Cooler,Water,placed,1,1
106965,Cooler,Soft Drinks,placed,1,"1,5"
111732,Cooler,Soft Drinks,placed,2,2
106924,Cooler,Water,placed,1,1
106924,Cooler,Soft Drinks,placed,1,1
100456,Cooler,Water,placed,2,3
100456,Cooler,Soft Drinks,placed,1,2
100456,Cooler,Energy,placed,1,1
111053,Cooler,Soft Drinks,placed,1,1
111053,Fountain,Soft Drinks,placed,3,0
102138,Cooler,Soft Drinks,placed,1,"1,5"
100220,Cooler,Soft Drinks,placed,1,1
103151,Cooler,Water,placed,1,1
103151,Cooler,Soft Drinks,placed,1,"1,5"
105632,Cooler,Water,placed,1,1
105632,Cooler,Soft Drinks,placed,1,"0,3"
105632,Cooler,Soft Drinks,placed,1,2
108829,Cooler,Soft Drinks,placed,1,1
110760,Cooler,Soft Drinks,placed,2,"1,7"
107589,Cooler,Soft Drinks,placed,1,1
103805,Cooler,Water,placed,2,"2,5"
103805,Cooler,Soft Drinks,placed,2,3
103805,Cooler,Energy,placed,1,"0,7"
103805,Cooler,Energy,placed,1,"0,7"
107941,Cooler,Water,placed,1,1
107941,Cooler,Soft Drinks,placed,1,1
111616,Cooler,Water,placed,1,1
111616,Cooler,Soft Drinks,placed,3,"3,7"
111616,Cooler,Juice,placed,1,1
109866,Cooler,Soft Drinks,placed,1,1
111060,Cooler,Water,placed,2,2
111060,Cooler,Soft Drinks,placed,3,3
111060,Fountain,Soft Drinks,placed,11,0
100468,Cooler,Soft Drinks,placed,1,2
100468,Cooler,Energy,placed,1,"0,7"
100418,Cooler,Water,placed,2,3
100418,Cooler,Soft Drinks,placed,1,"0,7"
100418,Cooler,Soft Drinks,placed,1,2
100418,Cooler,Energy,placed,1,"0,7"
100428,Cooler,Water,placed,1,"1,5"
100428,Cooler,Soft Drinks,placed,1,2
100428,Cooler,Energy,placed,1,"0,7"
100425,Coffee,Coffee ,placed,2,0
100425,Cooler,Water,placed,2,3
100425,Cooler,Soft Drinks,placed,1,2
100425,Cooler,Energy,placed,1,"0,7"
111277,Cooler,Soft Drinks,placed,1,1
106046,Cooler,Energy,placed,1,1
105673,Cooler,Water,placed,1,1
105673,Cooler,Soft Drinks,placed,3,"2,6"
105673,Dispenser,Water,placed,2,0
108562,Cooler,Soft Drinks,placed,1,"0,7"
107405,Cooler,Soft Drinks,placed,2,3
107384,Cooler,Soft Drinks,placed,1,1
111578,Cooler,Soft Drinks,placed,4,5
101926,Cooler,Energy,placed,1,"0,7"
100478,Cooler,Soft Drinks,placed,2,3
102407,Cooler,Water,placed,1,"1,5"
102407,Cooler,Soft Drinks,placed,1,"1,5"
102407,Cooler,Energy,placed,1,"0,7"
105830,Cooler,Soft Drinks,placed,1,"1,5"
110009,Cooler,Soft Drinks,placed,1,1
111059,Cooler,Water,placed,1,1
111059,Cooler,Soft Drinks,placed,3,2
111059,Fountain,Soft Drinks,placed,5,0
104294,Cooler,Soft Drinks,placed,1,1
102946,Cooler,Water,placed,1,2
102946,Cooler,Soft Drinks,placed,1,2
102946,Cooler,Energy,placed,1,"0,7"
107175,Cooler,Soft Drinks,placed,1,"0,7"
109578,Cooler,Soft Drinks,placed,2,2
109973,Cooler,Soft Drinks,placed,1,1
109601,Cooler,Water,placed,1,"1,5"
110493,Cooler,Soft Drinks,placed,1,1
110762,Cooler,Water,placed,1,1
110762,Cooler,Soft Drinks,placed,1,2
107001,Cooler,Soft Drinks,placed,1,"1,5"
100423,Cooler,Water,placed,1,"1,5"
100423,Cooler,Soft Drinks,placed,1,2
100423,Cooler,Energy,placed,1,"0,7"
109887,Cooler,Soft Drinks,placed,2,3
108895,Cooler,Soft Drinks,placed,3,3
111543,Cooler,Soft Drinks,placed,1,1
108826,Cooler,Soft Drinks,placed,1,"1,5"
107318,Cooler,Water,placed,3,3
107318,Cooler,Soft Drinks,placed,7,10
105749,Cooler,Soft Drinks,placed,2,3
106703,Cooler,Water,placed,1,"1,5"
106703,Cooler,Soft Drinks,placed,2,4
105599,Coffee,Coffee ,placed,2,0
105599,Cooler,Soft Drinks,placed,1,1
106580,Cooler,Soft Drinks,placed,1,1
107745,Cooler,Water,placed,2,2
109389,Cooler,Soft Drinks,placed,1,1
108874,Cooler,Soft Drinks,placed,1,1
103749,Cooler,Water,placed,1,2
103749,Cooler,Soft Drinks,placed,1,2
103862,Cooler,Energy,placed,1,"0,7"
109883,Cooler,Soft Drinks,placed,2,"1,3"
109885,Cooler,Soft Drinks,placed,1,1
100924,Cooler,Water,placed,1,"1,5"
100924,Cooler,Soft Drinks,placed,2,3
105725,Cooler,Soft Drinks,placed,1,"0,7"
100470,Cooler,Water,placed,2,"2,5"
100470,Cooler,Soft Drinks,placed,2,3
109602,Cooler,Soft Drinks,placed,1,1
110702,Cooler,Energy,placed,1,1
111481,Cooler,Water,placed,1,1
110628,Cooler,Water,placed,1,1
110008,Cooler,Soft Drinks,placed,1,"0,7"
110695,Cooler,Water,placed,1,1
111056,Fountain,Soft Drinks,placed,1,0
110251,Cooler,Soft Drinks,placed,1,1
111514,Cooler,Water,placed,1,"1,5"
111514,Cooler,Soft Drinks,placed,1,"1,5"
100119,Cooler,Water,placed,1,1
100119,Cooler,Soft Drinks,placed,1,1
102320,Cooler,Soft Drinks,placed,1,"1,5"
102320,Cooler,Energy,placed,1,1
105177,Cooler,Water,placed,1,1
104868,Cooler,Water,placed,1,1
104605,Cooler,Water,placed,1,1
104605,Cooler,Soft Drinks,placed,1,2
104605,Cooler,Energy,placed,1,"0,7"
107780,Cooler,Soft Drinks,placed,1,1
102000,Cooler,Water,placed,1,2
109465,Cooler,Water,placed,1,1
110350,Cooler,Soft Drinks,placed,1,"0,3"
110350,Fountain,Soft Drinks,placed,2,0
110350,Dispenser,Water,placed,1,0
107370,Cooler,Water,placed,2,"2,5"
107370,Cooler,Soft Drinks,placed,4,"5,5"
100957,Cooler,Water,placed,1,"1,5"
100957,Cooler,Soft Drinks,placed,1,2
100957,Cooler,Energy,placed,1,"0,7"
107857,Cooler,Water,placed,1,"1,5"
107857,Cooler,Soft Drinks,placed,1,"1,5"
105874,Cooler,Water,placed,1,1
100993,Cooler,Water,placed,1,1
100993,Cooler,Soft Drinks,placed,1,"1,5"
100993,Cooler,Energy,placed,1,"0,7"
100859,Cooler,Water,placed,1,"1,5"
100859,Cooler,Soft Drinks,placed,1,2
100859,Cooler,Energy,placed,1,"0,7"
102274,Cooler,Water,placed,2,"3,5"
102274,Cooler,Soft Drinks,placed,2,"3,5"
102274,Cooler,Energy,placed,1,"0,7"
102285,Cooler,Soft Drinks,placed,1,"1,5"
100487,Cooler,Soft Drinks,placed,3,5
100487,Cooler,Energy,placed,1,"0,7"
100487,Cooler,Energy,placed,1,1
103702,Cooler,Soft Drinks,placed,1,1
105667,Cooler,Water,placed,1,1
104668,Cooler,Soft Drinks,placed,1,1
110667,Cooler,Soft Drinks,placed,2,"2,5"
101941,Cooler,Water,placed,1,"1,5"
101941,Cooler,Soft Drinks,placed,1,1
101941,Cooler,Energy,placed,1,"0,7"
108825,Cooler,Water,placed,1,1
108825,Cooler,Energy,placed,1,1
111498,Cooler,Water,placed,1,1
105174,Cooler,Water,placed,2,2
102169,Cooler,Water,placed,1,2
102169,Cooler,Soft Drinks,placed,1,2
102169,Cooler,Energy,placed,1,"0,7"
111512,Cooler,Soft Drinks,placed,3,4
101854,Cooler,Water,placed,1,1
101854,Cooler,Soft Drinks,placed,1,1
106004,Cooler,Soft Drinks,placed,1,1
100051,Cooler,Soft Drinks,placed,1,1
108873,Cooler,Energy,placed,1,1
101932,Cooler,Water,placed,2,3
101932,Cooler,Soft Drinks,placed,1,2
101932,Cooler,Energy,placed,1,"0,7"
105640,Cooler,Soft Drinks,placed,1,"0,3"
105640,Cooler,Soft Drinks,placed,1,"0,3"
104736,Cooler,Water,placed,1,1
104736,Cooler,Soft Drinks,placed,1,"1,5"
107197,Cooler,Soft Drinks,placed,1,1
110406,Cooler,Soft Drinks,placed,1,1
110406,Cooler,Energy,placed,1,"0,7"
111198,Cooler,Soft Drinks,placed,1,1
106866,Cooler,Soft Drinks,placed,1,1
102317,Cooler,Soft Drinks,placed,1,"1,5"
105377,Cooler,Water,placed,1,1
110698,Cooler,Water,placed,2,2
110698,Cooler,Soft Drinks,placed,4,"5,7"
110698,Cooler,Juice,placed,2,2
102422,Coffee,Coffee ,placed,2,0
102422,Cooler,Water,placed,1,"1,5"
102422,Cooler,Soft Drinks,placed,1,2
102422,Cooler,Energy,placed,1,"0,7"
102422,Cooler,Energy,placed,1,"0,7"
111655,Cooler,Water,placed,1,1
111655,Cooler,Soft Drinks,placed,1,1
109960,Cooler,Water,placed,1,2
105918,Cooler,Soft Drinks,placed,1,"1,5"
107660,Cooler,Water,placed,1,1
107660,Cooler,Soft Drinks,placed,1,1
100959,Cooler,Water,placed,1,"1,5"
100959,Cooler,Soft Drinks,placed,1,2
100959,Cooler,Energy,placed,1,"0,7"
107806,Cooler,Soft Drinks,placed,1,"1,5"
100878,Cooler,Energy,placed,1,"0,7"
104209,Cooler,Water,placed,1,1
101852,Cooler,Water,placed,1,1
101852,Cooler,Soft Drinks,placed,1,2
101852,Cooler,Energy,placed,1,"0,7"
105931,Cooler,Soft Drinks,placed,1,2
108860,Cooler,Soft Drinks,placed,2,2
111202,Cooler,Soft Drinks,placed,3,"3,7"
105659,Cooler,Soft Drinks,placed,1,"1,5"
110707,Cooler,Water,placed,1,1
110707,Cooler,Soft Drinks,placed,1,1
110707,Cooler,Soft Drinks,placed,1,1
110691,Cooler,Water,placed,1,"1,5"
110691,Cooler,Soft Drinks,placed,1,1
110716,Cooler,Soft Drinks,placed,1,"1,5"
105045,Cooler,Water,placed,1,1
107914,Cooler,Soft Drinks,placed,1,"1,5"
109428,Cooler,Soft Drinks,placed,1,1
107500,Cooler,Water,placed,2,2
107500,Cooler,Soft Drinks,placed,2,"1,7"
107500,Dispenser,Water,placed,1,0
111335,Cooler,Soft Drinks,placed,1,2
111335,Dispenser,Water,placed,1,0
109971,Cooler,Soft Drinks,placed,1,"0,7"
110317,Cooler,Soft Drinks,placed,1,1
111972,Cooler,Soft Drinks,placed,1,1
104802,Cooler,Soft Drinks,placed,1,2
104182,Cooler,Water,placed,1,"1,5"
104182,Cooler,Soft Drinks,placed,1,"1,5"
111633,Cooler,Soft Drinks,placed,1,1
105438,Cooler,Soft Drinks,placed,1,"0,7"
100357,Cooler,Soft Drinks,placed,1,2
111632,Cooler,Soft Drinks,placed,1,"1,5"
100168,Cooler,Soft Drinks,placed,1,1
100168,Cooler,Energy,placed,1,"0,7"
107862,Cooler,Water,placed,1,1
107862,Cooler,Soft Drinks,placed,1,2
110331,Cooler,Water,placed,1,2
109308,Cooler,Soft Drinks,placed,1,1
104859,Cooler,Soft Drinks,placed,1,"0,3"
110020,Cooler,Water,placed,1,"1,5"
102978,Cooler,Soft Drinks,placed,1,"1,5"
111736,Cooler,Soft Drinks,placed,2,2
102188,Cooler,Water,placed,2,3
102188,Cooler,Soft Drinks,placed,2,3
102188,Cooler,Energy,placed,1,"0,7"
100961,Cooler,Water,placed,1,1
100961,Cooler,Soft Drinks,placed,2,4
100961,Cooler,Energy,placed,1,"0,7"
102454,Cooler,Water,placed,1,1
102454,Cooler,Soft Drinks,placed,1,2
102454,Cooler,Energy,placed,1,"0,7"
100951,Cooler,Water,placed,1,1
100951,Cooler,Soft Drinks,placed,1,"1,5"
100479,Cooler,Soft Drinks,placed,1,2
100479,Cooler,Energy,placed,1,"0,7"
107856,Cooler,Water,placed,1,1
107856,Cooler,Soft Drinks,placed,1,"1,5"
110330,Cooler,Soft Drinks,placed,1,1
104474,Coffee,Coffee ,placed,2,0
104474,Cooler,Energy,placed,1,"0,7"
110329,Cooler,Soft Drinks,placed,1,2
109309,Cooler,Water,placed,1,"1,5"
109309,Cooler,Soft Drinks,placed,1,2
105935,Cooler,Soft Drinks,placed,1,1
101654,Cooler,Water,placed,1,"1,5"
101654,Cooler,Soft Drinks,placed,1,"1,5"
101654,Cooler,Juice,placed,1,1
107307,Cooler,Soft Drinks,placed,2,"2,3"
111536,Cooler,Soft Drinks,placed,1,2
101716,Cooler,Water,placed,1,1
101716,Cooler,Soft Drinks,placed,1,2
103803,Cooler,Water,placed,1,2
103803,Cooler,Soft Drinks,placed,1,2
111487,Cooler,Water,placed,1,2
111487,Cooler,Soft Drinks,placed,2,3
111686,Cooler,Soft Drinks,placed,1,"0,7"
105268,Cooler,Soft Drinks,placed,1,1
111001,Cooler,Soft Drinks,placed,4,4
111346,Cooler,Soft Drinks,placed,1,1
108787,Cooler,Soft Drinks,placed,1,1
106711,Cooler,Water,placed,2,4
106711,Cooler,Soft Drinks,placed,1,2
106711,Cooler,Energy,placed,1,"0,7"
102099,Cooler,Soft Drinks,placed,1,1
103152,Cooler,Water,placed,1,2
103854,Cooler,Energy,placed,1,"0,7"
103538,Cooler,Soft Drinks,placed,1,1
101916,Cooler,Water,placed,2,2
100967,Cooler,Energy,placed,1,"0,7"
107278,Cooler,Water,placed,1,"1,5"
107278,Cooler,Soft Drinks,placed,1,"1,5"
111631,Cooler,Soft Drinks,placed,1,1
111203,Cooler,Soft Drinks,placed,1,"0,7"
101060,Cooler,Water,placed,1,2
101060,Cooler,Soft Drinks,placed,1,"1,5"
111380,Cooler,Water,placed,3,3
111380,Cooler,Soft Drinks,placed,1,"0,3"
111380,Cooler,Soft Drinks,placed,1,"0,3"
100077,Dispenser,Water,placed,1,0
108810,Cooler,Soft Drinks,placed,1,1
110327,Cooler,Soft Drinks,placed,1,1
101628,Cooler,Water,placed,1,1
101628,Cooler,Soft Drinks,placed,1,"1,5"
103846,Cooler,Water,placed,1,"1,5"
103846,Cooler,Soft Drinks,placed,1,"1,5"
103846,Cooler,Energy,placed,1,"0,7"
101100,Cooler,Water,placed,1,1
101100,Cooler,Soft Drinks,placed,1,1
101929,Cooler,Water,placed,1,2
100956,Cooler,Water,placed,3,6
100956,Cooler,Energy,placed,1,"0,7"
108899,Cooler,Water,placed,1,2
105926,Cooler,Soft Drinks,placed,1,1
101943,Cooler,Water,placed,2,3
101943,Cooler,Soft Drinks,placed,2,3
101943,Cooler,Energy,placed,1,"0,7"
101943,Cooler,Energy,placed,1,1
110024,Cooler,Water,placed,1,1
110028,Cooler,Water,placed,2,2
101813,Cooler,Soft Drinks,placed,1,2
101813,Cooler,Energy,placed,1,"0,7"
111910,Cooler,Juice,placed,1,1
106457,Cooler,Soft Drinks,placed,1,1
103153,Cooler,Water,placed,2,2
103153,Cooler,Soft Drinks,placed,1,1
107855,Cooler,Soft Drinks,placed,2,"1,7"
111733,Cooler,Soft Drinks,placed,1,"1,5"
111733,Cooler,Energy,placed,1,"0,7"
106090,Cooler,Water,placed,2,4
106090,Cooler,Soft Drinks,placed,3,"2,7"
102289,Cooler,Water,placed,1,1
102289,Cooler,Soft Drinks,placed,1,2
101323,Cooler,Soft Drinks,placed,1,"1,5"
106089,Cooler,Water,placed,1,2
104542,Cooler,Soft Drinks,placed,1,"1,5"
111852,Cooler,Water,placed,1,1
103012,Cooler,Soft Drinks,placed,1,1
103108,Cooler,Water,placed,1,1
105752,Cooler,Soft Drinks,placed,1,"1,5"
103856,Cooler,Water,placed,2,4
108369,Cooler,Water,placed,1,2
105639,Cooler,Soft Drinks,placed,1,"1,5"
107340,Cooler,Water,placed,1,1
107340,Cooler,Soft Drinks,placed,2,3
108336,Cooler,Water,placed,2,2
108336,Cooler,Soft Drinks,placed,3,"3,5"
108336,Cooler,Juice,placed,1,1
102201,Cooler,Water,placed,1,"1,5"
102201,Cooler,Soft Drinks,placed,2,3
109968,Cooler,Soft Drinks,placed,1,"0,7"
105656,Cooler,Soft Drinks,placed,1,"1,5"
110082,Cooler,Water,placed,1,2
103489,Cooler,Soft Drinks,placed,2,4
103489,Cooler,Energy,placed,1,"0,7"
111513,Cooler,Soft Drinks,placed,1,"0,7"
107334,Cooler,Water,placed,1,1
111576,Cooler,Water,placed,1,1
111582,Cooler,Soft Drinks,placed,1,2
100671,Cooler,Water,placed,1,"1,5"
100671,Cooler,Soft Drinks,placed,1,2
100671,Cooler,Energy,placed,1,"0,7"
100671,Cooler,Energy,placed,1,"0,7"
101627,Cooler,Water,placed,1,1
101627,Cooler,Soft Drinks,placed,2,3
105127,Cooler,Water,placed,1,1
109302,Cooler,Soft Drinks,placed,2,"2,5"
111791,Cooler,Soft Drinks,placed,1,"0,7"
105284,Cooler,Soft Drinks,placed,1,1
107343,Cooler,Soft Drinks,placed,1,2
105406,Cooler,Water,placed,1,1
109251,Cooler,Soft Drinks,placed,1,"1,5"
108687,Coffee,Coffee ,placed,2,0
106037,Cooler,Water,placed,1,1
111739,Cooler,Soft Drinks,placed,1,1
103891,Cooler,Energy,placed,1,"0,7"
109742,Cooler,Soft Drinks,placed,1,1
108047,Cooler,Soft Drinks,placed,1,2
102184,Cooler,Water,placed,1,"1,5"
102184,Cooler,Soft Drinks,placed,1,"1,5"
101990,Cooler,Soft Drinks,placed,1,2
101990,Cooler,Energy,placed,1,"0,7"
111653,Cooler,Soft Drinks,placed,1,"0,7"
110502,Cooler,Soft Drinks,placed,1,"0,7"
111914,Cooler,Water,placed,1,2
108365,Cooler,Water,placed,1,1
108365,Cooler,Soft Drinks,placed,1,1
104567,Cooler,Soft Drinks,placed,3,"3,5"
110639,Cooler,Soft Drinks,placed,1,1
107389,Cooler,Soft Drinks,placed,5,"7,2"
107389,Cooler,Juice,placed,1,"0,7"
110701,Cooler,Soft Drinks,placed,1,1
105052,Cooler,Soft Drinks,placed,1,1
102194,Cooler,Soft Drinks,placed,1,"1,5"
101192,Cooler,Water,placed,1,1
110336,Cooler,Water,placed,1,2
110352,Cooler,Water,placed,1,1
110352,Cooler,Energy,placed,1,1
108600,Cooler,Water,placed,1,1
108600,Cooler,Soft Drinks,placed,4,"3,3"
103742,Cooler,Water,placed,1,2
100156,Cooler,Soft Drinks,placed,1,1
107105,Cooler,Water,placed,1,2
106570,Cooler,Water,placed,1,1
104862,Cooler,Water,placed,1,"1,5"
104862,Cooler,Energy,placed,1,"0,7"
102290,Cooler,Water,placed,1,1
102290,Cooler,Soft Drinks,placed,1,"1,5"
101312,Cooler,Water,placed,1,1
109998,Cooler,Water,placed,1,1
111879,Cooler,Soft Drinks,placed,1,"0,7"
109468,Cooler,Soft Drinks,placed,1,"0,7"
110661,Cooler,Water,placed,1,1
110661,Cooler,Soft Drinks,placed,1,2
110661,Cooler,Juice,placed,1,1
105612,Cooler,Soft Drinks,placed,1,"0,3"
105612,Cooler,Soft Drinks,placed,2,"1,3"
100731,Cooler,Water,placed,2,2
111419,Cooler,Soft Drinks,placed,2,"1,3"
103107,Cooler,Water,placed,1,1
103107,Cooler,Soft Drinks,placed,1,2
104831,Cooler,Soft Drinks,placed,1,2
109892,Cooler,Water,placed,1,1
109408,Cooler,Soft Drinks,placed,1,1
103733,Cooler,Soft Drinks,placed,1,"1,5"
103751,Cooler,Water,placed,1,2
103751,Cooler,Energy,placed,1,"0,7"
103751,Cooler,Energy,placed,1,"0,7"
111991,Cooler,Water,placed,1,1
111991,Cooler,Soft Drinks,placed,1,2
109864,Cooler,Water,placed,1,1
106800,Cooler,Energy,placed,1,"0,7"
108610,Cooler,Water,placed,1,1
103490,Cooler,Soft Drinks,placed,2,3
109599,Cooler,Water,placed,1,"1,5"
110178,Cooler,Soft Drinks,placed,1,1
101933,Cooler,Water,placed,2,2
101933,Cooler,Soft Drinks,placed,1,1
111875,Cooler,Water,placed,1,1
111875,Cooler,Soft Drinks,placed,1,"1,5"
110824,Cooler,Soft Drinks,placed,1,1
110824,Cooler,Juice,placed,1,1
111901,Cooler,Soft Drinks,placed,1,2
111901,Cooler,Energy,placed,1,"0,7"
111897,Cooler,Water,placed,1,"1,5"
111897,Cooler,Soft Drinks,placed,2,3
107274,Cooler,Soft Drinks,placed,1,"1,5"
100079,Cooler,Water,placed,1,1
100079,Cooler,Soft Drinks,placed,2,2
103527,Cooler,Water,placed,1,2
103527,Cooler,Soft Drinks,placed,1,2
104733,Cooler,Soft Drinks,placed,1,1
104733,Cooler,Energy,placed,1,"0,7"
110160,Coffee,Coffee ,placed,1,0
110160,Cooler,Water,placed,1,1
107140,Cooler,Water,placed,1,2
107140,Cooler,Soft Drinks,placed,1,2
107140,Cooler,Energy,placed,1,"0,7"
105013,Cooler,Soft Drinks,placed,1,1
103040,Cooler,Energy,placed,2,2
111684,Cooler,Soft Drinks,placed,1,"1,5"
111920,Cooler,Water,placed,1,1
111920,Cooler,Soft Drinks,placed,1,1
102423,Cooler,Water,placed,1,"1,5"
102423,Cooler,Soft Drinks,placed,1,"1,5"
102423,Cooler,Energy,placed,1,"0,7"
102455,Cooler,Water,placed,1,1
102455,Cooler,Soft Drinks,placed,1,"1,5"
108574,Cooler,Water,placed,1,1
106573,Cooler,Soft Drinks,placed,1,"1,5"
106966,Cooler,Soft Drinks,placed,1,1
100352,Cooler,Water,placed,1,"1,5"
100352,Cooler,Soft Drinks,placed,1,"1,5"
100352,Cooler,Energy,placed,1,"0,7"
105130,Cooler,Water,placed,1,1
110254,Cooler,Soft Drinks,placed,1,1
110254,Cooler,Energy,placed,1,1
109413,Cooler,Soft Drinks,placed,1,"0,7"
102456,Cooler,Soft Drinks,placed,1,"1,5"
108904,Cooler,Soft Drinks,placed,1,1
110469,Cooler,Water,placed,1,1
102940,Cooler,Water,placed,1,1
102940,Cooler,Soft Drinks,placed,1,"1,5"
111748,Cooler,Soft Drinks,placed,1,1
109233,Cooler,Water,placed,2,2
101105,Cooler,Soft Drinks,placed,1,1
101105,Cooler,Energy,placed,1,"0,7"
106263,Coffee,Coffee ,placed,2,0
106263,Cooler,Soft Drinks,placed,1,2
106263,Cooler,Soft Drinks,placed,1,1
109610,Cooler,Soft Drinks,placed,1,1
109595,Cooler,Water,placed,2,2
110503,Cooler,Soft Drinks,placed,1,"0,7"
108225,Cooler,Water,placed,2,"2,5"
108225,Cooler,Soft Drinks,placed,1,1
102672,Cooler,Water,placed,1,2
111484,Cooler,Soft Drinks,placed,1,1
108804,Cooler,Soft Drinks,placed,1,1
100907,Cooler,Soft Drinks,placed,1,"1,5"
111557,Cooler,Soft Drinks,placed,2,"3,5"
104223,Coffee,Coffee ,placed,1,0
104223,Cooler,Water,placed,2,"2,5"
104223,Cooler,Soft Drinks,placed,1,"1,5"
104223,Cooler,Energy,placed,1,"0,7"
100900,Cooler,Water,placed,2,2
100900,Cooler,Energy,placed,1,"0,7"
100900,Cooler,Energy,placed,1,"0,7"
101001,Cooler,Water,placed,1,1
101001,Cooler,Soft Drinks,placed,1,2
109592,Cooler,Soft Drinks,placed,1,"1,5"
109592,Cooler,Energy,placed,1,1
103156,Cooler,Water,placed,1,1
103156,Cooler,Soft Drinks,placed,1,"1,5"
109575,Cooler,Water,placed,1,1
109575,Cooler,Soft Drinks,placed,1,2
103832,Cooler,Water,placed,1,1
103832,Cooler,Soft Drinks,placed,1,2
108635,Cooler,Soft Drinks,placed,2,4
108635,Dispenser,Water,placed,2,0
110437,Cooler,Water,placed,1,1
110437,Cooler,Energy,placed,1,1
101218,Cooler,Water,placed,1,"1,5"
101218,Cooler,Soft Drinks,placed,1,"1,5"
101218,Cooler,Energy,placed,1,"0,7"
103748,Cooler,Water,placed,1,1
103748,Cooler,Soft Drinks,placed,1,1
104878,Cooler,Soft Drinks,placed,1,"1,5"
102710,Cooler,Water,placed,1,1
102710,Cooler,Soft Drinks,placed,1,"1,5"
101345,Cooler,Water,placed,1,1
101345,Cooler,Soft Drinks,placed,2,"0,6"
108374,Cooler,Water,placed,2,"2,5"
108374,Cooler,Soft Drinks,placed,2,4
106916,Cooler,Soft Drinks,placed,1,2
107349,Cooler,Soft Drinks,placed,1,1
100325,Cooler,Water,placed,1,1
100730,Cooler,Water,placed,1,1
100730,Cooler,Energy,placed,1,"0,7"
104475,Cooler,Soft Drinks,placed,1,1
103157,Cooler,Soft Drinks,placed,1,1
104667,Cooler,Soft Drinks,placed,1,"1,5"
103864,Cooler,Water,placed,1,2
103864,Cooler,Soft Drinks,placed,1,2
101749,Cooler,Soft Drinks,placed,1,1
101749,Cooler,Energy,placed,1,"0,7"
100727,Cooler,Soft Drinks,placed,1,"1,5"
103041,Cooler,Water,placed,1,1
103259,Cooler,Soft Drinks,placed,2,"2,5"
100857,Cooler,Water,placed,1,1
100857,Cooler,Soft Drinks,placed,1,1
100857,Cooler,Energy,placed,1,"0,7"
101187,Coffee,Coffee ,placed,2,0
101187,Cooler,Soft Drinks,placed,2,3
101187,Cooler,Energy,placed,1,"0,7"
104606,Cooler,Water,placed,1,1
104606,Cooler,Soft Drinks,placed,1,"1,5"
100191,Cooler,Soft Drinks,placed,1,2
100191,Cooler,Energy,placed,1,"0,7"
100191,Cooler,Energy,placed,1,"0,7"
102647,Cooler,Soft Drinks,placed,3,6
102647,Cooler,Energy,placed,1,"0,7"
100021,Cooler,Water,placed,1,"1,5"
110131,Cooler,Soft Drinks,placed,1,"1,5"
106204,Cooler,Soft Drinks,placed,1,"1,5"
108918,Cooler,Water,placed,1,"1,5"
108918,Cooler,Soft Drinks,placed,1,"0,3"
102836,Cooler,Water,placed,1,1
102836,Cooler,Soft Drinks,placed,1,2
100787,Cooler,Soft Drinks,placed,3,6
100787,Cooler,Soft Drinks,placed,1,1
100787,Cooler,Energy,placed,1,"0,7"
104975,Cooler,Soft Drinks,placed,1,"1,5"
102457,Cooler,Water,placed,1,1
102457,Cooler,Soft Drinks,placed,1,1
103526,Cooler,Soft Drinks,placed,1,2
103526,Cooler,Energy,placed,1,"0,7"
102945,Cooler,Water,placed,2,2
102945,Cooler,Soft Drinks,placed,1,2
102945,Cooler,Energy,placed,1,"0,7"
100937,Cooler,Soft Drinks,placed,1,1
101675,Cooler,Water,placed,1,1
101675,Cooler,Soft Drinks,placed,1,"1,5"
107080,Cooler,Water,placed,1,1
100786,Cooler,Water,placed,1,1
100786,Cooler,Soft Drinks,placed,1,1
111832,Cooler,Water,placed,1,1
103858,Cooler,Water,placed,1,1
103858,Cooler,Energy,placed,1,"0,7"
103896,Cooler,Water,placed,1,"1,5"
103896,Cooler,Soft Drinks,placed,1,2
103896,Cooler,Energy,placed,1,"0,7"
106054,Cooler,Water,placed,1,1
106054,Cooler,Soft Drinks,placed,1,1
103042,Cooler,Water,placed,1,"1,5"
103042,Cooler,Energy,placed,2,"1,4"
110713,Cooler,Soft Drinks,placed,3,3
104666,Cooler,Water,placed,1,"1,5"
111530,Cooler,Soft Drinks,placed,4,5
111530,Dispenser,Water,placed,1,0
102654,Cooler,Water,placed,1,1
103745,Cooler,Soft Drinks,placed,1,2
109235,Cooler,Soft Drinks,placed,3,4
104665,Cooler,Soft Drinks,placed,1,"1,5"
104843,Cooler,Soft Drinks,placed,1,"0,7"
100293,Cooler,Soft Drinks,placed,1,"1,5"
103744,Cooler,Water,placed,1,1
100179,Cooler,Soft Drinks,placed,1,2
100179,Cooler,Energy,placed,1,"0,7"
109584,Cooler,Water,placed,1,1
109576,Cooler,Soft Drinks,placed,1,"0,7"
109603,Cooler,Soft Drinks,placed,2,2
112017,Cooler,Soft Drinks,placed,1,"1,5"
100170,Cooler,Water,placed,1,2
106051,Cooler,Water,placed,1,1
101093,Cooler,Soft Drinks,placed,1,1
101093,Cooler,Energy,placed,1,"0,7"
102486,Cooler,Water,placed,1,1
102486,Cooler,Soft Drinks,placed,1,1
110501,Cooler,Water,placed,1,1
103043,Cooler,Soft Drinks,placed,1,"1,5"
102664,Cooler,Soft Drinks,placed,1,"1,5"
107261,Cooler,Water,placed,2,2
102837,Cooler,Soft Drinks,placed,1,2
104607,Cooler,Water,placed,1,1
106056,Cooler,Soft Drinks,placed,1,"1,5"
101983,Cooler,Water,placed,1,"1,5"
101983,Cooler,Soft Drinks,placed,1,"1,5"
101983,Cooler,Energy,placed,1,"0,7"
109832,Cooler,Water,placed,1,1
108143,Cooler,Water,placed,2,"2,5"
101138,Cooler,Soft Drinks,placed,1,1
106529,Cooler,Water,placed,1,1
100972,Cooler,Water,placed,1,2
100972,Cooler,Energy,placed,1,"0,7"
110549,Cooler,Soft Drinks,placed,2,2
110549,Dispenser,Water,placed,1,0
110166,Cooler,Soft Drinks,placed,1,1
110512,Cooler,Soft Drinks,placed,1,"0,7"
104876,Cooler,Soft Drinks,placed,1,1
111393,Cooler,Soft Drinks,placed,1,"0,7"
102195,Cooler,Soft Drinks,placed,1,1
105737,Cooler,Water,placed,2,3
105737,Cooler,Soft Drinks,placed,1,"1,5"
104879,Cooler,Water,placed,1,1
104879,Cooler,Soft Drinks,placed,1,1
104879,Cooler,Juice,placed,1,"0,3"
103044,Cooler,Soft Drinks,placed,1,1
103044,Cooler,Energy,placed,1,"0,7"
100858,Coffee,Coffee ,placed,2,0
100858,Cooler,Soft Drinks,placed,1,2
100858,Cooler,Energy,placed,1,"0,7"
106164,Cooler,Soft Drinks,placed,1,1
101036,Cooler,Water,placed,1,"1,5"
101036,Cooler,Soft Drinks,placed,1,"1,5"
109613,Cooler,Soft Drinks,placed,2,"1,4"
107097,Cooler,Soft Drinks,placed,1,"1,5"
101817,Cooler,Soft Drinks,placed,2,3
104197,Cooler,Water,placed,1,2
104197,Cooler,Energy,placed,1,"0,7"
111472,Cooler,Soft Drinks,placed,1,"1,5"
111389,Cooler,Energy,placed,1,"0,7"
102199,Cooler,Energy,placed,1,"0,7"
110692,Cooler,Water,placed,1,1
110692,Cooler,Energy,placed,1,"0,7"
101068,Cooler,Soft Drinks,placed,1,2
106045,Cooler,Soft Drinks,placed,1,"0,7"
100936,Cooler,Water,placed,1,1
100936,Cooler,Soft Drinks,placed,1,1
100936,Cooler,Energy,placed,1,"0,7"
103859,Cooler,Water,placed,1,1
103859,Cooler,Soft Drinks,placed,1,1
103859,Cooler,Energy,placed,1,"0,7"
104651,Cooler,Water,placed,2,"2,5"
109778,Cooler,Water,placed,2,3
101669,Cooler,Water,placed,1,1
101669,Cooler,Soft Drinks,placed,1,"1,5"
106035,Cooler,Soft Drinks,placed,4,"2,6"
100934,Cooler,Energy,placed,1,"0,7"
101824,Cooler,Water,placed,2,"3,5"
101844,Cooler,Soft Drinks,placed,1,"1,5"
100103,Cooler,Water,placed,1,1
100340,Cooler,Soft Drinks,placed,1,"1,5"
100340,Cooler,Energy,placed,1,"0,7"
104561,Cooler,Soft Drinks,placed,1,1
110724,Cooler,Water,placed,1,1
110724,Cooler,Soft Drinks,placed,1,"1,5"
111764,Cooler,Soft Drinks,placed,1,2
111532,Cooler,Water,placed,1,1
111532,Cooler,Soft Drinks,placed,2,2
111603,Cooler,Soft Drinks,placed,1,1
100725,Cooler,Soft Drinks,placed,1,1
101436,Cooler,Water,placed,1,"1,5"
101436,Cooler,Soft Drinks,placed,1,"1,5"
101436,Cooler,Energy,placed,1,"0,7"
102255,Cooler,Water,placed,1,1
102255,Cooler,Soft Drinks,placed,1,2
102255,Cooler,Energy,placed,1,"0,7"
102255,Cooler,Energy,placed,1,"0,7"
105436,Cooler,Soft Drinks,placed,1,1
111539,Cooler,Water,placed,3,"3,5"
111539,Cooler,Soft Drinks,placed,4,5
109665,Cooler,Juice,placed,1,"0,7"
106533,Cooler,Soft Drinks,placed,1,1
101764,Cooler,Water,placed,1,"1,5"
101764,Cooler,Soft Drinks,placed,1,"1,5"
101764,Cooler,Energy,placed,1,"0,7"
101823,Cooler,Soft Drinks,placed,1,2
101823,Cooler,Energy,placed,1,"0,7"
105717,Cooler,Soft Drinks,placed,1,"0,7"
111036,Cooler,Soft Drinks,placed,4,3
111036,Cooler,Juice,placed,1,"0,7"
100785,Cooler,Soft Drinks,placed,2,3
100785,Cooler,Energy,placed,1,"0,7"
110672,Cooler,Soft Drinks,placed,2,2
104958,Cooler,Water,placed,1,1
102458,Cooler,Water,placed,1,1
102458,Cooler,Soft Drinks,placed,2,"2,5"
111369,Cooler,Soft Drinks,placed,1,"1,5"
110587,Cooler,Soft Drinks,placed,2,2
110587,Cooler,Energy,placed,1,1
105205,Cooler,Soft Drinks,placed,1,"0,3"
111537,Cooler,Soft Drinks,placed,1,"1,5"
106170,Cooler,Soft Drinks,placed,1,"1,5"
101680,Cooler,Soft Drinks,placed,1,2
104994,Cooler,Soft Drinks,placed,2,3
104229,Cooler,Water,placed,1,2
104229,Cooler,Energy,placed,1,"0,7"
111594,Cooler,Soft Drinks,placed,1,1
105716,Cooler,Soft Drinks,placed,3,"0,9"
106729,Coffee,Coffee ,placed,2,0
106729,Cooler,Water,placed,1,2
106729,Cooler,Soft Drinks,placed,1,"0,7"
106729,Cooler,Soft Drinks,placed,1,2
106729,Cooler,Energy,placed,1,"0,7"
102047,Cooler,Water,placed,1,1
111695,Cooler,Soft Drinks,placed,1,1
110519,Cooler,Soft Drinks,placed,1,"1,5"
106750,Cooler,Soft Drinks,placed,2,2
110386,Fountain,Soft Drinks,placed,1,0
110386,Fountain,Soft Drinks,placed,1,0
110386,Dispenser,Water,placed,1,0
103800,Cooler,Soft Drinks,placed,1,2
103752,Cooler,Water,placed,1,1
103752,Cooler,Energy,placed,1,"0,7"
107169,Cooler,Water,placed,1,2
107310,Cooler,Soft Drinks,placed,2,3
104995,Cooler,Soft Drinks,placed,2,"1,4"
104995,Dispenser,Water,placed,1,0
111580,Cooler,Soft Drinks,placed,1,1
103743,Cooler,Water,placed,1,1
103743,Cooler,Soft Drinks,placed,1,"1,5"
108108,Cooler,Water,placed,2,3
108108,Cooler,Soft Drinks,placed,3,"0,9"
108108,Cooler,Soft Drinks,placed,2,2
103884,Cooler,Water,placed,1,"1,5"
103884,Cooler,Soft Drinks,placed,1,"1,5"
104273,Cooler,Soft Drinks,placed,1,"1,5"
102947,Cooler,Water,placed,2,"2,5"
102947,Cooler,Soft Drinks,placed,1,"1,5"
102947,Cooler,Energy,placed,1,"0,7"
110291,Cooler,Water,placed,1,1
110291,Cooler,Energy,placed,1,"0,7"
103518,Cooler,Soft Drinks,placed,1,2
108340,Cooler,Water,placed,1,1
107206,Cooler,Soft Drinks,placed,1,2
101485,Cooler,Soft Drinks,placed,1,1
107045,Cooler,Water,placed,1,"1,5"
107045,Cooler,Soft Drinks,placed,1,"1,5"
103159,Cooler,Water,placed,1,1
103159,Cooler,Soft Drinks,placed,1,1
103807,Cooler,Soft Drinks,placed,1,"1,5"
100850,Cooler,Water,placed,1,1
100850,Cooler,Soft Drinks,placed,1,1
107418,Cooler,Water,placed,3,4
107418,Cooler,Soft Drinks,placed,3,5
111260,Coffee,Coffee ,placed,2,0
111260,Cooler,Water,placed,2,2
111260,Cooler,Soft Drinks,placed,1,"1,5"
111260,Cooler,Energy,placed,1,"0,7"
100194,Cooler,Soft Drinks,placed,1,2
100401,Cooler,Soft Drinks,placed,1,"1,5"
108385,Cooler,Water,placed,1,1
108385,Cooler,Soft Drinks,placed,1,"0,7"
101225,Cooler,Energy,placed,1,"0,7"
101315,Cooler,Soft Drinks,placed,1,"0,7"
111265,Cooler,Soft Drinks,placed,1,1
100868,Cooler,Water,placed,1,2
100868,Cooler,Energy,placed,1,"0,7"
110660,Cooler,Soft Drinks,placed,1,2
108322,Cooler,Water,placed,1,1
108322,Cooler,Soft Drinks,placed,2,3
102610,Cooler,Soft Drinks,placed,1,2
110669,Cooler,Soft Drinks,placed,2,2
111254,Cooler,Soft Drinks,placed,1,1
109831,Cooler,Water,placed,1,1
109831,Cooler,Soft Drinks,placed,1,"0,3"
103115,Cooler,Water,placed,1,1
102665,Cooler,Water,placed,2,"2,5"
102665,Cooler,Energy,placed,1,"0,7"
104512,Cooler,Water,placed,1,1
104512,Cooler,Soft Drinks,placed,1,2
111563,Coffee,Coffee ,placed,2,0
111563,Cooler,Water,placed,1,1
109615,Cooler,Soft Drinks,placed,1,"0,7"
109615,Cooler,Energy,placed,1,"0,7"
111446,Cooler,Soft Drinks,placed,1,"1,5"
110145,Cooler,Soft Drinks,placed,1,1
104966,Cooler,Water,placed,1,1
111035,Cooler,Water,placed,1,1
103524,Cooler,Soft Drinks,placed,1,2
103524,Cooler,Energy,placed,1,"0,7"
103231,Cooler,Soft Drinks,placed,1,"1,5"
102459,Cooler,Water,placed,1,1
102459,Cooler,Soft Drinks,placed,1,1
102459,Cooler,Energy,placed,1,"0,7"
103894,Cooler,Water,placed,2,3
107062,Cooler,Water,placed,1,1
107758,Cooler,Soft Drinks,placed,1,1
102262,Cooler,Water,placed,1,"1,5"
102262,Cooler,Soft Drinks,placed,2,4
102262,Cooler,Energy,placed,1,"0,7"
111533,Cooler,Soft Drinks,placed,1,"1,5"
109625,Coffee,Coffee ,placed,1,0
109625,Cooler,Soft Drinks,placed,1,"0,7"
102046,Cooler,Juice,placed,1,1
106946,Cooler,Water,placed,1,2
104663,Cooler,Soft Drinks,placed,2,"2,7"
101815,Cooler,Water,placed,2,3
101815,Cooler,Soft Drinks,placed,6,8
101815,Cooler,Energy,placed,1,"0,7"
102914,Cooler,Water,placed,1,1
102914,Cooler,Soft Drinks,placed,2,"2,5"
101678,Cooler,Soft Drinks,placed,1,"1,5"
103904,Cooler,Soft Drinks,placed,1,2
111531,Cooler,Soft Drinks,placed,1,"1,5"
101821,Cooler,Water,placed,1,"1,5"
101821,Cooler,Soft Drinks,placed,1,"1,5"
103045,Cooler,Soft Drinks,placed,1,1
111698,Cooler,Energy,placed,1,"0,7"
100048,Cooler,Energy,placed,1,"0,7"
100206,Cooler,Soft Drinks,placed,1,2
100206,Cooler,Energy,placed,1,"0,7"
109648,Cooler,Water,placed,1,1
111754,Cooler,Soft Drinks,placed,1,"0,7"
101820,Cooler,Soft Drinks,placed,1,2
101820,Cooler,Energy,placed,1,"0,7"
105760,Cooler,Soft Drinks,placed,1,"0,7"
105760,Cooler,Energy,placed,1,"0,7"
111755,Cooler,Water,placed,1,"1,5"
111755,Cooler,Soft Drinks,placed,1,"1,5"
111755,Cooler,Energy,placed,1,"0,7"
110820,Cooler,Soft Drinks,placed,1,1
101834,Cooler,Soft Drinks,placed,3,"4,5"
101834,Cooler,Energy,placed,1,"0,7"
103488,Cooler,Water,placed,2,3
103488,Cooler,Soft Drinks,placed,1,2
103488,Cooler,Energy,placed,1,"0,7"
109655,Cooler,Soft Drinks,placed,2,"1,4"
110535,Cooler,Water,placed,1,1
107761,Cooler,Water,placed,1,2
108316,Cooler,Water,placed,2,2
108316,Dispenser,Water,placed,1,0
110523,Cooler,Water,placed,1,1
104417,Cooler,Water,placed,1,1
104417,Cooler,Soft Drinks,placed,1,"1,5"
101067,Cooler,Water,placed,1,1
101067,Cooler,Soft Drinks,placed,1,2
101067,Cooler,Energy,placed,1,"0,7"
106803,Cooler,Water,placed,2,2
110349,Fountain,Soft Drinks,placed,2,0
110349,Dispenser,Water,placed,1,0
104670,Cooler,Soft Drinks,placed,1,1
109824,Cooler,Water,placed,1,1
105913,Cooler,Water,placed,1,1
100283,Cooler,Soft Drinks,placed,1,1
111981,Cooler,Soft Drinks,placed,1,2
101765,Cooler,Soft Drinks,placed,1,2
109238,Cooler,Soft Drinks,placed,1,1
111842,Cooler,Water,placed,1,1
111842,Cooler,Energy,placed,1,"0,3"
103117,Cooler,Water,placed,2,"2,5"
103117,Cooler,Energy,placed,1,"0,7"
107786,Cooler,Water,placed,1,2
107786,Cooler,Soft Drinks,placed,2,4
101491,Cooler,Soft Drinks,placed,1,"1,5"
100773,Cooler,Water,placed,2,3
102018,Cooler,Water,placed,1,1
102018,Cooler,Soft Drinks,placed,1,2
102018,Cooler,Energy,placed,1,"0,7"
111749,Cooler,Soft Drinks,placed,1,1
102651,Cooler,Soft Drinks,placed,3,"4,5"
102651,Cooler,Energy,placed,1,"0,7"
104408,Cooler,Water,placed,1,1
104408,Cooler,Soft Drinks,placed,1,2
104408,Cooler,Energy,placed,1,"0,7"
105541,Cooler,Water,placed,2,"2,5"
105541,Dispenser,Water,placed,1,0
101766,Cooler,Water,placed,2,3
109981,Cooler,Soft Drinks,placed,1,1
111575,Cooler,Soft Drinks,placed,1,"1,5"
106599,Cooler,Water,placed,1,1
108400,Cooler,Soft Drinks,placed,1,2
101026,Cooler,Water,placed,2,3
101026,Cooler,Energy,placed,1,"0,7"
101026,Cooler,Energy,placed,1,"0,7"
100074,Cooler,Water,placed,1,1
100074,Cooler,Soft Drinks,placed,2,3
100074,Cooler,Energy,placed,1,"0,7"
102056,Cooler,Soft Drinks,placed,1,2
103374,Cooler,Water,placed,1,2
103374,Cooler,Soft Drinks,placed,1,2
103374,Cooler,Energy,placed,1,"0,7"
106233,Cooler,Soft Drinks,placed,1,2
100008,Cooler,Soft Drinks,placed,1,"1,5"
101030,Cooler,Soft Drinks,placed,1,2
100938,Cooler,Soft Drinks,placed,1,1
101028,Cooler,Soft Drinks,placed,1,1
110143,Cooler,Soft Drinks,placed,2,2
110489,Cooler,Water,placed,1,"1,5"
110489,Cooler,Soft Drinks,placed,3,3
106513,Cooler,Soft Drinks,placed,2,"1,4"
110904,Cooler,Soft Drinks,placed,2,3
107213,Cooler,Water,placed,1,1
107213,Cooler,Energy,placed,1,"0,7"
106707,Cooler,Water,placed,4,"4,5"
111352,Cooler,Soft Drinks,placed,1,"0,7"
111352,Cooler,Energy,placed,1,"0,7"
105190,Cooler,Water,placed,1,1
109947,Cooler,Water,placed,1,1
109947,Cooler,Soft Drinks,placed,1,1
102424,Cooler,Energy,placed,1,"0,7"
100896,Cooler,Water,placed,1,"1,5"
100896,Cooler,Soft Drinks,placed,1,"1,5"
100896,Cooler,Energy,placed,1,"0,7"
103026,Cooler,Water,placed,2,2
100069,Cooler,Water,placed,1,1
100069,Cooler,Soft Drinks,placed,1,"0,7"
108319,Cooler,Water,placed,2,3
103860,Cooler,Soft Drinks,placed,1,2
106903,Cooler,Water,placed,1,1
111753,Cooler,Water,placed,2,2
111753,Cooler,Soft Drinks,placed,2,2
103799,Cooler,Water,placed,1,1
103799,Cooler,Soft Drinks,placed,1,1
103799,Cooler,Energy,placed,1,"0,7"
103133,Cooler,Water,placed,1,"1,5"
103133,Cooler,Energy,placed,1,"0,7"
103133,Cooler,Energy,placed,1,"0,7"
105696,Cooler,Soft Drinks,placed,2,3
102921,Cooler,Soft Drinks,placed,1,"1,5"
110339,Cooler,Soft Drinks,placed,1,1
103737,Cooler,Soft Drinks,placed,1,2
103257,Cooler,Soft Drinks,placed,1,"1,5"
100473,Cooler,Water,placed,1,"1,5"
100473,Cooler,Soft Drinks,placed,1,2
100473,Cooler,Energy,placed,1,"0,7"
106011,Cooler,Water,placed,1,1
106016,Cooler,Water,placed,1,1
106016,Cooler,Soft Drinks,placed,1,1
101019,Cooler,Water,placed,1,"1,5"
101019,Cooler,Soft Drinks,placed,1,"1,5"
101019,Cooler,Energy,placed,1,"0,7"
101019,Cooler,Energy,placed,1,"0,7"
101942,Cooler,Water,placed,1,"1,5"
101814,Cooler,Water,placed,3,5
101814,Cooler,Energy,placed,1,"0,7"
101799,Cooler,Water,placed,1,"1,5"
101799,Cooler,Soft Drinks,placed,1,2
101799,Cooler,Energy,placed,1,"0,7"
101720,Cooler,Water,placed,1,"1,5"
103014,Cooler,Water,placed,1,2
107208,Cooler,Water,placed,2,2
100405,Cooler,Water,placed,2,"2,5"
100405,Cooler,Energy,placed,1,"0,7"
102838,Cooler,Water,placed,1,1
102838,Cooler,Soft Drinks,placed,1,1
102838,Cooler,Energy,placed,1,"0,7"
102109,Cooler,Water,placed,1,1
102109,Cooler,Soft Drinks,placed,1,"1,5"
102109,Cooler,Energy,placed,1,"0,7"
107231,Cooler,Water,placed,1,2
107231,Cooler,Energy,placed,1,"0,7"
110511,Cooler,Soft Drinks,placed,1,"0,7"
107784,Cooler,Water,placed,1,1
107784,Cooler,Soft Drinks,placed,1,1
103036,Cooler,Soft Drinks,placed,1,2
103036,Cooler,Energy,placed,1,"0,7"
107785,Cooler,Soft Drinks,placed,1,1
100068,Cooler,Soft Drinks,placed,1,"0,7"
110490,Cooler,Soft Drinks,placed,2,"2,5"
110332,Cooler,Soft Drinks,placed,1,1
100474,Cooler,Soft Drinks,placed,2,3
100474,Cooler,Energy,placed,1,"0,7"
108129,Cooler,Water,placed,1,1
111765,Cooler,Soft Drinks,placed,1,1
111118,Fountain,Soft Drinks,placed,3,0
103820,Cooler,Water,placed,2,"2,5"
103820,Cooler,Soft Drinks,placed,1,2
103820,Cooler,Energy,placed,1,"0,7"
109230,Cooler,Water,placed,1,1
111476,Cooler,Soft Drinks,placed,1,1
109546,Cooler,Soft Drinks,placed,1,"1,5"
111689,Cooler,Water,placed,1,"1,5"
106751,Cooler,Soft Drinks,placed,1,"1,5"
102674,Cooler,Soft Drinks,placed,1,"1,5"
108128,Cooler,Soft Drinks,placed,3,"2,3"
108128,Cooler,Juice,placed,2,2
111499,Cooler,Water,placed,2,2
111499,Cooler,Soft Drinks,placed,1,1
100667,Cooler,Soft Drinks,placed,1,2
100667,Cooler,Energy,placed,1,"0,7"
105733,Cooler,Soft Drinks,placed,1,"1,5"
100724,Cooler,Water,placed,2,"2,5"
100954,Cooler,Water,placed,1,"1,5"
100954,Cooler,Soft Drinks,placed,1,2
100784,Cooler,Water,placed,1,1
100784,Cooler,Soft Drinks,placed,1,1
100784,Cooler,Energy,placed,1,"0,7"
111817,Cooler,Water,placed,1,1
107272,Cooler,Water,placed,1,"1,5"
110095,Cooler,Soft Drinks,placed,1,1
105860,Cooler,Soft Drinks,placed,2,"1,7"
101803,Cooler,Soft Drinks,placed,1,"1,5"
101803,Cooler,Energy,placed,1,"0,7"
103810,Cooler,Soft Drinks,placed,2,2
103046,Cooler,Energy,placed,1,"0,7"
101812,Cooler,Water,placed,1,2
101812,Cooler,Soft Drinks,placed,1,2
101812,Cooler,Energy,placed,1,"0,7"
100152,Cooler,Energy,placed,1,"0,7"
103408,Cooler,Soft Drinks,placed,2,3
103408,Cooler,Energy,placed,1,"0,7"
103408,Cooler,Energy,placed,1,"0,7"
103717,Cooler,Water,placed,1,"1,5"
103717,Cooler,Soft Drinks,placed,1,2
103717,Cooler,Energy,placed,1,"0,7"
103717,Cooler,Energy,placed,1,"0,7"
107268,Cooler,Soft Drinks,placed,1,"1,5"
107268,Cooler,Energy,placed,1,"0,7"
100783,Cooler,Water,placed,2,3
100783,Cooler,Energy,placed,1,"0,7"
100783,Cooler,Energy,placed,1,"0,7"
100288,Cooler,Energy,placed,1,"0,7"
100385,Cooler,Water,placed,1,2
100385,Cooler,Soft Drinks,placed,1,2
110581,Cooler,Soft Drinks,placed,1,1
101767,Cooler,Water,placed,1,1
101767,Cooler,Soft Drinks,placed,1,"1,5"
101024,Cooler,Water,placed,1,1
101024,Cooler,Soft Drinks,placed,1,"1,5"
101024,Cooler,Energy,placed,1,"0,7"
100504,Cooler,Water,placed,2,"3,5"
100504,Cooler,Energy,placed,1,"0,7"
102924,Cooler,Soft Drinks,placed,1,"1,5"
102924,Cooler,Energy,placed,1,"0,7"
103685,Cooler,Soft Drinks,placed,1,"1,5"
103893,Cooler,Energy,placed,1,"0,7"
105131,Cooler,Soft Drinks,placed,1,"1,5"
106446,Cooler,Water,placed,2,2
105197,Cooler,Soft Drinks,placed,1,"1,5"
103103,Cooler,Soft Drinks,placed,1,2
103178,Cooler,Soft Drinks,placed,2,"1,7"
111688,Cooler,Energy,placed,1,"0,7"
106032,Cooler,Soft Drinks,placed,1,1
106019,Cooler,Soft Drinks,placed,1,1
105046,Cooler,Soft Drinks,placed,1,1
104562,Cooler,Water,placed,1,1
104562,Cooler,Soft Drinks,placed,1,2
104562,Cooler,Energy,placed,1,"0,7"
108366,Cooler,Water,placed,1,1
111747,Cooler,Soft Drinks,placed,1,1
101171,Cooler,Soft Drinks,placed,2,2
100512,Cooler,Soft Drinks,placed,2,3
110343,Cooler,Soft Drinks,placed,1,1
102797,Cooler,Water,placed,1,2
102797,Cooler,Soft Drinks,placed,2,3
102797,Cooler,Energy,placed,1,"0,7"
102797,Cooler,Energy,placed,1,"0,7"
102650,Cooler,Water,placed,1,1
106469,Cooler,Soft Drinks,placed,1,"1,5"
103787,Cooler,Water,placed,1,1
110078,Cooler,Soft Drinks,placed,1,1
100073,Cooler,Water,placed,1,"1,5"
100073,Cooler,Soft Drinks,placed,1,"1,5"
100073,Cooler,Energy,placed,1,"0,7"
102489,Cooler,Water,placed,1,"1,5"
102489,Cooler,Soft Drinks,placed,1,"1,5"
102460,Coffee,Coffee ,placed,2,0
102460,Cooler,Water,placed,1,"1,5"
102460,Cooler,Soft Drinks,placed,1,"1,5"
102460,Cooler,Energy,placed,1,"0,7"
100953,Cooler,Soft Drinks,placed,2,3
104623,Cooler,Water,placed,1,"1,5"
104623,Cooler,Soft Drinks,placed,1,"1,5"
111013,Cooler,Soft Drinks,placed,1,"0,7"
111013,Fountain,Soft Drinks,placed,8,0
105463,Cooler,Water,placed,1,2
105198,Cooler,Soft Drinks,placed,1,"0,3"
105198,Cooler,Soft Drinks,placed,6,"3,4"
109878,Cooler,Water,placed,1,1
109878,Cooler,Soft Drinks,placed,2,"1,7"
109247,Cooler,Soft Drinks,placed,2,2
102649,Cooler,Soft Drinks,placed,1,"1,5"
102649,Cooler,Energy,placed,1,"0,7"
111729,Cooler,Soft Drinks,placed,2,2
111886,Cooler,Energy,placed,1,"0,7"
100475,Cooler,Soft Drinks,placed,1,"1,5"
109299,Cooler,Soft Drinks,placed,1,"1,5"
111261,Cooler,Soft Drinks,placed,1,2
101763,Cooler,Soft Drinks,placed,1,"1,5"
105732,Cooler,Soft Drinks,placed,1,"1,5"
103892,Cooler,Soft Drinks,placed,1,"1,5"
110675,Cooler,Soft Drinks,placed,1,"1,5"
102315,Cooler,Soft Drinks,placed,2,"2,5"
106027,Cooler,Energy,placed,1,"0,7"
110119,Cooler,Water,placed,1,"1,5"
100382,Cooler,Soft Drinks,placed,1,2
100382,Cooler,Energy,placed,1,"0,7"
100476,Cooler,Water,placed,2,4
100476,Cooler,Soft Drinks,placed,1,2
100476,Cooler,Energy,placed,1,"0,7"
106009,Cooler,Soft Drinks,placed,1,"0,7"
100477,Cooler,Soft Drinks,placed,2,4
100477,Cooler,Energy,placed,1,"0,7"
100477,Cooler,Soft Drinks,placed,1,"0,3"
110682,Cooler,Soft Drinks,placed,1,2
106643,Cooler,Soft Drinks,placed,2,3
106643,Cooler,Energy,placed,2,"1,4"
104869,Cooler,Soft Drinks,placed,1,"1,5"
107215,Cooler,Soft Drinks,placed,1,"1,5"
100383,Cooler,Water,placed,1,1
100383,Cooler,Soft Drinks,placed,1,2
109558,Cooler,Soft Drinks,placed,1,"0,7"
101811,Cooler,Soft Drinks,placed,1,2
104563,Cooler,Water,placed,1,1
104563,Cooler,Soft Drinks,placed,1,1
105422,Cooler,Soft Drinks,placed,1,1
107277,Cooler,Water,placed,1,1
100506,Cooler,Soft Drinks,placed,1,"1,5"
100506,Cooler,Energy,placed,1,"0,7"
111903,Cooler,Soft Drinks,placed,1,1
106026,Cooler,Soft Drinks,placed,1,1
101311,Cooler,Soft Drinks,placed,1,"0,7"
110877,Cooler,Soft Drinks,placed,1,"1,5"
101314,Dispenser,Water,placed,1,0
106381,Coffee,Coffee ,placed,1,0
102214,Cooler,Soft Drinks,placed,1,"1,5"
111273,Cooler,Water,placed,1,1
111273,Cooler,Soft Drinks,placed,1,1
106005,Cooler,Soft Drinks,placed,1,"0,7"
111485,Cooler,Soft Drinks,placed,1,1
111794,Cooler,Soft Drinks,placed,1,2
107099,Cooler,Soft Drinks,placed,1,1
105588,Cooler,Soft Drinks,placed,1,"1,5"
104661,Cooler,Soft Drinks,placed,1,"1,5"
107787,Cooler,Soft Drinks,placed,1,"1,5"
105179,Cooler,Soft Drinks,placed,1,1
110273,Cooler,Soft Drinks,placed,1,1
103522,Cooler,Soft Drinks,placed,1,2
103522,Cooler,Energy,placed,1,"0,7"
106774,Cooler,Soft Drinks,placed,2,"2,5"
