Customer,Customer Name,Region,City,Trade Channel,Segment,Seasonal,Тype
111009,ЛАФКА ЧОЧО ЕООД,Варна,ЗЛАТНИ ПЯСЪЦИ,Hotels,Gold,Seasonal,Out of Home
110234,ПАВИЛЬО ЕООД,Варна,ВАРНА,Fast-food,Silver,Not Seasonal,Out of Home
110445,КРАСМОС 2 ЕООД,Бургас,БУРГАС,Fast-food,Iron,Not Seasonal,Out of Home
110455,МАГАЗИН ЕООД,Бургас,СЛЪНЧЕВ БРЯГ,Fast-food,Gold,Seasonal,Out of Home
110453,ГЕОРГИЕВ ЕООД,Бургас,СЛЪНЧЕВ БРЯГ,Fast-food,Gold,Seasonal,Out of Home
111822,ПАВИЛИОН ЕООД,Бургас,БУРГАС,Cafe,Silver,Not Seasonal,Out of Home
110341,МЕЛДИ ЕООД,Бургас,БУРГАС,Fast-food,Bronze,Not Seasonal,Out of Home
110772,СПРИНТ ЕООД,Варна,ВАРНА,Fast-food,Iron,Not Seasonal,Out of Home
110269,СТОПЧЕ ЕООД,Бургас,СЛЪНЧЕВ БРЯГ,Fast-food,Silver,Seasonal,Out of Home
110230,КРИСТАЛ ЕООД,Варна,ВАРНА,Fast-food,Silver,Not Seasonal,Out of Home
110750,МАРЧЕЛА ЕООД,Бургас,БУРГАС,Fast-food,Silver,Not Seasonal,Out of Home
111824,ПАВИЛЬОН ЕООД,Бургас,БУРГАС,Cafe,Gold,Not Seasonal,Out of Home
110274,АНДРОМЕДА ЕООД,Бургас,СЛЪНЧЕВ БРЯГ,Fast-food,Gold,Seasonal,Out of Home
107346,ЙОРУС 6 ЕООД,Варна,ВАРНА,Restaurant,Silver,Not Seasonal,Out of Home
101119,ПЕПИНО ДАП ЕООД,Шумен,ВЕНЕЦ,Cafe,Bronze,Not Seasonal,At Home
110231,КРИСТАЛ ЕООД,Варна,ВАРНА,Fast-food,Silver,Seasonal,Out of Home
111820,ПАМ НИК ЕООД,Бургас,СЛЪНЧЕВ БРЯГ,Cafe,Gold,Seasonal,Out of Home
106449,СЛАДОЛЕДЕНА ТОЧКА Ц МАРКЕТ ЕООД,Варна,ВАРНА,Cafe,Iron,Not Seasonal,Out of Home
110150,ПАВИЛЬОН ЕООД,Бургас,БУРГАС,Fast-food,Bronze,Not Seasonal,Out of Home
111818,ПЛАМ ЕООД,Бургас,БУРГАС,Cafe,Silver,Not Seasonal,Out of Home
103981,ПАВИЛИОН ЕООД,Бургас,ПОМОРИЕ,Local Shop,Gold,Not Seasonal,At Home
110990,ГАЛИН КАЛЕВ ЕООД,Варна,ЗЛАТНИ ПЯСЪЦИ,Hotels,Silver,Seasonal,Out of Home
101255,П-Н ТАБАКО ШОП ЕООД,Бургас,БУРГАС,Cafe,Silver,Not Seasonal,At Home
106462,КАФЕ ЗАКУСКИ ЕООД,Варна,ВАРНА,Cafe,Silver,Not Seasonal,Out of Home
106480,МАГАЗИН ЕООД,Варна,ВАРНА,Cafe,Silver,Not Seasonal,Out of Home
106482,КАБАКУМ ЕООД,Варна,ВАРНА,Cafe,Bronze,Not Seasonal,Out of Home
106484,НЮАНС ЕООД,Варна,ДОЛНИ ЧИФЛИК,Cafe,Iron,Not Seasonal,Out of Home
106522,П-Н ТАБАКО ШОП ЕООД,Варна,АКСАКОВО,Cafe,Silver,Not Seasonal,Out of Home
106606,МИТЕВА ЕООД,Бургас,СРЕДЕЦ,Cafe,Bronze,Not Seasonal,Out of Home
106543,I AND J TABACCO SHOP ЕООД,Бургас,БУРГАС,Cafe,Bronze,Not Seasonal,Out of Home
106561,ВАРНА УЛ РОЗА 20 ЕООД,Бургас,БУРГАС,Cafe,Silver,Not Seasonal,Out of Home
106371,ПАВИЛИОН ЦИГАРИ ЕООД,Бургас,СВЕТИ ВЛАС,Cafe,Silver,Not Seasonal,Out of Home
107828,БАДЕМА ЕООД,Бургас,МАЛКО ТЪРНОВО,Restaurant,Bronze,Not Seasonal,Out of Home
102879,СВЕТЛА ЕООД,Русе,РУСЕ,Local Shop,Silver,Not Seasonal,At Home
106575,ФЕНИКС ЕООД,Бургас,ПОМОРИЕ,Cafe,Iron,Not Seasonal,Out of Home
112067,ПЕКАРНА ЕООД,Сливен,СЛИВЕН,Superette,Iron,Not Seasonal,At Home
105844,ПАВИЛЬОН ЕООД,Варна,ВАРНА,Fast-food,Silver,Not Seasonal,Out of Home
101992,МАГАЗИН ЕООД,Варна,ВАРНА,Local Shop,Iron,Not Seasonal,At Home
101991,ВИСТА ОЙЛ ЕООД,Варна,ЛЮБЕН КАРАВЕЛОВО,Local Shop,Gold,Not Seasonal,At Home
110789,САНТОС ЕООД,Бургас,БУРГАС,Fast-food,Bronze,Not Seasonal,Out of Home
101008,МИСИ ЕООД,Бургас,ЦАРЕВО,Supermarket,Bronze,Seasonal,At Home
106574,ХИМОЙЛ ЕООД,Бургас,ПОМОРИЕ,Cafe,Iron,Not Seasonal,Out of Home
106516,ПАВИЛИОН ЕООД,Варна,ВАРНА,Cafe,Silver,Not Seasonal,Out of Home
104936,ПАВИЛИОН СЛАДКА ПАУЗА ЕООД,Бургас,БУРГАС,Cafe,Bronze,Seasonal,Out of Home
110193,ЛУНАПАРК ОБЗОР ЕООД,Варна,ВАРНА,Fast-food,Silver,Not Seasonal,Out of Home
110140,КОМИ 2014 ЕООД ЕООД,Варна,БЯЛА,Fast-food,Silver,Seasonal,Out of Home
107047,ПАВИЛИОН ЕООД,Велико Търново,ЕЛЕНА,Superette,Iron,Not Seasonal,At Home
107152,П С ТРЕЙД-21 ЕООД ЕООД,Ямбол,ЕЛХОВО,Superette,Bronze,Seasonal,At Home
107034,МАГАЗИН ГОРЧИВО ЕООД,Русе,РУСЕ,Superette,Iron,Not Seasonal,At Home
110366,БИСТРО ЕООД,Бургас,РАВДА,Fast-food,Bronze,Seasonal,Out of Home
102208,Сувенири ЕООД,Бургас,СЛЪНЧЕВ БРЯГ,Local Shop,Silver,Not Seasonal,At Home
108622,ХОРИЗОНТ М ЕООД ЕООД,Бургас,СЛЪНЧЕВ БРЯГ,Hotels,Gold,Seasonal,Out of Home
105330,ЕМКО ЕООД,Бургас,КАРНОБАТ,Cafe,Bronze,Not Seasonal,Out of Home
111348,БЪРЗИ ЗАУСКИ ЕООД,Варна,ВАРНА,Fast-food,Bronze,Not Seasonal,Out of Home
104423,АЛФА 25 ООД ЕООД,Велико Търново,РАДАНОВО,Local Shop,Gold,Not Seasonal,At Home
107927,МХС ЕООД,Бургас,НЕСЕБЪР,Restaurant,Gold,Seasonal,Out of Home
110770,МАГАЗИН ЕЛЕНА ЕООД,Варна,ВАРНА,Fast-food,Bronze,Not Seasonal,Out of Home
110771,МПС ЕООД,Варна,ВАРНА,Fast-food,Silver,Not Seasonal,Out of Home
110766,МИНИ МАРКЕТ ЕООД,Варна,ВАРНА,Fast-food,Gold,Not Seasonal,Out of Home
110769,ДЖИАННИ ЕООД,Варна,ВАРНА,Fast-food,Gold,Not Seasonal,Out of Home
110768,МПС ЕООД,Варна,ВАРНА,Fast-food,Bronze,Not Seasonal,Out of Home
102538,МПС ЕООД,Търговище,ЗДРАВЕЦ,Local Shop,Bronze,Not Seasonal,At Home
107324,ОРЕХА 2023 ЕООД,Варна,БЯЛА,Restaurant,Gold,Seasonal,Out of Home
103099,МАКЕ ЕООД,Разград,ЛУДОГОРЦИ,Local Shop,Iron,Not Seasonal,At Home
111680,МАРСИ ЕООД,Бургас,ОБЗОР,Fast-food,Silver,Seasonal,Out of Home
104413,ФРЕШ БАР ЕООД,Велико Търново,БАЛКАНЦИ,Local Shop,Bronze,Not Seasonal,At Home
105846,Сибел ЕООД,Варна,ВАРНА,Fast-food,Silver,Not Seasonal,Out of Home
101166,МАГАЗИН ЗА КАФЕ ЕООД,Търговище,ТЪРГОВИЩЕ,Cafe,Bronze,Not Seasonal,At Home
105910,КАШ АЛИ ЕООД,Бургас,БУРГАС,Fast-food,Iron,Not Seasonal,Out of Home
103828,МАЙ ШОП ДАНЪЧНО ЕООД,Варна,ВАРНА,Local Shop,Bronze,Not Seasonal,At Home
105790,СТЕЛА ЕООД,Бургас,БУРГАС,Fast-food,Silver,Not Seasonal,Out of Home
103445,РУЖА ЕООД,Ямбол,ЯМБОЛ,Local Shop,Silver,Not Seasonal,At Home
103406,МАГАЗИН ЕООД,Сливен,СЛИВЕН,Local Shop,Iron,Not Seasonal,At Home
107940,ДАРК 2 ЕООД,Бургас,БУРГАС,Restaurant,Gold,Not Seasonal,Out of Home
100856,ПАВИЛИОН ЕООД,Бургас,БУРГАС,Supermarket,Silver,Not Seasonal,At Home
100664,ПЕТРОВИ КОМЕРС 2 ЕООД,Шумен,ШУМЕН,Supermarket,Iron,Not Seasonal,At Home
101699,Бенита Ойл ЕООД,Варна,ДЕВНЯ,Local Shop,Gold,Not Seasonal,At Home
111284,Е ТРЕЙД ЕООД,Варна,ВАРНА,Fast-food,Silver,Not Seasonal,Out of Home
106709,Павилион Русе Табак ЕООД,Бургас,БУРГАС,Superette,Bronze,Not Seasonal,At Home
103212,СЛАДКАРСКИ ИЗДЕЛИЯ ЕООД,Добрич,БАЛЧИК,Local Shop,Silver,Not Seasonal,At Home
103713,ПАВИЛИОН РУСЕ ТАБАК ЕООД,Сливен,СЛИВЕН,Local Shop,Bronze,Not Seasonal,At Home
110365,ХИЖА БОЖУР ЕООД,Бургас,БУРГАС,Fast-food,Iron,Not Seasonal,Out of Home
105952,ГАБИМОН СПИРКА ЕООД,Бургас,АЙТОС,Fast-food,Iron,Not Seasonal,Out of Home
100029,ПАВИЛИОН ЕООД,Добрич,ДОБРИЧ,Local Shop,Bronze,Not Seasonal,At Home
110880,ПАВИЛИОН ЕООД,Бургас,БУРГАС,Restaurant,Gold,Not Seasonal,Out of Home
109641,ОЧЕК ЕООД,Варна,ВАРНА,Fast-food,Iron,Not Seasonal,Out of Home
103982,ПАВИЛИОН ЕООД,Бургас,БУРГАС,Local Shop,Iron,Not Seasonal,At Home
103255,ПАВИЛИОН РУСЕ ТАБАК ЕООД,Добрич,ДОБРИЧ,Local Shop,Bronze,Not Seasonal,At Home
100257,NON STOP РУСЕ ТАБАК ЕООД,Бургас,БУРГАС,Local Shop,Silver,Not Seasonal,At Home
111413,ПАВИЛИОН РУСЕ ТАБАК ЕООД,Бургас,БУРГАС,Fast-food,Silver,Not Seasonal,Out of Home
109420,ПАВИЛИОН РУСЕ ТАБАК ЕООД,Бургас,БУРГАС,Fast-food,Silver,Not Seasonal,Out of Home
105210,ПАВИЛИОНЪТ ЕООД,Бургас,НЕСЕБЪР,Cafe,Silver,Seasonal,Out of Home
100278,ПАВИЛИОН ЕООД,Ямбол,ТЕНЕВО,Local Shop,Bronze,Seasonal,At Home
104310,ПАВИЛЬОН ЕООД,Силистра,ЧЕРНИК,Local Shop,Silver,Not Seasonal,At Home
106250,ПАВИЛЬОН ЕООД,Търговище,ТЪРГОВИЩЕ,Local Shop,Gold,Not Seasonal,At Home
100637,КАФЕВАРКА ЕООД,Търговище,ГАГОВО,Supermarket,Bronze,Not Seasonal,At Home
110595,ПАВИЛИОН РУСЕ ТАБАК ЕООД,Бургас,БУРГАС,Fast-food,Gold,Not Seasonal,Out of Home
103562,РУПИКОМ ЕООД,Бургас,ЛОЗАРЕВО,Local Shop,Bronze,Not Seasonal,At Home
109757,ПАВИЛИОН ЕООД,Варна,ДЕБЕЛЕЦ,Hotels,Iron,Not Seasonal,Out of Home
105459,БАДЕМА ЕООД,Бургас,БУРГАС,Cafe,Iron,Not Seasonal,Out of Home
101707,КАРИНА 2004 ЕООД,Варна,СУВОРОВО,Local Shop,Gold,Not Seasonal,At Home
104858,ЛЪЧЕЗАР ЕООД,Варна,ВАРНА,Cafe,Gold,Not Seasonal,Out of Home
110168,SHOP ЕООД,Бургас,БУРГАС,Fast-food,Bronze,Not Seasonal,Out of Home
110555,TABACCO SHOP ЕООД,Бургас,БУРГАС,Fast-food,Bronze,Not Seasonal,Out of Home
101231,ЗАРКОВ ЕООД,Сливен,СЛИВЕН,Cafe,Bronze,Not Seasonal,At Home
106231,МАГАЗИН ЕООД,Добрич,ДОБРИЧ,Local Shop,Silver,Not Seasonal,At Home
100126,МИТЕВА ТАВРИЯ ЕООД,Добрич,ДОБРИЧ,Local Shop,Bronze,Not Seasonal,At Home
106339,БЮФЕТ ЕФЕ ЕООД,Русе,РУСЕ,Local Shop,Silver,Not Seasonal,At Home
111848,МИТВВА ЕООД,Варна,ВАРНА,Restaurant,Bronze,Not Seasonal,Out of Home
100944,ГЕОРГИ МИТЕВ ЕООД,Бургас,БУРГАС,Supermarket,Silver,Not Seasonal,At Home
112013,ГЕОРГИ МИТЕВ ЕООД,Бургас,БУРГАС,Local Shop,Silver,Not Seasonal,At Home
100942,ЩАНД ПАРАДАЙС ПРОПЪРТИ ЕООД,Бургас,БУРГАС,Supermarket,Silver,Not Seasonal,At Home
100948,ГЕОРГИ МИТЕВ ЕООД,Бургас,БУРГАС,Supermarket,Silver,Not Seasonal,At Home
106241,ХР МН ЕООД,Бургас,СЛЪНЧЕВ БРЯГ,Local Shop,Iron,Not Seasonal,At Home
101375,ДИН 2017 ЕООД,Бургас,БУРГАС,Nightclub,Bronze,Not Seasonal,Out of Home
108078,ЗАХАРЧЕТО ЕООД,Бургас,ПОМОРИЕ,Restaurant,Silver,Seasonal,Out of Home
104018,ШАМПИОН ЕООД,Ямбол,ЛЕСОВО,Local Shop,Gold,Not Seasonal,At Home
103521,ПАВИЛИОН 19 ЕООД,Ямбол,МОГИЛА,Local Shop,Gold,Not Seasonal,At Home
111964,НОН СТОП СПАЙДЪР ЕООД,Сливен,СЛИВЕН,Local Shop,Silver,Not Seasonal,At Home
100762,НОН СТОП ЕООД,Ямбол,ЯМБОЛ,Supermarket,Bronze,Not Seasonal,At Home
111885,ГЕОРГИ МИТЕВ КИНО ДОБРИЧ ЕООД,Ямбол,ЯМБОЛ,Superette,Iron,Not Seasonal,At Home
110334,ПРЕСТИЖ ЕООД,Стара Загора,ВЕТРЕН,Fast-food,Iron,Not Seasonal,Out of Home
106719,ПИК КОСЕВА ЕООД,Ямбол,ЕЛХОВО,Superette,Gold,Not Seasonal,At Home
103520,ЖУЛ МАР ЕООД,Ямбол,ЯМБОЛ,Local Shop,Silver,Not Seasonal,At Home
104024,АЛЕКО ЕООД,Ямбол,БОЛЯРОВО,Local Shop,Bronze,Not Seasonal,At Home
103697,П-Н ТАБАКО ШОП ЕООД,Сливен,КОТЕЛ,Local Shop,Bronze,Not Seasonal,At Home
100761,ДКЦ 2 ЕООД,Ямбол,ЯМБОЛ,Supermarket,Bronze,Not Seasonal,At Home
103695,ПАВИЛИОН ЕООД,Сливен,СЛИВЕН,Local Shop,Iron,Not Seasonal,At Home
104256,МАГАЗИН ЕООД,Бургас,БУРГАС,Local Shop,Silver,Not Seasonal,At Home
103519,БОРИСОВ ДЕНЕВ ЕООД,Ямбол,ЯМБОЛ,Local Shop,Silver,Not Seasonal,At Home
104025,СИМОВА 2 ЕООД,Ямбол,ЕЛХОВО,Local Shop,Silver,Not Seasonal,At Home
104461,ПЕРКС ЕООД,Ямбол,СТРАЛДЖА,Local Shop,Gold,Not Seasonal,At Home
103390,НИКСЪН  ГРУП ЕООД ЕООД,Сливен,СЛИВЕН,Local Shop,Silver,Not Seasonal,At Home
103391,ПАВИЛИОН ЗА РИБА ЕООД,Сливен,СЛИВЕН,Local Shop,Iron,Not Seasonal,At Home
103397,ДЕНОНОЩЕН ЕООД,Сливен,СЛИВЕН,Local Shop,Silver,Not Seasonal,At Home
104180,ТРЕОПЛАМ ЕООД,Ямбол,ТЕНЕВО,Local Shop,Silver,Not Seasonal,At Home
104058,ПЕКАРНА ЕООД,Ямбол,ЕЛХОВО,Local Shop,Gold,Not Seasonal,At Home
106283,ПАВИЛИОН ЕООД,Ямбол,ЯМБОЛ,Local Shop,Iron,Not Seasonal,At Home
100158,БРЕВИС ИСМ ЕООД ЕООД,Сливен,СЛИВЕН,Local Shop,Bronze,Not Seasonal,At Home
104422,КИТО-С. И В.- СТОЯН ВЕЛЧЕВ ЕТ ЕООД,Ямбол,СТРАЛДЖА,Local Shop,Gold,Not Seasonal,At Home
100286,ХРАНИТЕЛНИ И НЕХРАНИТЕЛНИ СТОКИ ЕООД,Ямбол,ЛОЗЕНЕЦ,Local Shop,Silver,Not Seasonal,At Home
100758,СЕЛЕКТ ЕООД,Ямбол,ЯМБОЛ,Supermarket,Gold,Not Seasonal,At Home
100757,ФИЛИП КОСТОВ ЕООД,Ямбол,ЯМБОЛ,Supermarket,Gold,Not Seasonal,At Home
103536,ФИЕСТА ПЛЮС ЕООД,Ямбол,ЯМБОЛ,Local Shop,Bronze,Not Seasonal,At Home
103442,ДСМ АВТОМИВКА ЕООД,Ямбол,ЯМБОЛ,Local Shop,Iron,Not Seasonal,At Home
112049,ТАБАКО ШОП- АЛЬОРА ЕООД,Търговище,ПОПОВО,Superette,Iron,Not Seasonal,At Home
112051,БГ НАЦИОНАЛНА КУХНЯ ЕООД,Търговище,ПОПОВО,Superette,Iron,Not Seasonal,At Home
102935,ТАБАКО ЕООД,Русе,ГЛОДЖЕВО,Local Shop,Silver,Not Seasonal,At Home
106282,М-Н АВИКО ЕООД,Ямбол,ЯМБОЛ,Local Shop,Iron,Not Seasonal,At Home
103100,МИО АМИКО ЕООД,Разград,ВЛАДИМИРОВЦИ,Local Shop,Silver,Not Seasonal,At Home
103101,ДИНЕРО 90 ЕООД ЕООД,Разград,ВЛАДИМИРОВЦИ,Local Shop,Silver,Not Seasonal,At Home
110175,КРУИЗ ЕООД,Бургас,БУРГАС,Fast-food,Bronze,Not Seasonal,Out of Home
104122,ПАВИЛИОН ЕООД,Бургас,ЦАРЕВО,Local Shop,Silver,Not Seasonal,At Home
104098,ОРХИДЕЯ ЕООД,Ямбол,МЕЛНИЦА,Local Shop,Bronze,Not Seasonal,At Home
104091,ПАВИЛИОН ЕООД,Ямбол,ЕЛХОВО,Local Shop,Bronze,Not Seasonal,At Home
103686,Павилион ЕООД,Сливен,ГЛУФИШЕВО,Local Shop,Silver,Not Seasonal,At Home
103692,ОРХИДЕЯ ЕООД,Сливен,КОТЕЛ,Local Shop,Bronze,Seasonal,At Home
111977,ТОРНАДО ЕООД,Ямбол,ЯМБОЛ,Local Shop,Silver,Not Seasonal,At Home
102675,СПИРКА ХИТОВ ЕООД,Велико Търново,ДРАГИЖЕВО,Local Shop,Silver,Not Seasonal,At Home
103417,ХРАН. МАГАЗИН ГАЛИНА ЕООД,Сливен,СЛИВЕН,Local Shop,Bronze,Not Seasonal,At Home
104472,ДЮНЕР ПИЦА ЕООД,Ямбол,СТРАЛДЖА,Local Shop,Bronze,Not Seasonal,At Home
111968,ПАВИЛИОН ЕООД,Сливен,СЛИВЕН,Local Shop,Silver,Not Seasonal,At Home
107074,ГРЕТО ЕООД,Сливен,СЛИВЕН,Superette,Iron,Not Seasonal,At Home
103456,ПАВИЛИОН ЕООД,Ямбол,ЯМБОЛ,Local Shop,Iron,Not Seasonal,At Home
103693,"ПРЯСНА,ПЕЧЕНА И ПЪРЖЕНА РИБА ЕООД",Сливен,КРУШАРЕ,Local Shop,Bronze,Not Seasonal,At Home
103694,ПАВИЛИОН ЕООД,Сливен,БЛАТЕЦ,Local Shop,Gold,Not Seasonal,At Home
100807,ФРОСИ ЕООД,Сливен,ТОПОЛЧАНЕ,Supermarket,Gold,Not Seasonal,At Home
111974,ЕДИ ЕРГУН ЕООД,Сливен,СЛИВЕН,Local Shop,Bronze,Not Seasonal,At Home
106723,ПАВИЛИОН ЕООД,Ямбол,ЕЛХОВО,Superette,Gold,Not Seasonal,At Home
100801,Магазин ЕООД,Ямбол,ЯМБОЛ,Supermarket,Gold,Not Seasonal,At Home
112007,ПЛОД И ЗЕЛЕНЧУК ЕООД,Ямбол,ЕЛХОВО,Local Shop,Bronze,Not Seasonal,At Home
103394,ПАВИЛИОН ЕООД,Сливен,СЛИВЕН,Local Shop,Bronze,Not Seasonal,At Home
103389,ПАВИЛИОН ЕООД,Сливен,СЛИВЕН,Local Shop,Gold,Not Seasonal,At Home
104611,ПАВИЛИОН ЕООД,Велико Търново,ВЕЛИКО ТЪРНОВО,Local Shop,Bronze,Not Seasonal,At Home
104438,ПАВИЛИОН ЕООД,Велико Търново,КРУШЕТО,Local Shop,Bronze,Not Seasonal,At Home
105280,ПАВИЛИОН ЕООД,Велико Търново,КРУШЕТО,Cafe,Silver,Not Seasonal,At Home
101045,ДЕНОНОЩЕН МАГАЗИН ДЕН И НОЩ ЕООД,Велико Търново,ВЕЛИКО ТЪРНОВО,Supermarket,Iron,Not Seasonal,At Home
104626,ПАВИЛИОН ЕООД,Велико Търново,ВЕЛИКО ТЪРНОВО,Local Shop,Iron,Not Seasonal,At Home
101082,Магазин ЕООД,Велико Търново,ВЕЛИКО ТЪРНОВО,Supermarket,Iron,Not Seasonal,At Home
104418,ПАВИЛИОН ЕООД,Велико Търново,ПЪРВОМАЙЦИ,Local Shop,Bronze,Not Seasonal,At Home
104627,ПВИЛИОН ЕООД,Велико Търново,ЛЕДЕНИК,Local Shop,Bronze,Not Seasonal,At Home
102627,МАГАЗИН ЛАЙФ ЕООД,Русе,КАРАН ВЪРБОВКА,Local Shop,Bronze,Not Seasonal,At Home
102676,НОН СТОП ДАНИ ЕООД,Велико Търново,ГОРНА ОРЯХОВИЦА,Local Shop,Bronze,Not Seasonal,At Home
102717,ПАВИЛИОН ЕООД,Велико Търново,КЪПИНОВО,Local Shop,Iron,Not Seasonal,At Home
102673,ПАВИЛИОН ГЕОЛЕНА ЕООД,Велико Търново,ЧАКАЛИ,Local Shop,Silver,Not Seasonal,At Home
104424,ПАВИЛИОН ЕООД,Велико Търново,ОБЕДИНЕНИЕ,Local Shop,Iron,Not Seasonal,At Home
101064,МХС ЕООД,Велико Търново,ВЕЛИКО ТЪРНОВО,Supermarket,Bronze,Not Seasonal,At Home
104433,МАГАЗИН ЗАХАРНИ ИЗДЕЛИЯ ЕООД,Велико Търново,ЯНТРА,Local Shop,Iron,Not Seasonal,At Home
102671,ПАВИЛИОН ЕООД,Велико Търново,ДРАГИЖЕВО,Local Shop,Iron,Not Seasonal,At Home
101074,ПАВИЛИОН ЕООД,Велико Търново,ВЕЛИКО ТЪРНОВО,Supermarket,Iron,Not Seasonal,At Home
104628,Магазинчето ЕООД,Велико Търново,ВЕЛИКО ТЪРНОВО,Local Shop,Iron,Not Seasonal,At Home
104629,ПАВИЛИОН ЕООД,Велико Търново,ВЕЛИКО ТЪРНОВО,Local Shop,Iron,Not Seasonal,At Home
104630,ПАВИЛИОН ЕООД,Велико Търново,ВЕЛИКО ТЪРНОВО,Local Shop,Silver,Not Seasonal,At Home
104631,АЙС ЕООД,Велико Търново,ВЕЛИКО ТЪРНОВО,Local Shop,Iron,Not Seasonal,At Home
104678,ПАВИЛИОН ЕООД,Велико Търново,ВЕЛИКО ТЪРНОВО,Local Shop,Bronze,Not Seasonal,At Home
104434,МАГАЗИН ЕМИ ЕООД,Велико Търново,ПИСАРЕВО,Local Shop,Iron,Not Seasonal,At Home
104435,ПАВИЛИОН ЕООД,Велико Търново,СТРАХИЛОВО,Local Shop,Bronze,Not Seasonal,At Home
106661,ПАВИЛЬОН ЕООД,Велико Търново,ЕЛЕНА,Superette,Gold,Not Seasonal,At Home
104436,HAPPY CAT ЕООД,Велико Търново,РЕСЕН,Local Shop,Bronze,Not Seasonal,At Home
104633,ПАВИЛИОН ЕООД,Велико Търново,ВЕЛИКО ТЪРНОВО,Local Shop,Iron,Not Seasonal,At Home
101065,МХС ЕООД,Велико Търново,ВЕЛИКО ТЪРНОВО,Supermarket,Iron,Not Seasonal,At Home
101081,КОЛЕЛОТО ЕООД,Велико Търново,ВЕЛИКО ТЪРНОВО,Supermarket,Bronze,Not Seasonal,At Home
104723,МПС ЕООД,Велико Търново,ДЕБЕЛЕЦ,Local Shop,Iron,Not Seasonal,At Home
104412,ДАРИСА ЕООД,Велико Търново,ПОЛСКИ ТРЪМБЕШ,Local Shop,Iron,Not Seasonal,At Home
104437,ПАВИЛИОН ЕООД,Велико Търново,ДРАГАНОВО,Local Shop,Gold,Not Seasonal,At Home
106738,ЖУЖКА ЕООД,Велико Търново,ВЕЛИКО ТЪРНОВО,Superette,Bronze,Not Seasonal,At Home
104431,МАГАЗИН ДЕЙЗИ ЕООД,Велико Търново,ЦАРСКИ ИЗВОР,Local Shop,Iron,Not Seasonal,At Home
104416,ПАВИЛИОН ЕООД,Велико Търново,ВЪРБИЦА,Local Shop,Iron,Not Seasonal,At Home
102713,ПАВИЛИОН ЕООД,Велико Търново,ЦЕРОВА КОРИЯ,Local Shop,Iron,Not Seasonal,At Home
107214,ПАВИЛИОН ЕООД,Велико Търново,ВЕЛИКО ТЪРНОВО,Superette,Silver,Not Seasonal,At Home
104641,ПАВИЛИОН ЕООД,Велико Търново,ВЕЛИКО ТЪРНОВО,Local Shop,Silver,Not Seasonal,At Home
107217,ЖЕТИ ЕООД,Велико Търново,ВЕЛИКО ТЪРНОВО,Superette,Silver,Not Seasonal,At Home
102714,АЛКОХОЛ И ЦИГАРИ МГ ЕООД,Велико Търново,ГОРНА ОРЯХОВИЦА,Local Shop,Silver,Not Seasonal,At Home
102715,ПАВИЛИОН ЕООД,Велико Търново,ЕЛЕНА,Local Shop,Iron,Not Seasonal,At Home
104414,ПАВИЛИОН ЕООД,Велико Търново,ОБЕДИНЕНИЕ,Local Shop,Iron,Not Seasonal,At Home
102841,ПАВИЛИОН ЕООД,Русе,БОРОВО,Local Shop,Bronze,Not Seasonal,At Home
104430,ФЕЯ ЕООД,Велико Търново,АСЕНОВО,Local Shop,Iron,Not Seasonal,At Home
104410,ПАВИЛИОН ЕООД,Велико Търново,ГОРСКИ СЕНОВЕЦ,Local Shop,Iron,Not Seasonal,At Home
104411,ТАБАКО ПРЕМИУМ ЕООД,Велико Търново,ПЕТКО КАРАВЕЛОВО,Local Shop,Silver,Not Seasonal,At Home
104439,Павилион ЕООД,Велико Търново,ИВАНЧА,Local Shop,Bronze,Not Seasonal,At Home
104639,ПАВИЛИОН ЕООД,Велико Търново,ВЕЛИКО ТЪРНОВО,Local Shop,Bronze,Not Seasonal,At Home
102716,МХС ЕООД,Велико Търново,ГОРНА ОРЯХОВИЦА,Local Shop,Silver,Not Seasonal,At Home
112026,ПАВИЛИОН ЕООД,Велико Търново,ВЕЛИКО ТЪРНОВО,Local Shop,Bronze,Not Seasonal,At Home
104625,ПАВИЛИОН ЕООД,Велико Търново,ВЕЛИКО ТЪРНОВО,Local Shop,Silver,Not Seasonal,At Home
106995,СЛАДКО МЕЖДУЧАСИЕ ЕООД,Велико Търново,ЕЛЕНА,Superette,Gold,Not Seasonal,At Home
107282,МАГАЗИН БУРГАСМЕД ЕООД,Велико Търново,ВЕЛИКО ТЪРНОВО,Hotels,Bronze,Not Seasonal,At Home
104637,ПИАНО БАР ЕООД,Велико Търново,ВЕЛИКО ТЪРНОВО,Local Shop,Silver,Not Seasonal,At Home
104650,ПАВИЛИОН СПИРКА ЕООД,Велико Търново,ВЕЛИКО ТЪРНОВО,Local Shop,Silver,Not Seasonal,At Home
101057,МПС ЕООД,Велико Търново,ВЕЛИКО ТЪРНОВО,Supermarket,Silver,Not Seasonal,At Home
104796,МХС ЕООД,Велико Търново,ЦЕНОВО,Local Shop,Iron,Not Seasonal,At Home
104725,ПАВИЛИОН ЕООД,Велико Търново,СТРАЖИЦА,Local Shop,Silver,Not Seasonal,At Home
104635,ПАВИЛИОН ЕООД,Велико Търново,ВЕЛИКО ТЪРНОВО,Local Shop,Bronze,Not Seasonal,At Home
104726,МХС АЛЮР ЕООД,Велико Търново,ДРАГАНОВО,Local Shop,Iron,Not Seasonal,At Home
104727,СТРОИТЕЛЕН ХИПЕРМАРКЕТ DS HOME ЕООД,Велико Търново,КЕСАРЕВО,Local Shop,Iron,Not Seasonal,At Home
101059,ПАВИЛИОН ЕООД,Велико Търново,КИЛИФАРЕВО,Supermarket,Silver,Not Seasonal,At Home
112099,ПАВИЛИОН ЕООД,Велико Търново,ПОЛСКИ ТРЪМБЕШ,Superette,Iron,Not Seasonal,At Home
102681,ПАВИЛИОН ЕООД,Велико Търново,ГОРНА ОРЯХОВИЦА,Local Shop,Bronze,Not Seasonal,At Home
100701,ПАВИЛИОН ЕООД,Велико Търново,ЛЯСКОВЕЦ,Supermarket,Silver,Not Seasonal,At Home
101178,ПАВИЛИОН ЕООД,Велико Търново,ДОЛНА ОРЯХОВИЦА,Cafe,Iron,Not Seasonal,At Home
101303,ПАВИЛИОН ЕООД,Велико Търново,ВЕЛИКО ТЪРНОВО,Cafe,Bronze,Not Seasonal,At Home
102718,"КАФЕ,АЛКОХОЛ,ЦИГАРИ ЕООД",Велико Търново,ГОРНА ОРЯХОВИЦА,Local Shop,Silver,Not Seasonal,At Home
104704,ПАВИЛИОН ЕООД,Велико Търново,ЦЕНОВО,Local Shop,Gold,Not Seasonal,At Home
102719,ПАКЕТИРАНИ СТОКИ ЕООД,Велико Търново,ГОРНА ОРЯХОВИЦА,Local Shop,Bronze,Not Seasonal,At Home
102720,ПАКЕТАЖ ЕООД,Велико Търново,ГОРНА ОРЯХОВИЦА,Local Shop,Iron,Not Seasonal,At Home
111950,КОЗМЕТИЧЕН САЛОН ЕООД,Велико Търново,ГОРНА ОРЯХОВИЦА,Local Shop,Bronze,Not Seasonal,At Home
102800,ПАВИЛИОН ЕООД,Русе,БЯЛА,Local Shop,Iron,Not Seasonal,At Home
112019,ПАВИЛИОН ЕООД,Велико Търново,ВЕЛИКО ТЪРНОВО,Local Shop,Silver,Not Seasonal,At Home
104778,ПАВЛИОН ЕООД,Велико Търново,СТРАЖИЦА,Local Shop,Silver,Not Seasonal,At Home
104774,ПАВИЛИОН ЕООД,Велико Търново,ВЕЛИКО ТЪРНОВО,Local Shop,Bronze,Not Seasonal,At Home
102721,ПАВИЛИОН ЕООД,Велико Търново,ЛЯСКОВЕЦ,Local Shop,Silver,Not Seasonal,At Home
106269,ПАВИЛИОН ЕООД,Русе,РУСЕ,Local Shop,Gold,Not Seasonal,At Home
107251,ПВИЛИОН ЕООД,Велико Търново,ВЕЛИКО ТЪРНОВО,Supermarket,Silver,Not Seasonal,At Home
112022,ПАКЕТИРАНИ СТОКИ ЕООД,Велико Търново,ВЕЛИКО ТЪРНОВО,Local Shop,Gold,Not Seasonal,At Home
101179,ПАВИЛИОН ЕООД,Велико Търново,ГОРНА ОРЯХОВИЦА,Cafe,Bronze,Not Seasonal,At Home
101305,ЦЕНТРИО ЕООД,Велико Търново,ВЕЛИКО ТЪРНОВО,Cafe,Silver,Not Seasonal,At Home
104795,ПАВИЛИОН ЕООД,Велико Търново,ЛОЗЕН,Local Shop,Bronze,Seasonal,At Home
104777,"ЦИГАРИ, КАФЕ, АЛКОХОЛ ЕООД",Велико Търново,ВЕЛИКО ТЪРНОВО,Local Shop,Bronze,Not Seasonal,At Home
104758,МАГАЗИН ЕООД,Велико Търново,ВЕЛИКО ТЪРНОВО,Local Shop,Bronze,Not Seasonal,At Home
104776,ТАБАКО ШОП ЕООД,Велико Търново,ВЕЛИКО ТЪРНОВО,Local Shop,Bronze,Not Seasonal,At Home
101052,ПАВИЛИОН ЕООД,Велико Търново,ВЕЛИКО ТЪРНОВО,Supermarket,Bronze,Not Seasonal,At Home
106739,ПАВИЛИОН ЗА ПАКЕТИРАНИ СТОКИ ЕООД,Велико Търново,ВЕЛИКО ТЪРНОВО,Superette,Gold,Not Seasonal,At Home
100282,ПАВИЛИОН ЕООД,Велико Търново,ВЕЛИКО ТЪРНОВО,Local Shop,Silver,Not Seasonal,At Home
102677,"АЛКОХОЛ, ЦИГАРИ ЕООД",Велико Търново,ДЖУЛЮНИЦА,Local Shop,Gold,Not Seasonal,At Home
102701,ПАВИЛИОН ЕООД,Велико Търново,ГЪРДЕВЦИ,Local Shop,Silver,Not Seasonal,At Home
102688,ПАВИЛИОН ЕООД,Велико Търново,ГОРНА ОРЯХОВИЦА,Local Shop,Bronze,Not Seasonal,At Home
102722,ПАВИЛИОН ПАКЕТИРАНИ СТОКИ ЕООД,Велико Търново,ЕЛЕНА,Local Shop,Gold,Not Seasonal,At Home
104789,ПАВИЛИОН ЕООД,Велико Търново,ПОЛСКИ ТРЪМБЕШ,Local Shop,Silver,Not Seasonal,At Home
104773,АМАДЕУС БУТИК ЗА СЛАДКИ ИЗКУШЕНИЯ ЕООД,Велико Търново,ВОНЕЩА ВОДА,Local Shop,Bronze,Not Seasonal,At Home
104771,АНДИ ЕООД,Велико Търново,ВЕЛИКО ТЪРНОВО,Local Shop,Bronze,Not Seasonal,At Home
102690,ПАВИЛИОН ЕООД,Велико Търново,ЕЛЕНА,Local Shop,Bronze,Not Seasonal,At Home
102691,МПС ЕООД,Велико Търново,ДЖУЛЮНИЦА,Local Shop,Gold,Not Seasonal,At Home
102692,СИНЬО ЛЯТО ЕООД,Велико Търново,ГОРНА ОРЯХОВИЦА,Local Shop,Bronze,Not Seasonal,At Home
100291,ТАБАКО ШОП ЕООД,Велико Търново,ВЕЛИКО ТЪРНОВО,Local Shop,Gold,Not Seasonal,At Home
104757,ПАВИЛИОН ЕООД,Велико Търново,ВЕЛИКО ТЪРНОВО,Local Shop,Bronze,Not Seasonal,At Home
106736,ПАКЕТИРАНИ СТОКИ ЕООД,Велико Търново,ВЕЛИКО ТЪРНОВО,Superette,Gold,Not Seasonal,At Home
104767,МХС ЕООД,Велико Търново,ВЕЛИКО ТЪРНОВО,Local Shop,Bronze,Not Seasonal,At Home
104764,ЛИНДЕМАНА ЕООД,Велико Търново,ВЕЛИКО ТЪРНОВО,Local Shop,Bronze,Not Seasonal,At Home
107039,ПАВИЛИОН ЕООД,Русе,ЦЕНОВО,Superette,Gold,Not Seasonal,At Home
104762,РЕП ЕООД,Велико Търново,ВЕЛИКО ТЪРНОВО,Local Shop,Bronze,Not Seasonal,At Home
100295,НОН СТОП ЕООД,Велико Търново,ВЕЛИКО ТЪРНОВО,Local Shop,Bronze,Not Seasonal,At Home
104783,БАРЧЕ ЕООД,Велико Търново,САМОВОДЕНЕ,Local Shop,Bronze,Not Seasonal,At Home
102798,БЪРЗА ЗАКУСКА ЕООД,Русе,БОРОВО,Local Shop,Bronze,Not Seasonal,At Home
104760,МАГАЗИН ЕООД,Велико Търново,ВЕЛИКО ТЪРНОВО,Local Shop,Bronze,Not Seasonal,At Home
100687,ПЪРВИ ПЕТЛИ ЕООД,Велико Търново,ЛЯСКОВЕЦ,Supermarket,Silver,Not Seasonal,At Home
101054,ВЕСИ ЕООД,Велико Търново,ВЕЛИКО ТЪРНОВО,Supermarket,Bronze,Not Seasonal,At Home
104791,ПАВИЛИОН ВАЛЕНТИНО ЕООД,Велико Търново,ЛЕДЕНИК,Local Shop,Bronze,Not Seasonal,At Home
102758,ПАВИЛИОН ЕООД,Велико Търново,ЗЛАТАРИЦА,Local Shop,Bronze,Not Seasonal,At Home
102726,БАКАЛИЯ ЕООД,Велико Търново,ЕЛЕНА,Local Shop,Bronze,Not Seasonal,At Home
104786,НОН СТОП ЕООД,Велико Търново,СТРЕЛЕЦ,Local Shop,Bronze,Not Seasonal,At Home
107220,ПЪРВИ ПЕТЛИ ЕООД,Велико Търново,СТРАЖИЦА,Superette,Silver,Not Seasonal,At Home
104790,ФОРНЕТИ ЕООД,Велико Търново,ВЕЛИКО ТЪРНОВО,Local Shop,Bronze,Not Seasonal,At Home
104781,НОН СТОП ЕООД,Велико Търново,КУЦИНА,Local Shop,Iron,Not Seasonal,At Home
100672,Магазин ЕООД,Велико Търново,ГОРНА ОРЯХОВИЦА,Supermarket,Silver,Not Seasonal,At Home
102770,ПАВИЛИОН ЕООД,Велико Търново,БЕБРОВО,Local Shop,Bronze,Not Seasonal,At Home
101056,ТРАФИК ЕООД,Велико Търново,ВЕЛИКО ТЪРНОВО,Supermarket,Silver,Not Seasonal,At Home
103350,НОН СТОП ЕООД,Варна,ВАРНА,Local Shop,Gold,Seasonal,At Home
103338,ДЖОБОКС 2 ЕООД,Варна,ВАРНА,Local Shop,Gold,Seasonal,At Home
100149,АВТОГАРА КАФЕ ЕООД,Бургас,РАВДА,Local Shop,Silver,Seasonal,At Home
105711,СЛАДОЛЕД РАФИ ЕООД,Бургас,СОЗОПОЛ,Bar,Bronze,Seasonal,Out of Home
109287,ДЖОБОКС ЕООД,Бургас,БУРГАС,Bar,Silver,Seasonal,Out of Home
110881,ПАВИЛЬОН КАБАКУМ ЕООД,Бургас,НЕСЕБЪР,Restaurant,Bronze,Seasonal,Out of Home
110129,ДАЯНА ЕООД,Варна,БЯЛА,Fast-food,Bronze,Seasonal,Out of Home
100299,МЕРИ МД ЕООД,Бургас,ОБЗОР,Local Shop,Silver,Seasonal,Out of Home
105641,ПИЦА И БЕЙКЪРИ ДЕНИТО ЕООД,Бургас,КИТЕН,Bar,Silver,Seasonal,Out of Home
100146,ДЕКАРИЕР ЕООД,Бургас,НЕСЕБЪР,Local Shop,Silver,Seasonal,At Home
109335,ДЕСО ЕООД,Бургас,БУРГАС,Fast-food,Gold,Seasonal,Out of Home
107243,ГЕРДЖИК ЕООД,Бургас,ПОМОРИЕ,Supermarket,Silver,Seasonal,At Home
111328,ЛЮБЕЗНИЯ ДСК ЕООД,Бургас,РАВДА,Fast-food,Silver,Seasonal,Out of Home
100992,МАГАЗИН РЕНИ КАЛИПЕТРОВО ЕООД,Бургас,ПРИМОРСКО,Supermarket,Gold,Seasonal,At Home
111955,ДИМОВИ ЕООД,Разград,РАЗГРАД,Local Shop,Gold,Not Seasonal,At Home
105287,АЛКОХОЛ И ЦИГАРИ МИТНИЦА ЕООД,Варна,ВАРНА,Cafe,Gold,Seasonal,Out of Home
105465,АЛЬОША ЕООД,Бургас,БУРГАС,Cafe,Gold,Seasonal,Out of Home
100507,ДЕСИ ЕООД,Бургас,СЛЪНЧЕВ БРЯГ,Supermarket,Gold,Seasonal,At Home
110363,POPULAR COFFEE SHOP ЕООД,Бургас,НЕСЕБЪР,Fast-food,Gold,Seasonal,Out of Home
107839,ПИСИ ЕООД,Бургас,ПРИМОРСКО,Restaurant,Silver,Seasonal,Out of Home
106826,НАСИСТРОЙ ЕООД,Бургас,СЛЪНЧЕВ БРЯГ,Nightclub,Silver,Seasonal,Out of Home
100144,ВЕРЗО СИЛИСТРА ЕООД,Бургас,СВЕТИ ВЛАС,Local Shop,Silver,Seasonal,At Home
100222,ГАЛАГАН ЕООД,Бургас,БУРГАС,Local Shop,Bronze,Not Seasonal,At Home
110492,Харман ЕООД,Варна,ВАРНА,Fast-food,Gold,Seasonal,Out of Home
103377,АР ТРЕЙД ЕООД,Варна,ВАРНА,Local Shop,Bronze,Not Seasonal,At Home
106477,МАГАЗИН ЕООД,Варна,ДОЛНИ ЧИФЛИК,Cafe,Silver,Not Seasonal,Out of Home
100792,Юмега ЕООД,Сливен,СЛИВЕН,Supermarket,Silver,Not Seasonal,At Home
100928,РОЛЕВИ 2 ЕООД,Бургас,СРЕДЕЦ,Supermarket,Iron,Not Seasonal,At Home
111892,Емо ЕООД,Бургас,БУРГАС,Superette,Iron,Not Seasonal,At Home
106487,МАГАЗИН ЕООД,Бургас,БУРГАС,Cafe,Bronze,Not Seasonal,Out of Home
108259,ХРАНИТЕЛНИ СТОКИ ЕООД,Бургас,ЛОЗЕНЕЦ,Restaurant,Bronze,Seasonal,Out of Home
103786,ХРАНИТЕЛНИ СТОКИ ЕООД,Бургас,БУРГАС,Local Shop,Bronze,Not Seasonal,At Home
103785,ТИТО ЕООД,Бургас,БУРГАС,Local Shop,Iron,Not Seasonal,At Home
105458,ХРАНИТЕЛНИ СТОКИ ЕООД,Бургас,БУРГАС,Cafe,Bronze,Not Seasonal,Out of Home
104248,МАГАЗИН ЕООД,Ямбол,КУКОРЕВО,Local Shop,Silver,Not Seasonal,At Home
110823,АЗРА ЕООД,Бургас,БУРГАС,Restaurant,Bronze,Not Seasonal,Out of Home
101243,ХРАНИТЕЛНИ СТОКИ ЕООД,Сливен,БЯЛА,Cafe,Iron,Not Seasonal,At Home
101244,МАГАЗИН ОАЗИС ЕООД,Сливен,СЛИВЕН,Cafe,Iron,Not Seasonal,At Home
100994,РУМЯНА КОЛЕВА ЕООД,Бургас,ПРИМОРСКО,Supermarket,Iron,Not Seasonal,At Home
100788,БЪРЗА ЗАКУСКА ЕООД,Сливен,СЛИВЕН,Supermarket,Bronze,Not Seasonal,At Home
111975,ПАЛМА РАЙ ЕООД,Сливен,СЛИВЕН,Local Shop,Silver,Not Seasonal,At Home
104109,ХРАНИТЕЛНИ СТОКИ ЕООД,Бургас,АХТОПОЛ,Local Shop,Gold,Not Seasonal,At Home
104082,АМОРЕ ЕООД,Бургас,АХТОПОЛ,Local Shop,Gold,Not Seasonal,At Home
107838,СМЕСЕН МАГАЗИН ЕООД,Бургас,ПРИМОРСКО,Restaurant,Silver,Seasonal,Out of Home
105200,МАГАЗИН 888 ЕООД,Бургас,КИТЕН,Cafe,Silver,Seasonal,Out of Home
105461,ХРАНИТЕЛНИ СТОКИ ЕООД,Бургас,БУРГАС,Cafe,Silver,Seasonal,Out of Home
106322,ПЕСТО ЕООД,Бургас,БУРГАС,Local Shop,Gold,Not Seasonal,At Home
105772,ПЕТЯ ЕООД,Бургас,БУРГАС,Fast-food,Silver,Not Seasonal,Out of Home
105546,НЯМА ЕООД,Бургас,СОЗОПОЛ,Cafe,Gold,Seasonal,Out of Home
109522,МАГАЗИН ХС ЕООД,Бургас,ОБЗОР,Fast-food,Bronze,Seasonal,Out of Home
103412,МАГАЗИН ЗА ВСИЧКО ЕООД,Сливен,СЛИВЕН,Local Shop,Silver,Not Seasonal,At Home
105125,МАГАЗИН ЕООД,Бургас,СЛЪНЧЕВ БРЯГ,Cafe,Silver,Not Seasonal,Out of Home
103784,ХРАНИТЕЛНИ СТОКИ ЕООД,Бургас,БУРГАС,Local Shop,Silver,Not Seasonal,At Home
108461,ЛФС ЕООД,Бургас,СОЗОПОЛ,Restaurant,Silver,Seasonal,Out of Home
105306,ХРАНИТЕЛНИ СТОКИ ЕООД,Бургас,КАРНОБАТ,Cafe,Iron,Not Seasonal,Out of Home
108352,БИГИ ЕООД,Бургас,ЦАРЕВО,Restaurant,Bronze,Seasonal,Out of Home
108050,Табак Маркет ЕООД,Бургас,ПОМОРИЕ,Restaurant,Silver,Not Seasonal,Out of Home
108070,МАГАЗИН ЕООД,Бургас,ПОМОРИЕ,Restaurant,Silver,Seasonal,Out of Home
104508,ДОБАМИГ ООД ЕООД,Варна,ДОЛНИ ЧИФЛИК,Local Shop,Gold,Not Seasonal,At Home
100756,КОРНЕР ЕООД,Бургас,АЙТОС,Supermarket,Bronze,Not Seasonal,At Home
107121,ДИМИЛНИКА ЕООД,Бургас,БУРГАС,Superette,Gold,Not Seasonal,At Home
111417,Магазин ЕООД,Бургас,СОЗОПОЛ,Fast-food,Silver,Seasonal,Out of Home
101016,ПАВИЛИОН ЕООД,Бургас,КИТЕН,Supermarket,Silver,Not Seasonal,At Home
107248,ПРИМЕРА ЕООД,Ямбол,ЕЛХОВО,Supermarket,Silver,Not Seasonal,At Home
106611,Бандерол ЕООД,Бургас,СОЗОПОЛ,Cafe,Iron,Not Seasonal,Out of Home
101374,ДЖОАНА ЕООД,Бургас,БУРГАС,Nightclub,Bronze,Seasonal,Out of Home
108790,Магазин ЕООД,Бургас,ПРИМОРСКО,Hotels,Gold,Seasonal,Out of Home
109733,BEACH SHOP ЕООД,Бургас,СЛЪНЧЕВ БРЯГ,Superette,Gold,Seasonal,Out of Home
104509,МАГАЗИН ЕООД,Варна,ДОЛНИ ЧИФЛИК,Local Shop,Bronze,Seasonal,At Home
108052,ДЖЕМА ЕООД,Бургас,ОБЗОР,Restaurant,Gold,Seasonal,Out of Home
112071,ДАНА ЕООД,Ямбол,ЯМБОЛ,Superette,Bronze,Not Seasonal,At Home
106441,ЦАРЕВЕЦ ЕООД,Бургас,БУРГАС,Cafe,Iron,Not Seasonal,At Home
100528,МАГАЗИН КАЛИАКРА ЕООД,Бургас,СЛЪНЧЕВ БРЯГ,Supermarket,Gold,Seasonal,At Home
108657,ИДОЛ ЕООД,Бургас,СЛЪНЧЕВ БРЯГ,Hotels,Silver,Seasonal,Out of Home
107638,КАФЕ АЛКОХОЛ ЦИГАРИ ЕООД,Бургас,СЛЪНЧЕВ БРЯГ,Restaurant,Gold,Seasonal,Out of Home
100508,ВИЛИ-ТУР ВАРНА ЕООД ЕООД,Бургас,СЛЪНЧЕВ БРЯГ,Supermarket,Gold,Seasonal,At Home
111799,ВАРШАВА ЕООД,Бургас,СЛЪНЧЕВ БРЯГ,Bar,Bronze,Seasonal,Out of Home
108907,АЛКОХОЛ И ЦИГАРИ ЕООД,Бургас,ОБЗОР,Hotels,Bronze,Seasonal,Out of Home
108356,ГЕОРГИ МИТЕВ - БАЛИК ЕООД,Бургас,ЛОЗЕНЕЦ,Restaurant,Bronze,Seasonal,Out of Home
105116,INSTA SHOP ЕООД,Бургас,СВЕТИ ВЛАС,Cafe,Bronze,Not Seasonal,Out of Home
110949,МАГАЗИН ЕООД,Бургас,СЛЪНЧЕВ БРЯГ,Hotels,Gold,Seasonal,Out of Home
111190,ШОП ЕООД,Бургас,СВЕТИ ВЛАС,Hotels,Gold,Seasonal,Out of Home
100496,ХЛ СИЛВЕР ЕООД,Бургас,СЛЪНЧЕВ БРЯГ,Supermarket,Silver,Seasonal,At Home
108656,МАГАЗИН ЗА ХР СТОКИ АТИ ЕООД,Бургас,СЛЪНЧЕВ БРЯГ,Hotels,Bronze,Seasonal,Out of Home
104083,LUPO ЕООД,Бургас,ПРИМОРСКО,Local Shop,Silver,Not Seasonal,At Home
108044,GRAND MARKET ЕООД,Бургас,ПОМОРИЕ,Restaurant,Silver,Not Seasonal,Out of Home
105201,ЧУЧУРИТЕ ЕООД,Бургас,БРЪШЛЯН,Cafe,Bronze,Seasonal,Out of Home
100529,МАГАЗИН ЕООД,Бургас,СЛЪНЧЕВ БРЯГ,Supermarket,Gold,Seasonal,At Home
108652,ГЕОРГИ МИТЕВ ЕООД,Бургас,СВЕТИ ВЛАС,Hotels,Gold,Seasonal,Out of Home
108882,БАНДЕРОЛ ЕООД,Бургас,ПОМОРИЕ,Hotels,Gold,Seasonal,Out of Home
109732,СУПЕРМАРКЕТ ВАРНА ЕООД,Бургас,СЛЪНЧЕВ БРЯГ,Superette,Silver,Seasonal,Out of Home
109125,МАГАЗИН НАРГИЛЕ ЕООД,Бургас,СОЗОПОЛ,Hotels,Gold,Seasonal,Out of Home
106825,БУДКА МГ ЕООД,Бургас,СЛЪНЧЕВ БРЯГ,Nightclub,Bronze,Seasonal,Out of Home
109126,НИКВА ЕООД,Бургас,СОЗОПОЛ,Hotels,Silver,Seasonal,Out of Home
107640,КАБАКУМ ШОП ЕООД,Бургас,СЛЪНЧЕВ БРЯГ,Restaurant,Gold,Seasonal,Out of Home
107924,АЛБА ЕООД,Бургас,НЕСЕБЪР,Restaurant,Gold,Seasonal,Out of Home
102305,ВАЛДИ ЕООД,Бургас,ОБЗОР,Local Shop,Bronze,Seasonal,At Home
108457,АЛФА МАРКЕТ ЕООД,Бургас,СОЗОПОЛ,Restaurant,Gold,Seasonal,Out of Home
109103,ХРАНИТЕЛНИ СТОКИ ЕООД,Бургас,ЛОЗЕНЕЦ,Hotels,Bronze,Seasonal,Out of Home
108663,Х МАРКЕТ ЕООД,Бургас,СВЕТИ ВЛАС,Hotels,Silver,Seasonal,Out of Home
108793,МАГАЗИН ЕООД,Бургас,ПРИМОРСКО,Hotels,Silver,Seasonal,Out of Home
108802,ПИРАТИ ЕООД,Бургас,КИТЕН,Hotels,Silver,Seasonal,Out of Home
108805,БРИТАНИЯ ЕООД,Бургас,ПРИМОРСКО,Hotels,Silver,Not Seasonal,Out of Home
106190,МАГАЗИН ЕООД,Бургас,БУРГАС,Fast-food,Bronze,Not Seasonal,Out of Home
105132,"КАФЕ,ЦИГАРИ,АЛКОХОЛ ЕООД",Бургас,СВЕТИ ВЛАС,Cafe,Silver,Seasonal,Out of Home
109497,МАРКЕТ Ц ЕООД,Бургас,РАВДА,Fast-food,Silver,Seasonal,Out of Home
108659,ТЕОЛИН ЕООД,Бургас,СВЕТИ ВЛАС,Hotels,Silver,Seasonal,Out of Home
103682,ВАЛДИ ЕООД,Сливен,КОТЕЛ,Local Shop,Iron,Not Seasonal,At Home
109104,БРАВО ЕООД,Бургас,СИНЕМОРЕЦ,Hotels,Bronze,Seasonal,Out of Home
109789,БОРОМА 22 ЕООД ЕООД,Бургас,МАЛКО ТЪРНОВО,Hotels,Bronze,Not Seasonal,Out of Home
109129,ДЕЛТА ЕООД,Бургас,СОЗОПОЛ,Hotels,Silver,Seasonal,Out of Home
110954,ХР МН ЕООД,Бургас,СЛЪНЧЕВ БРЯГ,Hotels,Gold,Seasonal,Out of Home
109755,МИТЕВА - КОП ЕООД,Варна,АСПАРУХОВО,Hotels,Bronze,Seasonal,Out of Home
109096,ФРЕШ ЕООД,Бургас,ЦАРЕВО,Hotels,Bronze,Seasonal,Out of Home
107840,НЕКТАР МАРКЕТ ЕООД,Бургас,КИТЕН,Restaurant,Silver,Seasonal,Out of Home
108355,ЛАФКА ЕООД,Бургас,ЦАРЕВО,Restaurant,Bronze,Seasonal,Out of Home
109197,МХС ВАСИЛЕВА ЕООД,Бургас,СОЗОПОЛ,Hotels,Silver,Seasonal,Out of Home
109717,ХРАНИТЕЛНИ СТОКИ ЕООД,Бургас,СОЗОПОЛ,Fast-food,Silver,Seasonal,Out of Home
109192,МАГАЗИН ЛИДИ ЕООД,Бургас,КИТЕН,Hotels,Silver,Seasonal,Out of Home
108382,ХРАНИТЕЛНИ СТОКИ ЕООД,Бургас,ПРИМОРСКО,Restaurant,Gold,Seasonal,Out of Home
108796,ДЪНХИЛ ЕООД,Бургас,КИТЕН,Hotels,Gold,Seasonal,Out of Home
108354,МАГАЗИН ЕООД,Бургас,ЛОЗЕНЕЦ,Restaurant,Bronze,Seasonal,Out of Home
109117,ЛАГУНА ЕООД,Бургас,СОЗОПОЛ,Hotels,Silver,Seasonal,Out of Home
101363,ШОП ЕООД,Бургас,РАВДА,Nightclub,Silver,Seasonal,Out of Home
108658,МАГАЗИН ЕООД,Бургас,СЛЪНЧЕВ БРЯГ,Hotels,Silver,Seasonal,Out of Home
109204,ХР СТОКИ ЕООД,Бургас,СОЗОПОЛ,Hotels,Silver,Seasonal,Out of Home
109203,СИМАКС ЕООД,Бургас,СОЗОПОЛ,Hotels,Silver,Seasonal,Out of Home
106572,Пристанище ЕООД,Бургас,ОБЗОР,Cafe,Bronze,Not Seasonal,Out of Home
108797,МАГАЗИН ДЖЕС ЕООД,Бургас,КИТЕН,Hotels,Gold,Seasonal,Out of Home
109202,ИНТЕРНАЦИОНАЛ ЕООД,Бургас,ЧЕРНОМОРЕЦ,Hotels,Silver,Seasonal,Out of Home
107641,ВЕНИС ЕООД,Бургас,СЛЪНЧЕВ БРЯГ,Restaurant,Gold,Seasonal,Out of Home
109201,ИДОЛ ЕООД,Бургас,СОЗОПОЛ,Hotels,Silver,Seasonal,Out of Home
108798,АДМИРАЛ ЕООД,Бургас,ПРИМОРСКО,Hotels,Silver,Seasonal,Out of Home
108660,Микс Маркт ЕООД,Бургас,СЛЪНЧЕВ БРЯГ,Hotels,Bronze,Seasonal,Out of Home
105111,МАКС ШОПС ЕООД,Бургас,СЛЪНЧЕВ БРЯГ,Cafe,Gold,Seasonal,Out of Home
105196,ДОМАШЕН СЛАДОЛЕД ЕООД,Бургас,ДИМЧЕВО,Cafe,Silver,Not Seasonal,Out of Home
106690,АЛДО ЕООД,Сливен,СЛИВЕН,Superette,Gold,Not Seasonal,At Home
108868,ДАР 2000 ЕООД,Бургас,НЕСЕБЪР,Hotels,Silver,Seasonal,Out of Home
107098,ВАЛДИ ЕООД,Бургас,БУРГАС,Superette,Iron,Not Seasonal,At Home
107239,НУНЕ  ПЕНКА НИКОЛОВА ЕТ ЕООД,Бургас,КАРНОБАТ,Supermarket,Silver,Not Seasonal,At Home
112004,МАГАЗИН ГЕРГАНА ЦЕНТЪР ЕООД,Бургас,БУРГАС,Local Shop,Silver,Not Seasonal,At Home
106376,МАГАЗИН САРДИНИЯ ЕООД,Бургас,БУРГАС,Cafe,Iron,Not Seasonal,Out of Home
108881,МПС ПРИСТАНИЩЕ СТАР ГРАД ЕООД,Бургас,ПОМОРИЕ,Hotels,Silver,Seasonal,Out of Home
108789,МИКС МАРКТ МЕДЖИК ЕООД,Бургас,ПРИМОРСКО,Hotels,Silver,Seasonal,Out of Home
110960,МПС СИКРЕТС БИЙЧ ЕООД,Бургас,СОЗОПОЛ,Hotels,Gold,Seasonal,Out of Home
108806,МПС СТЕФАНИ ВИСТА ДЕЛ МАР ЕООД,Бургас,ПРИМОРСКО,Hotels,Silver,Seasonal,Out of Home
108661,ПРИВИЛИДЖ МАРКЕТ ЕООД,Бургас,СЛЪНЧЕВ БРЯГ,Hotels,Gold,Seasonal,Out of Home
109190,МПС ХАРМОНИЯ ЕЛЕНИТЕ ЕООД,Бургас,ПРИМОРСКО,Hotels,Silver,Seasonal,Out of Home
105554,ЕЛ - СА ЕКСПО ЕООД ЕООД,Бургас,БУРГАС,Cafe,Iron,Not Seasonal,Out of Home
108353,МПС ЕООД,Бургас,ЛОЗЕНЕЦ,Restaurant,Silver,Seasonal,Out of Home
109083,СИНЕВА 2019 ООД МПС В К-С КАСА БЕЙ ЕООД,Бургас,ЛОЗЕНЕЦ,Hotels,Bronze,Seasonal,Out of Home
108801,МН КАБАНА КВ. ЧЕРНО МОРЕ ЕООД,Бургас,КИТЕН,Hotels,Silver,Seasonal,Out of Home
105531,МАГАЗИН РОЯЛ ЕООД,Бургас,ФАКИЯ,Cafe,Bronze,Seasonal,Out of Home
109074,КАПРИЗ 24 ЕООД ЕООД,Бургас,ВАРВАРА,Hotels,Bronze,Seasonal,Out of Home
108357,ТАБАКО МОЛ 1 ЕООД ЕООД,Бургас,ЛОЗЕНЕЦ,Restaurant,Bronze,Seasonal,Out of Home
105212,АНИ КОМЕРС 70 ЕООД ЕООД,Бургас,БУРГАС,Cafe,Iron,Not Seasonal,Out of Home
100926,МХС МИСТРАЛ ЕООД,Бургас,ЗОРНИЦА,Supermarket,Bronze,Not Seasonal,At Home
103421,МПС ЕООД,Сливен,СЛИВЕН,Local Shop,Silver,Not Seasonal,At Home
108563,НИКИ ТО ООД ЕООД,Варна,ШКОРПИЛОВЦИ,Hotels,Bronze,Seasonal,Out of Home
108045,МПС ВИГО ЕООД,Бургас,ПОМОРИЕ,Restaurant,Gold,Seasonal,Out of Home
108841,TABACCO SHOP ЕООД,Бургас,РАВДА,Hotels,Silver,Seasonal,Out of Home
105308,МАГАЗИН Х-Л БИЖУ ПЛАЖНА АЛЕЯ ЕООД,Бургас,РУЕН,Cafe,Silver,Not Seasonal,Out of Home
110378,МПС ЕООД,Бургас,РУЕН,Fast-food,Silver,Not Seasonal,Out of Home
103592,МИНИМАРКЕТ ЕООД,Бургас,АЙТОС,Local Shop,Gold,Not Seasonal,At Home
102296,ТАБАКО МОЛ 2 ЕООД ЕООД,Бургас,ОБЗОР,Local Shop,Gold,Not Seasonal,At Home
106878,МПС КОРНЕР ЕООД,Бургас,СОЗОПОЛ,Nightclub,Silver,Not Seasonal,Out of Home
107111,МПС ГАЛЕРИЯ ЕООД,Бургас,БУРГАС,Superette,Iron,Not Seasonal,At Home
106841,МАГАЗИН БИЛЯНА ЕООД,Бургас,КИТЕН,Nightclub,Silver,Seasonal,Out of Home
108048,МХС СИНЯ ПЕРЛА ЕООД,Бургас,КАРНОБАТ,Restaurant,Silver,Not Seasonal,Out of Home
109206,МПС ЗАРО ЕООД,Бургас,СОЗОПОЛ,Hotels,Silver,Seasonal,Out of Home
101263,БИР БОКС ЕООД,Бургас,СРЕДЕЦ,Cafe,Silver,Not Seasonal,At Home
106370,ППЛОД-ЗЕЛЕНЧУК ВЕТАВА ЕООД,Бургас,БУРГАС,Cafe,Iron,Not Seasonal,Out of Home
103782,МПС ПОСЕЙДОН ЕООД,Бургас,БУРГАС,Local Shop,Bronze,Not Seasonal,At Home
108671,МПС ЕООД,Бургас,КОШАРИЦА,Hotels,Bronze,Seasonal,Out of Home
109417,МПС РИВАЙВЪЛ ЕООД,Бургас,БУРГАС,Fast-food,Gold,Not Seasonal,Out of Home
104080,МПС ГАЛЕОН 2 ЕООД,Бургас,ПРИМОРСКО,Local Shop,Silver,Seasonal,At Home
103687,МХС ЕООД,Сливен,ЧОКОБА,Local Shop,Iron,Not Seasonal,At Home
100268,МХС ”ПАЛАС” ЕООД,Бургас,БУРГАС,Local Shop,Silver,Not Seasonal,At Home
104094,МПС “ЖОЕЛ” ЕООД,Ямбол,БОЯНОВО,Local Shop,Bronze,Not Seasonal,At Home
100185,МПС “УАШАКОВ АТВ” ЕООД,Бургас,БУРГАС,Local Shop,Bronze,Not Seasonal,At Home
103983,СУПЕРМАРКЕТ “СЪНИ ДЕЙ 6” ЕООД,Бургас,БУРГАС,Local Shop,Bronze,Not Seasonal,At Home
103916,МИНИМАРКЕТ “АМОРЕ-РА” ЕООД,Бургас,ЧЕРНОМОРЕЦ,Local Shop,Bronze,Not Seasonal,At Home
105462,МПС АРИЯ ЕООД,Бургас,ЦАРЕВО,Cafe,Bronze,Seasonal,Out of Home
106565,МИНИМАРКЕТ ВИНИ АРТС ЕООД,Бургас,ПОМОРИЕ,Cafe,Silver,Seasonal,Out of Home
108570,ЕМЕРАЛД НЮ УЕЙ ЕООД ЕООД,Варна,АСПАРУХОВО,Hotels,Bronze,Seasonal,Out of Home
107458,МАГАЗИН ПРАДАЙЗ БИЙЧ ПЛАЖ ЕООД,Бургас,СЛЪНЧЕВ БРЯГ,Restaurant,Silver,Seasonal,Out of Home
104128,МАГАЗИН СЕ-СД ЕООД,Ямбол,ВЕСЕЛИНОВО,Local Shop,Iron,Not Seasonal,At Home
108654,МАГАЗИН БЪТЕРФЛАЙ ЕООД,Бургас,СЛЪНЧЕВ БРЯГ,Hotels,Gold,Seasonal,Out of Home
105559,МПС ГОШО ЕООД,Бургас,МИНЕРАЛНИ БАНИ,Cafe,Bronze,Not Seasonal,Out of Home
111670,МПС ЙОТИС ЕООД,Бургас,ПОМОРИЕ,Fast-food,Silver,Seasonal,Out of Home
104919,МХС РОЯЛ СЪН ЕООД,Бургас,СЛЪНЧЕВ БРЯГ,Cafe,Silver,Seasonal,Out of Home
108846,СУПЕРМАРКЕТ БАРСЕЛОНА ЕООД,Бургас,РАВДА,Hotels,Silver,Seasonal,Out of Home
106317,МАГАЗИН Х-Л ПАРАДАЙЗ БИЙЧ РЕЦЕПЦИЯ ЕООД,Бургас,ЛОЗЕНЕЦ,Local Shop,Gold,Not Seasonal,At Home
109078,МХС ТОПЧЕВ ЕООД,Бургас,СИНЕМОРЕЦ,Hotels,Bronze,Seasonal,Out of Home
110153,СУПЕРМАРКЕТ РОЗЕ ЕООД,Бургас,БУРГАС,Fast-food,Iron,Not Seasonal,Out of Home
106314,МПК НАНСИ ЕООД,Бургас,КИТЕН,Local Shop,Gold,Seasonal,At Home
108140,МАГАЗИН БЕНДИДА И КО ЕООД,Бургас,ПОМОРИЕ,Restaurant,Silver,Seasonal,Out of Home
108141,МХС ЕРИКА ЕООД,Бургас,ПОМОРИЕ,Restaurant,Silver,Seasonal,Out of Home
100519,МПС “МИТКА” ЕООД,Бургас,СЛЪНЧЕВ БРЯГ,Supermarket,Gold,Seasonal,At Home
108614,СМЕСЕН МАГАЗИН СТОЯН ЕООД,Бургас,СЛЪНЧЕВ БРЯГ,Hotels,Gold,Seasonal,Out of Home
107466,ПАКЕТИРАНИ СТОКИ МЕЛОДИЯ ЕООД,Бургас,СВЕТИ ВЛАС,Restaurant,Silver,Seasonal,Out of Home
105225,КАСКАДАС ЕООД,Бургас,БУРГАС,Cafe,Bronze,Not Seasonal,Out of Home
106443,МАГАЗИН ФАВОРИТ ЕООД,Бургас,НЕСЕБЪР,Cafe,Iron,Not Seasonal,Out of Home
107932,МАГАЗИН СВЕТА СОФИЯ ЕООД,Бургас,НЕСЕБЪР,Restaurant,Gold,Seasonal,Out of Home
101371,МАГАЗИН ДЕЛФИН ЕООД,Бургас,ЛОЗЕНЕЦ,Nightclub,Silver,Seasonal,Out of Home
107463,РОС 52 ЕООД ЕООД,Бургас,СЛЪНЧЕВ БРЯГ,Restaurant,Silver,Seasonal,Out of Home
111206,МАГАЗИН ЕООД,Бургас,ОБЗОР,Hotels,Gold,Seasonal,Out of Home
108490,МПС КОНДОР ЕООД,Бургас,СОЗОПОЛ,Restaurant,Silver,Seasonal,Out of Home
108852,НОАР 25 ЕООД ЕООД,Бургас,РАВДА,Hotels,Silver,Seasonal,Out of Home
104907,МПС АСТОРИЯ ЕООД,Бургас,СЛЪНЧЕВ БРЯГ,Cafe,Gold,Seasonal,Out of Home
107462,ХОТЕЛ СОФИЯ ЕООД,Бургас,СЛЪНЧЕВ БРЯГ,Restaurant,Gold,Seasonal,Out of Home
108629,МАГАЗИН ПОЛИ ЕООД,Бургас,СЛЪНЧЕВ БРЯГ,Hotels,Gold,Seasonal,Out of Home
111195,М-Н ГОЛДЪН БИЙЧ ЕООД,Бургас,ПРИМОРСКО,Hotels,Gold,Seasonal,Out of Home
110933,МПС ЕООД,Бургас,СЛЪНЧЕВ БРЯГ,Hotels,Silver,Seasonal,Out of Home
107843,МПС ЕООД,Бургас,ПРИМОРСКО,Restaurant,Silver,Seasonal,Out of Home
106313,КИПАРИСИТЕ ЕООД,Бургас,СОЗОПОЛ,Local Shop,Bronze,Seasonal,At Home
100142,КАТ МАРКЕТ ЕООД,Ямбол,ЯМБОЛ,Local Shop,Iron,Not Seasonal,At Home
104078,МПС СЪНИ ЕООД,Бургас,ПРИМОРСКО,Local Shop,Silver,Seasonal,At Home
108780,МПС ЕООД,Бургас,ПРИМОРСКО,Hotels,Silver,Seasonal,Out of Home
108792,ЕФИР ЕООД,Бургас,ПРИМОРСКО,Hotels,Silver,Seasonal,Out of Home
108791,МАГАЗИН ДИАНА ЕООД,Бургас,ПРИМОРСКО,Hotels,Bronze,Seasonal,Out of Home
109069,МХС ГЕРАС ЕООД,Бургас,ЛОЗЕНЕЦ,Hotels,Bronze,Seasonal,Out of Home
109134,МХС ЛОТОС ЕООД,Бургас,СОЗОПОЛ,Hotels,Silver,Seasonal,Out of Home
108505,МПС МАДЖЕСТИК ЕООД,Бургас,СОЗОПОЛ,Restaurant,Silver,Seasonal,Out of Home
109080,МПС ВИКТОРИЯ ПАЛАС ЕООД,Бургас,ЦАРЕВО,Hotels,Bronze,Seasonal,Out of Home
108616,МАГАЗИН ЕООД,Бургас,СВЕТИ ВЛАС,Hotels,Silver,Seasonal,Out of Home
108613,СУПЕРМАРКЕТ ПЛАНЕТА ЕООД,Бургас,СЛЪНЧЕВ БРЯГ,Hotels,Gold,Seasonal,Out of Home
107450,МАГАЗИН АЛБА ЕООД,Бургас,СВЕТИ ВЛАС,Restaurant,Silver,Seasonal,Out of Home
108617,МПС ДАЙМЪНД СКАЙ ЕООД,Бургас,СЛЪНЧЕВ БРЯГ,Hotels,Silver,Seasonal,Out of Home
105334,МАГАЗИН ЛИМО ЕООД,Бургас,БИЛКА,Cafe,Bronze,Seasonal,Out of Home
109471,МАГАЗИН НЕПТУН ЕООД,Бургас,КИТЕН,Fast-food,Silver,Seasonal,Out of Home
110139,МАГАЗИН ПАЛАС ЕООД,Варна,ШКОРПИЛОВЦИ,Fast-food,Bronze,Seasonal,Out of Home
105183,МПС ЕООД,Бургас,КИТЕН,Cafe,Silver,Seasonal,Out of Home
102234,МХС МАРИНА ЕООД,Бургас,КАБЛЕШКОВО,Local Shop,Silver,Not Seasonal,At Home
105058,М-Н ДУНАВ ЕООД,Сливен,БЯЛА,Cafe,Bronze,Seasonal,Out of Home
105208,МПС ЕООД,Бургас,АХЕЛОЙ,Cafe,Bronze,Seasonal,Out of Home
109164,МАГАЗИН ФЕЯ 2 ЕООД,Бургас,СОЗОПОЛ,Hotels,Silver,Seasonal,Out of Home
108830,МАГАЗИН ЕООД,Бургас,НЕСЕБЪР,Hotels,Silver,Seasonal,Out of Home
106140,СУПЕРМАРКЕТ ЕООД,Бургас,АХТОПОЛ,Fast-food,Bronze,Seasonal,Out of Home
108987,МПС ЕООД,Бургас,ПОМОРИЕ,Hotels,Silver,Seasonal,Out of Home
104900,МАГАЗИН СЪН СИТИ ЕООД,Бургас,СЛЪНЧЕВ БРЯГ,Cafe,Silver,Seasonal,Out of Home
103485,МАГАЗИН ЕООД,Ямбол,ЯМБОЛ,Local Shop,Gold,Not Seasonal,At Home
103468,МАГАЗИН ЕЛИТ 2 ЕООД,Ямбол,ЯМБОЛ,Local Shop,Silver,Not Seasonal,At Home
108986,МАГАЗИН ЕООД,Бургас,ПОМОРИЕ,Hotels,Silver,Seasonal,Out of Home
109082,МХС ЕООД,Бургас,ЛОЗЕНЕЦ,Hotels,Bronze,Seasonal,Out of Home
105193,М-Н ЛЕКСА ЕООД,Бургас,КИТЕН,Cafe,Silver,Seasonal,Out of Home
107457,МПС НЕПТУН ЕООД,Бургас,СЛЪНЧЕВ БРЯГ,Restaurant,Gold,Seasonal,Out of Home
109205,КОРЕКТ ГРУП 2020 ЕООД,Бургас,СОЗОПОЛ,Hotels,Bronze,Seasonal,Out of Home
100518,ВЛАС МАРКЕТС ЕООД ЕООД,Бургас,СЛЪНЧЕВ БРЯГ,Supermarket,Gold,Seasonal,At Home
108788,МАГАЗИНМАРИНЕЛИ ЕООД,Бургас,ПРИМОРСКО,Hotels,Silver,Seasonal,Out of Home
108331,ПАКЕТИРАНИ СТОКИ ЕООД,Бургас,ЛОЗЕНЕЦ,Restaurant,Bronze,Seasonal,Out of Home
107459,М-Н ДРИЙМС ЕООД,Бургас,СЛЪНЧЕВ БРЯГ,Restaurant,Gold,Seasonal,Out of Home
107488,МПС ФОРТ НОКС ЕООД,Бургас,СЛЪНЧЕВ БРЯГ,Restaurant,Gold,Seasonal,Out of Home
108464,МПС ЕООД,Бургас,ЧЕРНОМОРЕЦ,Restaurant,Bronze,Seasonal,Out of Home
109150,М Н БУРГАС ЕООД,Бургас,ЧЕРНОМОРЕЦ,Hotels,Silver,Seasonal,Out of Home
108513,М-Н АЛДИ 2 ЕООД,Бургас,СОЗОПОЛ,Restaurant,Silver,Not Seasonal,Out of Home
104077,М-Н ГЛОБЪЛ ЕООД,Бургас,ЦАРЕВО,Local Shop,Bronze,Seasonal,At Home
103943,МПС ЕООД,Бургас,РАВНА ГОРА,Local Shop,Bronze,Not Seasonal,At Home
108145,М-Н ФЕЯ ЕООД,Бургас,БУРГАС,Restaurant,Silver,Seasonal,Out of Home
107487,МАГАЗИН МИТИС ЕООД,Бургас,СВЕТИ ВЛАС,Restaurant,Bronze,Seasonal,Out of Home
104259,МАГАЗИН БИСЕР ЕООД,Бургас,БУРГАС,Local Shop,Bronze,Not Seasonal,At Home
103984,М-Н СЪНИ ДЕЙ 6 ЕООД,Бургас,ПОМОРИЕ,Local Shop,Silver,Not Seasonal,At Home
104222,МПС ЕООД,Стара Загора,ВЕТРЕН,Local Shop,Iron,Not Seasonal,At Home
110696,МПС ЕООД,Бургас,БУРГАС,Restaurant,Gold,Not Seasonal,Out of Home
111682,МПС ЕООД,Бургас,АЙТОС,Fast-food,Iron,Not Seasonal,Out of Home
104096,СМ БУЛЕВАРД ЕООД,Ямбол,ЕЛХОВО,Local Shop,Silver,Not Seasonal,At Home
106699,МПС ШАНС ЕООД,Бургас,ПОМОРИЕ,Superette,Gold,Not Seasonal,At Home
109791,МПС ЕООД,Бургас,ВЕЛИКА,Hotels,Bronze,Seasonal,Out of Home
104497,М-Н ВАВИЛОН ЕООД,Варна,ЦОНЕВО,Local Shop,Bronze,Not Seasonal,At Home
111888,КАРАТ ЕООД,Сливен,СЛИВЕН,Superette,Silver,Not Seasonal,At Home
104507,МПС КОТВА ЕООД,Варна,СТАРО ОРЯХОВО,Local Shop,Gold,Not Seasonal,At Home
103779,МПС ПЕРЛА ЕООД,Бургас,БУРГАС,Local Shop,Bronze,Not Seasonal,At Home
108575,МПС ЕООД,Варна,СОЛНИК,Hotels,Bronze,Seasonal,Out of Home
104076,МПС ЗОРНИЦА ЕООД,Бургас,РЕЗОВО,Local Shop,Bronze,Seasonal,At Home
106375,МАГАЗИН ВЪЗЕЛА ЕООД,Бургас,БУРГАС,Cafe,Gold,Not Seasonal,Out of Home
104066,МПС ЕООД,Бургас,РАВАДИНОВО,Local Shop,Silver,Not Seasonal,At Home
109913,ТАБАКО ШОП ЕООД,Бургас,БУРГАС,Cafe,Bronze,Not Seasonal,Out of Home
103985,МПС ЕООД,Бургас,БУРГАС,Local Shop,Silver,Not Seasonal,At Home
107468,МПС ЕООД,Бургас,СВЕТИ ВЛАС,Restaurant,Silver,Seasonal,Out of Home
104746,МПС ДРИЙМС ЕООД,Варна,ПЧЕЛНИК,Local Shop,Gold,Not Seasonal,At Home
104488,МПС СВЕТИ ВАЛЕНТИН ЕООД,Варна,ДЪЛГОПОЛ,Local Shop,Iron,Not Seasonal,At Home
104074,МПС ЕООД,Бургас,ПРИМОРСКО,Local Shop,Bronze,Not Seasonal,At Home
107811,МПС ЕООД,Бургас,ПРИМОРСКО,Restaurant,Gold,Seasonal,Out of Home
106701,МПС ЕООД,Бургас,ЧЕРНОМОРЕЦ,Superette,Gold,Not Seasonal,At Home
109152,МПС ЕООД,Бургас,СОЗОПОЛ,Hotels,Silver,Seasonal,Out of Home
105427,МПД СЪНИ ДЕЙ ЕООД,Бургас,ПОМОРИЕ,Cafe,Silver,Not Seasonal,Out of Home
107808,МПС ГЛОБУС ЕООД,Бургас,ПРИМОРСКО,Restaurant,Silver,Seasonal,Out of Home
108956,МПС ЕООД,Бургас,КАРНОБАТ,Hotels,Silver,Not Seasonal,Out of Home
106553,МПС ФОРЕСТ ЕООД,Бургас,КИТЕН,Cafe,Silver,Seasonal,Out of Home
108515,МПС ЕООД,Бургас,СОЗОПОЛ,Restaurant,Silver,Seasonal,Out of Home
107455,МПС ЕООД,Бургас,СЛЪНЧЕВ БРЯГ,Restaurant,Gold,Seasonal,Out of Home
107884,МПС ЕООД,Бургас,КИТЕН,Restaurant,Silver,Seasonal,Out of Home
100214,МПС ЕООД,Бургас,БУРГАС,Local Shop,Gold,Not Seasonal,At Home
100517,МЕРЛИН ЕООД,Бургас,СЛЪНЧЕВ БРЯГ,Supermarket,Gold,Seasonal,At Home
106320,ТАБАКО ШОП АЛБА ЕООД,Бургас,КИТЕН,Local Shop,Silver,Seasonal,At Home
109726,МХС ЕООД,Бургас,СЛЪНЧЕВ БРЯГ,Superette,Gold,Seasonal,Out of Home
108822,МПС ЕВРИКА ЕООД,Бургас,НЕСЕБЪР,Hotels,Silver,Seasonal,Out of Home
106764,МПС ПОМОРИЕ ЕООД,Бургас,СЛЪНЧЕВ БРЯГ,Nightclub,Gold,Seasonal,Out of Home
109029,МХС КАСКАДАС ЕООД,Бургас,ЛОЗЕНЕЦ,Hotels,Bronze,Seasonal,Out of Home
109039,МПС ФЛОРА ЕООД,Бургас,ЛОЗЕНЕЦ,Hotels,Bronze,Seasonal,Out of Home
108781,МПС ЕООД,Бургас,ПРИМОРСКО,Hotels,Gold,Seasonal,Out of Home
108937,МПС ЕООД,Бургас,ПОМОРИЕ,Hotels,Silver,Seasonal,Out of Home
111321,М-Н ЯСЕН ЕООД,Бургас,БУРГАС,Fast-food,Gold,Not Seasonal,Out of Home
107894,ТАБАКО ШОП ВИП ЕООД,Бургас,ПРИМОРСКО,Restaurant,Silver,Seasonal,Out of Home
109079,МАГАЗИН ЛОТОС ЕООД,Бургас,СИНЕМОРЕЦ,Hotels,Bronze,Seasonal,Out of Home
106556,МПС ГАБАНА ЕООД,Бургас,БУРГАС,Cafe,Iron,Not Seasonal,Out of Home
107886,ТАБАКО ШОП ЕООД,Бургас,ПРИМОРСКО,Restaurant,Silver,Seasonal,Out of Home
107867,МПС ЕООД,Бургас,ПРИМОРСКО,Restaurant,Gold,Seasonal,Out of Home
104898,МПС ТИАРА ЕООД,Бургас,СЛЪНЧЕВ БРЯГ,Cafe,Gold,Seasonal,Out of Home
103467,МАГАЗИН ЕООД,Ямбол,ЯМБОЛ,Local Shop,Gold,Not Seasonal,At Home
111024,МПС ЕООД,Бургас,ОБЗОР,Hotels,Gold,Seasonal,Out of Home
109568,МПС ЕООД,Бургас,ПОМОРИЕ,Fast-food,Silver,Seasonal,Out of Home
108317,МПС ЕООД,Бургас,АХТОПОЛ,Restaurant,Bronze,Seasonal,Out of Home
105317,МПС БАЛАТОН ЕООД,Бургас,ЛЮЛЯКОВО,Cafe,Bronze,Not Seasonal,Out of Home
103466,КАСА РОСА ЕООД,Ямбол,ЯМБОЛ,Local Shop,Gold,Not Seasonal,At Home
103465,МПС БАЙКАЛ ЕООД,Ямбол,ЯМБОЛ,Local Shop,Silver,Not Seasonal,At Home
110089,МПС ЕООД,Бургас,БУРГАС,Cafe,Iron,Not Seasonal,Out of Home
107878,МПС МЕРИ ЕООД,Бургас,ПРИМОРСКО,Restaurant,Bronze,Seasonal,Out of Home
107186,МПС ЕЛИТ 2 ЕООД,Бургас,ПРИМОРСКО,Superette,Silver,Seasonal,At Home
107928,МАГАЗИН КОТ ДИ АЗУР ЕООД,Бургас,РАВДА,Restaurant,Gold,Seasonal,Out of Home
100262,МПС ЕООД,Бургас,БУРГАС,Local Shop,Bronze,Not Seasonal,At Home
108074,МПС БУМЕРАНГ ЕООД,Бургас,ОБЗОР,Restaurant,Bronze,Seasonal,Out of Home
110176,СУПЕРМАРКЕТ ЕООД,Бургас,БУРГАС,Fast-food,Gold,Not Seasonal,Out of Home
108633,МПС ЕООД,Бургас,СВЕТИ ВЛАС,Hotels,Silver,Seasonal,Out of Home
108328,МАГАЗИН ЧЕРИ ЕООД,Бургас,БУРГАС,Restaurant,Silver,Not Seasonal,Out of Home
107461,МПС ЕООД,Бургас,СЛЪНЧЕВ БРЯГ,Restaurant,Gold,Seasonal,Out of Home
108634,МПС МИДИЯ ЕООД,Бургас,СЛЪНЧЕВ БРЯГ,Hotels,Silver,Seasonal,Out of Home
108619,МПС ЕООД,Бургас,СЛЪНЧЕВ БРЯГ,Hotels,Bronze,Seasonal,Out of Home
100134,МПС МАГУРА ЕООД,Бургас,НЕСЕБЪР,Local Shop,Silver,Seasonal,At Home
111178,МПС КУБАН ЕООД,Бургас,ЕЛЕНИТЕ,Hotels,Gold,Seasonal,Out of Home
109769,МПС МЕКСО ЕООД,Бургас,КОШАРИЦА,Hotels,Bronze,Seasonal,Out of Home
107963,МПС ЕООД,Бургас,НЕСЕБЪР,Restaurant,Gold,Seasonal,Out of Home
106246,МПС ИМПЕРИАЛ ЕООД,Бургас,НЕСЕБЪР,Local Shop,Bronze,Seasonal,At Home
105234,МПС ДИАМАНТ ЕООД,Бургас,НЕСЕБЪР,Cafe,Gold,Seasonal,Out of Home
105236,МПС РИО ПАРАДАЙЗ ЕООД,Бургас,РАВДА,Cafe,Silver,Seasonal,Out of Home
103574,СЪНИ ХОЛИДЕЙ ЕООД,Бургас,РАВДА,Local Shop,Silver,Not Seasonal,At Home
107955,ЕЛИ ЕООД,Бургас,РАВДА,Restaurant,Bronze,Seasonal,Out of Home
102139,ИЛВАЯ ЕООД,Бургас,ПРОСЕНИК,Local Shop,Silver,Not Seasonal,At Home
102213,АВТОТРЕЙД СА ЕООД,Бургас,ТРЪНАК,Local Shop,Silver,Not Seasonal,At Home
103608,ЕНОРИС ЕООД,Бургас,ТОПОЛИЦА,Local Shop,Iron,Not Seasonal,At Home
100241,ЧЕФО ЕООД,Бургас,БУРГАС,Local Shop,Silver,Not Seasonal,At Home
106284,СПИРКАТА ГАГОВО ЕООД,Ямбол,ЯМБОЛ,Local Shop,Iron,Not Seasonal,At Home
103463,ШАНС АВТОГАРА ЕООД,Ямбол,ЯМБОЛ,Local Shop,Bronze,Not Seasonal,At Home
111769,АЛЕКС И АЛИСИЯ ЕООД,Бургас,ЦАРЕВО,Fast-food,Bronze,Seasonal,Out of Home
103897,ТОТЕВИ ЕООД,Бургас,ИЗВОР,Local Shop,Silver,Not Seasonal,At Home
110162,АЙЛА ЕООД,Бургас,БУРГАС,Fast-food,Gold,Not Seasonal,Out of Home
107956,МИНИМАРКЕТ ЕООД,Бургас,НЕСЕБЪР,Restaurant,Gold,Seasonal,Out of Home
105542,ХУРЦА ЕООД,Бургас,СОЗОПОЛ,Cafe,Gold,Seasonal,Out of Home
108518,ЛОТОС ЕООД,Бургас,СОЗОПОЛ,Restaurant,Silver,Seasonal,Out of Home
108520,КАХРАМАН ЕООД,Бургас,СОЗОПОЛ,Restaurant,Silver,Seasonal,Out of Home
103942,МОЯТ МАГАЗИН ЕООД,Бургас,БУРГАС,Local Shop,Silver,Not Seasonal,At Home
102164,АНИ ЕООД,Бургас,ГЮЛЬОВЦА,Local Shop,Silver,Not Seasonal,At Home
105182,ШАНС ЕООД,Бургас,БУРГАС,Cafe,Silver,Not Seasonal,Out of Home
103778,КАСАНДРА ЕООД,Бургас,БУРГАС,Local Shop,Bronze,Not Seasonal,At Home
106182,ХРАНИТЕЛЕН МАГАЗИН ЕООД,Бургас,СОЗОПОЛ,Fast-food,Bronze,Not Seasonal,Out of Home
105318,ЧУШИ ЕООД,Бургас,БУРГАС,Cafe,Silver,Not Seasonal,Out of Home
104253,ЕЛСИСТ ЕООД ЕООД,Бургас,БУРГАС,Local Shop,Gold,Not Seasonal,At Home
104081,ГОСПОДИНОВИ ЕООД,Бургас,КИТЕН,Local Shop,Silver,Not Seasonal,At Home
104911,ХАТЧЕ ПАЗАР ЕООД,Бургас,КОШАРИЦА,Cafe,Bronze,Seasonal,Out of Home
104916,КОСМОС ЕООД,Бургас,ГЪЛЪБЕЦ,Cafe,Silver,Not Seasonal,Out of Home
100989,МИНИ МАРКЕТ ВАРОША ЕООД,Бургас,СОЗОПОЛ,Supermarket,Gold,Not Seasonal,At Home
106616,МАГАЗИНА ЕООД,Бургас,БУРГАС,Cafe,Bronze,Not Seasonal,Out of Home
104264,БАШЕВИ ЕООД,Бургас,БУРГАС,Local Shop,Gold,Not Seasonal,At Home
100851,МЕЛИСА ЕООД,Бургас,БУРГАС,Supermarket,Silver,Not Seasonal,At Home
107483,ЕЛЕНА ГРУП ЕООД,Бургас,БУРГАС,Restaurant,Gold,Not Seasonal,Out of Home
100852,ЕТ РЕДЖО 68 ЕООД,Бургас,БУРГАС,Supermarket,Silver,Not Seasonal,At Home
110387,ЧЕФО 2 ЕООД,Бургас,КАРНОБАТ,Fast-food,Gold,Not Seasonal,Out of Home
103546,МАГАЗИН ЕООД,Бургас,КАРНОБАТ,Local Shop,Gold,Not Seasonal,At Home
103941,ДАН МАР ЕООД,Бургас,БУРГАС,Local Shop,Silver,Not Seasonal,At Home
100181,FOOD TIME ЕООД,Бургас,БУРГАС,Local Shop,Bronze,Not Seasonal,At Home
100781,ВАНИНА ЕООД,Бургас,АЙТОС,Supermarket,Silver,Not Seasonal,At Home
103559,ХРАНИТЕЛНИ СТОКИ ЕООД,Бургас,АЙТОС,Local Shop,Silver,Not Seasonal,At Home
103605,МАГАЗИН ПИРЕВ ЕООД,Бургас,КАРНОБАТ,Local Shop,Bronze,Not Seasonal,At Home
109503,Н И Н МАРКЕТ ЕООД,Бургас,КАРНОБАТ,Fast-food,Bronze,Not Seasonal,Out of Home
103669,ДРЯНОВСКИ ЕООД,Сливен,ПЪДАРЕВО,Local Shop,Silver,Not Seasonal,At Home
104275,Арес-трейд ЕООД,Ямбол,ЯМБОЛ,Local Shop,Bronze,Not Seasonal,At Home
103457,МИНИ МАРКЕТ КОЛДЪС ЕООД,Ямбол,ЯМБОЛ,Local Shop,Bronze,Not Seasonal,At Home
103458,ИЛКА ЕООД,Ямбол,ЯМБОЛ,Local Shop,Bronze,Not Seasonal,At Home
107086,ПАВИЛИОН ЕООД,Ямбол,ЯМБОЛ,Superette,Iron,Not Seasonal,At Home
104010,МАГАЗИН РУСЕ ТАБАК ЕООД,Ямбол,СТЕФАН КАРАДЖОВО,Local Shop,Iron,Not Seasonal,At Home
104917,МАГАЗИН РУСЕ ТАБАК ЕООД,Бургас,СВЕТИ ВЛАС,Cafe,Silver,Seasonal,Out of Home
107882,ТОНЕЛ ЕООД,Бургас,ПРИМОРСКО,Restaurant,Gold,Seasonal,Out of Home
107815,ХРАНИТЕЛНИ СТОКИ ЕООД,Бургас,ПРИМОРСКО,Restaurant,Silver,Seasonal,Out of Home
103411,АКИРА ЕООД,Сливен,СЛИВЕН,Local Shop,Gold,Not Seasonal,At Home
103459,МАГАЗИН ЗА ПАКЕТИРАНИ СТОКИ ЕООД,Ямбол,ЯМБОЛ,Local Shop,Bronze,Not Seasonal,At Home
107181,Магазин за хранителни стоки ЕООД,Бургас,СОЗОПОЛ,Superette,Gold,Seasonal,At Home
100175,МАГАЗИН МАКС И МОНИ ЕООД,Бургас,БУРГАС,Local Shop,Silver,Not Seasonal,At Home
108521,ВЛАДОВ ЕООД,Бургас,БУРГАС,Restaurant,Silver,Not Seasonal,Out of Home
104459,МАГАЗИН РУСЕ ТАБАК ЕООД,Ямбол,СТРАЛДЖА,Local Shop,Gold,Not Seasonal,At Home
108062,ХРАНИТЕЛЕН МАГАЗИН ЕООД,Бургас,БАНЯ,Restaurant,Bronze,Seasonal,Out of Home
102145,ТАФИ 1 ЕООД,Бургас,РУЕН,Local Shop,Silver,Not Seasonal,At Home
104263,МАГАЗИН КАКАО ЕООД,Бургас,СРЕДЕЦ,Local Shop,Gold,Not Seasonal,At Home
105319,ДЕНОНОЩЕН МАГАЗИН РУСЕ ТАБАК ЕООД,Бургас,АЙТОС,Cafe,Iron,Not Seasonal,Out of Home
105320,СКРОПА ЕООД,Бургас,АЙТОС,Cafe,Gold,Not Seasonal,Out of Home
103639,NON STOP ЕООД,Бургас,ПРИЛЕП,Local Shop,Silver,Not Seasonal,At Home
106760,ХРАНИТЕЛЕН МАГАЗИН ЕООД,Варна,БЯЛА,Nightclub,Bronze,Seasonal,Out of Home
107448,ХРАНИТЕЛЕН МАГАЗИН АНИ ЕООД,Бургас,БУРГАС,Restaurant,Gold,Not Seasonal,Out of Home
109521,МАГАЗИН АРЖЕНТО ЕООД,Бургас,ОБЗОР,Fast-food,Silver,Seasonal,Out of Home
105321,КУЛИНАРЕН МАГАЗИН ЛА СКАРА ЕООД,Бургас,КАРНОБАТ,Cafe,Bronze,Seasonal,Out of Home
105428,МАГАЗИН ЗА ПАКЕТИРАНИ СТОКИ ЕООД,Бургас,СОКОЛОВО,Cafe,Iron,Not Seasonal,Out of Home
109999,БИСМАГ ЕООД,Бургас,ПРИМОРСКО,Cafe,Bronze,Not Seasonal,Out of Home
103712,МАГАЗИН ЗА ХРАНИТЕЛНИ СТОКИ ЕООД,Сливен,КОТЕЛ,Local Shop,Gold,Not Seasonal,At Home
101308,ЦИГАРИ И АЛКОХОЛ ЕООД,Бургас,БУРГАС,Cafe,Silver,Not Seasonal,Out of Home
109800,МАГАЗИН ИСА ЕООД,Бургас,БАНЯ,Hotels,Bronze,Seasonal,Out of Home
108315,МАГАЗИН КУИНС ЕООД,Бургас,БУРГАС,Restaurant,Bronze,Seasonal,Out of Home
100200,РМ ОЙЛ ЕООД,Бургас,БУРГАС,Local Shop,Iron,Not Seasonal,At Home
109089,ЖИЗЕЛ ЕООД,Бургас,ЛОЗЕНЕЦ,Hotels,Bronze,Seasonal,Out of Home
108782,Киви 25 ЕООД,Бургас,КИТЕН,Hotels,Gold,Seasonal,Out of Home
106681,НОН СТОП ЕООД,Бургас,КАРНОБАТ,Superette,Gold,Not Seasonal,At Home
107816,ВЛАДОВ 2 ЕООД,Бургас,КИТЕН,Restaurant,Silver,Seasonal,Out of Home
100133,МАГАЗИН ЗА ТУРСКИ СТОКИ ЕООД,Бургас,АЙТОС,Local Shop,Silver,Not Seasonal,At Home
105417,ИНТРИГА ЕООД,Бургас,АЙТОС,Cafe,Bronze,Not Seasonal,Out of Home
104130,ХР СТОКИ ЕООД,Бургас,КИТЕН,Local Shop,Gold,Seasonal,At Home
108839,ТАФИ-1 ЕООД,Бургас,НЕСЕБЪР,Hotels,Silver,Seasonal,Out of Home
107958,ФЕРОМАКС ЕООД,Бургас,НЕСЕБЪР,Restaurant,Bronze,Seasonal,Out of Home
100231,БЕНИТА ЕООД,Бургас,БУРГАС,Local Shop,Bronze,Not Seasonal,At Home
102212,ГАБО ЕООД,Бургас,ДОБРОМИР,Local Shop,Bronze,Not Seasonal,At Home
105218,ПНП МАРКЕТ ЕООД,Бургас,АХЕЛОЙ,Cafe,Bronze,Seasonal,Out of Home
105240,ГРАДИНА МАГАЗИН ЕООД,Бургас,АХЕЛОЙ,Cafe,Bronze,Seasonal,Out of Home
109161,БАЙРАКТАР ЕООД,Бургас,СОЗОПОЛ,Hotels,Silver,Seasonal,Out of Home
109490,ЧИВАС ЕООД,Бургас,НЕСЕБЪР,Fast-food,Gold,Seasonal,Out of Home
109493,ЦИГАРКОХОЛ ЕООД,Бургас,РАВДА,Fast-food,Silver,Seasonal,Out of Home
108813,МАГАЗИН ЕООД,Бургас,НЕСЕБЪР,Hotels,Silver,Seasonal,Out of Home
109038,ТОРО ЕООД,Бургас,РЕЗОВО,Hotels,Bronze,Seasonal,Out of Home
100232,ТОП МАРКЕТ БОЛНИЦА ЕООД,Бургас,БУРГАС,Local Shop,Iron,Not Seasonal,At Home
100221,М-Н РАЯ ЕООД,Бургас,БУРГАС,Local Shop,Iron,Not Seasonal,At Home
105231,ВИП М ЕООД,Бургас,БУРГАС,Cafe,Silver,Not Seasonal,Out of Home
101359,АЛБЕНА ФРУКТ 1 ЕООД,Бургас,ПРИМОРСКО,Nightclub,Silver,Seasonal,Out of Home
106842,МХС ГАБИ ЕООД,Бургас,ПРИМОРСКО,Nightclub,Silver,Seasonal,Out of Home
101360,ЗЛАТЕЛИ ЕООД,Бургас,ПРИМОРСКО,Nightclub,Silver,Seasonal,Out of Home
111651,ХРАНИТЕЛНИ СТОКИ ЕООД,Бургас,КИТЕН,Fast-food,Silver,Seasonal,Out of Home
108756,Василева 13 ЕООД,Бургас,ПРИМОРСКО,Hotels,Silver,Seasonal,Out of Home
108758,МАГАЗИН ЕООД,Бургас,ПРИМОРСКО,Hotels,Silver,Seasonal,Out of Home
100521,ХРАНИТЕЛНИ СТОКИ ЕООД,Бургас,СЛЪНЧЕВ БРЯГ,Supermarket,Gold,Seasonal,At Home
105776,24/7 shop ЕООД,Бургас,СЛЪНЧЕВ БРЯГ,Fast-food,Silver,Seasonal,Out of Home
104918,Смесен магазин ЕООД,Бургас,СВЕТИ ВЛАС,Cafe,Silver,Seasonal,Out of Home
109474,А МАРКЕТ ЕООД,Бургас,ПРИМОРСКО,Fast-food,Silver,Seasonal,Out of Home
111583,МАГАЗИН ПАРК СТРИЙТ 22 ЕООД,Бургас,СЛЪНЧЕВ БРЯГ,Fast-food,Silver,Seasonal,Out of Home
110245,СМЕСЕН МАГАЗИН ЕООД,Бургас,СЛЪНЧЕВ БРЯГ,Fast-food,Gold,Seasonal,Out of Home
109116,ТУАНА ЕООД,Бургас,СОЗОПОЛ,Hotels,Silver,Seasonal,Out of Home
107375,АГРО-НИНА ОГНЯНОВА ЕТ ЕООД,Варна,АСПАРУХОВО,Restaurant,Bronze,Seasonal,Out of Home
104962,МАГАЗИН БИМ ЕООД,Бургас,БУРГАС,Cafe,Silver,Not Seasonal,Out of Home
107188,БЪЛГАРСКИ. ИКОНОМИЧЕН МАГАЗИН ЕООД,Бургас,ЛОЗЕНЕЦ,Superette,Bronze,Seasonal,At Home
107920,ХРАНИТЕЛНИ СТОКИ ЕООД,Бургас,НЕСЕБЪР,Restaurant,Silver,Seasonal,Out of Home
107921,ХРАНИТЕЛНИ СТОКИ ЕООД,Бургас,НЕСЕБЪР,Restaurant,Silver,Seasonal,Out of Home
110326,ХРАНИТЕЛНИ СТОКИ ЕООД,Бургас,БУРГАС,Fast-food,Silver,Not Seasonal,Out of Home
108747,ХРАНИТЕЛНИ СТОКИ ЕООД,Бургас,ПИСМЕНОВО,Hotels,Bronze,Seasonal,Out of Home
107922,МИНИ МАРКЕТ КАРАПЕЛИТ ЕООД,Бургас,НЕСЕБЪР,Restaurant,Silver,Seasonal,Out of Home
108809,ИВЕТ 13 ЕООД,Бургас,НЕСЕБЪР,Hotels,Silver,Seasonal,Out of Home
111844,МАЛКИТЕ ЧУШКИ ЕООД,Бургас,НЕСЕБЪР,Restaurant,Gold,Seasonal,Out of Home
105945,МХС ЕООД,Бургас,РАВДА,Fast-food,Gold,Seasonal,Out of Home
103590,КОКО КАФЕ ЕООД,Бургас,НЕСЕБЪР,Local Shop,Silver,Seasonal,At Home
107923,СЮЗАН ЕООД,Бургас,РАВДА,Restaurant,Bronze,Seasonal,Out of Home
100130,МАКАЛУ ЕООД,Сливен,СЛИВЕН,Local Shop,Gold,Not Seasonal,At Home
108523,НИКУЛДЕН ЕООД,Бургас,СРЕДЕЦ,Restaurant,Silver,Not Seasonal,Out of Home
110622,БЛИЗНАЦИТЕ ЕООД,Бургас,СРЕДЕЦ,Fast-food,Bronze,Not Seasonal,Out of Home
111012,АДЖЕМОВИ ЕООД,Бургас,ОБЗОР,Hotels,Silver,Seasonal,Out of Home
100159,КРАСИМИРА ЕООД,Сливен,СЛИВЕН,Local Shop,Silver,Not Seasonal,At Home
104506,МАГАЗИН ЕЛСИ ЕООД,Варна,ШКОРПИЛОВЦИ,Local Shop,Silver,Not Seasonal,At Home
104529,ДИ ЕЛ ЕООД,Варна,ШКОРПИЛОВЦИ,Local Shop,Silver,Not Seasonal,At Home
104510,АГРОКОНСУЛТ - МЮМЮНЕ ЧАУШ ЕТ ЕООД,Варна,СТАРО ОРЯХОВО,Local Shop,Bronze,Not Seasonal,At Home
108066,ТАТАКО ШОП ВЕНЕРА ЕООД,Бургас,ОБЗОР,Restaurant,Bronze,Seasonal,Out of Home
111245,ТАБАКО ШОП ЕООД,Бургас,СОЗОПОЛ,Hotels,Gold,Seasonal,Out of Home
109792,ТЕТИЧЕ ЕООД,Бургас,НЕСЕБЪР,Hotels,Silver,Seasonal,Out of Home
111660,СИНДИ ЕООД,Бургас,НЕСЕБЪР,Fast-food,Gold,Seasonal,Out of Home
108823,ИВАДАН ЕООД,Бургас,РАВДА,Hotels,Silver,Seasonal,Out of Home
107953,АЛЕКС ЕООД,Бургас,РАВДА,Restaurant,Silver,Seasonal,Out of Home
105275,ЗЕЛЕНЧУКОВ МАГАЗИН ЕООД,Бургас,НЕСЕБЪР,Cafe,Silver,Seasonal,Out of Home
107929,МПС ВИКО ЕООД,Бургас,НЕСЕБЪР,Restaurant,Gold,Seasonal,Out of Home
105371,САНДЕЯ ЕООД,Бургас,РУЕН,Cafe,Silver,Not Seasonal,Out of Home
108909,МХС ЕООД,Бургас,ОБЗОР,Hotels,Bronze,Seasonal,Out of Home
107452,ТРИАДА ЕООД,Бургас,СЛЪНЧЕВ БРЯГ,Restaurant,Gold,Seasonal,Out of Home
109315,ВЪЗРАЖДАНЕ ЕООД,Варна,ДОЛНИ ЧИФЛИК,Fast-food,Gold,Not Seasonal,Out of Home
102136,ДЕНОНОЩЕН МАГАЗИН ЕООД,Бургас,ДЪСКОТНА,Local Shop,Silver,Not Seasonal,At Home
110011,ПЕРЛА2 ЕООД,Бургас,НЕСЕБЪР,Cafe,Gold,Seasonal,Out of Home
108820,Хранителен магазин ЕООД,Бургас,НЕСЕБЪР,Hotels,Silver,Seasonal,Out of Home
110703,ЖАНЕТ БН ЕООД,Бургас,НЕСЕБЪР,Restaurant,Bronze,Not Seasonal,Out of Home
109480,КОФИ ШОП ЕООД,Бургас,СЛЪНЧЕВ БРЯГ,Fast-food,Gold,Seasonal,Out of Home
105927,ФЛАМИНГО ЕООД,Бургас,БУРГАС,Fast-food,Gold,Not Seasonal,Out of Home
108785,МАГАЗИН ЕООД,Бургас,КИТЕН,Hotels,Silver,Seasonal,Out of Home
107814,МИРКА ЕООД,Бургас,ПРИМОРСКО,Restaurant,Gold,Seasonal,Out of Home
103640,ЛАМБЕР 77 ЕООД,Бургас,КАРНОБАТ,Local Shop,Silver,Not Seasonal,At Home
105410,ЕЛИ АНДОН ЕООД,Бургас,СУНГУРЛАРЕ,Cafe,Bronze,Seasonal,Out of Home
107925,МИКС ШОП ЕООД,Бургас,НЕСЕБЪР,Restaurant,Bronze,Seasonal,Out of Home
108836,МПС ЕМБИЕМ ЕООД,Бургас,НЕСЕБЪР,Hotels,Silver,Seasonal,Out of Home
105264,АФ - АРАБАДЖИЕВ ЕООД ЕООД,Бургас,НЕСЕБЪР,Cafe,Gold,Seasonal,Out of Home
107301,ФУДУЛСКИ ЕООД,Бургас,БУРГАС,Cafe,Silver,Seasonal,Out of Home
111966,ЕЛИТ ЕООД,Сливен,СЛИВЕН,Local Shop,Bronze,Not Seasonal,At Home
108116,СИТИ ШОП ЕООД,Бургас,ЛОЗАРЕВО,Restaurant,Silver,Not Seasonal,Out of Home
104136,НОН СТОП ЕООД,Бургас,СИНЕМОРЕЦ,Local Shop,Bronze,Seasonal,At Home
100129,Кофи шоп ЕООД,Бургас,НЕСЕБЪР,Local Shop,Gold,Seasonal,At Home
107951,Нон Стоп ЕООД,Бургас,РАВДА,Restaurant,Silver,Seasonal,Out of Home
109737,СТО ВЕСТ 2 ЕООД,Бургас,НЕСЕБЪР,Superette,Gold,Seasonal,Out of Home
100853,ВАГ ЕООД,Бургас,БУРГАС,Supermarket,Silver,Not Seasonal,At Home
108672,ПАПИ - С ЕООД ЕООД,Бургас,СВЕТИ ВЛАС,Hotels,Silver,Seasonal,Out of Home
107484,МИШЕЛ ЕООД,Бургас,БУРГАС,Restaurant,Gold,Not Seasonal,Out of Home
110051,СТО ВЕСТ ЕООД,Бургас,ПОМОРИЕ,Cafe,Bronze,Not Seasonal,Out of Home
104495,ПЕТИТО 2 ЕООД,Варна,ПРОВАДИЯ,Local Shop,Silver,Not Seasonal,At Home
107078,МАГАЗИН ХАВАНА ЕООД,Бургас,РАВДА,Superette,Bronze,Seasonal,At Home
108815,ГОЧИ ЕООД,Бургас,НЕСЕБЪР,Hotels,Silver,Seasonal,Out of Home
102135,ДИЛЯН ЕООД,Бургас,АХЕЛОЙ,Local Shop,Gold,Not Seasonal,At Home
107583,ТРИТЕ ВЯТЪРА ЕООД,Бургас,СВЕТИ ВЛАС,Restaurant,Silver,Seasonal,Out of Home
107584,НЕВАДА ЕООД,Бургас,СЛЪНЧЕВ БРЯГ,Restaurant,Bronze,Seasonal,Out of Home
100515,БУЛЛ 22 ЕООД,Бургас,СЛЪНЧЕВ БРЯГ,Supermarket,Gold,Seasonal,At Home
105466,ДЕНОНОЩЕН ЕООД,Бургас,БУРГАС,Cafe,Silver,Not Seasonal,Out of Home
104135,АПОЛОН ЕООД,Бургас,ПРИМОРСКО,Local Shop,Silver,Not Seasonal,At Home
110010,АИДА ЕООД,Бургас,БУРГАС,Cafe,Gold,Not Seasonal,Out of Home
112082,ОКШЕН ЕООД,Бургас,БУРГАС,Superette,Bronze,Not Seasonal,Out of Home
100854,МАРЧЕВ 91 ЕООД,Бургас,БУРГАС,Supermarket,Silver,Not Seasonal,At Home
109479,МОНИКА ЕООД,Бургас,НЕСЕБЪР,Fast-food,Gold,Seasonal,Out of Home
108568,ПЕТТИТО 2 ЕООД,Варна,ГРОЗДЬОВО,Hotels,Silver,Not Seasonal,Out of Home
102132,ЕЛИТ ЕООД,Бургас,АХЕЛОЙ,Local Shop,Bronze,Seasonal,At Home
100823,ИКСАК ЕООД,Бургас,БУРГАС,Supermarket,Gold,Not Seasonal,At Home
103986,ФИЛИПОВА ЕООД,Бургас,ПОМОРИЕ,Local Shop,Silver,Not Seasonal,At Home
108127,МОНИКА ЕООД,Бургас,ПОМОРИЕ,Restaurant,Bronze,Not Seasonal,Out of Home
108677,МЕЛЕК 23 ЕООД,Бургас,СЛЪНЧЕВ БРЯГ,Hotels,Silver,Seasonal,Out of Home
103552,К-С АМАДЕУС ЕООД,Бургас,СВЕТИ ВЛАС,Local Shop,Bronze,Seasonal,At Home
103940,МПС ЕООД,Бургас,БУРГАС,Local Shop,Gold,Not Seasonal,At Home
104179,МПС ЕООД,Бургас,БУРГАС,Local Shop,Gold,Not Seasonal,At Home
109072,ТАБАКО ШОП ЕООД,Бургас,БУРГАС,Hotels,Iron,Not Seasonal,Out of Home
107813,ПАВИЛИОН ЕООД,Бургас,ПРИМОРСКО,Restaurant,Silver,Seasonal,Out of Home
103548,МПС ЕООД,Бургас,РАВДА,Local Shop,Silver,Not Seasonal,At Home
103593,МАГАЗИН ЕЛКА ЕООД,Бургас,СВЕТИ ВЛАС,Local Shop,Bronze,Seasonal,At Home
102182,МПС ЕООД,Бургас,СТРАЦИН,Local Shop,Silver,Not Seasonal,At Home
106472,САЧАНОВА ЕООД,Варна,БЯЛА,Cafe,Silver,Seasonal,Out of Home
110050,ТАБАКО ШОП ЕООД,Бургас,АЙТОС,Cafe,Iron,Not Seasonal,Out of Home
106442,МПС ШАМПИОНИТЕ ЕООД,Бургас,БУРГАС,Cafe,Bronze,Not Seasonal,Out of Home
106607,ФАНТАЗИЯ ЕООД,Бургас,БУРГАС,Cafe,Silver,Not Seasonal,Out of Home
100270,КООП ЕООД,Бургас,БУРГАС,Local Shop,Iron,Not Seasonal,At Home
102174,МАХАЛАТА ЕООД,Бургас,КОШАРИЦА,Local Shop,Silver,Not Seasonal,At Home
104134,ХРАНИТЕЛНИ СТОКИ ЕООД,Бургас,ЯСНА ПОЛЯНА,Local Shop,Bronze,Not Seasonal,At Home
108339,ГИГИ ЛИВАДА ЕООД,Бургас,БУРГАС,Restaurant,Silver,Not Seasonal,Out of Home
104124,МПС ЕООД,Бургас,АХТОПОЛ,Local Shop,Bronze,Seasonal,At Home
109071,КРИСТЪЛ ПАЛАС ЕООД,Бургас,ЛОЗЕНЕЦ,Hotels,Silver,Seasonal,Out of Home
111488,БИ ЕНД ДЖИ ЕООД,Бургас,СЛЪНЧЕВ БРЯГ,Restaurant,Bronze,Seasonal,Out of Home
100261,БАБС ЕООД,Бургас,СИНЕМОРЕЦ,Local Shop,Bronze,Seasonal,At Home
100526,ФРИВ ЕООД,Бургас,СЛЪНЧЕВ БРЯГ,Supermarket,Gold,Seasonal,At Home
108344,ХР СТОКИ ЕООД,Бургас,БУРГАС,Restaurant,Silver,Seasonal,Out of Home
111405,АНИ 67 ЕООД,Бургас,БУРГАС,Fast-food,Bronze,Seasonal,Out of Home
110962,МПС ЕООД,Бургас,ПОМОРИЕ,Hotels,Silver,Seasonal,Out of Home
107961,ПЕТРУЦИ МАРКЕТ ЕООД,Бургас,НЕСЕБЪР,Restaurant,Bronze,Seasonal,Out of Home
100753,МХС ЕООД,Бургас,НЕСЕБЪР,Supermarket,Bronze,Seasonal,At Home
108122,ШОП ЕООД,Бургас,ПОМОРИЕ,Restaurant,Silver,Not Seasonal,Out of Home
110379,ЧЕРЕШКА ЕООД,Бургас,ОБЗОР,Fast-food,Bronze,Seasonal,Out of Home
104104,МХС ЕООД,Бургас,КИТЕН,Local Shop,Silver,Seasonal,At Home
107573,МПС ЕООД,Бургас,СЛЪНЧЕВ БРЯГ,Restaurant,Gold,Seasonal,Out of Home
100516,МХС ЕООД,Бургас,СЛЪНЧЕВ БРЯГ,Supermarket,Gold,Seasonal,At Home
110258,МПС ЕООД,Бургас,СЛЪНЧЕВ БРЯГ,Fast-food,Gold,Seasonal,Out of Home
106244,МАГАЗИН КЕНТАВЪР ЕООД,Бургас,СЛЪНЧЕВ БРЯГ,Local Shop,Gold,Seasonal,At Home
107812,НЕГИЯ ЕООД,Бургас,ПРИМОРСКО,Restaurant,Gold,Seasonal,Out of Home
105668,МХС ЕООД,Бургас,ОБЗОР,Bar,Bronze,Seasonal,Out of Home
107957,МПС ЕООД,Бургас,РАВДА,Restaurant,Silver,Seasonal,Out of Home
105266,ЯДКИ И КАФЕ ЕООД,Бургас,НЕСЕБЪР,Cafe,Gold,Seasonal,Out of Home
108799,ВСИЧКО ЗА ВАШАТА ТРАПЕЗА ЕООД,Бургас,ПРИМОРСКО,Hotels,Silver,Seasonal,Out of Home
107883,SPIRIT STORE ЕООД,Бургас,ПРИМОРСКО,Restaurant,Gold,Seasonal,Out of Home
103953,МПС ПЕГАС ЕООД,Бургас,ПОМОРИЕ,Local Shop,Silver,Not Seasonal,At Home
105609,МПС ЕООД,Бургас,СЛЪНЧЕВ БРЯГ,Bar,Bronze,Seasonal,Out of Home
108630,БУЛГАРИ ЕООД,Бургас,ЛОЗЕНЕЦ,Hotels,Bronze,Seasonal,Out of Home
110946,МПС ЕООД,Бургас,ПРИМОРСКО,Hotels,Gold,Seasonal,Out of Home
106298,ЕМНА ЕООД,Бургас,ПОМОРИЕ,Local Shop,Silver,Seasonal,At Home
100239,МПС ЕООД,Бургас,БУРГАС,Local Shop,Iron,Not Seasonal,At Home
105189,магазин ЕООД,Бургас,ПРИМОРСКО,Cafe,Silver,Seasonal,Out of Home
108784,АЛКОХОЛ И ЦИГАРИ ЕООД,Бургас,ПРИМОРСКО,Hotels,Silver,Seasonal,Out of Home
100501,ШОП ЕООД,Бургас,СЛЪНЧЕВ БРЯГ,Supermarket,Gold,Seasonal,At Home
109869,МПС СТИМ ЕООД,Бургас,БУРГАС,Cafe,Gold,Seasonal,Out of Home
107930,МПС ТЕРИНА ЕООД,Бургас,РАВДА,Restaurant,Gold,Seasonal,Out of Home
107185,МХС ЕООД,Бургас,ЦАРЕВО,Superette,Bronze,Not Seasonal,At Home
108682,КОМПЛЕКС БИЙЧ РЕСОР ЕООД,Бургас,СЛЪНЧЕВ БРЯГ,Hotels,Silver,Seasonal,Out of Home
107597,ТРАВЕЛ ШОП ЕООД,Бургас,СВЕТИ ВЛАС,Restaurant,Silver,Seasonal,Out of Home
105562,МАГАЗИН ЗА АЛКОХОЛ ЕООД,Варна,БЯЛА,Bar,Bronze,Seasonal,Out of Home
105470,МПС ДАНИ ЕООД,Бургас,ВАРВАРА,Cafe,Silver,Not Seasonal,Out of Home
104120,МАГАЗИН ХРАНИТЕЛНИ СТОКИ ЕООД,Бургас,ВАРВАРА,Local Shop,Bronze,Seasonal,At Home
108698,МАГАЗИН ЕООД,Бургас,СЛЪНЧЕВ БРЯГ,Hotels,Gold,Seasonal,Out of Home
103641,ШОПСКА ЕООД,Бургас,КАРНОБАТ,Local Shop,Bronze,Not Seasonal,At Home
109081,ЦИГАРИ И АЛКОХОЛ ЕООД,Бургас,СИНЕМОРЕЦ,Hotels,Bronze,Seasonal,Out of Home
106541,НАЗДРАВЕ ЕООД,Бургас,СЛЪНЧЕВ БРЯГ,Cafe,Gold,Seasonal,Out of Home
108742,ЕЛИАС ЕООД,Бургас,ПРИМОРСКО,Hotels,Silver,Seasonal,Out of Home
107895,ПК СЪЕДИНЕНИЕ ЕООД,Бургас,КИТЕН,Restaurant,Silver,Seasonal,Out of Home
111170,СМЕСЕН МАГАЗИН ЕООД,Бургас,ЦАРЕВО,Hotels,Gold,Seasonal,Out of Home
108067,ПАВИЛИОН ЕООД,Бургас,ОБЗОР,Restaurant,Bronze,Seasonal,Out of Home
111200,МПС ЕООД,Бургас,НЕСЕБЪР,Hotels,Gold,Seasonal,Out of Home
100754,COFFEE AND TOBACCO ЕООД,Бургас,НЕСЕБЪР,Supermarket,Bronze,Seasonal,At Home
109438,Инста шоп Порт Варна ЕООД,Бургас,СЛЪНЧЕВ БРЯГ,Fast-food,Silver,Seasonal,Out of Home
107553,СКЕМИ ЕООД,Бургас,ЕЛЕНИТЕ,Restaurant,Bronze,Seasonal,Out of Home
110902,МПС ЕООД,Бургас,ЦАРЕВО,Restaurant,Bronze,Seasonal,Out of Home
108345,БАКАЛИЯ БИТОЛЯ ЕООД,Бургас,СИНЕМОРЕЦ,Restaurant,Silver,Seasonal,Out of Home
100500,МАГАЗИН ЕООД,Бургас,СЛЪНЧЕВ БРЯГ,Supermarket,Gold,Seasonal,At Home
108776,КАРМИНЕР ЕООД,Бургас,КИТЕН,Hotels,Silver,Seasonal,Out of Home
108120,АУРА ЕООД,Бургас,ПОМОРИЕ,Restaurant,Silver,Not Seasonal,Out of Home
108838,СИТИ ЕООД,Бургас,РАВДА,Hotels,Bronze,Seasonal,Out of Home
107960,МХС ЕООД,Бургас,РАВДА,Restaurant,Bronze,Seasonal,Out of Home
108573,COFFEE STATION ЕООД,Варна,ОБЗОР,Hotels,Gold,Seasonal,Out of Home
108159,INSTA SHOP ЕООД,Бургас,БУРГАС,Restaurant,Bronze,Not Seasonal,Out of Home
107959,АЛКОХОЛ И ЦИГАРИ ЕООД,Бургас,НЕСЕБЪР,Restaurant,Gold,Seasonal,Out of Home
100162,КАЛИПСО ЕООД,Бургас,БУРГАС,Local Shop,Iron,Not Seasonal,At Home
100876,АЛКОХОЛ И ТАБАКО ГАМА ЕООД,Бургас,БУРГАС,Supermarket,Gold,Not Seasonal,At Home
107554,МПС ЕООД,Бургас,СВЕТИ ВЛАС,Restaurant,Silver,Seasonal,Out of Home
108807,МПС ЕООД,Бургас,НЕСЕБЪР,Hotels,Gold,Seasonal,Out of Home
112083,MIX MARKT ЕООД,Бургас,ЦАРЕВО,Superette,Iron,Seasonal,At Home
111654,МИНИ МАРКЕТ ЕООД,Бургас,НЕСЕБЪР,Fast-food,Gold,Seasonal,Out of Home
111965,ТАБАКО ШОП ЕООД,Бургас,НЕСЕБЪР,Local Shop,Bronze,Not Seasonal,At Home
105940,ДИВАЙН ЕООД,Бургас,РАВДА,Fast-food,Gold,Seasonal,Out of Home
107937,ХРАНИТЕЛНИ СТОКИ ЕООД,Бургас,РАВДА,Restaurant,Bronze,Seasonal,Out of Home
107938,ТИС15 ЕООД,Бургас,НЕСЕБЪР,Restaurant,Gold,Seasonal,Out of Home
108327,Магазинчето ЕООД,Бургас,ЛОЗЕНЕЦ,Restaurant,Bronze,Seasonal,Out of Home
107892,МАНИЯ ЕООД,Бургас,ПРИМОРСКО,Restaurant,Silver,Seasonal,Out of Home
100988,ESTI ЕООД,Бургас,КИТЕН,Supermarket,Gold,Seasonal,At Home
108526,ТАБАКО И ДРИНКС ЕООД,Бургас,СОЗОПОЛ,Restaurant,Gold,Seasonal,Out of Home
108325,МХС ЕООД,Бургас,ВАРВАРА,Restaurant,Silver,Seasonal,Out of Home
107950,МАГАЗИН ЕООД,Бургас,НЕСЕБЪР,Restaurant,Gold,Seasonal,Out of Home
100499,ФАБИАНО ЕООД,Бургас,СЛЪНЧЕВ БРЯГ,Supermarket,Bronze,Seasonal,At Home
110950,Павильон ЕООД,Бургас,СЛЪНЧЕВ БРЯГ,Hotels,Gold,Seasonal,Out of Home
110961,КОМПЛЕКС ПОНТИКА ЕООД,Бургас,СЛЪНЧЕВ БРЯГ,Hotels,Silver,Seasonal,Out of Home
107564,ВИНИТА ЕООД,Бургас,СЛЪНЧЕВ БРЯГ,Restaurant,Gold,Seasonal,Out of Home
100897,АЛКОХОЛ ЦИГАРИ СЛАДКИ ЕООД,Бургас,БУРГАС,Supermarket,Bronze,Not Seasonal,At Home
108775,МПС ЕООД,Бургас,ПРИМОРСКО,Hotels,Silver,Seasonal,Out of Home
108774,ПРИМЕРА 3 ЕООД,Бургас,КИТЕН,Hotels,Gold,Seasonal,Out of Home
107896,ХРАНИТЕЛНИ СТОКИ ЕООД,Бургас,ПРИМОРСКО,Restaurant,Silver,Seasonal,Out of Home
107888,КОП ЕООД,Бургас,КИТЕН,Restaurant,Silver,Seasonal,Out of Home
108744,МПС ЕООД,Бургас,ПРИМОРСКО,Hotels,Silver,Seasonal,Out of Home
107889,МХС ЕООД,Бургас,ПРИМОРСКО,Restaurant,Silver,Seasonal,Out of Home
104127,МПС ЕООД,Бургас,СОЗОПОЛ,Local Shop,Gold,Not Seasonal,At Home
100498,ПЛОД ЗЕЛЕНЧУК ЕООД,Бургас,СЛЪНЧЕВ БРЯГ,Supermarket,Gold,Seasonal,At Home
107887,МИНИМАРКЕТ МЕЧТА ЕООД,Бургас,ПРИМОРСКО,Restaurant,Silver,Seasonal,Out of Home
107935,Ж И С ПРЕСТИЖ ЕООД,Бургас,НЕСЕБЪР,Restaurant,Gold,Seasonal,Out of Home
111415,ЙОНИ ГОЛД 1 ЕООД,Бургас,ЧЕРНОМОРЕЦ,Fast-food,Bronze,Seasonal,Out of Home
107890,МХС ЕООД,Бургас,ПРИМОРСКО,Restaurant,Silver,Seasonal,Out of Home
111691,МАГАЗИН ВОЛЕВСКИ ЕООД,Бургас,КАРНОБАТ,Fast-food,Silver,Seasonal,Out of Home
111666,МПС ЕООД,Бургас,АХЕЛОЙ,Fast-food,Bronze,Seasonal,Out of Home
100520,МАГАЗИН ДЮНИ ЕООД,Бургас,СЛЪНЧЕВ БРЯГ,Supermarket,Gold,Seasonal,At Home
100503,МХС ЕООД,Бургас,СЛЪНЧЕВ БРЯГ,Supermarket,Gold,Seasonal,At Home
100505,ЛОЗЕНЕЦ 501 ЕООД,Бургас,СЛЪНЧЕВ БРЯГ,Supermarket,Gold,Seasonal,At Home
110947,БЪРЗЕВИ ЕООД,Бургас,СЛЪНЧЕВ БРЯГ,Hotels,Gold,Seasonal,Out of Home
100513,МАГАЗИН ЕООД,Бургас,СЛЪНЧЕВ БРЯГ,Supermarket,Gold,Seasonal,At Home
108628,МАГАЗИН ПЛОМАРИ ЕООД,Бургас,СЛЪНЧЕВ БРЯГ,Hotels,Bronze,Seasonal,Out of Home
106778,МПС ЕООД,Бургас,СЛЪНЧЕВ БРЯГ,Nightclub,Gold,Seasonal,Out of Home
100269,СТОРМ 1 ЕООД,Ямбол,ЕЛХОВО,Local Shop,Iron,Not Seasonal,At Home
106285,МПС ЕООД,Ямбол,ЯМБОЛ,Local Shop,Iron,Not Seasonal,At Home
105271,ЛИПА ЕООД,Бургас,БУРГАС,Cafe,Silver,Not Seasonal,Out of Home
107242,ТУРСКИ СТОКИ ЕООД,Бургас,БУРГАС,Supermarket,Bronze,Not Seasonal,At Home
111761,МАГАЗИН ПЕТЯ ЕООД,Бургас,ЛОЗЕНЕЦ,Fast-food,Bronze,Seasonal,Out of Home
104093,Мини маркет М ЕООД,Ямбол,ЛЕСОВО,Local Shop,Silver,Not Seasonal,At Home
107934,МПС ЕООД,Бургас,НЕСЕБЪР,Restaurant,Gold,Seasonal,Out of Home
100527,КАПАКОВИ ЕООД,Бургас,СЛЪНЧЕВ БРЯГ,Supermarket,Gold,Seasonal,At Home
107607,МАГАЗИН КОМПАС ЕООД,Бургас,СЛЪНЧЕВ БРЯГ,Restaurant,Gold,Seasonal,Out of Home
104261,МПС ЕООД,Бургас,СРЕДЕЦ,Local Shop,Gold,Not Seasonal,At Home
104123,МАГАЗИН ТРИШЪР ЕООД,Ямбол,БОЛЯРСКО,Local Shop,Iron,Not Seasonal,At Home
105792,МПС ЕООД,Бургас,БУРГАС,Fast-food,Silver,Not Seasonal,Out of Home
105272,МАГАЗИН ТРИШЪР ЕООД,Бургас,НЕСЕБЪР,Cafe,Bronze,Not Seasonal,Out of Home
108855,МПС ЕООД,Бургас,РАВДА,Hotels,Bronze,Seasonal,Out of Home
112008,МПС ЕООД,Бургас,БУРГАС,Local Shop,Bronze,Not Seasonal,At Home
110922,МПС ЕООД,Бургас,СРЕДЕЦ,Restaurant,Silver,Not Seasonal,Out of Home
104503,МАГАЗИН ТРИШЪР ЕООД,Варна,МЕДОВЕЦ,Local Shop,Iron,Not Seasonal,At Home
109094,МАГАЗИН ИГЛИКА ЕООД,Бургас,АХТОПОЛ,Hotels,Bronze,Seasonal,Out of Home
109671,ГАМА ПРИМ ЕООД,Бургас,БУРГАС,Fast-food,Bronze,Seasonal,Out of Home
104023,МПС ЕООД,Бургас,РАВНА ГОРА,Local Shop,Silver,Not Seasonal,At Home
108314,МПС ЕООД,Бургас,ЛОЗЕНЕЦ,Restaurant,Bronze,Seasonal,Out of Home
104126,МПС ЕООД,Бургас,СОЗОПОЛ,Local Shop,Silver,Not Seasonal,At Home
103775,МПС ЕООД,Бургас,БУРГАС,Local Shop,Iron,Not Seasonal,At Home
104260,КЛЕОПАТРА ЕООД,Бургас,СРЕДЕЦ,Local Shop,Iron,Not Seasonal,At Home
100865,Магазин ЕООД,Бургас,БУРГАС,Supermarket,Silver,Not Seasonal,At Home
107891,Мпс ЕООД,Бургас,НОВО ПАНИЧАРЕВО,Restaurant,Bronze,Not Seasonal,Out of Home
100236,МАГАЗИН ЗА ТУРСКИ СТОКИ ЕООД,Бургас,БУРГАС,Local Shop,Iron,Not Seasonal,At Home
103790,Мпс ЕООД,Бургас,БУРГАС,Local Shop,Bronze,Not Seasonal,At Home
106356,МАГАЗИН ПАКЕТИРАНИ СТОКИ ЕООД,Бургас,БУРГАС,Cafe,Iron,Not Seasonal,Out of Home
112084,Мпс ЕООД,Бургас,БУРГАС,Superette,Iron,Not Seasonal,At Home
108512,ПАКЕТИРАНИ СТОКИ ЕООД,Бургас,БУРГАС,Restaurant,Gold,Not Seasonal,Out of Home
107919,ПАКЕТИРАНИ СТОКИ БЕЛИСИМО ЕООД,Бургас,РУДНИК,Restaurant,Iron,Not Seasonal,Out of Home
106683,ПАКЕТИРАНИ СТОКИ ЕООД,Сливен,СЛИВЕН,Superette,Silver,Not Seasonal,At Home
103929,МАГАЗИН НА ЪГЪЛА ЕООД,Бургас,БУРГАС,Local Shop,Gold,Not Seasonal,At Home
104125,ТАБАКО ШОП ЕООД,Бургас,ПИСМЕНОВО,Local Shop,Silver,Not Seasonal,At Home
110362,Мпс ЕООД,Бургас,РАВДА,Fast-food,Bronze,Seasonal,Out of Home
100502,Водолазен център ЕООД,Бургас,СЛЪНЧЕВ БРЯГ,Supermarket,Gold,Seasonal,At Home
107936,ЖЕЛЕВ И СИН ЕООД,Бургас,НЕСЕБЪР,Restaurant,Gold,Seasonal,Out of Home
109498,МАГАЗИН ПАКЕТИРАНИ СТОКИ ЕООД,Бургас,БУРГАС,Fast-food,Iron,Not Seasonal,Out of Home
111323,А МАРКЕТ ЕООД,Бургас,ПРИМОРСКО,Fast-food,Gold,Seasonal,Out of Home
110649,МПС ЕООД,Бургас,БУРГАС,Restaurant,Silver,Not Seasonal,Out of Home
100235,ЛА РОУС ЕООД,Бургас,БУРГАС,Local Shop,Iron,Not Seasonal,At Home
107893,МАГАЗИН ПАКЕТИРАНИ СТОКИ ЕООД,Бургас,ПРИМОРСКО,Restaurant,Silver,Seasonal,Out of Home
100525,НОН СТОП ЕООД,Бургас,СЛЪНЧЕВ БРЯГ,Supermarket,Silver,Seasonal,At Home
104901,МАГАЗИН ХРАНИТЕЛНИ СТОКИ ЕООД,Бургас,ГЮЛЬОВЦА,Cafe,Silver,Not Seasonal,Out of Home
100240,ПАКЕТИРАНИ СТОКИ ЕООД,Бургас,БУРГАС,Local Shop,Bronze,Not Seasonal,At Home
110791,РЕНИВАС МАГАЗИН ЕООД,Бургас,БУРГАС,Fast-food,Silver,Not Seasonal,Out of Home
111025,МАГАЗИН СОЗОПОЛИС ЕООД,Бургас,ОБЗОР,Hotels,Silver,Seasonal,Out of Home
104906,НАТАЛИЯ ЕООД,Бургас,СЛЪНЧЕВ БРЯГ,Cafe,Gold,Seasonal,Out of Home
108626,БЕНЗИНОСТАНЦИЯ ЕООД,Бургас,СЛЪНЧЕВ БРЯГ,Hotels,Bronze,Seasonal,Out of Home
106614,МАГАЗИН СОЛИНАРИ ЕООД,Бургас,СОЗОПОЛ,Cafe,Bronze,Seasonal,Out of Home
111994,МАГАЗИН ПАКЕТИРАНИ СТОКИ ЕООД,Бургас,БУРГАС,Local Shop,Bronze,Not Seasonal,At Home
105273,МПС ЕООД,Бургас,НЕСЕБЪР,Cafe,Gold,Seasonal,Out of Home
103549,ДАРК ЕООД,Бургас,НЕСЕБЪР,Local Shop,Silver,Not Seasonal,At Home
105262,ТРЕНД МАРКЕТ ЕООД,Бургас,КАБЛЕШКОВО,Cafe,Iron,Not Seasonal,Out of Home
104015,МАГАЗИН ЕООД,Бургас,ВЕСЕЛИЕ,Local Shop,Gold,Not Seasonal,At Home
105173,ХИТ МАРКЕТ ЕООД,Бургас,ВЕСЕЛИЕ,Cafe,Iron,Not Seasonal,Out of Home
100524,МИНИ МАРКЕТ ЕООД,Бургас,СЛЪНЧЕВ БРЯГ,Supermarket,Gold,Seasonal,At Home
109724,АХТОПОЛ БИЙЧ ООД ЕООД,Бургас,СЛЪНЧЕВ БРЯГ,Superette,Gold,Seasonal,Out of Home
101011,МИНИ ТАШИР МАРКЕТ ЕООД,Бургас,БУРГАС,Supermarket,Bronze,Not Seasonal,At Home
107471,МАГАЗИН ПАКЕТИРАНИ СТОКИ ЕООД,Бургас,СЛЪНЧЕВ БРЯГ,Restaurant,Gold,Seasonal,Out of Home
110944,МХС ЕООД,Бургас,СЛЪНЧЕВ БРЯГ,Hotels,Gold,Seasonal,Out of Home
110943,ВИКТОР ЕООД,Бургас,ПРИМОРСКО,Hotels,Gold,Seasonal,Out of Home
109736,МАГАЗИН ПАКЕТИРАНИ СТОКИ ЕООД,Бургас,ПРИМОРСКО,Superette,Silver,Seasonal,Out of Home
110958,ТАШИР МАРКЕТ ЕООД,Бургас,СЛЪНЧЕВ БРЯГ,Hotels,Gold,Seasonal,Out of Home
101309,МАГАЗИН ЕООД,Бургас,БУРГАС,Cafe,Iron,Not Seasonal,Out of Home
109547,НОН СТОП МПС ЕООД,Бургас,ПОМОРИЕ,Fast-food,Silver,Seasonal,Out of Home
101279,МПС ЕООД,Бургас,БУРГАС,Cafe,Bronze,Not Seasonal,At Home
107933,ПАВИЛИОН ЕООД,Бургас,АХЕЛОЙ,Restaurant,Bronze,Seasonal,Out of Home
106278,МПС ЕООД,Сливен,СЛИВЕН,Local Shop,Silver,Not Seasonal,At Home
100523,ПАКЕТИРАНИ СТОКИ ЕООД,Бургас,СЛЪНЧЕВ БРЯГ,Supermarket,Gold,Seasonal,At Home
110927,ПАКЕТИРАНИ СТОКИ ЕООД,Бургас,СЛЪНЧЕВ БРЯГ,Hotels,Gold,Seasonal,Out of Home
106776,КОРНЪР ШОП ЕООД,Бургас,СЛЪНЧЕВ БРЯГ,Nightclub,Silver,Seasonal,Out of Home
110088,МПС ЕООД,Бургас,БУРГАС,Cafe,Bronze,Seasonal,Out of Home
108155,МАГАЗИН ИНТЕНДО ЕООД,Бургас,СУНГУРЛАРЕ,Restaurant,Bronze,Seasonal,Out of Home
111340,МИТКОВ МОСТ ЕООД,Бургас,ОБЗОР,Fast-food,Bronze,Seasonal,Out of Home
106887,МАГАЗИН ПАКЕТИРАНИ СТОКИ ЕООД,Бургас,СОЗОПОЛ,Nightclub,Silver,Seasonal,Out of Home
110739,МПС ЕООД,Бургас,СОЗОПОЛ,Restaurant,Gold,Seasonal,Out of Home
108920,ПАКЕТИРАНИ СТОКИ ЕООД,Бургас,ОБЗОР,Hotels,Bronze,Seasonal,Out of Home
105780,ПАВИЛИОН ЕООД,Бургас,БУРГАС,Fast-food,Silver,Not Seasonal,Out of Home
106310,МПС ЕООД,Бургас,ЛОЗЕНЕЦ,Local Shop,Gold,Seasonal,At Home
104087,МАГАЗИН ХРАНИТЕЛНИ СТОКИ ЕООД,Бургас,ЦАРЕВО,Local Shop,Gold,Seasonal,At Home
108850,ПОНТИКА ЕООД,Бургас,РАВДА,Hotels,Bronze,Seasonal,Out of Home
107875,ЙОВИКРА ЕООД,Бургас,КИТЕН,Restaurant,Silver,Seasonal,Out of Home
108534,НИКИТА ЕООД,Бургас,СОЗОПОЛ,Restaurant,Gold,Seasonal,Out of Home
104904,МАГАЗИН ТРОПИКАНА ЕООД,Бургас,СЛЪНЧЕВ БРЯГ,Cafe,Gold,Seasonal,Out of Home
106821,МПС ЕООД,Бургас,СЛЪНЧЕВ БРЯГ,Nightclub,Gold,Seasonal,Out of Home
108773,ВЕНИЯ ЕООД,Бургас,КИТЕН,Hotels,Silver,Seasonal,Out of Home
109565,МПС ЕООД,Бургас,ПОМОРИЕ,Fast-food,Silver,Seasonal,Out of Home
109334,ЕКВАТОР 3 ЕООД,Бургас,СЛЪНЧЕВ БРЯГ,Fast-food,Gold,Seasonal,Out of Home
109114,МХС ЕООД,Бургас,СОЗОПОЛ,Hotels,Silver,Seasonal,Out of Home
110399,"АЛКОХОЛ, ЦИГАРИ ЕООД",Бургас,ПОМОРИЕ,Fast-food,Silver,Seasonal,Out of Home
106860,МПС ЕООД,Бургас,ОБЗОР,Nightclub,Bronze,Seasonal,Out of Home
106845,МИНИ МАРКЕТ ЕООД,Бургас,ПРИМОРСКО,Nightclub,Silver,Seasonal,Out of Home
110945,МПС ЕООД,Бургас,СВЕТИ ВЛАС,Hotels,Gold,Seasonal,Out of Home
108321,МПС ЕООД,Бургас,БУРГАС,Restaurant,Silver,Not Seasonal,Out of Home
108502,МПС ЕООД,Бургас,СОЗОПОЛ,Restaurant,Silver,Seasonal,Out of Home
108522,МПС ЕООД,Бургас,СОЗОПОЛ,Restaurant,Silver,Seasonal,Out of Home
108496,МХС ЕООД,Бургас,СОЗОПОЛ,Restaurant,Silver,Seasonal,Out of Home
103928,МПС ЕООД,Бургас,БУРГАС,Local Shop,Silver,Not Seasonal,At Home
108968,МАГАЗИН АЧО ЕООД,Бургас,ПОМОРИЕ,Hotels,Bronze,Seasonal,Out of Home
111856,ЗЕРИ ЕООД,Бургас,ЛОЗЕНЕЦ,Restaurant,Bronze,Seasonal,Out of Home
104064,ПЕПИНО ДУЛОВО ЕООД,Бургас,БУРГАС,Local Shop,Silver,Not Seasonal,At Home
105504,ОРХИДЕЯ МАГАЗИН ЕООД,Бургас,БУРГАС,Cafe,Gold,Seasonal,Out of Home
108621,БЕНЗИНОСТАНЦИЯ ЕООД,Бургас,СВЕТИ ВЛАС,Hotels,Silver,Seasonal,Out of Home
108329,АЙЧИ ЕООД,Бургас,СИНЕМОРЕЦ,Restaurant,Bronze,Seasonal,Out of Home
109059,КАДЕМ ЕООД,Бургас,ЛОЗЕНЕЦ,Hotels,Bronze,Seasonal,Out of Home
111441,МАГАЗИН ЕООД,Бургас,СЛЪНЧЕВ БРЯГ,Restaurant,Gold,Seasonal,Out of Home
108688,ПИТ СТОП ЕООД,Бургас,СЛЪНЧЕВ БРЯГ,Hotels,Gold,Seasonal,Out of Home
109411,ХРАНИТЕЛЕН МАГАЗИН ЕООД,Бургас,СВЕТИ ВЛАС,Fast-food,Silver,Seasonal,Out of Home
100183,МИРА ЕООД,Бургас,БУРГАС,Local Shop,Gold,Not Seasonal,At Home
111662,ХРАНИТЕЛНИ СТОКИ ЕООД,Бургас,НЕСЕБЪР,Fast-food,Gold,Seasonal,Out of Home
107881,МХС МЛАДЕНОВ ЕООД,Бургас,БУРГАС,Restaurant,Silver,Not Seasonal,Out of Home
108553,НИКСТАР ЕООД,Бургас,СОЗОПОЛ,Restaurant,Silver,Seasonal,Out of Home
104079,МАГЗИН ЙОВКА ЕООД,Бургас,СИНЕМОРЕЦ,Local Shop,Bronze,Not Seasonal,At Home
108318,МХС ЕООД,Бургас,ЦАРЕВО,Restaurant,Gold,Seasonal,Out of Home
106333,БЕНИТА ЕООД,Бургас,СОЗОПОЛ,Local Shop,Gold,Seasonal,At Home
108685,ПЪРВИ ПЕТЛИ ЕООД,Бургас,СВЕТИ ВЛАС,Hotels,Silver,Seasonal,Out of Home
106612,ДИЖОНИ ЕООД,Бургас,СОЗОПОЛ,Cafe,Gold,Seasonal,Out of Home
108684,МХС ВИОЛИНА ЕООД,Бургас,СЛЪНЧЕВ БРЯГ,Hotels,Silver,Seasonal,Out of Home
107931,ВИП СТОП ГАБРОВСКИ ЕООД,Бургас,НЕСЕБЪР,Restaurant,Silver,Seasonal,Out of Home
108519,ХРАНИТЕЛНИ СТОКИ ЕООД,Бургас,СОЗОПОЛ,Restaurant,Silver,Seasonal,Out of Home
106818,ХАВАНА ЦЕНТЪР ЕООД,Бургас,СЛЪНЧЕВ БРЯГ,Nightclub,Bronze,Seasonal,Out of Home
104092,МАГАЗИН ЕООД,Бургас,СОЗОПОЛ,Local Shop,Silver,Seasonal,At Home
105277,МАГАЗИН ЕООД,Бургас,АХЕЛОЙ,Cafe,Iron,Not Seasonal,Out of Home
108794,МАГАЗИН ЕООД,Бургас,ПРИМОРСКО,Hotels,Silver,Seasonal,Out of Home
111353,МАГАЗИН ЕООД,Бургас,ПОМОРИЕ,Fast-food,Iron,Not Seasonal,Out of Home
107879,ХР. МАГАЗИН ЕООД,Бургас,ПРИМОРСКО,Restaurant,Silver,Seasonal,Out of Home
107876,Чоти ЕООД,Бургас,КИТЕН,Restaurant,Silver,Seasonal,Out of Home
105464,ДИАНАИВ ЕООД,Бургас,ЦАРЕВО,Cafe,Bronze,Seasonal,Out of Home
111552,МХС ЧОПИ ЕООД,Бургас,ЦАРЕВО,Restaurant,Bronze,Seasonal,Out of Home
108544,ЦЕНТРАЛ ЕООД,Бургас,СОЗОПОЛ,Restaurant,Bronze,Seasonal,Out of Home
108508,А ЕНД Д ЕООД,Бургас,СОЗОПОЛ,Restaurant,Silver,Seasonal,Out of Home
104101,ХРАНИТЕЛНИ СТОКИ ЕООД,Бургас,КИТЕН,Local Shop,Gold,Seasonal,At Home
107863,П стоп 1. ЕООД,Бургас,ПРИМОРСКО,Restaurant,Bronze,Seasonal,Out of Home
108864,ВЛАДСТРОЙ ЕООД,Бургас,РАВДА,Hotels,Bronze,Seasonal,Out of Home
109458,МАГАЗИН ПАКЕТИРАНИ СТОКИ ЕООД,Бургас,ПРИМОРСКО,Fast-food,Silver,Seasonal,Out of Home
107544,МОШЕВ ЕООД,Бургас,СВЕТИ ВЛАС,Restaurant,Bronze,Seasonal,Out of Home
100556,НОН СТОП ЕООД,Бургас,ОБЗОР,Supermarket,Gold,Seasonal,At Home
107864,АСЕН ШИНЕВ ЕООД,Бургас,КИТЕН,Restaurant,Silver,Seasonal,Out of Home
107869,ЛЮЦКАНОВА ЕООД,Бургас,ПРИМОРСКО,Restaurant,Silver,Seasonal,Out of Home
108342,ХРАНИТЕЛНИ СТОКИ ЕООД,Бургас,АХТОПОЛ,Restaurant,Bronze,Seasonal,Out of Home
103550,ЧЕРИ МАРКЕТ ЕООД,Бургас,СВЕТИ ВЛАС,Local Shop,Bronze,Not Seasonal,At Home
108665,ХРАНИТЕЛНИ СТОКИ ЕООД,Бургас,СЛЪНЧЕВ БРЯГ,Hotels,Silver,Seasonal,Out of Home
103771,ПАИП ЕООД,Бургас,БУРГАС,Local Shop,Bronze,Not Seasonal,At Home
102221,МАГАЗИН ХРАНИТЕЛНИ СТОКИ ЕООД,Бургас,ОРИЗАРЕ,Local Shop,Silver,Not Seasonal,At Home
108831,БЕНЗИНОСТАНЦИЯ ЙОАНА ЕООД,Бургас,РАВДА,Hotels,Silver,Seasonal,Out of Home
107926,ГАЛАКСИ ЕООД,Бургас,НЕСЕБЪР,Restaurant,Gold,Seasonal,Out of Home
101272,МАГАЗИН ЕООД,Бургас,БУРГАС,Cafe,Silver,Not Seasonal,At Home
104090,ХРАНИТЕЛНИ СТОКИ ЕООД,Бургас,НОВО ПАНИЧАРЕВО,Local Shop,Iron,Not Seasonal,At Home
103689,ХРАНИТЕЛНИ СТОКИ ЕООД,Сливен,ЖЕЛЮ ВОЙВОДА,Local Shop,Gold,Not Seasonal,At Home
107096,ПАВИЛИОН ЕООД,Бургас,БУРГАС,Superette,Bronze,Not Seasonal,At Home
107885,КАПАНА ЕООД,Бургас,КИТЕН,Restaurant,Silver,Seasonal,Out of Home
107336,АЛ И КО ТРАКИЯ ЕООД,Варна,БЯЛА,Restaurant,Gold,Seasonal,Out of Home
103895,КАСТРОЛ ЕООД,Бургас,ДЕБЕЛТ,Local Shop,Gold,Not Seasonal,At Home
109849,ДИЗЕЛОР ЕООД,Бургас,БУРГАС,Cafe,Bronze,Not Seasonal,Out of Home
102224,КАСТРОЛ ЕООД,Бургас,ТОПЧИЙСКО,Local Shop,Bronze,Not Seasonal,At Home
106648,АЛ И КО ЕООД,Бургас,СЛЪНЧЕВ БРЯГ,Superette,Gold,Not Seasonal,At Home
104089,АЛ И КО ЕООД,Бургас,ЯСНА ПОЛЯНА,Local Shop,Silver,Not Seasonal,At Home
103659,АЛ И КО ЕООД,Бургас,СУНГУРЛАРЕ,Local Shop,Silver,Not Seasonal,At Home
105412,БЕНЗИНОСТАНЦИЯ ЛИКИ МОЛИ ЕООД,Бургас,КАРНОБАТ,Cafe,Iron,Not Seasonal,Out of Home
103643,КРИС ОЙЛ ЕООД,Бургас,КАРНОБАТ,Local Shop,Bronze,Not Seasonal,At Home
104048,БЕНЗИНОСТАНЦИЯ МОНИКС ЕООД,Бургас,БУРГАС,Local Shop,Bronze,Not Seasonal,At Home
101080,БЕНЗИНОСТАНЦИЯ ЕООД,Варна,ГОРЕН ЧИФЛИК,Supermarket,Gold,Not Seasonal,At Home
103563,АЛ И КО ЕООД,Бургас,ПЛАНИНИЦА,Local Shop,Silver,Not Seasonal,At Home
106698,КАСТРОЛ ШУМЕН ЕООД,Сливен,СЛИВЕН,Superette,Gold,Not Seasonal,At Home
102226,АЛ И КО ЕООД,Бургас,ГОРИЦА,Local Shop,Silver,Not Seasonal,At Home
100827,ФЕРИ ЕООД,Бургас,ЛИВАДА,Supermarket,Silver,Not Seasonal,At Home
104534,Бензиностанция ЕООД,Варна,ДЪБРАВИНО,Local Shop,Gold,Not Seasonal,At Home
101361,БЕНИТА 28 ЕООД,Бургас,МАЛКО ТЪРНОВО,Nightclub,Bronze,Not Seasonal,Out of Home
100828,БЕНЗИНОСТАНЦИЯ ШЕЛ ЕООД,Бургас,БУРГАС,Supermarket,Silver,Not Seasonal,At Home
104088,ЕС ЕН ДЖИ ЕООД,Бургас,НОВО ПАНИЧАРЕВО,Local Shop,Silver,Not Seasonal,At Home
106851,ВИСТА ОЙЛ СРЕДИЩЕ ЕООД,Бургас,НЕСЕБЪР,Nightclub,Iron,Not Seasonal,Out of Home
103645,Бензиностанция Самолета ЕООД,Бургас,КАРНОБАТ,Local Shop,Bronze,Not Seasonal,At Home
104533,МЕТАН СТАНЦИЯ ЕООД,Варна,БЯЛА,Local Shop,Bronze,Not Seasonal,At Home
106292,БЕНЗИНОСТАНЦИЯ РОУ БАК ЕООД,Бургас,БУРГАС,Local Shop,Gold,Not Seasonal,At Home
102197,ИВЕКС ЕООД,Бургас,ЯСЕНОВО,Local Shop,Bronze,Not Seasonal,At Home
104580,АЛ И КО ЕООД,Варна,ЦОНЕВО,Local Shop,Gold,Not Seasonal,At Home
103460,БЕНЗИНОСТАНЦИЯ 7КМ ЕООД,Ямбол,ЯМБОЛ,Local Shop,Gold,Not Seasonal,At Home
111828,БЕНИТА ОЙЛ ЕООД,Бургас,БУРГАС,Restaurant,Bronze,Not Seasonal,Out of Home
108158,ЕКОТРАНСГАЗ ЕООД,Бургас,КАРНОБАТ,Restaurant,Silver,Not Seasonal,Out of Home
100254,БЕНЗИНОСТАНЦИЯ ЕООД,Бургас,БУРГАС,Local Shop,Silver,Not Seasonal,At Home
104138,ЕРА ЕООД,Ямбол,ЕЛХОВО,Local Shop,Bronze,Not Seasonal,At Home
103770,БЕНЗИНОСТАНЦИЯ ЕООД,Бургас,БУРГАС,Local Shop,Bronze,Not Seasonal,At Home
104458,БЕНЗИНОСТАНЦИЯ БЕНИТА ЕООД,Ямбол,СТРАЛДЖА,Local Shop,Silver,Not Seasonal,At Home
100867,СОКОЛ ЕООД,Бургас,БУРГАС,Supermarket,Bronze,Not Seasonal,At Home
103461,БУЛ ЕР АГРО ЕООД,Ямбол,ЯМБОЛ,Local Shop,Silver,Not Seasonal,At Home
107642,ЛУКОЙЛ ЕООД,Бургас,СЛЪНЧЕВ БРЯГ,Restaurant,Silver,Seasonal,Out of Home
110966,БЕНЗИНОСТАНЦИЯ ЕООД,Бургас,СЛЪНЧЕВ БРЯГ,Hotels,Gold,Seasonal,Out of Home
100829,БЕНИТА ЕООД,Бургас,ТРОЯНОВО,Supermarket,Bronze,Not Seasonal,At Home
100830,ИНСА ОЙЛ ЕООД,Бургас,ТРОЯНОВО,Supermarket,Silver,Not Seasonal,At Home
108095,ВИСТА ОЙЛ ЕООД,Бургас,КАРНОБАТ,Restaurant,Silver,Not Seasonal,Out of Home
100798,Бензиностанция Петрол ЕООД,Сливен,СЛИВЕН,Supermarket,Silver,Not Seasonal,At Home
102172,МЕТАН СТАНЦИЯ ЕООД,Бургас,ПРИПЕК,Local Shop,Bronze,Not Seasonal,At Home
109185,АВИА ЕООД,Бургас,БУРГАС,Hotels,Iron,Not Seasonal,Out of Home
111172,ДОДЖИ КОМЕРС ЕООД,Варна,ШКОРПИЛОВЦИ,Hotels,Silver,Seasonal,Out of Home
106330,ЛАФИ ЕООД,Бургас,ПРИМОРСКО,Local Shop,Silver,Seasonal,At Home
111857,БЕНЗИНОГАЗСТАНЦИЯ ЕООД,Бургас,БУРГАС,Restaurant,Gold,Not Seasonal,Out of Home
107156,ВИСТА ОЙЛ ЕООД,Бургас,СОЗОПОЛ,Superette,Gold,Seasonal,At Home
107647,ПЕТРОЛ ЕООД,Бургас,СВЕТИ ВЛАС,Restaurant,Bronze,Seasonal,Out of Home
102217,БЕНЗИНОСТАНЦИЯ ЕООД,Бургас,РУЕН,Local Shop,Silver,Not Seasonal,At Home
105102,БЕНЗИНОСТАНЦИЯ Б24 ЕООД,Бургас,ДОБРА ПОЛЯНА,Cafe,Silver,Not Seasonal,Out of Home
111026,ЕМ ПЕТРОЛ ЕООД,Бургас,ОБЗОР,Hotels,Gold,Seasonal,Out of Home
106332,АВИА ЕООД,Бургас,ПРИМОРСКО,Local Shop,Silver,Seasonal,At Home
106603,ЛАФИ ЕООД,Бургас,БУРГАС,Cafe,Bronze,Not Seasonal,Out of Home
110967,ВИСТА ОЙЛ ЕООД,Бургас,НЕСЕБЪР,Hotels,Gold,Seasonal,Out of Home
103741,ММ-ЕКС ООД ЕООД,Сливен,ЖЕЛЮ ВОЙВОДА,Local Shop,Iron,Not Seasonal,At Home
110968,СОФТМР ЕООД,Бургас,СЛЪНЧЕВ БРЯГ,Hotels,Gold,Seasonal,Out of Home
105671,БЕНЗИНОСТАНЦИЯ ЕООД,Варна,ВАРНА,Bar,Silver,Seasonal,Out of Home
109739,МАГАЗИН СЛАВУНА ЕООД,Бургас,БУРГАС,Superette,Bronze,Seasonal,Out of Home
105237,БЕНЗИНОСТАНЦИЯ ЕООД,Бургас,РАВДА,Cafe,Gold,Seasonal,Out of Home
110921,БЕНЗИНОСТАНЦИЯ ПМ 6 ЕООД,Бургас,СОЗОПОЛ,Restaurant,Silver,Seasonal,Out of Home
107644,ТОПЛИВО ЕООД,Бургас,СЛЪНЧЕВ БРЯГ,Restaurant,Silver,Seasonal,Out of Home
103958,СЕВИ ОЙЛ ЕООД,Бургас,БУРГАС,Local Shop,Silver,Not Seasonal,At Home
108514,СЕВИ ОЙЛ ЕООД,Бургас,ЧЕРНОМОРЕЦ,Restaurant,Silver,Seasonal,Out of Home
105325,ПМ ОЙЛ ЕООД,Бургас,БУРГАС,Cafe,Silver,Seasonal,Out of Home
106844,РОС ДИМ ОЙЛ ЕООД,Бургас,ПРИМОРСКО,Nightclub,Silver,Seasonal,Out of Home
106327,БЕНИТА ОЙЛ ЕООД,Бургас,КИТЕН,Local Shop,Gold,Seasonal,At Home
106329,ПМ ОЙЛ ЕООД,Бургас,ПРИМОРСКО,Local Shop,Gold,Seasonal,At Home
108755,ОРЕЛ 2001 ООД ЕООД,Бургас,КИТЕН,Hotels,Silver,Seasonal,Out of Home
108952,БЕНЗИНОСТАНЦИЯ БОЖКОВ ЕООД,Бургас,ПОМОРИЕ,Hotels,Silver,Seasonal,Out of Home
108079,ДЕГА ЕООД,Бургас,ОБЗОР,Restaurant,Bronze,Seasonal,Out of Home
108334,БЕНЗИНО ГАЗ СТАНЦИЯ КАДЕМ ЕООД,Бургас,ЦАРЕВО,Restaurant,Bronze,Seasonal,Out of Home
104492,АВАНТИ РИЖ ЕООД,Варна,ДЪЛГОПОЛ,Local Shop,Gold,Not Seasonal,At Home
101002,СД ЕВРО - 89 ЕООД,Бургас,БУРГАС,Supermarket,Iron,Not Seasonal,At Home
107643,АВТОКОМПЛЕКС ДЖИ ЕС КАРС ЕООД,Бургас,СВЕТИ ВЛАС,Restaurant,Silver,Seasonal,Out of Home
109187,ДЕГА ЕООД,Бургас,ЧЕРНОМОРЕЦ,Hotels,Silver,Seasonal,Out of Home
104086,БЕНЗ. ВЛАС ОЙЛ ООД ЕООД,Бургас,ЦАРЕВО,Local Shop,Silver,Seasonal,At Home
111242,ХЕМУС ОЙЛ ГРУП ООД ЕООД,Бургас,ЦАРЕВО,Hotels,Bronze,Not Seasonal,Out of Home
109051,АВТОКОМ ООД ЕООД,Бургас,ЦАРЕВО,Hotels,Bronze,Seasonal,Out of Home
110381,РЕКАР ООД ЕООД,Бургас,ОБЗОР,Fast-food,Bronze,Seasonal,Out of Home
108910,БЕНИТА ЕООД,Бургас,ОБЗОР,Hotels,Bronze,Seasonal,Out of Home
111516,АТЛАНТИК РОМПЕТРОЛ ЕООД,Бургас,ОБЗОР,Restaurant,Silver,Seasonal,Out of Home
108516,ГАЗ ЛОДЖИСТИК ЕООД,Бургас,СОЗОПОЛ,Restaurant,Silver,Seasonal,Out of Home
107866,БЕНИТА ОЙЛ ЕООД,Бургас,ПРИМОРСКО,Restaurant,Gold,Seasonal,Out of Home
110969,ЙОАНА 89 ООД ЕООД,Бургас,СЛЪНЧЕВ БРЯГ,Hotels,Gold,Seasonal,Out of Home
109052,ДСБ ОЙЛ ЕООД,Бургас,ЛОЗЕНЕЦ,Hotels,Bronze,Seasonal,Out of Home
108740,ИНТЕРПЕТРОЛ ЕООД,Бургас,КИТЕН,Hotels,Silver,Seasonal,Out of Home
107865,ЙОАНА 89 ООД ЕООД,Бургас,ПРИМОРСКО,Restaurant,Silver,Seasonal,Out of Home
109699,БЕНЗИНОСТАНЦИЯ ЧУЧУРА ЕООД,Бургас,ЛОЗЕНЕЦ,Fast-food,Bronze,Seasonal,Out of Home
111248,ДИКОМ ЕООД,Бургас,СОЗОПОЛ,Hotels,Silver,Seasonal,Out of Home
107976,БЕНЗИНОСТАНЦИЯ ШЕЛ ЕООД,Бургас,НЕСЕБЪР,Restaurant,Gold,Seasonal,Out of Home
108531,ГАЗСТАНЦИЯ КОЗАРЕВЕЦ ЕООД,Бургас,ЧЕРНОМОРЕЦ,Restaurant,Silver,Seasonal,Out of Home
105870,БЕНЗИНОСТАНЦИЯ БЕНИТА ОЙЛ ЕООД,Бургас,СЛЪНЧЕВ БРЯГ,Fast-food,Bronze,Seasonal,Out of Home
100161,БЕНЗИНОСТАНЦИЯ КРАСИ ОЙЛ ЕООД,Бургас,СЛЪНЧЕВ БРЯГ,Local Shop,Bronze,Seasonal,Out of Home
111395,БУЛМАРКЕТ ЕООД,Бургас,БУРГАС,Fast-food,Bronze,Seasonal,Out of Home
106179,БЕНЗИНОСТАНЦИЯ ЙОАНА ЕООД,Бургас,ЧЕРНОМОРЕЦ,Fast-food,Silver,Seasonal,Out of Home
107975,ЕКО ТРАНС ГАЗ ГОРНА ОРЯХОВИЦА ЕООД,Бургас,НЕСЕБЪР,Restaurant,Silver,Seasonal,Out of Home
105912,ГАЗСТАНЦИЯ СИТИГАЗ ЕООД,Бургас,КИТЕН,Fast-food,Silver,Seasonal,Out of Home
107964,ИНСТА ОЙЛ БЕНЗИНОСТАНЦИЯ ЕООД,Бургас,НЕСЕБЪР,Restaurant,Gold,Seasonal,Out of Home
108101,АВТОСТАРТ-ВЕТОВО ЕООД ЕООД,Бургас,ОБЗОР,Restaurant,Gold,Seasonal,Out of Home
105473,БУЛМАРКЕТ ЕООД,Бургас,СИНЕМОРЕЦ,Cafe,Bronze,Seasonal,Out of Home
107873,БЕНЗИНОСТАНЦИЯ КРАМАР ЕООД,Бургас,КИТЕН,Restaurant,Silver,Seasonal,Out of Home
108925,БЕНЗИНОСТАНЦИЯ БЕНИТА ОЙЛ ЕООД,Бургас,ОБЗОР,Hotels,Bronze,Seasonal,Out of Home
104017,БЕНЗИНОСТАНЦИЯ БЕНИТА ЕООД,Бургас,БУРГАС,Local Shop,Gold,Not Seasonal,At Home
104132,БЕНЗИНОСТАНЦИЯ ЕООД,Ямбол,БЕЗМЕР,Local Shop,Iron,Not Seasonal,At Home
107827,САКСА ЕООД,Бургас,КИТЕН,Restaurant,Silver,Seasonal,Out of Home
105175,БЕНЗИНОСТАНЦИЯ ЕВРОПА ЕООД,Бургас,КИТЕН,Cafe,Silver,Not Seasonal,Out of Home
106867,БЕНЗИНОСТАНЦИЯ КАРТЕЛ ЕООД,Бургас,ЛОЗЕНЕЦ,Nightclub,Bronze,Seasonal,Out of Home
106334,БЕНЗИНОСТАНЦИЯ ЕООД,Бургас,КИТЕН,Local Shop,Gold,Seasonal,At Home
109086,Бензиностанция ЕООД,Бургас,ЧЕРНОМОРЕЦ,Hotels,Silver,Seasonal,Out of Home
111623,БЕНЗИНОСТАНЦИЯ ВИДИМА ЕООД,Бургас,СЛЪНЧЕВ БРЯГ,Fast-food,Silver,Seasonal,Out of Home
110687,ВЯТОВЕЦ 1 ЕООД,Бургас,СЛЪНЧЕВ БРЯГ,Restaurant,Gold,Seasonal,Out of Home
108678,БЕНЗИНОСТАНЦИЯ МАТ ЕООД,Бургас,СЛЪНЧЕВ БРЯГ,Hotels,Gold,Seasonal,Out of Home
108670,БЕНЗИНОСТАНЦИЯ НОВА ЧЕРНА ЕООД,Бургас,СЛЪНЧЕВ БРЯГ,Hotels,Bronze,Seasonal,Out of Home
105176,ОРГАНИК ПАК ТРЕЙДИНГ ЕООД ЕООД,Бургас,КИТЕН,Cafe,Silver,Seasonal,Out of Home
111214,БЕНЗИНОСТАНЦИЯ POWER OIL ЕООД,Бургас,ОБЗОР,Hotels,Gold,Seasonal,Out of Home
104072,БЕНЗИНОСТАНЦИЯ ДЖИ ЕМ ПИТРОЛИУМ ЕООД,Ямбол,МАМАРЧЕВО,Local Shop,Bronze,Not Seasonal,At Home
105098,БЕНЗИНОСТАНЦИЯ POWER OIL ЕООД,Бургас,СЛЪНЧЕВ БРЯГ,Cafe,Silver,Seasonal,Out of Home
108249,МТМ ПЕТРОЛ ЕООД,Бургас,ЧЕРНОМОРЕЦ,Restaurant,Silver,Seasonal,Out of Home
108548,ХИМОЙЛ ЕООД,Бургас,СОЗОПОЛ,Restaurant,Silver,Seasonal,Out of Home
105316,ХИМОЙЛ ЕООД,Бургас,БУРГАС,Cafe,Gold,Not Seasonal,Out of Home
104226,ВИСТА ОЙЛ ЕООД,Бургас,БУРГАС,Local Shop,Iron,Seasonal,At Home
108764,БЕНИТА ЕООД,Бургас,МЛАДЕЖКО,Hotels,Silver,Not Seasonal,Out of Home
106693,БЕНЗИНОСТАНЦИЯ ШЕЛ ЕООД,Бургас,КАРНОБАТ,Superette,Gold,Not Seasonal,At Home
105238,ВИСТА ОЙЛ ЕООД,Бургас,БУРГАС,Cafe,Silver,Not Seasonal,Out of Home
106857,ЕКО КАР ЕООД,Бургас,ОБЗОР,Nightclub,Bronze,Seasonal,Out of Home
101075,БИ-МАКС ЕООД,Варна,ДОЛНИ ЧИФЛИК,Supermarket,Bronze,Not Seasonal,At Home
104532,МТТ ООД ЕООД,Варна,ДОЛНИ ЧИФЛИК,Local Shop,Iron,Not Seasonal,At Home
105239,БЕНИТА ЕООД,Бургас,КАМЕНО,Cafe,Gold,Not Seasonal,Out of Home
108253,АВТОТРЕЙД ЕООД,Бургас,СОЗОПОЛ,Restaurant,Bronze,Seasonal,Out of Home
104052,АТАНАСОВ ГРУП ЕООД,Ямбол,ЕЛХОВО,Local Shop,Silver,Not Seasonal,At Home
100839,ЛОТОСИ ЕООД,Бургас,БУРГАС,Supermarket,Iron,Not Seasonal,At Home
104498,БЕНИТА ЕООД,Варна,БЯЛА,Local Shop,Bronze,Not Seasonal,At Home
109867,БЕНИТА ЕООД,Бургас,БУРГАС,Cafe,Gold,Not Seasonal,Out of Home
104085,АТАНАСОВ ГРУП ЕООД,Бургас,СОЗОПОЛ,Local Shop,Bronze,Not Seasonal,At Home
104499,Бензиностанция ТОМИ ЕООД,Варна,ДЪЛГОПОЛ,Local Shop,Gold,Not Seasonal,At Home
104961,ВИСТА ОЙЛ ЕООД,Бургас,БУРГАС,Cafe,Iron,Not Seasonal,Out of Home
103422,ПЪТ КОНСУЛТ ЕООД,Сливен,СЛИВЕН,Local Shop,Gold,Not Seasonal,At Home
104557,ПЕТРОЛЕУМ ЕООД,Варна,ДОЛНИ ЧИФЛИК,Local Shop,Gold,Not Seasonal,At Home
111343,БЕНИТА ОЙЛ ЕООД,Бургас,ОБЗОР,Fast-food,Gold,Seasonal,Out of Home
102307,ВИСТА ОЙЛ ЕООД,Бургас,БАНЯ,Local Shop,Silver,Not Seasonal,At Home
100778,ДЕМЕТРА ЕООД,Сливен,СЛИВЕН,Supermarket,Bronze,Not Seasonal,At Home
106485,БЕНИТА РАЗГРАД ЕООД,Бургас,БУРГАС,Cafe,Iron,Not Seasonal,Out of Home
110970,ТУРСУНА ЕООД,Бургас,СОЗОПОЛ,Hotels,Gold,Seasonal,Out of Home
104236,БЕНИТА ЕООД,Бургас,НОВО ПАНИЧАРЕВО,Local Shop,Silver,Not Seasonal,At Home
105946,ДРАЛЧЕВ СГ ЕООД,Бургас,БУРГАС,Fast-food,Iron,Not Seasonal,Out of Home
103678,БЕНИТА ЕООД,Сливен,КОТЕЛ,Local Shop,Gold,Not Seasonal,At Home
109509,ВЕОЛА ООД ЕООД,Бургас,АЙТОС,Fast-food,Silver,Not Seasonal,Out of Home
103979,ШЕЛ ЕООД,Бургас,КАМЕНО,Local Shop,Bronze,Not Seasonal,At Home
110263,ОМАКС ЕООД,Бургас,БУРГАС,Fast-food,Silver,Not Seasonal,Out of Home
103646,ЧИКЕЛА ЕООД,Бургас,ЧЕРЕША,Local Shop,Bronze,Not Seasonal,At Home
104395,КОДИ ЕООД,Варна,НОВО ОРЯХОВО,Local Shop,Gold,Not Seasonal,At Home
100250,ОМАКС ЕООД,Бургас,БУРГАС,Local Shop,Silver,Not Seasonal,At Home
110261,МК ПЕТРОЛ ЕООД,Бургас,БУРГАС,Fast-food,Bronze,Not Seasonal,Out of Home
100832,ДИНС 80 ЕООД,Бургас,БУРГАС,Supermarket,Silver,Not Seasonal,At Home
103848,ДИОЙЛ ЕООД,Бургас,БУРГАС,Local Shop,Silver,Not Seasonal,At Home
106300,DEGA ЕООД,Бургас,ПОМОРИЕ,Local Shop,Iron,Not Seasonal,At Home
109510,АЛПИ ЕООД,Бургас,ПОМОРИЕ,Fast-food,Silver,Seasonal,Out of Home
109511,ИМ ПЕТРОЛИУМ ЕООД,Бургас,ПОМОРИЕ,Fast-food,Silver,Seasonal,Out of Home
109790,ГР.ЯМБОЛ УЛ.ОРМАНА 15 ЕООД,Бургас,ГРАМАТИКОВО,Hotels,Bronze,Not Seasonal,Out of Home
110260,РАФТИС ЕООД,Бургас,БУРГАС,Fast-food,Silver,Not Seasonal,Out of Home
100131,САКИ ЕООД,Сливен,СЛИВЕН,Local Shop,Bronze,Not Seasonal,At Home
105498,ДИМИС 2 ЕООД,Бургас,КОНСТАНТИНОВО,Cafe,Bronze,Seasonal,Out of Home
105097,БЕМЗИНОСТАНЦИЯ ВАНЯ ТРАНС ЕООД,Бургас,БУРГАС,Cafe,Bronze,Seasonal,Out of Home
101014,ГЕОМЕКС 3 ЕООД,Бургас,ЦАРЕВО,Supermarket,Gold,Not Seasonal,At Home
103930,ГЕОМЕКС 1 ЕООД,Бургас,БУРГАС,Local Shop,Bronze,Not Seasonal,At Home
108332,БЕНЗИНОСТАНЦИЯ КОХИМА ЕООД,Бургас,БУРГАС,Restaurant,Bronze,Not Seasonal,Out of Home
109962,БЕНЗИНОСТАНЦИЯ ЕС ПИ ФЮЕЛС ЕООД,Бургас,СЛЪНЧЕВ БРЯГ,Cafe,Silver,Not Seasonal,Out of Home
100132,БЕНЗИНОСТАНЦИЯ МИНОЙЛ ЕООД,Сливен,СЛИВЕН,Local Shop,Bronze,Not Seasonal,At Home
102149,БЕНИТА ЕООД,Бургас,КОШАРИЦА,Local Shop,Silver,Not Seasonal,At Home
105855,ДЕГА ЕООД,Бургас,СЛЪНЧЕВ БРЯГ,Fast-food,Silver,Seasonal,Out of Home
107794,БЕНЗИНОСТАНЦИЯ ДЕГА ЕООД,Бургас,БУРГАС,Restaurant,Bronze,Seasonal,Out of Home
105076,НАФТА ТРЕЙДИНГ ЕООД,Бургас,КОШАРИЦА,Cafe,Bronze,Not Seasonal,Out of Home
105062,ДИРОСИ ЕООД,Бургас,СТРАЦИН,Cafe,Gold,Not Seasonal,Out of Home
103755,БЕНЗИНОСТАНЦИЯ ДИРОСИ ЕООД,Бургас,БУРГАС,Local Shop,Gold,Not Seasonal,At Home
108251,ВМ ПЕТРОЛИУМ ЕООД,Бургас,СОЗОПОЛ,Restaurant,Gold,Seasonal,Out of Home
108250,БЕНЗИНОСТАНЦИЯ ПЕТРОЛ ЕООД,Бургас,СОЗОПОЛ,Restaurant,Silver,Seasonal,Out of Home
104073,БЕНЗИНОСТАНЦИЯ ДЕГА 7 ЕООД,Бургас,СОЗОПОЛ,Local Shop,Bronze,Not Seasonal,At Home
103977,БЕНЗИНОСТАНЦИЯ БИ ОЙЛ 4 ЕООД,Бургас,ПОМОРИЕ,Local Shop,Gold,Not Seasonal,At Home
106716,БЕЗНЗИНОСТАНЦИЯ СЕВИ ОЙЛ ЕООД,Бургас,ПРИМОРСКО,Superette,Gold,Seasonal,At Home
110964,ДЕГА ЕООД,Бургас,СЛЪНЧЕВ БРЯГ,Hotels,Silver,Seasonal,Out of Home
101266,БЕНЗИНОСТАНЦИЯ ДЕГА ЕООД,Бургас,БУРГАС,Cafe,Silver,Not Seasonal,At Home
108527,ТИПИК ОЙЛ ЕООД,Бургас,СОЗОПОЛ,Restaurant,Silver,Seasonal,Out of Home
107194,БЕНЗИНОСТАНЦИЯ ЕООД,Бургас,СИНЕМОРЕЦ,Superette,Bronze,Seasonal,At Home
110976,БЕНЗИНОСТАНЦИЯ КРЕЗОН ЕООД,Бургас,СЛЪНЧЕВ БРЯГ,Hotels,Silver,Seasonal,Out of Home
103949,БУРГОЙЛ ЕООД,Бургас,БУРГАС,Local Shop,Bronze,Not Seasonal,At Home
108247,ОМАКС ЕООД,Бургас,СОЗОПОЛ,Restaurant,Silver,Seasonal,Out of Home
106357,БРАНКО ЕООД,Бургас,БУРГАС,Cafe,Iron,Not Seasonal,Out of Home
110034,БЕНЗИНОСТАНЦИЯ ИНС ЕООД,Бургас,ПОМОРИЕ,Cafe,Silver,Seasonal,Out of Home
108941,БЕНЗИНОСТАНЦИЯ К2 ЕООД,Бургас,ПОМОРИЕ,Hotels,Bronze,Seasonal,Out of Home
106248,ДЖИ ЕН ЕЙ ЕООД,Бургас,СЛЪНЧЕВ БРЯГ,Local Shop,Gold,Seasonal,At Home
103420,БИ ОЙЛ 3 ЕООД,Сливен,СЛИВЕН,Local Shop,Gold,Not Seasonal,At Home
104826,БЕНЗИНОСТАНЦИЯ ИНС ЕООД,Варна,ДЪЛГОПОЛ,Cafe,Gold,Not Seasonal,Out of Home
108266,ДИЧОНИ ЕООД,Бургас,СОЗОПОЛ,Restaurant,Silver,Seasonal,Out of Home
108245,ПЕРЛА ЕООД,Бургас,СОЗОПОЛ,Restaurant,Silver,Seasonal,Out of Home
106304,БП БУЛПЕТРОЛИУМ ЕООД,Бургас,ПОМОРИЕ,Local Shop,Silver,Seasonal,At Home
103464,ТРАНСКОМ ЕООД,Ямбол,ЯМБОЛ,Local Shop,Bronze,Not Seasonal,At Home
105778,КУШ ОЙЛ ЕООД,Бургас,БУРГАС,Fast-food,Bronze,Not Seasonal,Out of Home
104396,БЕНЗИНОСТАНЦИЯ ИНС ПЕТРОЛ ЕООД,Варна,ГОЛИЦА,Local Shop,Silver,Not Seasonal,At Home
100535,БЕНИС ЕООД,Бургас,СЛЪНЧЕВ БРЯГ,Supermarket,Gold,Seasonal,At Home
108483,GENERAL OIL ЕООД,Бургас,СОЗОПОЛ,Restaurant,Gold,Seasonal,Out of Home
106287,ММ ПЕТРОЛИУМ ЕООД,Бургас,НЕСЕБЪР,Local Shop,Bronze,Seasonal,At Home
107639,БАНЗИНОСТАНЦИЯ ЕООД,Бургас,СЛЪНЧЕВ БРЯГ,Restaurant,Gold,Seasonal,Out of Home
108335,БЕНИТА ЕООД,Бургас,БУРГАС,Restaurant,Bronze,Seasonal,Out of Home
111349,АКЕРА ЕООД,Бургас,АЙТОС,Fast-food,Bronze,Seasonal,Out of Home
108069,ТАРИНВЕСТ ЕООД,Бургас,ПОМОРИЕ,Restaurant,Silver,Seasonal,Out of Home
103950,БЕНЗИНОСТАНЦИЯ ЛИКИ  МОЛИ ЕООД,Бургас,БЪЛГАРОВО,Local Shop,Silver,Not Seasonal,At Home
110741,ПЕТРОЛ ЕООД,Бургас,БУРГАС,Restaurant,Gold,Not Seasonal,Out of Home
110757,РОМПЕТРОЛ ЕООД,Бургас,СЛЪНЧЕВ БРЯГ,Fast-food,Bronze,Seasonal,Out of Home
108060,ЗЪРНЕНИ ХРАНИ ОЙЛ ЕООД,Бургас,БУРГАС,Restaurant,Silver,Seasonal,Out of Home
105178,СТАРТ БЕНЗИНОСТАНЦИЯ ЕООД,Бургас,ПРИМОРСКО,Cafe,Silver,Seasonal,Out of Home
109678,МОНИКА ЕООД,Бургас,ЛОЗЕНЕЦ,Fast-food,Bronze,Seasonal,Out of Home
108766,ПИРИН ОЙЛ ЕООД,Бургас,КИТЕН,Hotels,Silver,Seasonal,Out of Home
107973,БЕНЗИНОСТАНЦИЯ БЕНИТА ЕООД,Бургас,АХЕЛОЙ,Restaurant,Bronze,Seasonal,Out of Home
108651,БЕНЗИНОСТАНЦИЯ ЕООД,Бургас,СВЕТИ ВЛАС,Hotels,Silver,Seasonal,Out of Home
103951,БЕНЗИНОСТАНЦИЯ ОМИ ЕООД,Бургас,БУРГАС,Local Shop,Silver,Not Seasonal,At Home
103401,БЕНЗИНОСТАНЦИЯ МИР ЕООД,Сливен,СЛИВЕН,Local Shop,Gold,Not Seasonal,At Home
105471,РОЯЛ ЕООД,Бургас,ЦАРЕВО,Cafe,Bronze,Seasonal,Out of Home
105257,БЕНЗИНОСТАНЦИЯ ОМАКС ЕООД,Бургас,РАВДА,Cafe,Bronze,Seasonal,Out of Home
107247,БЕНЗИНОСТАНЦИЯ ЕООД,Бургас,КИТЕН,Supermarket,Gold,Seasonal,At Home
104397,ЧАРДЖ СТОП ЕООД,Варна,БЯЛА,Local Shop,Iron,Not Seasonal,At Home
108471,БЕНЗИНОСТАНЦИЯ ИНА ЕООД,Бургас,СОЗОПОЛ,Restaurant,Silver,Seasonal,Out of Home
100534,БЕНЗИНОСТАНЦИЯ ЕКОТРАНСГАЗ ЕООД,Бургас,СЛЪНЧЕВ БРЯГ,Supermarket,Gold,Seasonal,At Home
106604,БЕНЗИНОСТАНЦИЯ ЕООД,Бургас,ЛОЗЕНЕЦ,Cafe,Bronze,Seasonal,Out of Home
106555,АВТОМИВКА ДИАМАНТ ЕООД,Бургас,ПРИМОРСКО,Cafe,Silver,Seasonal,Out of Home
107817,БЕНЗИНОСТАНЦИЯ ИВВ ЕООД,Бургас,ПРИМОРСКО,Restaurant,Gold,Seasonal,Out of Home
108326,НИТ ОЙЛ ЕООД,Бургас,ЛОЗЕНЕЦ,Restaurant,Bronze,Seasonal,Out of Home
110987,ЩАБ НА СПАСИТЕЛИТЕ ЕООД,Бургас,ПОМОРИЕ,Hotels,Gold,Seasonal,Out of Home
108002,БУКМЕЙКАРСКИ ПУНКТ ЕООД,Бургас,РАВДА,Restaurant,Silver,Seasonal,Out of Home
105548,Скамейка ЕООД,Бургас,БУРГАС,Cafe,Bronze,Not Seasonal,Out of Home
106315,РОКЕР КЛУБ СДРУЖЕНИЕ ЕООД,Бургас,ПРИМОРСКО,Local Shop,Gold,Seasonal,At Home
107795,ШОУРУУМ И СКЛАД ЗА ПРОФЕСИОНАЛНА АУ ЕООД,Бургас,ПРИМОРСКО,Restaurant,Silver,Seasonal,Out of Home
110908,ЛУНАПАРК ЕООД,Бургас,СИНЕМОРЕЦ,Restaurant,Bronze,Seasonal,Out of Home
107184,НОЩЕН КЛУБ ПЛЕЙБОЙ ЕООД,Бургас,ЦАРЕВО,Superette,Bronze,Seasonal,At Home
108333,КЛУБ 28 ЕООД,Бургас,СИНЕМОРЕЦ,Restaurant,Bronze,Seasonal,Out of Home
106951,CURRYN ROCK ЕООД,Бургас,ОБЗОР,Superette,Silver,Seasonal,At Home
107971,PR ДИСКОТЕКА ЕООД,Бургас,РАВДА,Restaurant,Silver,Seasonal,Out of Home
109487,БАР ШУМ ЕООД,Бургас,РАВДА,Fast-food,Silver,Seasonal,Out of Home
105550,АННО ДОМИНИ ЕООД,Бургас,БУРГАС,Cafe,Iron,Not Seasonal,Out of Home
109030,ШАНА'С БАР ЕООД,Бургас,ЦАРЕВО,Hotels,Bronze,Seasonal,Out of Home
108092,Опиум клуб ЕООД,Бургас,ОБЗОР,Restaurant,Silver,Seasonal,Out of Home
108093,ПЛЕЙБОЙ БАР ЕООД,Бургас,ОБЗОР,Restaurant,Gold,Seasonal,Out of Home
104834,ЛУНА БАР ЕООД,Варна,ДЪЛГОПОЛ,Cafe,Bronze,Not Seasonal,Out of Home
105475,PR BEACH ЕООД,Бургас,ЦАРЕВО,Cafe,Silver,Seasonal,Out of Home
106563,КЛУБ МАГУРАТА ЕООД,Бургас,БУРГАС,Cafe,Iron,Not Seasonal,Out of Home
104956,КОКО БОНГО ЕООД,Бургас,СЛЪНЧЕВ БРЯГ,Cafe,Silver,Seasonal,Out of Home
110659,ПЛЕЙС ПИГАЛ ЕООД,Бургас,БУРГАС,Restaurant,Iron,Not Seasonal,Out of Home
108768,ЛА ПЕРЛА БИЙЧ БАР ЕООД,Бургас,КИТЕН,Hotels,Silver,Seasonal,Out of Home
106311,СТРИЙПТИЗ БАР ЧЕРНА РОЗА ЕООД,Бургас,ПРИМОРСКО,Local Shop,Silver,Seasonal,At Home
109075,ПИАНО БАР РОЯЛ ЕООД,Бургас,СОЗОПОЛ,Hotels,Silver,Seasonal,Out of Home
107819,КЛУБ БЕДРУМ ЕООД,Бургас,КИТЕН,Restaurant,Silver,Seasonal,Out of Home
106119,БАУНС ЕООД,Бургас,ЛОЗЕНЕЦ,Fast-food,Bronze,Seasonal,Out of Home
111562,СКАЙ ЕООД,Бургас,СОЗОПОЛ,Restaurant,Silver,Seasonal,Out of Home
108674,КИКО БИЙЧ ЕООД,Бургас,СВЕТИ ВЛАС,Hotels,Silver,Seasonal,Out of Home
107240,БАР БАСЕЙН МОРЕ 2 ЕООД,Бургас,СВЕТИ ВЛАС,Supermarket,Gold,Not Seasonal,At Home
105187,дискотека ЕООД,Бургас,ПРИМОРСКО,Cafe,Silver,Seasonal,Out of Home
106625,СИНГ ИТ ЕООД,Бургас,ЦАРЕВО,Cafe,Bronze,Seasonal,Out of Home
110002,ДИСКОТЕКА ПИ АР ЕООД,Бургас,ПРИМОРСКО,Cafe,Silver,Seasonal,Out of Home
103781,КЛУБ 9 ЕООД,Бургас,ПОМОРИЕ,Local Shop,Bronze,Not Seasonal,At Home
109310,БИРКЬОНГ ЕООД,Варна,БЯЛА,Fast-food,Bronze,Seasonal,Out of Home
103914,VANITY ЕООД,Бургас,ДЕБЕЛТ,Local Shop,Gold,Not Seasonal,At Home
106885,АЛИТ ЕООД,Бургас,СОЗОПОЛ,Nightclub,Silver,Seasonal,Out of Home
109215,Дискотека ЕООД,Бургас,ЧЕРНОМОРЕЦ,Hotels,Gold,Seasonal,Out of Home
106318,ДИСКОТЕКА ЕООД,Бургас,АХТОПОЛ,Local Shop,Silver,Seasonal,At Home
108341,ЛАЙФ БАР ЕООД,Бургас,ЦАРЕВО,Restaurant,Bronze,Seasonal,Out of Home
101281,КАФЕ НУХОВ ЕООД,Бургас,БУРГАС,Cafe,Gold,Not Seasonal,At Home
107802,НОЩЕН БАР ЕООД,Бургас,ПРИМОРСКО,Restaurant,Silver,Seasonal,Out of Home
105551,ВЪНШЕН БАР ЛАЗУР 2 ЕООД,Бургас,МОМИНА ЦЪРКВА,Cafe,Bronze,Not Seasonal,Out of Home
108653,ДИСКОТЕКА ЛАЗУР 1 ЕООД,Бургас,СЛЪНЧЕВ БРЯГ,Hotels,Silver,Seasonal,Out of Home
105948,БИРАРИЯ МЕЗЕТО ЕООД,Бургас,НЕСЕБЪР,Fast-food,Silver,Seasonal,Out of Home
107189,БАР КУЛТ ЕООД,Бургас,СИНЕМОРЕЦ,Superette,Bronze,Seasonal,At Home
107187,SDO ЕООД,Бургас,АХТОПОЛ,Superette,Bronze,Seasonal,At Home
108330,БЕНЗИНОСТАНЦИЯ ЕООД,Бургас,БУРГАС,Restaurant,Gold,Not Seasonal,Out of Home
109501,ДИСКОТЕКА ЕООД,Бургас,ОБЗОР,Fast-food,Bronze,Seasonal,Out of Home
105916,ПИЙП ШОУ ЕООД,Бургас,ПРИМОРСКО,Fast-food,Silver,Seasonal,Out of Home
107192,ДЖАНКАТА ЕООД,Бургас,СОЗОПОЛ,Superette,Gold,Seasonal,At Home
110586,ДИСКОТЕКА ФЕЛИНГ ЕООД,Бургас,СОЗОПОЛ,Fast-food,Silver,Seasonal,Out of Home
108480,ДИСКОТЕКА ТЕКИЛА ЕООД,Бургас,ЧЕРНОМОРЕЦ,Restaurant,Silver,Seasonal,Out of Home
107183,БАР БАКУТ ЕООД,Бургас,СОЗОПОЛ,Superette,Gold,Seasonal,At Home
106312,БАР РОКСИ ЕООД,Бургас,СОЗОПОЛ,Local Shop,Silver,Seasonal,At Home
105064,БАР ФЕРИЯ ЕООД,Бургас,БУРГАС,Cafe,Bronze,Seasonal,Out of Home
108099,БИЙЧ БАР РИЧ ЕООД,Бургас,ОБЗОР,Restaurant,Bronze,Seasonal,Out of Home
105063,БАР ПОНКО ЕООД,Бургас,СЛЪНЧЕВ БРЯГ,Cafe,Gold,Seasonal,Out of Home
111657,Мариета ЕООД,Бургас,НЕСЕБЪР,Fast-food,Silver,Seasonal,Out of Home
109813,ШЕЛТЪР ЕООД,Бургас,СИНЕМОРЕЦ,Hotels,Bronze,Seasonal,Out of Home
109494,БАР КЛУБ ФУЕГО ЕООД,Бургас,БУРГАС,Fast-food,Silver,Not Seasonal,Out of Home
104075,THE VAULT BAR ЕООД,Бургас,СОЗОПОЛ,Local Shop,Gold,Seasonal,At Home
108477,КАФЕ S – КЛУБ ЕООД,Бургас,СОЗОПОЛ,Restaurant,Gold,Seasonal,Out of Home
105876,ДИСКОТЕКА ЕООД,Бургас,СВЕТИ ВЛАС,Fast-food,Silver,Seasonal,Out of Home
100847,КАРГО БАР ЕООД,Бургас,РАВНЕЦ,Supermarket,Iron,Not Seasonal,At Home
102239,КАФЕ БАР ЗАМЪКА ЕООД,Бургас,РУЕН,Local Shop,Iron,Not Seasonal,At Home
108481,КЛУБ БОРЯНА ЕООД,Бургас,СОЗОПОЛ,Restaurant,Gold,Seasonal,Out of Home
108546,КОУЗИ БАР ЕООД,Бургас,ЧЕРНОМОРЕЦ,Restaurant,Silver,Seasonal,Out of Home
106886,ДИСКОТЕКА КАВАЛИ БАР 2 ЕООД,Бургас,СОЗОПОЛ,Nightclub,Silver,Seasonal,Out of Home
110032,ДИСКОТЕКА КАВАЛИ БАР 1 ЕООД,Бургас,БУРГАС,Cafe,Bronze,Not Seasonal,Out of Home
107970,БАРОН НОЩЕН КЛУБ ЕООД,Бургас,НЕСЕБЪР,Restaurant,Gold,Seasonal,Out of Home
108494,НАЙ КЛУБ ЕООД,Бургас,ЧЕРНОМОРЕЦ,Restaurant,Silver,Seasonal,Out of Home
105105,КОКАИН ЕООД,Бургас,СЛЪНЧЕВ БРЯГ,Cafe,Silver,Seasonal,Out of Home
112011,ПЪЦИ БАР ЕООД,Бургас,БУРГАС,Local Shop,Silver,Not Seasonal,At Home
108834,ДИСКОТЕКА ЗАНГАДОР ЕООД,Бургас,НЕСЕБЪР,Hotels,Silver,Seasonal,Out of Home
104213,КАВАЛИ ЕООД,Ямбол,ВЕСЕЛИНОВО,Local Shop,Silver,Not Seasonal,At Home
108499,ЗАНГАДОР ЕООД,Бургас,СОЗОПОЛ,Restaurant,Silver,Seasonal,Out of Home
105059,К-С МАГНОЛИЙТЕ БАР ПАПАГАЛ ЕООД,Бургас,СЛЪНЧЕВ БРЯГ,Cafe,Silver,Seasonal,Out of Home
110978,АФТЪР ПЛЕЙС КРЪГЪЛ БАР ЕООД,Бургас,СЛЪНЧЕВ БРЯГ,Hotels,Gold,Seasonal,Out of Home
107622,БАР АЛКОХОЛ ЕООД,Бургас,СВЕТИ ВЛАС,Restaurant,Silver,Seasonal,Out of Home
106694,ДОЛЧЕ ЛАЙВ КЛУБ ЕООД,Сливен,СЛИВЕН,Superette,Gold,Not Seasonal,At Home
100836,ДИСКОТЕКА ЕООД,Бургас,БУРГАС,Supermarket,Silver,Not Seasonal,At Home
102202,АФТЪР ОРГАЗЪМ ЕООД,Бургас,СТРУЯ,Local Shop,Bronze,Not Seasonal,At Home
103724,БЕНЗИНОСТАНЦИЯ ЕООД,Бургас,СЛАВЯНЦИ,Local Shop,Iron,Not Seasonal,At Home
104200,МУРАДЯН ЕООД,Ямбол,БОТЕВО,Local Shop,Iron,Not Seasonal,At Home
106288,ПАВЛОВИ ЕООД,Бургас,СВЕТИ ВЛАС,Local Shop,Bronze,Seasonal,At Home
106355,МАГАЗИН ЕООД,Бургас,БУРГАС,Cafe,Silver,Not Seasonal,Out of Home
103462,ГЕРДЖИК ЕООД,Ямбол,ЯМБОЛ,Local Shop,Iron,Not Seasonal,At Home
106552,ДЖЪМБО МАРКЕТ ЕООД,Бургас,БУРГАС,Cafe,Bronze,Not Seasonal,Out of Home
106688,БУМ ЕООД,Сливен,СЛИВЕН,Superette,Gold,Not Seasonal,At Home
103740,ДЖЪМПИ ЕООД,Сливен,КОТЕЛ,Local Shop,Iron,Not Seasonal,At Home
106814,МАГАЗИН ЕООД,Бургас,СЛЪНЧЕВ БРЯГ,Nightclub,Gold,Seasonal,Out of Home
101387,ХРАНИТЕЛНИ СТОКИ ЕООД,Бургас,СОЗОПОЛ,Nightclub,Silver,Seasonal,Out of Home
104199,ПК ПЛИСКА ЕООД,Ямбол,ДЖИНОТ,Local Shop,Bronze,Not Seasonal,At Home
104168,МАГАЗИН АНИ ЕООД,Ямбол,БЕЗМЕР,Local Shop,Iron,Not Seasonal,At Home
108542,MAY MARKET ЕООД,Бургас,РАВАДИНОВО,Restaurant,Silver,Seasonal,Out of Home
105474,ТИЧА ЕООД,Бургас,БРОДИЛОВО,Cafe,Bronze,Not Seasonal,Out of Home
106113,НИРВАНА ОБОРИЩЕ ЕООД,Бургас,БУРГАС,Fast-food,Gold,Not Seasonal,Out of Home
110997,ЛОВЕЦ ХЕА МАРКЕТ ЕООД,Бургас,ОБЗОР,Hotels,Silver,Seasonal,Out of Home
105914,МАГАЗИН БЕРЕНТ ЕООД,Бургас,БУРГАС,Fast-food,Bronze,Not Seasonal,Out of Home
105207,ХЮС МЛЕК ЕООД,Бургас,БУРГАС,Cafe,Silver,Not Seasonal,Out of Home
111996,ПК ПЛИСКА ЕООД,Бургас,БУРГАС,Local Shop,Iron,Not Seasonal,At Home
105250,МАГАЗИН ТОТАЛ ЕООД,Бургас,БУРГАС,Cafe,Silver,Not Seasonal,Out of Home
107149,МЕРИЛИН ЕООД,Ямбол,ЕЛХОВО,Superette,Silver,Not Seasonal,At Home
107077,ХРАНИТЕЛЕН МАГАЗИН ЕООД,Сливен,СЛИВЕН,Superette,Iron,Not Seasonal,At Home
104107,МАГАЗИН ЕООД,Бургас,БУРГАС,Local Shop,Gold,Not Seasonal,At Home
105181,ТЕДО ЕООД,Бургас,ЯСНА ПОЛЯНА,Cafe,Bronze,Not Seasonal,Out of Home
111860,ХРАНИТЕЛНИ СТОКИ ЕООД,Бургас,БУРГАС,Restaurant,Iron,Not Seasonal,Out of Home
102236,ВАНЯ ЕООД,Бургас,ЯСЕНОВО,Local Shop,Gold,Not Seasonal,At Home
105530,ГЕОЦ ЕООД,Бургас,СРЕДЕЦ,Cafe,Bronze,Seasonal,Out of Home
100795,ЮМАНИ ЕООД ЕООД,Сливен,СЛИВЕН,Supermarket,Gold,Not Seasonal,At Home
102225,ИВАЙЛО АНАНИЕВ ЕООД,Бургас,РУЕН,Local Shop,Iron,Not Seasonal,At Home
111479,ЙОЖЕНИ 95 ЕООД,Бургас,СЛЪНЧЕВ БРЯГ,Restaurant,Bronze,Seasonal,Out of Home
108811,МХС ЕООД,Бургас,БУРГАС,Hotels,Iron,Not Seasonal,Out of Home
105248,МАГАЗИН ЕООД,Бургас,БУРГАС,Cafe,Bronze,Not Seasonal,Out of Home
100238,ОЛИМП ЕООД,Бургас,БУРГАС,Local Shop,Bronze,Not Seasonal,At Home
106571,М МАРКЕТ ЕООД,Бургас,ПОМОРИЕ,Cafe,Silver,Seasonal,Out of Home
107101,ПЛАМЕН ДИМИТРОВ ЕООД,Бургас,БУРГАС,Superette,Silver,Not Seasonal,At Home
104100,ХРАНИТЕЛНИ СТОКИ ЕООД,Бургас,СОЗОПОЛ,Local Shop,Silver,Not Seasonal,At Home
112012,ЕВЕ ЕООД,Бургас,БУРГАС,Local Shop,Iron,Not Seasonal,At Home
100794,ДАНИЕЛА ЕООД,Бургас,КАРНОБАТ,Supermarket,Bronze,Not Seasonal,At Home
103776,МУРАЯН ЕООД,Бургас,БУРГАС,Local Shop,Silver,Not Seasonal,At Home
105885,МИМИ ЕООД,Бургас,БУРГАС,Fast-food,Iron,Not Seasonal,Out of Home
106374,СЕВЪН 7 ЕООД,Бургас,БУРГАС,Cafe,Silver,Seasonal,Out of Home
106618,МАГАЗИН ЕООД,Бургас,СОЗОПОЛ,Cafe,Bronze,Not Seasonal,Out of Home
104965,ХРАНИТЕЛНИ СТОКИ ЕООД,Бургас,БУРГАС,Cafe,Iron,Not Seasonal,Out of Home
103882,ХРАНИТЕЛНИ СТОКИ ЕООД,Бургас,КРЪСТИНА,Local Shop,Bronze,Not Seasonal,At Home
110242,ХР МН ЕООД,Бургас,БУРГАС,Fast-food,Silver,Not Seasonal,Out of Home
105246,МХС ЕООД,Бургас,БУРГАС,Cafe,Silver,Not Seasonal,Out of Home
100796,ХРАНИТЕЛНИ СТОКИ ЕООД,Сливен,СЛИВЕН,Supermarket,Bronze,Not Seasonal,At Home
104193,КООП ЕООД,Ямбол,ЯМБОЛ,Local Shop,Iron,Not Seasonal,At Home
104955,МАГАЗИН ЕООД,Бургас,БУРГАС,Cafe,Bronze,Not Seasonal,Out of Home
100249,ХРАНИТЕЛНИ СТОКИ ЕООД,Бургас,БУРГАС,Local Shop,Bronze,Not Seasonal,At Home
103647,ПЛАДИМ ЕООД,Бургас,ПЛАНИНИЦА,Local Shop,Bronze,Not Seasonal,At Home
105858,Е - МАРКЕТ ЕООД,Бургас,СЛЪНЧЕВ БРЯГ,Fast-food,Gold,Not Seasonal,Out of Home
109704,МАГАЗИН ЕООД,Бургас,БУРГАС,Fast-food,Silver,Seasonal,Out of Home
104258,ХР СТОКИ ЕООД,Бургас,СРЕДЕЦ,Local Shop,Silver,Not Seasonal,At Home
104099,ХР СТОКИ ЕООД,Бургас,АХТОПОЛ,Local Shop,Gold,Not Seasonal,At Home
104490,РОМ 91 МУСТАФА ХАСАНОВ ЕТ ЕООД,Варна,ЛОПУШНА,Local Shop,Silver,Not Seasonal,At Home
108466,ХР МН МИГ ЕООД,Бургас,СОЗОПОЛ,Restaurant,Silver,Seasonal,Out of Home
106307,ХРАНИТЕЛНИ СТОКИ ЕООД,Бургас,БУРГАС,Local Shop,Silver,Seasonal,At Home
102210,ДЕНИСЛАВ ЕООД,Бургас,ТРЪНАК,Local Shop,Silver,Not Seasonal,At Home
108458,ПАНЧО ЕООД,Бургас,СОЗОПОЛ,Restaurant,Gold,Seasonal,Out of Home
111244,БЕНЕСИТА ЕООД,Бургас,СОЗОПОЛ,Hotels,Silver,Seasonal,Out of Home
103551,ДОС ИМПЕКС ООД ЕООД,Бургас,НЕСЕБЪР,Local Shop,Silver,Not Seasonal,At Home
104161,ПК ПОКРЕПА ЕООД,Бургас,БУРГАС,Local Shop,Gold,Not Seasonal,At Home
103968,ГАВАЗ ЕООД,Бургас,БУРГАС,Local Shop,Gold,Not Seasonal,At Home
105244,МАБЕРГ ЕООД,Бургас,НЕСЕБЪР,Cafe,Gold,Seasonal,Out of Home
108460,ОРДОВАК ЕООД,Бургас,СРЕДЕЦ,Restaurant,Silver,Not Seasonal,Out of Home
105773,ХРАНИТЕЛЕН МАГАЗИН ЕООД,Бургас,БУРГАС,Fast-food,Iron,Not Seasonal,Out of Home
100197,ХЕН ЕООД,Бургас,БУРГАС,Local Shop,Silver,Not Seasonal,At Home
105469,РПК СЪГЛАСИЕ ЕООД,Бургас,БУРГАС,Cafe,Silver,Not Seasonal,Out of Home
110738,СУПЕРМАРКЕТ ЕООД,Бургас,ЧЕРНИ ВРЪХ,Restaurant,Silver,Not Seasonal,Out of Home
103881,МАГАЗИН ЛЕФТЕР ЕООД,Бургас,ЧЕРНИ ВРЪХ,Local Shop,Silver,Not Seasonal,At Home
107076,ПАНАЙОТ ЕООД,Бургас,СВЕТИ ВЛАС,Superette,Silver,Seasonal,At Home
101362,ХР СТОКИ ЕООД,Бургас,БУРГАС,Nightclub,Bronze,Seasonal,Out of Home
105092,МАГАЗИН ЕООД,Бургас,СЛЪНЧЕВ БРЯГ,Cafe,Gold,Seasonal,Out of Home
107793,МАГАЗИН ЕООД,Бургас,ПРИМОРСКО,Restaurant,Silver,Seasonal,Out of Home
108465,ПРИМИЪМ МАРКЕТ ЕООД,Бургас,СОЗОПОЛ,Restaurant,Silver,Seasonal,Out of Home
108470,ХР СТОКИ ЕООД,Бургас,ДЕБЕЛТ,Restaurant,Gold,Not Seasonal,Out of Home
110975,РОСИ ЕООД,Бургас,СЛЪНЧЕВ БРЯГ,Hotels,Silver,Seasonal,Out of Home
106870,НЯМА ЕООД,Бургас,АХТОПОЛ,Nightclub,Bronze,Seasonal,Out of Home
106957,МИЛЕНИУМ ЕООД,Бургас,ОБЗОР,Superette,Silver,Seasonal,At Home
109172,ХРАНИТЕЛНИ СТОКИ ЕООД,Бургас,СОЗОПОЛ,Hotels,Bronze,Seasonal,Out of Home
105915,МАГАЗИН ЕООД,Бургас,КИТЕН,Fast-food,Silver,Seasonal,Out of Home
108343,ДАРИЯ ЕООД,Бургас,РЕЗОВО,Restaurant,Bronze,Seasonal,Out of Home
105476,ХР МН ЕООД,Бургас,БУРГАС,Cafe,Bronze,Seasonal,Out of Home
106815,РОСИ ТУР ЕООД,Бургас,СЛЪНЧЕВ БРЯГ,Nightclub,Silver,Seasonal,Out of Home
106696,ХР МН ЕООД,Сливен,СЛИВЕН,Superette,Silver,Not Seasonal,At Home
109050,МАГАЗИН ЕООД,Бургас,СИНЕМОРЕЦ,Hotels,Bronze,Seasonal,Out of Home
109173,МИГ МАРКЕТ ЕООД,Бургас,СОЗОПОЛ,Hotels,Silver,Seasonal,Out of Home
110592,МХС ЕООД,Бургас,СОЗОПОЛ,Fast-food,Silver,Seasonal,Out of Home
108476,ЮНЕС ЕООД,Бургас,СОЗОПОЛ,Restaurant,Gold,Seasonal,Out of Home
108346,ХРАНИТЕЛЕН МАГАЗИН ЕООД,Бургас,ЦАРЕВО,Restaurant,Silver,Seasonal,Out of Home
107991,СМЕСЕН МАГАЗИН ЕООД,Бургас,НЕСЕБЪР,Restaurant,Gold,Seasonal,Out of Home
106872,СИМГЕ ЕООД,Бургас,ЧЕРНОМОРЕЦ,Nightclub,Bronze,Seasonal,Out of Home
106714,МИНИ МАРКЕТ ЕООД,Бургас,ЦАРЕВО,Superette,Silver,Seasonal,At Home
104097,ХРАНИТЕЛНИ СТОКИ ЕООД,Бургас,ЦАРЕВО,Local Shop,Silver,Seasonal,At Home
100227,ЕКС - СТЕЛ ЕООД,Бургас,НЕСЕБЪР,Local Shop,Bronze,Seasonal,Out of Home
107621,ХРАНИТЕЛНИ СТОКИ ЕООД,Бургас,БУРГАС,Restaurant,Iron,Not Seasonal,Out of Home
103470,ИЗБУЛ ЕООД,Ямбол,ЯМБОЛ,Local Shop,Silver,Not Seasonal,At Home
109256,МАГАЗИН ЕООД,Бургас,МАЛКО ТЪРНОВО,Bar,Iron,Not Seasonal,Out of Home
111193,ХРАНИТЕЛНИ СТОКИ ЕООД,Бургас,БУРГАС,Hotels,Silver,Not Seasonal,Out of Home
100247,МАГАЗИН ЕООД,Бургас,БУРГАС,Local Shop,Iron,Not Seasonal,At Home
108539,МАГАЗИН ЕООД,Бургас,СОЗОПОЛ,Restaurant,Silver,Seasonal,Out of Home
101015,МИНИ МАРКЕТ ГЕРГАНА ЕООД,Бургас,СИНЕМОРЕЦ,Supermarket,Bronze,Not Seasonal,At Home
106954,ХРАНИТЕЛНИ СТОКИ ЕООД,Бургас,ОБЗОР,Superette,Silver,Seasonal,At Home
107801,БЕРК ЕООД,Бургас,КИТЕН,Restaurant,Silver,Seasonal,Out of Home
108765,ОКИ ЕООД,Бургас,КИТЕН,Hotels,Gold,Seasonal,Out of Home
105478,МАГАЗИН КОЗ ЕООД,Бургас,ЦАРЕВО,Cafe,Bronze,Seasonal,Out of Home
100265,ОКТАЙ 96 ЕООД,Бургас,БУРГАС,Local Shop,Gold,Seasonal,At Home
111598,ИБО ДЖАН ЕООД,Бургас,БУРГАС,Fast-food,Iron,Not Seasonal,Out of Home
104257,ХРАНИТЕЛНИ СТОКИ ЕООД,Бургас,СРЕДЕЦ,Local Shop,Silver,Not Seasonal,At Home
101256,МЕРИ ЕООД,Бургас,КАМЕНО,Cafe,Bronze,Not Seasonal,At Home
100151,ХРАНИТЕЛЕН МАГАЗИН ЕООД,Бургас,НЕСЕБЪР,Local Shop,Gold,Not Seasonal,At Home
109045,ГАЛЕЙНА ЕООД,Бургас,ЛОЗЕНЕЦ,Hotels,Bronze,Seasonal,Out of Home
107796,АЛЯСКА 1 ЕООД,Бургас,ПРИМОРСКО,Restaurant,Silver,Seasonal,Out of Home
103547,ЕРДЖАН ЕООД,Бургас,РАВДА,Local Shop,Gold,Not Seasonal,At Home
103648,МХС ЕООД,Бургас,ПЛАНИНИЦА,Local Shop,Silver,Not Seasonal,At Home
109436,ЕРСИН ЕООД,Бургас,СЛЪНЧЕВ БРЯГ,Fast-food,Gold,Seasonal,Out of Home
102396,МАГАЗИН ЕООД,Варна,ШКОРПИЛОВЦИ,Local Shop,Bronze,Seasonal,Out of Home
105872,ХЕА ЕООД,Бургас,СЛЪНЧЕВ БРЯГ,Fast-food,Bronze,Seasonal,Out of Home
109193,АЙХАН ЕООД,Бургас,СОЗОПОЛ,Hotels,Bronze,Seasonal,Out of Home
108835,СЕВИ ЕООД,Бургас,РАВДА,Hotels,Silver,Seasonal,Out of Home
109814,УСПЕХ ЕООД,Бургас,ЧЕРНОМОРЕЦ,Hotels,Bronze,Seasonal,Out of Home
105085,ХРАНИТЕЛЕН М-Н ЕООД,Бургас,СЛЪНЧЕВ БРЯГ,Cafe,Gold,Seasonal,Out of Home
100228,АЗАЛИЯ ЕООД,Бургас,НЕСЕБЪР,Local Shop,Gold,Seasonal,Out of Home
105204,МИГРОС ЕООД,Бургас,ЯСНА ПОЛЯНА,Cafe,Bronze,Seasonal,Out of Home
106277,АПАЗОГЛУ ЕООД,Бургас,РАВДА,Local Shop,Gold,Seasonal,At Home
109162,ЕШРЕФОГЛУ ЕООД,Бургас,СОЗОПОЛ,Hotels,Bronze,Seasonal,Out of Home
109160,ЕСИН ЕСРА ЕООД,Бургас,СОЗОПОЛ,Hotels,Silver,Seasonal,Out of Home
104121,ФАТО ЕООД,Бургас,СОЗОПОЛ,Local Shop,Gold,Seasonal,At Home
107803,КРИС МАР ЕООД,Бургас,ПРИМОРСКО,Restaurant,Silver,Seasonal,Out of Home
106817,АЛБЕНА ЕООД,Бургас,СВЕТИ ВЛАС,Nightclub,Silver,Seasonal,Out of Home
108455,Е И М МАГАЗИН ЕООД,Бургас,СОЗОПОЛ,Restaurant,Silver,Seasonal,Out of Home
106958,ОРХИДЕЯ ЕООД,Бургас,ОБЗОР,Superette,Silver,Seasonal,At Home
106959,МЕБЕГ ЕООД,Бургас,ОБЗОР,Superette,Silver,Seasonal,At Home
110015,ХРАНИТЕЛНИ СТОКИ ЕООД,Бургас,НЕСЕБЪР,Cafe,Gold,Seasonal,Out of Home
108691,БАРАК РУСКИ ЕООД,Бургас,СЛЪНЧЕВ БРЯГ,Hotels,Silver,Seasonal,Out of Home
109158,МАГАЗИН ЕООД,Бургас,СОЗОПОЛ,Hotels,Bronze,Seasonal,Out of Home
111855,БАРАК ВИТ ЕООД,Бургас,БУРГАС,Restaurant,Gold,Seasonal,Out of Home
110977,БАРАК ТРАКИЯ ЕООД,Бургас,СЛЪНЧЕВ БРЯГ,Hotels,Gold,Seasonal,Out of Home
109157,БОИДИ ЕООД,Бургас,ЧЕРНОМОРЕЦ,Hotels,Bronze,Seasonal,Out of Home
110253,МАГАЗИН ЕООД,Бургас,БУРГАС,Fast-food,Gold,Not Seasonal,Out of Home
108719,МАГАЗИН ЕООД,Бургас,АХТОПОЛ,Hotels,Bronze,Seasonal,Out of Home
108324,ЙОРДАН ХАРИЗАНОВ ЕООД,Бургас,АХТОПОЛ,Restaurant,Bronze,Seasonal,Out of Home
107193,АНИ ЕООД,Бургас,ЦАРЕВО,Superette,Bronze,Seasonal,At Home
107623,СИЛВИ ИВИ ЕООД,Бургас,СЛЪНЧЕВ БРЯГ,Restaurant,Gold,Seasonal,Out of Home
107809,ОКС КООП ЕООД,Бургас,КИТЕН,Restaurant,Silver,Seasonal,Out of Home
107799,КАФЕ ЦЕНТЪР ЕООД,Бургас,БРЪШЛЯН,Restaurant,Bronze,Seasonal,Out of Home
107680,МАГАЗИН ЛЪВ ЕООД,Бургас,ЦАРЕВО,Restaurant,Bronze,Seasonal,Out of Home
105939,БАРАК САМАРА ЕООД,Бургас,БУРГАС,Fast-food,Gold,Not Seasonal,Out of Home
100195,ЮЛИЯ ЕООД,Бургас,БУРГАС,Local Shop,Gold,Not Seasonal,At Home
106718,МОНИ ЕООД,Бургас,ПРИМОРСКО,Superette,Gold,Not Seasonal,At Home
105889,КОМПРОМИС ЕООД,Бургас,ЛОЗЕНЕЦ,Fast-food,Bronze,Seasonal,Out of Home
105252,МИЛА 63 ЕООД,Бургас,НЕСЕБЪР,Cafe,Bronze,Seasonal,Out of Home
100812,МХС ЕООД,Бургас,СЛЪНЧЕВ БРЯГ,Supermarket,Silver,Seasonal,Out of Home
101046,РУМСОН ЕООД,Варна,ГОЛИЦА,Supermarket,Iron,Not Seasonal,At Home
100533,МАГАЗИН ЕООД,Бургас,СЛЪНЧЕВ БРЯГ,Supermarket,Gold,Seasonal,At Home
108701,ХРАНИТЕЛЕН МАГАЗИН ДАНИ ЕООД,Бургас,ЛОЗЕНЕЦ,Hotels,Bronze,Seasonal,Out of Home
105251,ХРАНИТЕЛНИ СТОКИ ЕООД,Бургас,НЕСЕБЪР,Cafe,Silver,Seasonal,Out of Home
108013,СИ МЕЛ ЕООД,Бургас,НЕСЕБЪР,Restaurant,Silver,Seasonal,Out of Home
104051,СИ МЕЛ ЕООД,Бургас,ЦАРЕВО,Local Shop,Silver,Seasonal,At Home
110871,МЕЛМАГ ЕООД,Бургас,ЦАРЕВО,Restaurant,Silver,Seasonal,Out of Home
109156,АЙТЕН ЕООД,Бургас,ЧЕРНОМОРЕЦ,Hotels,Silver,Seasonal,Out of Home
111969,РОСА ЕООД,Бургас,СВЕТИ ВЛАС,Local Shop,Gold,Not Seasonal,At Home
110318,ГАЛ МАР ЕООД,Бургас,АХТОПОЛ,Fast-food,Bronze,Seasonal,Out of Home
100825,СОКОЛ ЕООД,Бургас,БУРГАС,Supermarket,Iron,Not Seasonal,At Home
109801,КАРА 53 ЕООД,Бургас,ПОМОРИЕ,Hotels,Bronze,Seasonal,Out of Home
108454,ЯСЕН ЕООД,Бургас,СОЗОПОЛ,Restaurant,Silver,Seasonal,Out of Home
108491,ЗОРА ЕООД,Бургас,СОЗОПОЛ,Restaurant,Silver,Seasonal,Out of Home
109793,ХРАНИТЕЛЕН МАГАЗИН ЕООД,Бургас,ПОМОРИЕ,Hotels,Bronze,Seasonal,Out of Home
101051,МАГАЗИН ЕООД,Варна,СОЛНИК,Supermarket,Bronze,Seasonal,At Home
101322,БЕСТ ФУУД ЕООД,Варна,ЮНЕЦ,Nightclub,Bronze,Seasonal,Out of Home
107212,МАГАЗИН ЕООД,Варна,БЯЛА,Superette,Silver,Seasonal,At Home
106960,НИВЕС ТРЕЙД ЕООД,Бургас,ОБЗОР,Superette,Bronze,Seasonal,At Home
111506,ЕЛЕНА ЕООД,Бургас,КИТЕН,Restaurant,Silver,Seasonal,Out of Home
108076,МИТИ ЕООД,Бургас,ПОМОРИЕ,Restaurant,Silver,Seasonal,Out of Home
108075,АНКА ЕООД,Бургас,БУРГАС,Restaurant,Silver,Seasonal,Out of Home
104401,МАГАЗИН ЕООД,Варна,ШКОРПИЛОВЦИ,Local Shop,Bronze,Seasonal,At Home
110104,СКАЙ ЕООД,Бургас,БУРГАС,Cafe,Silver,Not Seasonal,Out of Home
105206,МАГАЗИН ЕООД,Бургас,МАРИНКА,Cafe,Iron,Not Seasonal,Out of Home
103761,ДИМАР ЕООД,Бургас,БУРГАС,Local Shop,Silver,Not Seasonal,At Home
108699,Магазин Ферса ЕООД,Бургас,СЛЪНЧЕВ БРЯГ,Hotels,Silver,Seasonal,Out of Home
108504,ДАГОНОВ ЕООД,Бургас,ЧЕРНОМОРЕЦ,Restaurant,Bronze,Seasonal,Out of Home
108065,МХС ЕООД,Бургас,ОБЗОР,Restaurant,Bronze,Seasonal,Out of Home
100916,ТУНИ 2 БРАДВАРИ ЕООД,Бургас,БУРГАС,Supermarket,Silver,Not Seasonal,At Home
107704,СОФИ КАЙНАРДЖА ЕООД,Бургас,СИНЕМОРЕЦ,Restaurant,Bronze,Seasonal,Out of Home
108012,ДЕСТ СИЛИСТРА РОЗАЛИЯ ЕООД,Бургас,РАВДА,Restaurant,Bronze,Seasonal,Out of Home
107629,АРТА 24 ЕООД,Бургас,БУРГАС,Restaurant,Gold,Not Seasonal,Out of Home
102144,ТЕДИ ЕООД,Бургас,СЛЪНЧЕВ БРЯГ,Local Shop,Gold,Seasonal,At Home
108690,ТУНИ БРАДВАРИ ЕООД,Бургас,СЛЪНЧЕВ БРЯГ,Hotels,Gold,Seasonal,Out of Home
107798,ХРАНИТЕЛЕН МАГАЗИН ЕООД,Бургас,ПРИМОРСКО,Restaurant,Silver,Seasonal,Out of Home
108090,ИМПЕРИАЛ ЕООД,Бургас,ОБЗОР,Restaurant,Bronze,Seasonal,Out of Home
108087,МОНИКА МАГАЗИН ЕДРИНА ЕООД,Бургас,ОБЗОР,Restaurant,Silver,Seasonal,Out of Home
101365,АЛЕКСИЕВ 75 ООД ЕООД,Бургас,НЕСЕБЪР,Nightclub,Gold,Seasonal,Out of Home
100554,МАГАТ МАРКЕТ ЕООД,Бургас,СЛЪНЧЕВ БРЯГ,Supermarket,Gold,Seasonal,At Home
101364,НИКСИ ЕООД,Бургас,НЕСЕБЪР,Nightclub,Silver,Seasonal,Out of Home
108875,КУСТО ЕООД,Бургас,ОБЗОР,Hotels,Silver,Seasonal,Out of Home
108098,ИВАНЕЛИ ЕООД,Бургас,ОБЗОР,Restaurant,Bronze,Seasonal,Out of Home
108503,РПК БЪДЕЩЕ ГОРЕ ЕООД,Бургас,СОЗОПОЛ,Restaurant,Silver,Seasonal,Out of Home
106725,ДАР ЕООД,Бургас,СРЕДЕЦ,Superette,Silver,Not Seasonal,At Home
103599,ФРЕШ МАРКЕТ ЕООД,Бургас,СВЕТИ ВЛАС,Local Shop,Gold,Seasonal,At Home
107475,МАРТИ ЕООД,Бургас,БУРГАС,Restaurant,Iron,Not Seasonal,Out of Home
108837,БОНИ АГРО ЕООД,Бургас,РАВДА,Hotels,Bronze,Seasonal,Out of Home
110100,СМЕСЕН МАГАЗИН ЕООД,Бургас,СОЗОПОЛ,Cafe,Silver,Seasonal,Out of Home
111317,СМЕСЕН МАГАЗИН ШИШО ЕООД,Бургас,ЦАРЕВО,Fast-food,Bronze,Seasonal,Out of Home
101410,МАГАЗИН ЕООД,Шумен,ШУМЕН,Local Shop,Gold,Not Seasonal,At Home
106875,СИСИ 2 ЕООД,Бургас,ЧЕРНОМОРЕЦ,Nightclub,Bronze,Seasonal,Out of Home
106828,ДИДИ ТАТАРИЦА ЕООД,Бургас,СЛЪНЧЕВ БРЯГ,Nightclub,Gold,Seasonal,Out of Home
107972,ЖАСМИНА АЙДЕМИР ЕООД,Бургас,НЕСЕБЪР,Restaurant,Gold,Seasonal,Out of Home
110105,ТАЛИМЕКС ЕООД,Бургас,БУРГАС,Cafe,Silver,Not Seasonal,Out of Home
105154,МУРАДЯН ЕООД,Бургас,АХТОПОЛ,Cafe,Bronze,Seasonal,Out of Home
104061,ЕМИ МАРКЕТ ЕООД,Бургас,АХТОПОЛ,Local Shop,Bronze,Seasonal,At Home
100537,АННА МАРКЕТ ЕООД,Бургас,СЛЪНЧЕВ БРЯГ,Supermarket,Gold,Seasonal,At Home
111630,ЗОДИАК ЕООД,Бургас,СЛЪНЧЕВ БРЯГ,Fast-food,Bronze,Seasonal,Out of Home
111505,ПЕЦИ ЕООД,Бургас,БУРГАС,Restaurant,Gold,Not Seasonal,Out of Home
109502,СЪНРАЙЗ ЕООД ЕООД,Бургас,ОБЗОР,Fast-food,Bronze,Seasonal,Out of Home
104041,НАШИЯ ЕООД,Бургас,БУРГАС,Local Shop,Silver,Not Seasonal,At Home
107681,ОКС СМЯДОВО ЕООД,Бургас,АХТОПОЛ,Restaurant,Bronze,Seasonal,Out of Home
107697,КРОТОН ЕООД,Бургас,ЛОЗЕНЕЦ,Restaurant,Bronze,Not Seasonal,Out of Home
100539,САЛКЪМА ЕООД,Бургас,СЛЪНЧЕВ БРЯГ,Supermarket,Gold,Seasonal,At Home
104020,СТЕФИ ПОПИНА ЕООД,Бургас,БУРГАС,Local Shop,Gold,Not Seasonal,At Home
107985,ХРАНИТЕЛНИ СТОКИ НАШИЯ ЕООД,Бургас,НЕСЕБЪР,Restaurant,Gold,Seasonal,Out of Home
107797,ХРАНИТЕЛНИ СТОКИ ЕООД,Бургас,БУРГАС,Restaurant,Iron,Not Seasonal,Out of Home
110878,СОФИ ЕООД,Бургас,БУРГАС,Restaurant,Gold,Not Seasonal,Out of Home
103409,БОБИ ЕООД,Сливен,СЛИВЕН,Local Shop,Iron,Not Seasonal,At Home
107682,ЕВЕРЕСТ АЙДЕМИР ЕООД,Бургас,ЦАРЕВО,Restaurant,Bronze,Seasonal,Out of Home
107683,МЕРЛИН СИСКРА ЕООД,Бургас,БУРГАС,Restaurant,Silver,Not Seasonal,Out of Home
103946,МАГАЗИН СКАЙ ТРОИЦА ЕООД,Бургас,БУРГАС,Local Shop,Silver,Not Seasonal,At Home
109966,МУРАДАН ЕООД,Бургас,БУРГАС,Cafe,Silver,Not Seasonal,Out of Home
109514,СЮЛЕЙМАН 2019 ЕТ ЕООД,Бургас,АЙТОС,Fast-food,Silver,Not Seasonal,Out of Home
105305,БОГОРОВО ЕООД,Бургас,БИЛКА,Cafe,Silver,Not Seasonal,Out of Home
100229,ОКИ АЛФАТАР ЕООД,Бургас,БУРГАС,Local Shop,Bronze,Not Seasonal,At Home
104489,МАГАЗИН ЕМОНА ЕООД,Варна,ПАРТИЗАНИ,Local Shop,Silver,Not Seasonal,At Home
105245,АНЧЕТО ЕООД,Бургас,БУРГАС,Cafe,Silver,Not Seasonal,Out of Home
107684,ЕТ ЕЛЕГАНТ ЕООД,Бургас,АХТОПОЛ,Restaurant,Bronze,Seasonal,Out of Home
107690,МЕСТА АКТИВ ЕООД,Бургас,АХТОПОЛ,Restaurant,Bronze,Seasonal,Out of Home
105081,БАРТОШ И БЕАТА ЕООД,Бургас,БУРГАС,Cafe,Iron,Not Seasonal,Out of Home
102231,Здравкови ЕООД,Бургас,ГОРИЦА,Local Shop,Silver,Not Seasonal,At Home
112014,Норд 5 ЕООД,Бургас,БУРГАС,Local Shop,Iron,Not Seasonal,At Home
103576,Гюдайдън Маркет ЕООД,Бургас,СВЕТИ ВЛАС,Local Shop,Silver,Seasonal,At Home
107085,ИПАНА РОКО ЕООД,Сливен,СЛИВЕН,Superette,Gold,Not Seasonal,At Home
104129,ДИВА МАГАЗИН ЕООД,Бургас,МАЛКО ТЪРНОВО,Local Shop,Silver,Not Seasonal,At Home
106961,МИЛЕНИУМ ЕООД,Бургас,ОБЗОР,Superette,Bronze,Seasonal,At Home
109109,ХОРИЗОНТ ЕООД,Бургас,СОЗОПОЛ,Hotels,Silver,Seasonal,Out of Home
106291,БОРЯНА ЕООД,Бургас,БУРГАС,Local Shop,Iron,Not Seasonal,At Home
107645,АЛПИ ЕООД,Бургас,СЛЪНЧЕВ БРЯГ,Restaurant,Gold,Seasonal,Out of Home
101009,МАГАЗИН КЕНТАВЪР ЕООД,Бургас,БУРГАС,Supermarket,Iron,Not Seasonal,At Home
104309,АМБРОЗИЯ 2 ЕООД,Силистра,ПРАВДА,Local Shop,Silver,Not Seasonal,At Home
106682,ВИП ГРЕЕР ЕООД,Бургас,АЙТОС,Superette,Silver,Not Seasonal,At Home
102052,КРЕМЕНАС ЕООД,Варна,ВАРНА,Local Shop,Silver,Not Seasonal,At Home
100193,ЖУ СИ ЕООД,Бургас,БУРГАС,Local Shop,Iron,Not Seasonal,At Home
107861,ФАНТАСТИКО ЕООД,Бургас,БУРГАС,Restaurant,Bronze,Not Seasonal,Out of Home
106550,МАГАЗИН ДЕСТАН ЕООД,Бургас,ЦАРЕВО,Cafe,Silver,Not Seasonal,Out of Home
100251,АМБРОЗИЯ 1 ЕООД,Бургас,БУРГАС,Local Shop,Iron,Not Seasonal,At Home
105228,ЦЕНТРАЛ МАРКЕТ ЕООД,Бургас,БУРГАС,Cafe,Gold,Seasonal,Out of Home
100831,ПАРАЛЕЛ РИЛА ЕООД,Бургас,БУРГАС,Supermarket,Silver,Not Seasonal,At Home
108692,АНДУЛКА СИЛИСТРА ЕООД,Бургас,СЛЪНЧЕВ БРЯГ,Hotels,Gold,Seasonal,Out of Home
108689,МАГАЗИН ОРКУС ЕООД,Бургас,СЛЪНЧЕВ БРЯГ,Hotels,Silver,Seasonal,Out of Home
106168,РОМАНОВИ ЕООД,Бургас,БУРГАС,Fast-food,Iron,Not Seasonal,Out of Home
101061,ВИЛТРАК ЕЛЕНА ЕООД,Варна,СТАРО ОРЯХОВО,Supermarket,Silver,Not Seasonal,At Home
112098,МАГАЗИН ЗК НИВА ЕООД,Варна,ГРОЗДЬОВО,Superette,Iron,Not Seasonal,At Home
107678,МЕРИДИАН ТРЕЙД ИШИРКОВО ЕООД,Бургас,АХТОПОЛ,Restaurant,Bronze,Seasonal,Out of Home
106309,НАДЕЖДА ЕООД,Бургас,КИТЕН,Local Shop,Silver,Seasonal,At Home
109217,АНДУЛКА ДЕЛЕНКИ ЕООД,Бургас,СОЗОПОЛ,Hotels,Silver,Seasonal,Out of Home
108479,Магазин Дари ЕООД,Бургас,СОЗОПОЛ,Restaurant,Silver,Seasonal,Out of Home
109135,ДЖЕВДЕТ ХЮСЕИН ФЕРАД ЕООД,Бургас,СОЗОПОЛ,Hotels,Silver,Seasonal,Out of Home
109118,ХРАНИТЕЛНИ СТОКИ ЕООД,Бургас,СОЗОПОЛ,Hotels,Silver,Seasonal,Out of Home
109748,КОП ЕООД,Бургас,БУРГАС,Superette,Silver,Not Seasonal,Out of Home
110244,ХРАНИТЕЛНИ СТОКИ ЕООД,Бургас,БУРГАС,Fast-food,Gold,Not Seasonal,Out of Home
100207,МАГАЗИН ЕООД,Бургас,БУРГАС,Local Shop,Bronze,Not Seasonal,At Home
100893,ВЕРДИМИНИ ДАП ЕООД,Бургас,БУРГАС,Supermarket,Silver,Not Seasonal,At Home
109422,МАРИНЧЕВ ЕООД,Бургас,МРЕЖИЧКО,Fast-food,Silver,Not Seasonal,Out of Home
104967,БИЛГИ ГЛОБАЛ ЕООД,Бургас,БУРГАС,Cafe,Gold,Not Seasonal,Out of Home
109147,ЛЮБЕЗНИЯ ЛАЙТ ЕООД,Бургас,СОЗОПОЛ,Hotels,Silver,Seasonal,Out of Home
109519,ЛИНДА ЕООД,Бургас,ОБЗОР,Fast-food,Bronze,Seasonal,Out of Home
108495,ДЖАНИ ФАНИ ЕООД,Бургас,СОЗОПОЛ,Restaurant,Bronze,Seasonal,Out of Home
108492,СЪНРАЙЗ ЕООД ЕООД,Бургас,СОЗОПОЛ,Restaurant,Gold,Seasonal,Out of Home
104550,ХРАНИТЕЛЕН МАГАЗИН ЕООД,Варна,ДЪЛГОПОЛ,Local Shop,Silver,Not Seasonal,At Home
103482,ИЗОБИЛИЕ ЕООД,Ямбол,ЯМБОЛ,Local Shop,Iron,Not Seasonal,At Home
105180,ЪГЪЛЧЕТО ЕООД,Бургас,БУРГАС,Cafe,Bronze,Not Seasonal,Out of Home
104039,РПК ЦЕНТЪР ЕООД,Бургас,БУРГАС,Local Shop,Bronze,Not Seasonal,At Home
103604,СУПЕРМАРКЕТ КУИН ЕООД,Бургас,СВЕТИ ВЛАС,Local Shop,Silver,Not Seasonal,At Home
102178,БАМЕКС БРАДВАРИ ЕООД,Бургас,КОЗИЧИНО,Local Shop,Iron,Not Seasonal,At Home
109506,КАФЕ ДЕСТАН ЕООД,Бургас,АЙТОС,Fast-food,Silver,Not Seasonal,Out of Home
105095,ГОШО БОЛНИЦА ЕООД,Бургас,БУРГАС,Cafe,Bronze,Not Seasonal,Out of Home
110759,Магазин НАДЕЖДА ЕООД,Бургас,БУРГАС,Fast-food,Gold,Not Seasonal,Out of Home
112001,МУРАДЯН ПРЕСЛАВ ЕООД,Бургас,БУРГАС,Local Shop,Iron,Not Seasonal,At Home
105861,ХРАНИТЕЛЕН МАГАЗИН ЕООД,Бургас,БУРГАС,Fast-food,Bronze,Not Seasonal,Out of Home
110239,МАГАЗИН ЕДИНСТВО ЕООД,Бургас,СЛЪНЧЕВ БРЯГ,Fast-food,Gold,Seasonal,Out of Home
108730,КАДУПУЛ ЕООД,Бургас,БУРГАС,Hotels,Bronze,Seasonal,Out of Home
111189,ПРИ НАС 25 ЕООД,Бургас,БУРГАС,Hotels,Iron,Not Seasonal,Out of Home
112005,МАГАЗИН БЛЯСЪК ЕООД,Бургас,БУРГАС,Local Shop,Iron,Not Seasonal,At Home
106717,ЗОРА ЕООД,Бургас,БУРГАС,Superette,Iron,Not Seasonal,At Home
108711,СМЕСЕН МАГАЗИН ЕООД,Бургас,БУРГАС,Hotels,Iron,Not Seasonal,Out of Home
105323,ИСМЕТ ИБРЯМ ЕООД,Бургас,БУРГАС,Cafe,Silver,Seasonal,Out of Home
109442,ХР МН ЕООД,Бургас,БУРГАС,Fast-food,Bronze,Seasonal,Out of Home
105138,МАГАЗИН ЕООД,Бургас,БУРГАС,Cafe,Bronze,Seasonal,Out of Home
109983,СЕЗАМ ЕООД,Бургас,БУРГАС,Cafe,Silver,Not Seasonal,Out of Home
109996,БОРЛИД ЕООД,Бургас,БУРГАС,Cafe,Gold,Not Seasonal,Out of Home
106713,ХР СТОКИ ЕООД,Бургас,БУРГАС,Superette,Gold,Not Seasonal,At Home
109994,НИРВАНА 8МИ МАРТ ЕООД,Бургас,БУРГАС,Cafe,Silver,Not Seasonal,Out of Home
100987,ХР МН ЕООД,Бургас,БУРГАС,Supermarket,Iron,Not Seasonal,At Home
100892,МХС ЕООД,Бургас,БУРГАС,Supermarket,Silver,Not Seasonal,At Home
108497,ТИБОГ 3 ЕООД,Бургас,БУРГАС,Restaurant,Gold,Not Seasonal,Out of Home
111679,МАГАЗИН ЕООД,Бургас,ОБЗОР,Fast-food,Bronze,Seasonal,Out of Home
103767,МАГАЗИН ЕООД,Бургас,БУРГАС,Local Shop,Bronze,Not Seasonal,At Home
104016,ДЖИМИ ЕООД,Бургас,БУРГАС,Local Shop,Silver,Not Seasonal,At Home
101000,ЕКИЗ ЕООД,Бургас,БУРГАС,Supermarket,Bronze,Not Seasonal,At Home
105921,ДЕНИСЛАВ ЕООД,Бургас,БУРГАС,Fast-food,Silver,Not Seasonal,Out of Home
107977,РЕД МАРКЕТ ЕООД,Бургас,БУРГАС,Restaurant,Iron,Not Seasonal,Out of Home
108609,МИГ МАРКЕТ ЕООД,Бургас,БУРГАС,Hotels,Iron,Not Seasonal,Out of Home
100248,СИРМА ЕООД,Бургас,БУРГАС,Local Shop,Bronze,Not Seasonal,At Home
104964,ТИБОГ ПРОСВЕТА ЕООД,Бургас,БУРГАС,Cafe,Silver,Not Seasonal,Out of Home
105881,СУПЕРМАРКЕТ ЕООД,Бургас,БУРГАС,Fast-food,Iron,Not Seasonal,Out of Home
105086,МАГАЗИН ХРАНИТЕЛНИСТОКИ ЕООД,Бургас,БУРГАС,Cafe,Silver,Not Seasonal,Out of Home
108607,МАГАЗИН ХРАНИТЕЛНИ СТОКИ ЕООД,Бургас,БУРГАС,Hotels,Bronze,Not Seasonal,Out of Home
108738,МН АЧО ЕООД,Бургас,БУРГАС,Hotels,Bronze,Seasonal,Out of Home
105527,ХРАНИТЕЛНИ СТОКИ ЕООД,Бургас,БУРГАС,Cafe,Iron,Not Seasonal,Out of Home
108498,МАГАЗИН ЕООД,Бургас,БУРГАС,Restaurant,Gold,Not Seasonal,Out of Home
111626,ВЕЛФА ЕООД,Бургас,БУРГАС,Fast-food,Iron,Seasonal,Out of Home
108940,МАГАЗИН ЕООД,Бургас,БУРГАС,Hotels,Gold,Seasonal,Out of Home
103969,ЩАСТИЕ ЕООД,Бургас,БУРГАС,Local Shop,Iron,Not Seasonal,At Home
105631,МАГАЗИН ЕООД,Бургас,БУРГАС,Bar,Silver,Not Seasonal,Out of Home
101013,РОСИ ЕООД,Бургас,БУРГАС,Supermarket,Iron,Not Seasonal,At Home
107820,ХРАНИТЕЛНИ СТОКИ ЕООД,Бургас,АТИЯ,Restaurant,Bronze,Seasonal,Out of Home
104055,МАГАЗИН ЕООД,Бургас,БУРГАС,Local Shop,Silver,Not Seasonal,At Home
101012,Магазин ЕООД,Бургас,БУРГАС,Supermarket,Iron,Not Seasonal,At Home
109478,МАГАЗИН ЕООД,Бургас,БУРГАС,Fast-food,Iron,Not Seasonal,Out of Home
101259,КООП ЕООД,Бургас,КРЪСТИНА,Cafe,Iron,Not Seasonal,At Home
106326,СУПЕРМАРКЕТ МИГ ЕООД,Бургас,БУРГАС,Local Shop,Bronze,Not Seasonal,At Home
110963,ХРАНИТЕЛНИ СТОКИ ЕООД,Бургас,СВЕТИ ВЛАС,Hotels,Gold,Seasonal,Out of Home
104049,МХС ЕООД,Бургас,БУРГАС,Local Shop,Silver,Not Seasonal,At Home
100210,АЛЬОША ЕООД,Бургас,БУРГАС,Local Shop,Bronze,Not Seasonal,At Home
105331,ХРАНИТЕЛЕН МАГАЗИН ЕООД,Бургас,БУРГАС,Cafe,Silver,Seasonal,Out of Home
106377,ВОЛГА ЕООД,Бургас,БУРГАС,Cafe,Silver,Not Seasonal,Out of Home
100186,МАГАЗИН ЕООД,Бургас,БУРГАС,Local Shop,Bronze,Not Seasonal,At Home
105664,ХРАНИТЕЛНИ СТОКИ ЕООД,Бургас,БУРГАС,Bar,Iron,Not Seasonal,Out of Home
107661,МАГАЗИН ЕООД,Бургас,БУРГАС,Restaurant,Bronze,Seasonal,Out of Home
108705,ХРАНИТЕЛНИ СТОКИ АН МАРИ ЕООД,Бургас,БУРГАС,Hotels,Iron,Not Seasonal,Out of Home
100252,ХРАНИТЕЛНИ СТОКИ ЕООД,Бургас,БУРГАС,Local Shop,Bronze,Not Seasonal,At Home
103577,ХРАНИТЕЛНИ СТОКИ ЕООД,Бургас,АЙТОС,Local Shop,Silver,Not Seasonal,At Home
101254,ХРАНИТЕЛНИ СТОКИ ЕООД,Бургас,БУРГАС,Cafe,Silver,Not Seasonal,At Home
107619,МАГАЗИН ЕООД,Бургас,БУРГАС,Restaurant,Gold,Not Seasonal,Out of Home
109268,ХР СТОКИ ЕООД,Бургас,АЙТОС,Bar,Silver,Seasonal,Out of Home
100915,АМАДЕО ЕООД,Бургас,КОНСТАНТИНОВО,Supermarket,Iron,Not Seasonal,At Home
103649,ДЕНИСЛАВ ЕООД,Бургас,ЛЮЛЯКОВО,Local Shop,Bronze,Not Seasonal,At Home
103650,МАГАЗИН ХРАНИТЕЛНИ СТОКИ ЕООД,Бургас,СУНГУРЛАРЕ,Local Shop,Bronze,Not Seasonal,At Home
103970,ГЕНИ АЛ ЕООД,Бургас,ПОМОРИЕ,Local Shop,Gold,Not Seasonal,At Home
107160,ХР СТОКИ ЕООД,Бургас,КИТЕН,Superette,Silver,Seasonal,At Home
107983,КООП ЕООД,Бургас,АХЕЛОЙ,Restaurant,Bronze,Seasonal,Out of Home
106531,МАГАЗИН ЕООД,Бургас,СЛЪНЧЕВ БРЯГ,Cafe,Bronze,Seasonal,Out of Home
109469,СЕЛАВИ ЕООД,Бургас,ПРИМОРСКО,Fast-food,Silver,Seasonal,Out of Home
110623,КООП МАРАШ ЕООД,Бургас,СРЕДЕЦ,Fast-food,Silver,Not Seasonal,Out of Home
100562,СЕЛМА ЕООД,Бургас,СЛЪНЧЕВ БРЯГ,Supermarket,Gold,Seasonal,At Home
104068,ОКИ ЕООД,Бургас,МАЛКО ТЪРНОВО,Local Shop,Iron,Not Seasonal,At Home
104059,НУБИ ЕООД,Бургас,СОЗОПОЛ,Local Shop,Gold,Seasonal,At Home
111253,ИЗИДА ЕООД,Варна,БЯЛА,Fast-food,Bronze,Seasonal,Out of Home
104057,ОЛГА ЕООД,Бургас,ПРИМОРСКО,Local Shop,Gold,Seasonal,At Home
104227,КРИСРАЯН ЕООД,Ямбол,БОЯДЖИК,Local Shop,Iron,Not Seasonal,At Home
108500,Съншайн ЕООД,Бургас,ЧЕРНОМОРЕЦ,Restaurant,Bronze,Seasonal,Out of Home
110699,ВЕСТО ЕООД,Бургас,БЪЛГАРОВО,Restaurant,Silver,Not Seasonal,Out of Home
108751,ВАЛИ ЕООД,Бургас,КИТЕН,Hotels,Silver,Seasonal,Out of Home
110031,КООП САЛМАНОВО ЕООД,Бургас,ОБЗОР,Cafe,Silver,Seasonal,Out of Home
106293,АНДИ СИЙКА ХР МН ЕООД,Бургас,ПОМОРИЕ,Local Shop,Gold,Seasonal,At Home
107159,ЖУЛИЕТА ЕООД,Бургас,ПРИМОРСКО,Superette,Bronze,Seasonal,At Home
109473,КАРИНА ЕООД,Бургас,ПРИМОРСКО,Fast-food,Silver,Seasonal,Out of Home
111509,АЛЯСКА ЕООД,Бургас,БУРГАС,Restaurant,Silver,Not Seasonal,Out of Home
107663,МАРИ МАРКЕТ ЕООД,Бургас,ЦАРЕВО,Restaurant,Bronze,Seasonal,Out of Home
109219,ИВ И СИ ЕООД,Бургас,СОЗОПОЛ,Hotels,Bronze,Seasonal,Out of Home
105925,МАГАЗН ЛИДЕР ЕООД,Бургас,АТИЯ,Fast-food,Bronze,Seasonal,Out of Home
110321,АДА ЕООД,Бургас,БУРГАС,Fast-food,Silver,Seasonal,Out of Home
104069,КООП ВЪРБИЦА ЕООД,Бургас,БУРГАС,Local Shop,Gold,Not Seasonal,At Home
110685,ИЛИЯНА ЕООД,Бургас,БУРГАС,Restaurant,Silver,Not Seasonal,Out of Home
110918,КРАСИМИР ДЕЛЧЕВ ЕООД,Бургас,БУРГАС,Restaurant,Silver,Not Seasonal,Out of Home
105158,РОСЕН ЕООД,Бургас,БУРГАС,Cafe,Bronze,Seasonal,Out of Home
103603,АРЗУ ЕООД,Бургас,АЙТОС,Local Shop,Gold,Not Seasonal,At Home
105089,МЕГА МАРКЕТ БАТОВ ЕООД,Бургас,БУРГАС,Cafe,Bronze,Seasonal,Out of Home
100237,БЛАГОДАТ ЕООД,Бургас,БУРГАС,Local Shop,Silver,Not Seasonal,At Home
100921,НЕДЖИ ЕООД,Бургас,БУРГАС,Supermarket,Silver,Not Seasonal,At Home
103651,МАГАЗИН ЗА ХРАНИТЕЛНИ СТОКИ ЕООД,Бургас,СОКОЛОВО,Local Shop,Silver,Not Seasonal,At Home
110601,МАГАЗИН ЕООД,Бургас,БУРГАС,Fast-food,Bronze,Not Seasonal,Out of Home
111986,РАШКО ЕООД,Бургас,БУРГАС,Local Shop,Bronze,Not Seasonal,At Home
108094,МАГАЗИН ЕООД,Бургас,АЙТОС,Restaurant,Bronze,Not Seasonal,Out of Home
105235,МАГАЗИН ХР СТОКИ ЕООД,Бургас,КАМЕНО,Cafe,Gold,Not Seasonal,Out of Home
107195,ШЕНИ ЕООД,Бургас,СОЗОПОЛ,Superette,Silver,Seasonal,At Home
110608,МАГАЗИН 2 ЕООД,Бургас,ТРЪСТИКОВО,Fast-food,Bronze,Not Seasonal,Out of Home
103738,ХРАНИТЕЛНИ СТОКИ ЕООД,Сливен,МОКРЕН,Local Shop,Bronze,Not Seasonal,At Home
105866,МАГАЗИН ФЛОРА ЕООД,Бургас,СЛЪНЧЕВ БРЯГ,Fast-food,Silver,Seasonal,Out of Home
105959,ЦЕНТРАЛ ЕООД,Бургас,ПОМОРИЕ,Fast-food,Silver,Seasonal,Out of Home
108473,ФАМИЛИЯ ЕООД,Бургас,СОЗОПОЛ,Restaurant,Bronze,Seasonal,Out of Home
104054,ХР МН ЕООД,Бургас,СОЗОПОЛ,Local Shop,Silver,Not Seasonal,At Home
103760,ИДИ ЕООД,Бургас,БУРГАС,Local Shop,Silver,Not Seasonal,At Home
111188,МАГАЗИН ЕООД,Бургас,СВЕТИ ВЛАС,Hotels,Gold,Seasonal,Out of Home
105087,ПЕЦИ ЕООД,Бургас,СЛЪНЧЕВ БРЯГ,Cafe,Gold,Seasonal,Out of Home
103754,НЯМА ЕООД,Бургас,БУРГАС,Local Shop,Gold,Not Seasonal,At Home
107158,СИ МЕЛ ЕООД,Бургас,ПРИМОРСКО,Superette,Bronze,Seasonal,At Home
107167,ХХЛ ЕООД,Бургас,ПРИМОРСКО,Superette,Gold,Seasonal,At Home
111821,РАДЕВ ГРУП ЕООД,Бургас,БУРГАС,Cafe,Silver,Not Seasonal,Out of Home
108808,КОП ЕООД,Бургас,РАВДА,Hotels,Bronze,Seasonal,Out of Home
105909,МАГАЗИН ЕООД,Бургас,ЦАРЕВО,Fast-food,Bronze,Seasonal,Out of Home
107691,МАГАЗИН ЕООД,Бургас,СИНЕМОРЕЦ,Restaurant,Bronze,Seasonal,Out of Home
104250,ФЕЛИЗ 1 ЕООД,Бургас,БУРГАС,Local Shop,Bronze,Not Seasonal,At Home
110808,ХРАНИТЕЛНИ СТОКИ ЕООД,Бургас,БУРГАС,Restaurant,Silver,Not Seasonal,Out of Home
100561,АНА ЕООД,Бургас,СЛЪНЧЕВ БРЯГ,Supermarket,Gold,Seasonal,At Home
105184,КОП ЕООД,Бургас,ГРАМАТИКОВО,Cafe,Bronze,Not Seasonal,Out of Home
110288,НЯМА ЕООД,Бургас,БУРГАС,Fast-food,Silver,Not Seasonal,Out of Home
110292,ХРАНИТЕЛНИ СТОКИ ЕООД,Бургас,СЛЪНЧЕВ БРЯГ,Fast-food,Bronze,Seasonal,Out of Home
109794,РАЛИ ЕООД,Бургас,ПОМОРИЕ,Hotels,Bronze,Seasonal,Out of Home
107692,МАГАЗИН ПЛОД И ЗЕЛЕНЧУК ЕООД,Бургас,РЕЗОВО,Restaurant,Bronze,Seasonal,Out of Home
103783,ОЛ МАРТ ЕООД,Бургас,БУРГАС,Local Shop,Bronze,Not Seasonal,At Home
110012,МХС УСТРЕМ ЕООД,Бургас,НЕСЕБЪР,Cafe,Bronze,Seasonal,Out of Home
109504,ХРАНИТЕЛНИ СТОКИ ЕООД,Бургас,АЙТОС,Fast-food,Silver,Not Seasonal,Out of Home
109416,АЛКАНИ ЕООД,Бургас,СЛЪНЧЕВ БРЯГ,Fast-food,Silver,Seasonal,Out of Home
107685,РОСИЦА ЕООД,Бургас,ЦАРЕВО,Restaurant,Silver,Seasonal,Out of Home
106549,ХРАНИТЕЛНИ СТОКИ ЕООД,Бургас,ЦАРЕВО,Cafe,Bronze,Seasonal,Out of Home
100049,ХРАНИТЕЛНИ СТОКИ ЕООД,Бургас,ОБЗОР,Local Shop,Silver,Seasonal,At Home
106823,ХРАНИТЕЛНИ СТОКИ ЕООД,Бургас,СЛЪНЧЕВ БРЯГ,Nightclub,Gold,Seasonal,Out of Home
109338,ЯРЕБИЧНА-ЦЕНТЪРА ЕООД,Бургас,БУРГАС,Fast-food,Silver,Not Seasonal,Out of Home
103572,МХС ЕООД,Бургас,СУНГУРЛАРЕ,Local Shop,Bronze,Not Seasonal,At Home
103644,ПЛОД И ЗЕЛЕНЧУК ЕООД,Бургас,ВРЕСОВО,Local Shop,Bronze,Not Seasonal,At Home
106279,КООП ТЪРГОВИЯ ЕООД,Бургас,ЕЛЕНИТЕ,Local Shop,Silver,Seasonal,At Home
109476,АЛТЕА ЕООД,Бургас,ПРИМОРСКО,Fast-food,Silver,Seasonal,Out of Home
105877,МХС ЕООД,Бургас,СЛЪНЧЕВ БРЯГ,Fast-food,Gold,Seasonal,Out of Home
108741,Мхс ЕООД,Бургас,МАЛКО ТЪРНОВО,Hotels,Bronze,Seasonal,Out of Home
108474,ОЛ МАРТ ЕООД,Бургас,СОЗОПОЛ,Restaurant,Gold,Seasonal,Out of Home
109489,МХС ЕООД,Бургас,БУРГАС,Fast-food,Iron,Not Seasonal,Out of Home
105110,ХРАНИТЕЛНИ СТОКИ ЕООД,Бургас,ГОРИЦА,Cafe,Bronze,Not Seasonal,Out of Home
107982,МХС ЕООД,Бургас,РАВДА,Restaurant,Silver,Seasonal,Out of Home
106615,МХС ЕООД,Бургас,СОЗОПОЛ,Cafe,Silver,Seasonal,Out of Home
108717,ХРАНИТЕЛНИ СТОКИ ЕООД,Бургас,СИНЕМОРЕЦ,Hotels,Bronze,Seasonal,Out of Home
110342,МХС ЕООД,Бургас,БУРГАС,Fast-food,Gold,Not Seasonal,Out of Home
106240,МХС ЕООД,Бургас,СЛЪНЧЕВ БРЯГ,Local Shop,Gold,Seasonal,At Home
100540,ТОНИ ЕООД,Бургас,СЛЪНЧЕВ БРЯГ,Supermarket,Gold,Seasonal,At Home
108475,МХС ЕООД,Бургас,ЧЕРНОМОРЕЦ,Restaurant,Bronze,Seasonal,Out of Home
106888,МХС ЕООД,Бургас,СОЗОПОЛ,Nightclub,Silver,Seasonal,Out of Home
108743,АКСЕЛ ЕООД,Бургас,КИТЕН,Hotels,Silver,Seasonal,Out of Home
108507,МХС ЕООД,Бургас,СОЗОПОЛ,Restaurant,Bronze,Seasonal,Out of Home
107155,МХС СТЕЛПЛАМ ЕООД,Бургас,ПРИМОРСКО,Superette,Silver,Seasonal,At Home
107154,АХИС ЕООД,Бургас,ПРИМОРСКО,Superette,Gold,Seasonal,At Home
107981,ХРАНИТЕЛНИ СТОКИ ЕООД,Бургас,РАВДА,Restaurant,Silver,Seasonal,Out of Home
107810,МУРАЛИЕВИ ЕООД,Бургас,ПРИМОРСКО,Restaurant,Silver,Seasonal,Out of Home
107652,МХС ЕДЕЛВАЙС ЕООД,Бургас,СВЕТИ ВЛАС,Restaurant,Silver,Not Seasonal,Out of Home
107818,ХРАНИТЕЛНИ СТОКИ ЕООД,Бургас,ПРИМОРСКО,Restaurant,Silver,Seasonal,Out of Home
111320,МХС ДИМОВ ЕООД,Бургас,ПРИМОРСКО,Fast-food,Silver,Seasonal,Out of Home
108745,АЛЕЙСА ЕООД,Бургас,КИТЕН,Hotels,Silver,Seasonal,Out of Home
105521,ДЕТЕЛИНА ЖМ ЕООД,Бургас,СОЗОПОЛ,Cafe,Bronze,Seasonal,Out of Home
110389,ДАР 2000 ЕООД,Бургас,ПОМОРИЕ,Fast-food,Silver,Seasonal,Out of Home
107627,АВС ЕКСПРЕС ЕООД,Бургас,СВЕТИ ВЛАС,Restaurant,Silver,Seasonal,Out of Home
108071,ХРАНИТЕЛНИ СТОКИ ЕООД,Бургас,ПОМОРИЕ,Restaurant,Silver,Seasonal,Out of Home
101301,ХРАНИТЕЛНИ СТОКИ ЕООД,Ямбол,СТРАЛДЖА,Cafe,Iron,Not Seasonal,At Home
111884,КРЕМЕНА ЕООД,Бургас,НЕСЕБЪР,Superette,Bronze,Not Seasonal,At Home
103602,КИПАРИС ЕООД,Бургас,АЙТОС,Local Shop,Silver,Not Seasonal,At Home
108086,АСТРА ЕООД,Бургас,ПОМОРИЕ,Restaurant,Silver,Seasonal,Out of Home
100793,А ЕНД М ЕООД,Сливен,БЯЛА,Supermarket,Silver,Not Seasonal,At Home
108569,ДЕНИСЛАВ ТРЕЙД ЕООД,Варна,АСПАРУХОВО,Hotels,Silver,Not Seasonal,Out of Home
110876,ВЕЛЕВ ТРЕЙД ЕООД,Бургас,ПРИМОРСКО,Restaurant,Gold,Seasonal,Out of Home
107980,ПЕНИ 74 ЕООД,Бургас,НЕСЕБЪР,Restaurant,Bronze,Seasonal,Out of Home
108666,ХРАНИТЕЛНИ СТОКИ ЕООД,Бургас,СЛЪНЧЕВ БРЯГ,Hotels,Bronze,Seasonal,Out of Home
107695,МАГАЗИН ЕООД,Бургас,АХТОПОЛ,Restaurant,Bronze,Seasonal,Out of Home
108097,МХС ЕООД,Бургас,ПОМОРИЕ,Restaurant,Silver,Seasonal,Out of Home
105919,ХРАНИТЕЛНИ СТОКИ ЕООД,Бургас,ПРИМОРСКО,Fast-food,Bronze,Seasonal,Out of Home
108114,Пени ЕООД,Бургас,БУРГАС,Restaurant,Bronze,Not Seasonal,Out of Home
107153,МХС КОМЕРС ЕООД,Бургас,СОЗОПОЛ,Superette,Gold,Seasonal,At Home
107624,МХС ЕООД,Бургас,СЛЪНЧЕВ БРЯГ,Restaurant,Gold,Seasonal,Out of Home
109151,МХС ТУЧЕ ЕООД,Бургас,СОЗОПОЛ,Hotels,Bronze,Seasonal,Out of Home
106820,ДАР 2000 ЕООД,Бургас,СЛЪНЧЕВ БРЯГ,Nightclub,Gold,Seasonal,Out of Home
105924,ДАР 2000 ЕООД,Бургас,БУРГАС,Fast-food,Silver,Not Seasonal,Out of Home
106489,ХРАНИТЕЛНИ СТОКИ ЕООД,Бургас,БУРГАС,Cafe,Silver,Not Seasonal,Out of Home
108109,МОЯТ МАГАЗИН ЕООД,Бургас,ПОМОРИЕ,Restaurant,Bronze,Seasonal,Out of Home
110853,МАЯ 86 ЕООД,Бургас,ПРОСЕНИК,Restaurant,Bronze,Not Seasonal,Out of Home
107651,КАРЕЯ ЕООД,Бургас,СВЕТИ ВЛАС,Restaurant,Silver,Seasonal,Out of Home
107342,МАМАХУАНА ЕООД,Варна,ШКОРПИЛОВЦИ,Restaurant,Bronze,Seasonal,Out of Home
108493,ГОГО ЕООД,Бургас,СОЗОПОЛ,Restaurant,Gold,Seasonal,Out of Home
106873,ТИП ТИП ЕООД,Бургас,СОЗОПОЛ,Nightclub,Silver,Seasonal,Out of Home
102235,БАРАКАТА ЕООД,Бургас,РАЗБОЙНА,Local Shop,Iron,Not Seasonal,At Home
107824,СЪРБИНА ЕООД,Бургас,ПРИМОРСКО,Restaurant,Silver,Seasonal,Out of Home
107979,ПУПИТА ЕООД,Бургас,НЕСЕБЪР,Restaurant,Gold,Seasonal,Out of Home
100920,РПК ЧЕРНО МОРЕ ЕООД,Бургас,БУРГАС,Supermarket,Bronze,Not Seasonal,At Home
103594,АНДЖИ ЕООД,Бургас,НЕСЕБЪР,Local Shop,Silver,Not Seasonal,At Home
109179,К-Ж 21 ЕООД,Бургас,СОЗОПОЛ,Hotels,Bronze,Seasonal,Out of Home
105958,ДИВИ ЕООД,Бургас,БУРГАС,Fast-food,Silver,Seasonal,Out of Home
105230,МОРСКИ БРИЗ ЕООД,Бургас,НЕСЕБЪР,Cafe,Gold,Seasonal,Out of Home
107687,МИСТРАЛ ЕООД,Бургас,АХТОПОЛ,Restaurant,Gold,Seasonal,Out of Home
108669,АНЕЩЕВИ ЕООД,Бургас,СЛЪНЧЕВ БРЯГ,Hotels,Silver,Seasonal,Out of Home
107677,МЕРИ МЕРИ ЕООД,Бургас,СИНЕМОРЕЦ,Restaurant,Bronze,Seasonal,Out of Home
107978,СУЗОЯ ЕООД,Бургас,НЕСЕБЪР,Restaurant,Bronze,Seasonal,Out of Home
106847,ПЕРФЕКТ ЕООД,Бургас,ПРИМОРСКО,Nightclub,Bronze,Seasonal,Out of Home
111652,ЕДЕЛВАЙС ЕООД,Бургас,КИТЕН,Fast-food,Gold,Seasonal,Out of Home
109445,ВИЛНА ЗОНА БЕЛИ СКАЛИ-М-Н ЕООД,Бургас,АХТОПОЛ,Fast-food,Bronze,Seasonal,Out of Home
106848,ХРАНИТЕЛНИ СТОКИ ЕООД,Бургас,ПРИМОРСКО,Nightclub,Bronze,Seasonal,Out of Home
103601,СИЛОЗИ ЕООД,Бургас,АЙТОС,Local Shop,Silver,Not Seasonal,At Home
106846,СУПЕРМАРКЕТ БАЛЧИК ЕООД,Бургас,ПРИМОРСКО,Nightclub,Bronze,Seasonal,Out of Home
109106,МХС ЕООД,Бургас,ЧЕРНОМОРЕЦ,Hotels,Bronze,Seasonal,Out of Home
105129,КОНИ ЕООД,Бургас,ТОПЧИЙСКО,Cafe,Iron,Not Seasonal,Out of Home
108761,ВИРГИНИЯ ЕООД,Бургас,КИТЕН,Hotels,Bronze,Seasonal,Out of Home
104592,КОЛЬО КОМЕРС ЕООД,Варна,АСПАРУХОВО,Local Shop,Gold,Not Seasonal,At Home
111772,МОРСКО КОНЧЕ ЕООД,Бургас,ЧЕРНОМОРЕЦ,Fast-food,Bronze,Seasonal,Out of Home
108772,МАГАЗИН КОРНЕР ЕООД,Бургас,ПРИМОРСКО,Hotels,Silver,Seasonal,Out of Home
108046,МХС КРИСТАЛ ЕООД,Бургас,ОБЗОР,Restaurant,Gold,Seasonal,Out of Home
106839,СТЕЛЕРЕКС ЕООД,Бургас,ПРИМОРСКО,Nightclub,Bronze,Seasonal,Out of Home
108042,МИРАЖ ЕООД,Бургас,ОБЗОР,Restaurant,Bronze,Seasonal,Out of Home
107823,МХС ЛЮЦКАНОВ ЕООД,Бургас,ПРИМОРСКО,Restaurant,Silver,Seasonal,Out of Home
104119,МХС ЕООД,Бургас,БУРГАС,Local Shop,Iron,Not Seasonal,At Home
107825,МХС МИЛА ЕООД,Бургас,КИТЕН,Restaurant,Silver,Seasonal,Out of Home
105312,ХРАНИТЕЛНИ СТОКИ ЕООД,Бургас,ОБЗОР,Cafe,Silver,Seasonal,Out of Home
102310,АУРЕЛИЯ ЕООД,Бургас,ОБЗОР,Local Shop,Gold,Not Seasonal,At Home
100190,ФРЕШ МАРКЕТ ЕООД,Бургас,БУРГАС,Local Shop,Bronze,Not Seasonal,At Home
109452,МХС ЕООД,Бургас,АХТОПОЛ,Fast-food,Bronze,Seasonal,Out of Home
108110,ДАР 2000 ЕООД,Бургас,АЙТОС,Restaurant,Bronze,Not Seasonal,Out of Home
109267,ГАМА ЕООД,Бургас,АЙТОС,Bar,Silver,Seasonal,Out of Home
108469,РУБИН ЕООД,Бургас,СОЗОПОЛ,Restaurant,Gold,Seasonal,Out of Home
100864,МХС ЕООД,Бургас,БУРГАС,Supermarket,Silver,Not Seasonal,At Home
104035,СУПЕРМАРКЕТ ВЕГА ЕООД,Ямбол,ЕЛХОВО,Local Shop,Bronze,Not Seasonal,At Home
108932,МХС ОРЕХИТЕ ЕООД,Бургас,ОБЗОР,Hotels,Bronze,Seasonal,Out of Home
104399,ГЕОРГИЕВ ЕООД,Варна,ДЕТЕЛИНА,Local Shop,Bronze,Not Seasonal,At Home
109797,ВЛАСИМ ЕООД,Бургас,ЕМОНА,Hotels,Bronze,Seasonal,Out of Home
109492,МХС ЕООД,Бургас,РАВДА,Fast-food,Silver,Seasonal,Out of Home
108725,ЕСЕРБИЛ ЕООД,Бургас,ЛОЗЕНЕЦ,Hotels,Bronze,Seasonal,Out of Home
107822,МХС ЕООД,Бургас,ПРИМОРСКО,Restaurant,Silver,Seasonal,Out of Home
106849,МХС ПАНОРАМА ЕООД,Бургас,ПРИМОРСКО,Nightclub,Silver,Seasonal,Out of Home
107165,АЛИЯ 94 ЕООД,Бургас,ПРИМОРСКО,Superette,Gold,Seasonal,At Home
102170,ЖЕНИ М ЕООД,Бургас,СЛЪНЧЕВ БРЯГ,Local Shop,Bronze,Not Seasonal,At Home
104113,ЛУКСИ ЕООД,Бургас,БУРГАС,Local Shop,Silver,Not Seasonal,At Home
109472,МАРГИ ЕООД,Бургас,ПРИМОРСКО,Fast-food,Silver,Seasonal,Out of Home
105516,МН.ФЛАМИНГО ЕООД,Бургас,БУРГАС,Cafe,Silver,Not Seasonal,Out of Home
109108,ФЕНИКС ЕООД,Бургас,СОЗОПОЛ,Hotels,Silver,Seasonal,Out of Home
108468,Мхс ЕООД,Бургас,СОЗОПОЛ,Restaurant,Silver,Seasonal,Out of Home
107625,ДАН ГРУП ЕООД,Бургас,КОШАРИЦА,Restaurant,Bronze,Not Seasonal,Out of Home
105522,МХС ЕООД,Бургас,СОЗОПОЛ,Cafe,Silver,Seasonal,Out of Home
111681,ПРИ СТАНКА ЕООД,Бургас,ТРЪНАК,Fast-food,Bronze,Seasonal,Out of Home
108467,МИСТРАЛ ФУУДС ЕООД,Бургас,СОЗОПОЛ,Restaurant,Silver,Seasonal,Out of Home
104071,ФЕНИКС СЕНОКОС ЕООД,Бургас,БУРГАС,Local Shop,Silver,Not Seasonal,At Home
108452,ДАНИ ТЕРЗИЕВ ЕООД,Бургас,СОЗОПОЛ,Restaurant,Bronze,Seasonal,Out of Home
105891,МХС ДЖЕВАТ ЕООД,Бургас,АХТОПОЛ,Fast-food,Bronze,Seasonal,Out of Home
107326,МХС ВЕНИ ЕООД,Варна,ДОЛНИ ЧИФЛИК,Restaurant,Bronze,Seasonal,Out of Home
111970,ЛЮБА ЦЪРКВА ЕООД,Бургас,АЙТОС,Local Shop,Iron,Not Seasonal,At Home
103432,МХС ЕООД,Ямбол,ЯМБОЛ,Local Shop,Iron,Not Seasonal,At Home
107182,ДЕТЕЛИНА 1 ЕООД,Бургас,АХТОПОЛ,Superette,Bronze,Seasonal,At Home
107655,ЕЛИЦА МАРКЕТ ЕООД,Бургас,БУРГАС,Restaurant,Bronze,Seasonal,Out of Home
105151,Мхс ЕООД,Бургас,ЦАРЕВО,Cafe,Bronze,Not Seasonal,Out of Home
105186,СТАНИМИР ЕООД,Бургас,КИТЕН,Cafe,Bronze,Seasonal,Out of Home
110615,Мхс ЕООД,Бургас,ДЮЛЕВО,Fast-food,Silver,Not Seasonal,Out of Home
108043,МХС ЕООД,Бургас,КАРНОБАТ,Restaurant,Silver,Not Seasonal,Out of Home
107626,ВЕДОМСТВЕН БЮФЕТ ЕООД,Бургас,СЛЪНЧЕВ БРЯГ,Restaurant,Gold,Seasonal,Out of Home
108058,Орехите ЕООД,Бургас,АЙТОС,Restaurant,Iron,Not Seasonal,Out of Home
105968,МХС ЕООД,Бургас,ПОМОРИЕ,Fast-food,Silver,Seasonal,Out of Home
110972,МХС ЕООД,Бургас,СЛЪНЧЕВ БРЯГ,Hotels,Gold,Seasonal,Out of Home
108104,Бонус ЕООД,Бургас,ОБЗОР,Restaurant,Bronze,Seasonal,Out of Home
108080,МХС ЕООД,Бургас,ОБЗОР,Restaurant,Silver,Seasonal,Out of Home
107659,МХС ЕООД,Бургас,ЦАРЕВО,Restaurant,Silver,Seasonal,Out of Home
107646,ПЕТИВЕКС ЕООД,Бургас,СВЕТИ ВЛАС,Restaurant,Silver,Seasonal,Out of Home
109730,Креза ЕООД,Бургас,СЛЪНЧЕВ БРЯГ,Superette,Gold,Seasonal,Out of Home
104218,ОЛ МАРТ ЕООД,Бургас,БУРГАС,Local Shop,Silver,Not Seasonal,At Home
102168,Мамахуана ЕООД,Бургас,СЛЪНЧЕВ БРЯГ,Local Shop,Silver,Not Seasonal,At Home
105873,КОРАЛ ЕООД,Бургас,СЛЪНЧЕВ БРЯГ,Fast-food,Gold,Seasonal,Out of Home
105185,БОЙКОВИ ЕООД,Бургас,ПРИМОРСКО,Cafe,Silver,Not Seasonal,Out of Home
107821,РПК БЕЛГУН ЕООД,Бургас,ЗИДАРОВО,Restaurant,Silver,Not Seasonal,Out of Home
108478,МХС ЕООД,Бургас,СОЗОПОЛ,Restaurant,Gold,Seasonal,Out of Home
107984,БОХЕМ ЕООД,Бургас,НЕСЕБЪР,Restaurant,Bronze,Seasonal,Out of Home
109530,ВИДОЛОВ ЕООД,Бургас,БУРГАС,Fast-food,Silver,Seasonal,Out of Home
109842,Р-Т ЕООД,Бургас,БУРГАС,Cafe,Iron,Not Seasonal,Out of Home
106812,ГРАЦИЯ ДАНИ ЕООД,Бургас,НЕСЕБЪР,Nightclub,Gold,Seasonal,At Home
108447,БЯЛАТА ЛАГУНА ЕООД,Бургас,БУРГАС,Restaurant,Gold,Not Seasonal,Out of Home
106585,МАГАЗИН КОЛИОПА ЕООД,Бургас,РУЕН,Cafe,Bronze,Not Seasonal,Out of Home
107649,ЖУРНАЛОВИ ЕООД,Бургас,СВЕТИ ВЛАС,Restaurant,Silver,Seasonal,Out of Home
102151,АНИ МАРКЕТ ЕООД,Бургас,ПРЕОБРАЖЕНЦИ,Local Shop,Silver,Not Seasonal,At Home
107339,АТАНАСОВИ 21 ЕООД,Варна,ПОЛЯЦИТЕ,Restaurant,Bronze,Not Seasonal,Out of Home
100800,СОНЯ ЕООД,Сливен,СЛИВЕН,Supermarket,Silver,Not Seasonal,At Home
108463,МХС ДЖЕРИ ЕООД,Бургас,СОЗОПОЛ,Restaurant,Silver,Seasonal,Out of Home
103600,КАЛИОПА ЕООД,Бургас,АЙТОС,Local Shop,Silver,Not Seasonal,At Home
104060,МАГАЗИН RMB ЕООД,Ямбол,ИЗГРЕВ,Local Shop,Iron,Not Seasonal,At Home
110973,МАГАЗИН ЛАЙТХАУС ЕООД,Бургас,НЕСЕБЪР,Hotels,Gold,Seasonal,Out of Home
108667,БОЖИСТАН ЕООД,Бургас,СЛЪНЧЕВ БРЯГ,Hotels,Bronze,Seasonal,Out of Home
105188,ИДЕЯ 99 ЕООД,Бургас,КИТЕН,Cafe,Silver,Seasonal,Out of Home
105113,МХС ЕООД,Бургас,СЛЪНЧЕВ БРЯГ,Cafe,Silver,Seasonal,Out of Home
105216,ТЕРИ АНТОН ЕООД,Бургас,НЕСЕБЪР,Cafe,Silver,Seasonal,Out of Home
107994,МХС ЕООД,Бургас,МЕДОВО,Restaurant,Bronze,Seasonal,Out of Home
102129,ЕР-КА ЕООД,Бургас,ДЪСКОТНА,Local Shop,Bronze,Not Seasonal,At Home
109107,КАЛИМЕРА ЕООД,Бургас,СОЗОПОЛ,Hotels,Silver,Seasonal,Out of Home
105558,АУРЕЛИЯ ЕООД,Бургас,КИТЕН,Cafe,Silver,Seasonal,Out of Home
103431,МАГАЗИН ЕООД,Ямбол,ЯМБОЛ,Local Shop,Silver,Not Seasonal,At Home
101022,МХС ЕООД,Бургас,БУРГАС,Supermarket,Iron,Not Seasonal,At Home
102311,ШЕНИ ЕООД,Бургас,БАНЯ,Local Shop,Bronze,Not Seasonal,At Home
103642,ПРИ ГАЛЯ ЕООД,Бургас,КАРНОБАТ,Local Shop,Iron,Not Seasonal,At Home
111027,МИНИМАРКЕТ РУМИ ЕООД,Бургас,ОБЗОР,Hotels,Gold,Seasonal,Out of Home
107196,ТЕДИНА ЕООД,Бургас,ПРИМОРСКО,Superette,Silver,Seasonal,At Home
110809,ХРАНИТЕЛНИ СТОКИ ЕООД,Бургас,БУРГАС,Restaurant,Bronze,Not Seasonal,Out of Home
110237,ДОБРЕВИ ЕООД,Бургас,БУРГАС,Fast-food,Bronze,Not Seasonal,Out of Home
107995,ХРАНИТЕЛНИ СТОКИ ЕООД,Бургас,НЕСЕБЪР,Restaurant,Gold,Seasonal,Out of Home
110971,МАГАЗИН ХС ЕООД,Бургас,СЛЪНЧЕВ БРЯГ,Hotels,Gold,Seasonal,Out of Home
109327,СИТИПЕР ЕООД,Бургас,БУРГАС,Fast-food,Silver,Not Seasonal,Out of Home
109415,А МАРКЕТ ЕООД,Бургас,БУРГАС,Fast-food,Iron,Not Seasonal,Out of Home
109330,МАГАЗИН МАРТИ ЕООД,Бургас,БУРГАС,Fast-food,Bronze,Not Seasonal,Out of Home
109346,магазин ЕООД,Бургас,БУРГАС,Fast-food,Bronze,Not Seasonal,Out of Home
108459,ГИНЧЕТО ЕООД,Бургас,СОЗОПОЛ,Restaurant,Silver,Seasonal,Out of Home
105731,ДЕНИС ЕООД,Варна,ВАРНА,Fast-food,Silver,Not Seasonal,Out of Home
107996,ХР СТОКИ ЕООД,Бургас,НЕСЕБЪР,Restaurant,Iron,Not Seasonal,Out of Home
103554,ХР СТОКИ ЕООД,Бургас,СУНГУРЛАРЕ,Local Shop,Gold,Not Seasonal,At Home
103971,ЛЮБА 72 ЕООД,Бургас,ПОМОРИЕ,Local Shop,Iron,Not Seasonal,At Home
104043,МАГАЗИН ЕООД,Бургас,КИТЕН,Local Shop,Gold,Seasonal,At Home
111801,Хранителни стоки ЕООД,Бургас,СЛЪНЧЕВ БРЯГ,Bar,Silver,Seasonal,Out of Home
111625,ХРАНИТЕЛНИ СТОКИ ЕООД,Бургас,СЛЪНЧЕВ БРЯГ,Fast-food,Bronze,Seasonal,Out of Home
110941,ХРАНИТЕЛНИ СТОКИ ЕООД,Бургас,СЛЪНЧЕВ БРЯГ,Hotels,Gold,Seasonal,Out of Home
107648,ХР СТОКИ ЕООД,Бургас,СЛЪНЧЕВ БРЯГ,Restaurant,Bronze,Seasonal,Out of Home
107998,МАГАЗИН ЕООД,Бургас,НЕСЕБЪР,Restaurant,Gold,Seasonal,Out of Home
109712,МЕХАНА ЛИЛИЯ ЕООД,Бургас,БУРГАС,Fast-food,Bronze,Not Seasonal,Out of Home
101273,МАГАЗИН ЕООД,Ямбол,ЕЛХОВО,Cafe,Silver,Not Seasonal,At Home
100542,ХРАНИТЕЛНИ СТОКИ ЕООД,Бургас,СЛЪНЧЕВ БРЯГ,Supermarket,Gold,Seasonal,At Home
105340,Хранителни стоки ЕООД,Бургас,КАРНОБАТ,Cafe,Silver,Not Seasonal,Out of Home
107180,МАГАЗИН ЕООД,Бургас,АХТОПОЛ,Superette,Bronze,Seasonal,At Home
103591,Хранителни стоки ЕООД,Бургас,АЙТОС,Local Shop,Gold,Not Seasonal,At Home
106691,Хранителни стоки ЕООД,Бургас,АЙТОС,Superette,Gold,Not Seasonal,At Home
105108,ХРАНИТЕЛНИ СТОКИ ЕООД,Бургас,РАЗБОЙНА,Cafe,Bronze,Not Seasonal,Out of Home
110243,МОНА ЕООД,Бургас,СЛЪНЧЕВ БРЯГ,Fast-food,Bronze,Seasonal,Out of Home
100541,МАГАЗИН ЕООД,Бургас,СЛЪНЧЕВ БРЯГ,Supermarket,Silver,Seasonal,At Home
104084,МАГАЗИН ЕООД,Бургас,ГРАМАТИКОВО,Local Shop,Bronze,Not Seasonal,At Home
107444,ВАРНА ЕООД,Бургас,БУРГАС,Restaurant,Silver,Not Seasonal,Out of Home
104131,ГЛАДНИ И ЖАДНИ ЕООД,Бургас,БУРГАС,Local Shop,Silver,Not Seasonal,At Home
100922,МАГАЗИН БЕРЛИН ЕООД,Бургас,БУРГАС,Supermarket,Iron,Not Seasonal,At Home
107650,МАГАЗИН ЛИДИ ПЛЮС ЕООД,Бургас,СВЕТИ ВЛАС,Restaurant,Silver,Seasonal,Out of Home
109345,МАГАЗИН ЕООД,Бургас,БУРГАС,Fast-food,Silver,Not Seasonal,Out of Home
103715,КАЗА ОЛЕ ЕООД,Сливен,КОТЕЛ,Local Shop,Gold,Not Seasonal,At Home
111329,ХРАНИТЕЛНИ СТОКИ ЕООД,Бургас,НЕСЕБЪР,Fast-food,Iron,Not Seasonal,Out of Home
106685,ХР СТОКИ ЕООД,Сливен,СЛИВЕН,Superette,Silver,Not Seasonal,At Home
101352,АГЛАИЯ ЕООД,Бургас,БУРГАС,Nightclub,Silver,Not Seasonal,Out of Home
109344,КАРИНА ЕООД,Бургас,БУРГАС,Fast-food,Silver,Not Seasonal,Out of Home
104402,ХРАНИТЕЛНИ СТОКИ ЕООД,Варна,ДОЛНИ ЧИФЛИК,Local Shop,Silver,Not Seasonal,At Home
110995,ГАЛИНА ЕООД,Бургас,ОБЗОР,Hotels,Gold,Seasonal,Out of Home
110999,ХР СТОКИ ЕООД,Бургас,ОБЗОР,Hotels,Gold,Seasonal,Out of Home
102134,МАГАЗИН ЕООД,Бургас,ЯБЪЛЧЕВО,Local Shop,Silver,Not Seasonal,At Home
106308,ХРАНИТЕЛНИ СТОКИ ЕООД,Бургас,БУРГАС,Local Shop,Silver,Not Seasonal,At Home
103684,МАГАЗИН ЕООД,Сливен,КРУШАРЕ,Local Shop,Gold,Not Seasonal,At Home
100189,АДИ ЕООД,Бургас,БУРГАС,Local Shop,Bronze,Not Seasonal,At Home
111559,КРИСИЯ ЕООД,Бургас,БУРГАС,Restaurant,Silver,Not Seasonal,Out of Home
103671,МОЯТ МАГАЗИН ЕООД,Сливен,СЛИВЕН,Local Shop,Silver,Not Seasonal,At Home
100802,ХР МН ЕООД,Сливен,СЛИВЕН,Supermarket,Bronze,Not Seasonal,At Home
103379,КАРАСЛАВОВ ЕООД,Сливен,СЛИВЕН,Local Shop,Silver,Not Seasonal,At Home
104170,СУПЕРМАРКЕТ ГАЛДО ЕООД,Бургас,СРЕДЕЦ,Local Shop,Iron,Not Seasonal,At Home
100911,ХР МН ЕООД,Бургас,БУРГАС,Supermarket,Iron,Not Seasonal,At Home
103933,ХР МН ЕООД,Бургас,ДЕБЕЛТ,Local Shop,Gold,Not Seasonal,At Home
101389,АЕК МАРКЕТ ЕООД,Бургас,РУСОКАСТРО,Nightclub,Bronze,Not Seasonal,Out of Home
105341,СУПЕРМАРКЕТ ГЕРГАНА ЕООД,Бургас,СУНГУРЛАРЕ,Cafe,Gold,Not Seasonal,Out of Home
103555,МАЯ-МИ ЕООД,Бургас,СУНГУРЛАРЕ,Local Shop,Iron,Not Seasonal,At Home
100969,СЪНИ МАРКЕТ НА ПЕТТЕ КЬОШЕТА ЕООД,Бургас,ЗАГОРЦИ,Supermarket,Silver,Not Seasonal,At Home
105342,МУСИ РАЙ ЕООД,Бургас,КАРНОБАТ,Cafe,Silver,Not Seasonal,Out of Home
104242,ХРАНИТЕЛНИ СТОКИ ЕООД,Бургас,БУРГАС,Local Shop,Gold,Not Seasonal,At Home
110271,ХРАНИТЕЛЕН МАГАЗИН ЕООД,Бургас,БУРГАС,Fast-food,Gold,Not Seasonal,Out of Home
100691,ХРАНИТЕЛНИ СТОКИ ЕООД,Сливен,КИПИЛОВО,Supermarket,Gold,Not Seasonal,At Home
100790,ХРАНИТЕЛНИ СТОКИ ЕООД,Бургас,АЙТОС,Supermarket,Iron,Not Seasonal,At Home
105608,ПЛАМА ЕООД,Бургас,СЛЪНЧЕВ БРЯГ,Bar,Bronze,Seasonal,Out of Home
105864,НЯМА ЕООД,Бургас,СЛЪНЧЕВ БРЯГ,Fast-food,Bronze,Seasonal,Out of Home
110852,ХРАНИТЕЛНИ СТОКИ ЕООД,Бургас,СЛЪНЧЕВ БРЯГ,Restaurant,Silver,Not Seasonal,Out of Home
100536,ФАВОРИТ ЕООД,Бургас,СЛЪНЧЕВ БРЯГ,Supermarket,Gold,Seasonal,At Home
109196,ХР СТОКИ ЕООД,Бургас,ПРИМОРСКО,Hotels,Gold,Seasonal,Out of Home
104065,МХС ЕООД,Ямбол,ЛЕСОВО,Local Shop,Gold,Not Seasonal,At Home
110694,МОЯТ МАГАЗИН ЕООД,Бургас,НЕСЕБЪР,Restaurant,Gold,Not Seasonal,Out of Home
110931,ХРАНИТЕЛНИ СТОКИ ЕООД,Бургас,ПРИМОРСКО,Hotels,Gold,Seasonal,Out of Home
109289,ХРАНИТЕЛНИ СТОКИ ЕООД,Бургас,ВЪРШИЛО,Bar,Iron,Not Seasonal,Out of Home
109752,МХС ЕООД,Варна,БЯЛА,Hotels,Bronze,Seasonal,Out of Home
102312,ХРАНИТЕЛЕН МАГАЗИН ЕООД,Бургас,ОБЗОР,Local Shop,Gold,Seasonal,At Home
112047,ХРАНИТЕЛНИ СТОКИ ЕООД,Бургас,СЛЪНЧЕВ БРЯГ,Superette,Iron,Seasonal,At Home
105552,МАГАЗИН ЕООД,Бургас,СОЗОПОЛ,Cafe,Silver,Seasonal,Out of Home
109815,ХРАНИТЕЛНИ СТОКИ ЕООД,Бургас,ЧЕРНОМОРЕЦ,Hotels,Bronze,Seasonal,Out of Home
105114,ХРАНИТЕЛНИ СТОКИ ЕООД,Бургас,ТЪНКОВО,Cafe,Silver,Not Seasonal,Out of Home
107671,ЖУРНАЛИСТ ЕООД,Бургас,ЦАРЕВО,Restaurant,Bronze,Seasonal,Out of Home
108879,ПК ИЗВОР ЕООД,Бургас,ОБЗОР,Hotels,Bronze,Seasonal,Out of Home
106876,ХР СТОКИ ЕООД,Бургас,КИТЕН,Nightclub,Silver,Seasonal,Out of Home
107157,МАГАЗИН ЕООД,Бургас,ЦАРЕВО,Superette,Bronze,Seasonal,At Home
105519,ХРАНИТЕЛНИ СТОКИ ЕООД,Бургас,МАЛКО ТЪРНОВО,Cafe,Iron,Not Seasonal,Out of Home
105229,ХРАНИТЕЛНИ СТОКИ ЕООД,Бургас,НЕСЕБЪР,Cafe,Gold,Seasonal,Out of Home
107335,ХРАНИТЕЛНИ СТОКИ ЕООД,Варна,СТАРО ОРЯХОВО,Restaurant,Silver,Seasonal,Out of Home
108191,МАРКЕТ ЕООД,Бургас,ПОМОРИЕ,Restaurant,Silver,Seasonal,Out of Home
107986,ХРАНИТЕЛНИ СТОКИ ЕООД,Бургас,НЕСЕБЪР,Restaurant,Bronze,Seasonal,Out of Home
106173,КРАСИ КОМЕРС ЕООД,Бургас,КРУШЕВЕЦ,Fast-food,Silver,Not Seasonal,Out of Home
106557,БЯЛОТО МАГАЗИНЧЕ ЕООД,Бургас,НЕСЕБЪР,Cafe,Bronze,Not Seasonal,Out of Home
111486,МХС БРАВО ЕООД,Бургас,БУРГАС,Restaurant,Silver,Not Seasonal,Out of Home
105942,МОНИКА ЕООД,Бургас,НЕСЕБЪР,Fast-food,Gold,Seasonal,Out of Home
104133,МХС ЕООД,Бургас,БУРГАС,Local Shop,Bronze,Not Seasonal,At Home
104521,ХРАНИТЕЛЕН МАГАЗИН ДЕЯ ЕООД,Варна,ЦОНЕВО,Local Shop,Gold,Not Seasonal,At Home
111592,ХРАНИТЕЛНИ СТОКИ ЕООД,Бургас,БУРГАС,Fast-food,Gold,Not Seasonal,Out of Home
107700,CITY CENTER MARKET ЕООД,Бургас,БУРГАС,Restaurant,Bronze,Not Seasonal,Out of Home
108927,МХС ЕООД,Бургас,ОБЗОР,Hotels,Bronze,Seasonal,Out of Home
102313,МАГАЗИН ЕООД,Бургас,ОБЗОР,Local Shop,Iron,Not Seasonal,At Home
102314,ХРАНИТЕЛНИ СТОКИ ЕООД,Бургас,ОБЗОР,Local Shop,Silver,Not Seasonal,At Home
102219,ДАНИ ЕООД,Бургас,ТРЪНАК,Local Shop,Silver,Not Seasonal,At Home
110952,МАГАЗИН ПЕТЯ ЕООД,Бургас,СЛЪНЧЕВ БРЯГ,Hotels,Gold,Seasonal,Out of Home
105537,МАГАЗИН ЕООД,Бургас,СОЗОПОЛ,Cafe,Silver,Seasonal,Out of Home
108190,ХР СТОКИ ЕООД,Бургас,ПОМОРИЕ,Restaurant,Silver,Seasonal,Out of Home
108084,БЕРИ ЕООД,Бургас,ОБЗОР,Restaurant,Bronze,Seasonal,Out of Home
105137,МАГАЗИН ЕООД,Бургас,АХТОПОЛ,Cafe,Bronze,Seasonal,Out of Home
108180,КООП ЕООД,Бургас,ПОМОРИЕ,Restaurant,Silver,Seasonal,Out of Home
108185,КООП ТЪРГОВИЯ ЕООД,Бургас,КАРНОБАТ,Restaurant,Bronze,Not Seasonal,Out of Home
102173,МЕГАЗИН ЕООД,Бургас,АХЕЛОЙ,Local Shop,Silver,Not Seasonal,At Home
105343,ХРАНИТЕЛНИ СТОКИ ЕООД,Бургас,КАРНОБАТ,Cafe,Silver,Not Seasonal,Out of Home
105263,СУПЕРМАРКЕТ КУЛИНАР ЕООД,Бургас,КАМЕНО,Cafe,Iron,Not Seasonal,Out of Home
109799,ХРАНИТЕЛНИ СТОКИ ЕООД,Бургас,РАКОВСКОВО,Hotels,Bronze,Seasonal,Out of Home
108462,ПАВИЛИОН ХРАНИТЕЛНИ СТОКИ ЕООД,Бургас,ДЕБЕЛТ,Restaurant,Silver,Not Seasonal,Out of Home
110614,ДЕЙЛИ МАРКЕТ ЕООД,Бургас,СРЕДЕЦ,Fast-food,Bronze,Not Seasonal,Out of Home
108472,МАГАЗИН ИСИ ЕООД,Бургас,СОЗОПОЛ,Restaurant,Gold,Seasonal,Out of Home
106558,МАГАЗИН ЕООД,Бургас,НЕСЕБЪР,Cafe,Bronze,Not Seasonal,Out of Home
105361,БЕРЬОЗКА ЕООД,Бургас,ПОМОРИЕ,Cafe,Silver,Seasonal,Out of Home
104111,МАГАЗИН ЕООД,Бургас,ЧЕРНОМОРЕЦ,Local Shop,Iron,Not Seasonal,At Home
105520,ИНСТА ШОП ЕООД,Бургас,ПРИМОРСКО,Cafe,Silver,Seasonal,Out of Home
104033,СМЕСЕН МАГАЗИН ЕООД,Бургас,СОЗОПОЛ,Local Shop,Bronze,Seasonal,At Home
105214,ХРАНИТЕЛНИ СТОКИ ЕООД,Бургас,НЕСЕБЪР,Cafe,Gold,Seasonal,Out of Home
108655,ХРАНИТЕЛНИ СТОКИ ЕООД,Бургас,СЛЪНЧЕВ БРЯГ,Hotels,Silver,Seasonal,Out of Home
105217,ХРАНИТЕЛНИ СТОКИ ЕООД,Бургас,НЕСЕБЪР,Cafe,Gold,Seasonal,Out of Home
110013,ХРАНИТЕЛНИ СТОКИ ЕООД,Бургас,НЕСЕБЪР,Cafe,Gold,Seasonal,Out of Home
103972,РАЯ АН ЕООД,Бургас,ПОМОРИЕ,Local Shop,Bronze,Not Seasonal,At Home
107993,Микс маркет ЕООД,Бургас,НЕСЕБЪР,Restaurant,Silver,Seasonal,Out of Home
108763,МАГАЗИН ХС ЕООД,Стара Загора,ВЕТРЕН,Hotels,Bronze,Not Seasonal,Out of Home
105112,С ВЪГЛЕН УЛ АРДА 10 ЕООД,Бургас,СЛЪНЧЕВ БРЯГ,Cafe,Bronze,Seasonal,Out of Home
110928,ХРАНИТЕЛНИ СТОКИ ЕООД,Бургас,СЛЪНЧЕВ БРЯГ,Hotels,Gold,Seasonal,Out of Home
104042,VILLAGE MARKET ЕООД,Бургас,СОЗОПОЛ,Local Shop,Bronze,Not Seasonal,At Home
106337,МАГАЗИН ЕООД,Бургас,КИТЕН,Local Shop,Silver,Seasonal,At Home
106180,ХРАНИТЕЛНИ СТОКИ ЕООД,Бургас,ПРИМОРСКО,Fast-food,Gold,Seasonal,Out of Home
107988,ХРАНИТЕЛНИ СТОКИ ЕООД,Бургас,АХЕЛОЙ,Restaurant,Bronze,Seasonal,Out of Home
109131,ХРАНИТЕЛНИ СТОКИ ЕООД,Бургас,ПРИМОРСКО,Hotels,Silver,Seasonal,Out of Home
101382,ХРАНИТЕЛНИ СТОКИ ЕООД,Бургас,КИТЕН,Nightclub,Silver,Seasonal,Out of Home
108865,МАГАЗИН КУМАНОВ ЕООД,Бургас,НЕСЕБЪР,Hotels,Gold,Seasonal,Out of Home
108718,ТЕДИ ФРЕШ ЕООД,Бургас,СИНЕМОРЕЦ,Hotels,Bronze,Seasonal,Out of Home
108082,КООП ЕООД,Бургас,ОБЗОР,Restaurant,Silver,Seasonal,Out of Home
104053,МАГАЗИН ЕООД,Бургас,СИНЕМОРЕЦ,Local Shop,Bronze,Seasonal,At Home
108453,ХРАНИТЕЛНИ СТОКИ ЕООД,Бургас,СОЗОПОЛ,Restaurant,Gold,Seasonal,Out of Home
109221,ТУРСКИ СТОКИ ЕООД,Бургас,КИТЕН,Hotels,Gold,Seasonal,Out of Home
110937,П И М МАРКЕТ ЕООД,Бургас,СЛЪНЧЕВ БРЯГ,Hotels,Gold,Seasonal,Out of Home
108182,МАГАЗИН ЕООД,Бургас,АЙТОС,Restaurant,Silver,Seasonal,Out of Home
108867,ХРАНИТЕЛНИ СТОКИ ЕООД,Бургас,НЕСЕБЪР,Hotels,Bronze,Seasonal,Out of Home
103556,ХР СТОКИ ЕООД,Бургас,ЛЮЛЯКОВО,Local Shop,Gold,Not Seasonal,At Home
108533,МАГИ МАРКЕТ ЕООД,Бургас,РАВАДИНОВО,Restaurant,Bronze,Seasonal,Out of Home
103557,ХРАНИТЕЛНИ СТОКИ ЕООД,Бургас,КАРНОБАТ,Local Shop,Silver,Not Seasonal,At Home
107072,ХРАНИТЕЛНИ СТОКИ ЕООД,Бургас,КАРНОБАТ,Superette,Iron,Not Seasonal,At Home
108003,МАГАЗИН ЕООД,Бургас,НЕСЕБЪР,Restaurant,Gold,Seasonal,Out of Home
100530,МАГАЗИН ЕООД,Бургас,СЛЪНЧЕВ БРЯГ,Supermarket,Gold,Seasonal,At Home
109200,ХР СТОКИ ЕООД,Бургас,ПРИМОРСКО,Hotels,Silver,Seasonal,Out of Home
107990,ИЗГРЕВ ЕООД,Бургас,НЕСЕБЪР,Restaurant,Gold,Seasonal,Out of Home
105532,ПЛОД И ЗЕЛЕНЧУК ЕООД,Бургас,СОЗОПОЛ,Cafe,Silver,Not Seasonal,Out of Home
107987,РАДО МАГ ЕООД,Бургас,НЕСЕБЪР,Restaurant,Silver,Seasonal,Out of Home
108181,МАГАЗИН ВИАНИДА ЕООД,Бургас,ПОМОРИЕ,Restaurant,Gold,Seasonal,Out of Home
109199,ХАЛИЛОВИ-БАХРИЕ ХАЛИЛ ЕТ ЕООД,Бургас,КИТЕН,Hotels,Silver,Seasonal,Out of Home
103598,ДЖАНИ ЕООД,Бургас,РАВДА,Local Shop,Silver,Seasonal,At Home
110953,РУАЛ ЕООД,Бургас,СЛЪНЧЕВ БРЯГ,Hotels,Gold,Seasonal,Out of Home
106874,МХС ЕООД,Бургас,КИТЕН,Nightclub,Silver,Seasonal,Out of Home
108430,ГРИЙН ДЕЙ 95 ЕООД ЕООД,Бургас,ПРИМОРСКО,Restaurant,Bronze,Seasonal,Out of Home
110951,МАГАЗИН ОЯК ЕООД,Бургас,СЛЪНЧЕВ БРЯГ,Hotels,Gold,Seasonal,Out of Home
108431,МХС УШАКОВ ЕООД,Бургас,ПРИМОРСКО,Restaurant,Silver,Seasonal,Out of Home
108175,СИНОМЕТ ЕООД ЕООД,Бургас,ПОМОРИЕ,Restaurant,Silver,Seasonal,Out of Home
108177,СЕВА ЕООД,Бургас,АЙТОС,Restaurant,Gold,Not Seasonal,Out of Home
103973,СОФИ - СОФКА ГОРЕНОВА ЕООД,Бургас,ВЕТРЕН,Local Shop,Iron,Not Seasonal,At Home
105278,ЕРАТО ЕООД,Бургас,НЕСЕБЪР,Cafe,Gold,Seasonal,Out of Home
103606,МАГАЗИН ДИАМАНТ ЕООД,Бургас,МЪГЛЕН,Local Shop,Silver,Not Seasonal,At Home
103595,ЕСТЕЛ ЕООД,Бургас,ЗАЙЧАР,Local Shop,Iron,Not Seasonal,At Home
110959,ЙОАНА - 2004 ЕООД ЕООД,Бургас,СЛЪНЧЕВ БРЯГ,Hotels,Gold,Seasonal,Out of Home
107631,МАГАЗИН СВЕЖ ЕООД,Бургас,СВЕТИ ВЛАС,Restaurant,Silver,Seasonal,Out of Home
105279,МАГАЗИН БУЛЕВАРД ЕООД,Бургас,НЕСЕБЪР,Cafe,Gold,Seasonal,Out of Home
103716,ЯСЕН ЕООД,Бургас,ДЕВЕТАК,Local Shop,Iron,Not Seasonal,At Home
105067,ГЕОРГИ ЛАТУНОВ ЕООД ЕООД,Бургас,ДОБРА ПОЛЯНА,Cafe,Bronze,Not Seasonal,Out of Home
104244,ИНТЕР ХОЛДИНГ-1 ЕООД,Бургас,БУРГАС,Local Shop,Silver,Not Seasonal,At Home
110957,СУПЕРМАРКЕТ КАРОЛИНА ЕООД,Бургас,СЛЪНЧЕВ БРЯГ,Hotels,Silver,Seasonal,Out of Home
110956,МАГАЗИН ФАМИЛИЯ ЕООД,Бургас,СЛЪНЧЕВ БРЯГ,Hotels,Gold,Seasonal,Out of Home
110955,МАГАЗИН АСЯ ЕООД,Бургас,СЛЪНЧЕВ БРЯГ,Hotels,Gold,Seasonal,Out of Home
104389,МАГАЗИН ЕООД,Варна,ПЧЕЛНИК,Local Shop,Gold,Not Seasonal,At Home
100188,ДИНЕРО 90 ЕООД ЕООД,Бургас,БУРГАС,Local Shop,Bronze,Not Seasonal,At Home
103430,КООП НАПРЕД АЙТОС ЕООД,Ямбол,ЯМБОЛ,Local Shop,Iron,Not Seasonal,At Home
103429,СМЕСЕН МАГАЗИН ЕООД,Ямбол,ЯМБОЛ,Local Shop,Silver,Not Seasonal,At Home
110607,НИХАТ МЕХМЕД 81 - НИХАТ ЕООД,Бургас,БУРГАС,Fast-food,Bronze,Not Seasonal,Out of Home
109132,КАШИЧЕВ ЕООД ЕООД,Бургас,КИТЕН,Hotels,Silver,Seasonal,Out of Home
102140,МИНИМАРКЕТ МАРИЯ ЕООД,Бургас,КАБЛЕШКОВО,Local Shop,Silver,Not Seasonal,At Home
110942,МАГАЗИН ЕООД,Бургас,СЛЪНЧЕВ БРЯГ,Hotels,Gold,Seasonal,Out of Home
108535,ЕТ АРЗУМ 2015 - ГЮЛСЮМ ХАСАНОВА ЕООД,Бургас,СОЗОПОЛ,Restaurant,Silver,Seasonal,Out of Home
104047,БАТКО 69 ООД ЕООД,Бургас,КИТЕН,Local Shop,Bronze,Not Seasonal,At Home
107992,ХРАНИТЕЛНИ СТОКИ АКСИ ЕООД,Бургас,НЕСЕБЪР,Restaurant,Silver,Seasonal,Out of Home
109499,МХС ГРАНД ВИЛА ЕООД,Бургас,РАВДА,Fast-food,Silver,Seasonal,Out of Home
108668,СИСИ ТЕР ЕООД ЕООД,Бургас,СЛЪНЧЕВ БРЯГ,Hotels,Bronze,Seasonal,Out of Home
105147,МАГАЗИН ЯВОР ЕООД,Бургас,АХТОПОЛ,Cafe,Bronze,Seasonal,Out of Home
109115,АЛЕКСАНДРА АВ 2012 ЕООД,Бургас,СОЗОПОЛ,Hotels,Silver,Seasonal,Out of Home
108540,КАШИЧЕВ ЕООД ЕООД,Бургас,ЧЕРНОМОРЕЦ,Restaurant,Silver,Seasonal,Out of Home
110929,НЕВЕНА ЕООД,Бургас,СЛЪНЧЕВ БРЯГ,Hotels,Gold,Seasonal,Out of Home
109806,ОАЗИС ЕООД,Бургас,ПОМОРИЕ,Hotels,Bronze,Seasonal,Out of Home
110865,Ник енд прес ЕООД,Бургас,АХТОПОЛ,Restaurant,Bronze,Seasonal,Out of Home
105276,ПОЛО МАРКЕТ ЕООД,Бургас,НЕСЕБЪР,Cafe,Silver,Seasonal,Out of Home
111182,ГФ ЧАКЪР ЕООД,Бургас,СЛЪНЧЕВ БРЯГ,Hotels,Bronze,Seasonal,Out of Home
108183,МАГАЗИН ЕООД,Бургас,КАРНОБАТ,Restaurant,Silver,Not Seasonal,Out of Home
108398,УШАКОВ ЕООД,Бургас,ПРИМОРСКО,Restaurant,Gold,Seasonal,Out of Home
108389,АЛМОНД ХИЛ ЕООД,Бургас,КИТЕН,Restaurant,Silver,Seasonal,Out of Home
108427,СУПЕРМАРКЕТ ЕООД,Бургас,ПРИМОРСКО,Restaurant,Silver,Seasonal,Out of Home
109523,МАГАЗИН ЕООД,Бургас,ОБЗОР,Fast-food,Bronze,Seasonal,Out of Home
105274,НАРКООП ЕООД,Бургас,КРУШОВО,Cafe,Bronze,Not Seasonal,Out of Home
107637,ДЮКЯН ЕООД,Бургас,СЛЪНЧЕВ БРЯГ,Restaurant,Silver,Seasonal,Out of Home
105339,ЛЕБЕД ЕООД,Бургас,МАЛКА ПОЛЯНА,Cafe,Silver,Not Seasonal,Out of Home
105233,ГАЛА ГРУП ЕООД ЕООД,Бургас,РАВДА,Cafe,Bronze,Seasonal,Out of Home
107620,ЕТ ЪШЪК - ХЮСЕИН ХАЛИЛ ЕООД,Бургас,СЛЪНЧЕВ БРЯГ,Restaurant,Gold,Seasonal,Out of Home
108646,БОРСА 90 ЕООД,Бургас,СЛЪНЧЕВ БРЯГ,Hotels,Gold,Seasonal,Out of Home
108639,ГЮНЕШ ЕООД,Бургас,СЛЪНЧЕВ БРЯГ,Hotels,Gold,Seasonal,Out of Home
100764,Етъра 4 ЕООД,Бургас,НЕСЕБЪР,Supermarket,Gold,Seasonal,At Home
105215,МЕЛИСА МАРКЕТ ЕООД,Бургас,НЕСЕБЪР,Cafe,Gold,Seasonal,Out of Home
109795,СТЕФАНОВИ ООД ЕООД,Бургас,ОБЗОР,Hotels,Bronze,Seasonal,Out of Home
105944,МАГАЗИН ЕООД,Бургас,НЕСЕБЪР,Fast-food,Bronze,Seasonal,Out of Home
109175,Магазин ВИГО 1 ЕООД,Бургас,КИТЕН,Hotels,Silver,Seasonal,Out of Home
110965,М - Н РИВЪРИ ШОП ЕООД,Бургас,СЛЪНЧЕВ БРЯГ,Hotels,Gold,Seasonal,Out of Home
108648,МХС ЕООД,Бургас,СЛЪНЧЕВ БРЯГ,Hotels,Gold,Seasonal,Out of Home
109139,МХС СЕДИС ЕООД,Бургас,СОЗОПОЛ,Hotels,Gold,Seasonal,Out of Home
109141,ТРОН-83 ООД ЕООД,Бургас,СОЗОПОЛ,Hotels,Gold,Seasonal,Out of Home
107628,ПОТРЕБИТЕЛНА КООПЕРАЦИЯ ЛУДА КАМЧИЯ ЕООД,Бургас,СЛЪНЧЕВ БРЯГ,Restaurant,Bronze,Seasonal,Out of Home
103558,СЕМО И АНА-ФОТИ КРЪСТЕВ ЕТ ЕООД,Бургас,КАРНОБАТ,Local Shop,Bronze,Not Seasonal,At Home
107969,ДЪРВЕНОТО ЕООД,Бургас,НЕСЕБЪР,Restaurant,Bronze,Seasonal,Out of Home
109171,МХС МАГИ И ПАВКА 2 ЕООД,Бургас,КИТЕН,Hotels,Silver,Seasonal,Out of Home
108174,АСЯ-ИБРАХИМ ИБРЯМ ЕТ ЕООД,Бургас,ПОМОРИЕ,Restaurant,Bronze,Seasonal,Out of Home
108814,АХСИН ЕООД,Бургас,РАВДА,Hotels,Bronze,Seasonal,Out of Home
106608,СУПЕРМАРКЕТ МАРИНА ЕООД,Бургас,ЧЕРНОМОРЕЦ,Cafe,Silver,Seasonal,Out of Home
110930,SMART LINE (МЕРИДИАН) ЕООД,Бургас,СЛЪНЧЕВ БРЯГ,Hotels,Gold,Seasonal,Out of Home
110980,ХОТЕЛ БИЛЯНА ЕООД,Бургас,СЛЪНЧЕВ БРЯГ,Hotels,Silver,Seasonal,Out of Home
108649,ХАВИН ЕООД ЕООД,Бургас,СЛЪНЧЕВ БРЯГ,Hotels,Silver,Seasonal,Out of Home
106822,МАГАЗИН ЕООД,Бургас,СЛЪНЧЕВ БРЯГ,Nightclub,Silver,Seasonal,Out of Home
104046,ЧАКМАК ЕООД,Бургас,ЦАРЕВО,Local Shop,Bronze,Seasonal,At Home
108211,СУПЕРМАРКЕТ СИЯНИЕ ЕООД,Бургас,ПОМОРИЕ,Restaurant,Silver,Seasonal,Out of Home
107679,КЯМИЛОВИ МАРКЕТ ЕООД ЕООД,Бургас,ЦАРЕВО,Restaurant,Bronze,Seasonal,Out of Home
109169,УЗУН ФИЛИЗ-Н.ЕРЕДЖЕБ ЕТ ЕООД,Бургас,ПРИМОРСКО,Hotels,Bronze,Seasonal,Out of Home
108393,МАГАЗИН АНИМАР ЕООД,Бургас,КИТЕН,Restaurant,Gold,Seasonal,Out of Home
108188,МХС ЕООД,Бургас,АЙТОС,Restaurant,Silver,Not Seasonal,Out of Home
108392,МАСЛАК ЕООД ЕООД,Бургас,КИТЕН,Restaurant,Silver,Seasonal,Out of Home
105256,МАКСИ ТРЕЙД БГ ЕООД ЕООД,Бургас,НЕСЕБЪР,Cafe,Silver,Seasonal,Out of Home
107635,БАЛКАН - 62 ЕООД ЕООД,Бургас,СВЕТИ ВЛАС,Restaurant,Silver,Seasonal,Out of Home
105370,ПК ЛУДА КАМЧИЯ ЕООД,Бургас,НЕВЕСТИНО,Cafe,Gold,Not Seasonal,Out of Home
108511,ПЛОД И ЗЕЛЕНЧУК ЕООД,Бургас,СОЗОПОЛ,Restaurant,Silver,Seasonal,Out of Home
108517,МПС ЕООД,Бургас,СОЗОПОЛ,Restaurant,Gold,Seasonal,Out of Home
105362,ТИМЕКС - 6865 ЕООД ЕООД,Бургас,КАРНОБАТ,Cafe,Silver,Not Seasonal,Out of Home
107633,УНИТЕКС ЕООД,Бургас,СЛЪНЧЕВ БРЯГ,Restaurant,Silver,Seasonal,Out of Home
104808,МАГАЗИН ЕООД,Варна,ПОПОВИЧ,Cafe,Bronze,Seasonal,Out of Home
108817,МАДЖАР 65 БЕДРИ МЕХМЕД ЕТ ЕООД,Бургас,РАВДА,Hotels,Bronze,Seasonal,Out of Home
102207,МАГАЗИН СПЕСТИ ЕООД,Бургас,ТРЪНАК,Local Shop,Iron,Not Seasonal,At Home
101370,МАГАЗИН ЛИДЕР ЕООД,Бургас,КАРНОБАТ,Nightclub,Bronze,Seasonal,Out of Home
108555,МПС ЕООД,Бургас,СОЗОПОЛ,Restaurant,Silver,Seasonal,Out of Home
108217,МАГАЗИН КОКИЧЕ ЕООД,Бургас,ПОМОРИЕ,Restaurant,Silver,Seasonal,Out of Home
102227,ХРАНИТЕЛЕН МАГАЗИН ЕООД,Бургас,СВЕТИ ВЛАС,Local Shop,Silver,Seasonal,At Home
102141,МХС ЕООД,Бургас,КАБЛЕШКОВО,Local Shop,Silver,Not Seasonal,At Home
105149,МАГАЗИН ГЕРГАНА ЕООД,Бургас,ЦАРЕВО,Cafe,Bronze,Seasonal,Out of Home
108650,МАГАЗИН ХРАНИТЕЛНИ СТОКИ ЕООД,Бургас,СЛЪНЧЕВ БРЯГ,Hotels,Silver,Seasonal,Out of Home
107968,ХРАНИТЕЛНИ СТОКИ ЕООД,Бургас,РАВДА,Restaurant,Bronze,Seasonal,Out of Home
107967,ЕЛИ-2013-СЕМРА ХАСАН ЕТ ЕООД,Бургас,НЕСЕБЪР,Restaurant,Gold,Seasonal,Out of Home
107632,МАГАЗИН ЕООД,Бургас,СЛЪНЧЕВ БРЯГ,Restaurant,Silver,Seasonal,Out of Home
101152,МИНИМАРКЕТ СТАСИК ЕООД,Бургас,ОБЗОР,Cafe,Bronze,Seasonal,At Home
107630,ХРАИТЕЛНИ СТОКИ ЕООД,Бургас,СЛЪНЧЕВ БРЯГ,Restaurant,Bronze,Seasonal,Out of Home
109167,МПС КУБАН ЕООД,Бургас,КИТЕН,Hotels,Silver,Seasonal,Out of Home
109143,БУБА ЕООД,Бургас,СОЗОПОЛ,Hotels,Gold,Seasonal,Out of Home
110981,МХС ЕООД,Бургас,СЛЪНЧЕВ БРЯГ,Hotels,Gold,Seasonal,Out of Home
108818,ПК ЛУДА КАМЧИЯ ЕООД,Бургас,РАВДА,Hotels,Bronze,Seasonal,Out of Home
105209,ХРАНИТЕЛНИ СТОКИ ЕООД,Бургас,ДЪБНИК,Cafe,Silver,Not Seasonal,Out of Home
107112,ХРАНИТЕЛНИ СТОКИ НАРКООП ЕООД,Бургас,ПОМОРИЕ,Superette,Silver,Seasonal,At Home
108819,МХС КЕРИ ЕООД,Бургас,НЕСЕБЪР,Hotels,Bronze,Seasonal,Out of Home
101351,ПЕТРОВ И КО ЕООД ЕООД,Бургас,СЛЪНЧЕВ БРЯГ,Nightclub,Silver,Seasonal,Out of Home
101350,МХС ЕООД,Бургас,СЛЪНЧЕВ БРЯГ,Nightclub,Silver,Seasonal,Out of Home
110982,МПС ЕООД,Бургас,СЛЪНЧЕВ БРЯГ,Hotels,Gold,Seasonal,Out of Home
110983,ХИМ МАРКЕТ ЕООД,Бургас,СЛЪНЧЕВ БРЯГ,Hotels,Gold,Seasonal,Out of Home
108204,МХС ЕООД,Бургас,ПОМОРИЕ,Restaurant,Silver,Seasonal,Out of Home
108550,ШЕРИМАКС ЕООД ЕООД,Бургас,СОЗОПОЛ,Restaurant,Silver,Seasonal,Out of Home
110984,ХРАНИТЕЛНИ СТОКИ ЕООД,Бургас,СЛЪНЧЕВ БРЯГ,Hotels,Gold,Seasonal,Out of Home
105354,ХАЛИ ЕООД,Бургас,ЯБЪЛЧЕВО,Cafe,Iron,Not Seasonal,Out of Home
108206,АНИ МАРКЕТ ЕООД,Бургас,ЛЮЛЯКОВО,Restaurant,Silver,Not Seasonal,Out of Home
103565,МАГАЗИН СИРЕНА ЕООД,Бургас,ПЛАНИНИЦА,Local Shop,Silver,Not Seasonal,At Home
108662,ИРИАНА ЕООД,Бургас,СЛЪНЧЕВ БРЯГ,Hotels,Bronze,Seasonal,Out of Home
110985,МАРГИ ЕООД,Бургас,СЛЪНЧЕВ БРЯГ,Hotels,Silver,Seasonal,Out of Home
108390,МЕГАПОЛИС ЕООД,Бургас,КИТЕН,Restaurant,Silver,Seasonal,Out of Home
107966,РОКАДО ЕООД,Бургас,НЕСЕБЪР,Restaurant,Gold,Seasonal,Out of Home
109731,МАГАЗИН СИЛВЕНА ЕООД,Бургас,СЛЪНЧЕВ БРЯГ,Superette,Gold,Seasonal,Out of Home
107965,НЕКС МАРКЕТ ЕООД ЕООД,Бургас,НЕСЕБЪР,Restaurant,Bronze,Seasonal,Out of Home
110986,ДЕСИ ЕООД,Бургас,СЛЪНЧЕВ БРЯГ,Hotels,Gold,Seasonal,Out of Home
110934,БОШ Ф ЕООД ЕООД,Бургас,СЛЪНЧЕВ БРЯГ,Hotels,Gold,Seasonal,Out of Home
108854,МХС РАДОСТ ЕООД,Бургас,НЕСЕБЪР,Hotels,Silver,Seasonal,Out of Home
108172,МХС ОАЗИС ЕООД,Бургас,ТОПОЛИЦА,Restaurant,Silver,Not Seasonal,Out of Home
108380,ЛЪКИ - СВЕТЛА СТАВРЕВА ЕТ ЕООД,Бургас,ПРИМОРСКО,Restaurant,Gold,Seasonal,Out of Home
107989,МХС ХАСАН ЕООД,Бургас,РАВДА,Restaurant,Bronze,Seasonal,Out of Home
110448,СУПЕРМАРКЕТ ШАТО ВАЛОН ЕООД,Бургас,СЛЪНЧЕВ БРЯГ,Fast-food,Gold,Seasonal,Out of Home
108196,МХС “ЛИДЕР” ЕООД,Бургас,АЙТОС,Restaurant,Bronze,Seasonal,Out of Home
107997,СМЕСЕН МАГАЗИН ЯКУБ ЕООД,Бургас,НЕСЕБЪР,Restaurant,Silver,Seasonal,Out of Home
108210,БОЖИМАР В И П ЕООД,Бургас,АЙТОС,Restaurant,Silver,Seasonal,Out of Home
108388,МХС БАЛИ 63 ЕООД,Бургас,ПРИМОРСКО,Restaurant,Silver,Seasonal,Out of Home
109176,МХС ИСМАИЛ 2001 ЕООД,Бургас,ПРИМОРСКО,Hotels,Silver,Seasonal,Out of Home
108386,МПС БЕАТРИС ЕООД,Бургас,ПРИМОРСКО,Restaurant,Silver,Seasonal,Out of Home
108387,МХС ЕООД,Бургас,ПРИМОРСКО,Restaurant,Silver,Seasonal,Out of Home
105539,МАГАЗИН ДЖАНИ ЕООД,Бургас,СОЗОПОЛ,Cafe,Silver,Not Seasonal,Out of Home
109734,МАГАЗИН НАЗАР МАРКЕТ ЕООД,Бургас,СЛЪНЧЕВ БРЯГ,Superette,Gold,Seasonal,Out of Home
100538,МХС ЕЛИ КОМЕРС ЕООД,Бургас,СЛЪНЧЕВ БРЯГ,Supermarket,Silver,Seasonal,At Home
108394,МЕРИЛАИН ЕООД ЕООД,Бургас,КИТЕН,Restaurant,Silver,Seasonal,Out of Home
105536,СУПЕРМАРКЕТ ЧАЙКА ЕООД,Бургас,ЧЕРНОМОРЕЦ,Cafe,Silver,Seasonal,Out of Home
109212,МХС КРЪСТЕВ И СИНОВЕ ЕООД,Бургас,ПРИМОРСКО,Hotels,Gold,Seasonal,Out of Home
109214,СУПЕРМАРКЕТ HO LA ЕООД,Бургас,КИТЕН,Hotels,Silver,Seasonal,Out of Home
109211,СИ ГРУП КОМЕРС ЕООД,Бургас,КИТЕН,Hotels,Silver,Seasonal,Out of Home
109220,М-Н ВАЯ ЕООД,Бургас,КИТЕН,Hotels,Silver,Seasonal,Out of Home
108434,ЯСМИН 81 ЕООД,Бургас,ПРИМОРСКО,Restaurant,Silver,Seasonal,Out of Home
108409,МХС ЕООД,Бургас,ПРИМОРСКО,Restaurant,Silver,Seasonal,Out of Home
108707,МХС ЕООД,Бургас,ЛОЗЕНЕЦ,Hotels,Bronze,Seasonal,Out of Home
109207,МАГАЗИН РАДОСТ ЕООД,Бургас,КИТЕН,Hotels,Silver,Seasonal,Out of Home
109528,МПС ЕООД,Бургас,ОБЗОР,Fast-food,Bronze,Seasonal,Out of Home
110920,МХС ШЕНЕР ЕООД,Бургас,ЧЕРНОМОРЕЦ,Restaurant,Silver,Seasonal,Out of Home
105060,СМЕСЕН МАГАЗИН АРМЕХ ЕООД,Бургас,СЛЪНЧЕВ БРЯГ,Cafe,Bronze,Seasonal,Out of Home
104045,МХС БУБА ЕООД,Бургас,ВАРВАРА,Local Shop,Bronze,Not Seasonal,At Home
107688,МАГАЗИН КОПЧЕТО ЕООД,Бургас,СИНЕМОРЕЦ,Restaurant,Bronze,Seasonal,Out of Home
108728,МАГАЗИН АЗУРО ЕООД,Бургас,ЛОЗЕНЕЦ,Hotels,Bronze,Seasonal,Out of Home
105061,МХС АМИГОС ЕООД,Бургас,БАТА,Cafe,Iron,Not Seasonal,Out of Home
110948,МХС ЗАФИР ЕООД,Бургас,СЛЪНЧЕВ БРЯГ,Hotels,Silver,Seasonal,Out of Home
109155,МАГАЗИН ЧЕРИ ЕООД,Бургас,КИТЕН,Hotels,Silver,Seasonal,Out of Home
110979,МХС ЕООД,Бургас,СЛЪНЧЕВ БРЯГ,Hotels,Gold,Seasonal,Out of Home
108721,ЕТ БРИЛЯНТ - БАЙСЕ БЕЙТУЛА ЕООД,Бургас,СИНЕМОРЕЦ,Hotels,Bronze,Seasonal,Out of Home
109154,МПС ПОМОРИЕ ЕООД,Бургас,ПРИМОРСКО,Hotels,Silver,Seasonal,Out of Home
105066,МАГАЗИН СЕЗОНИ ФЛОРЕСТ ПАРК ЕООД,Бургас,БАТА,Cafe,Bronze,Not Seasonal,Out of Home
105898,ХЕРМЕС ЕООД,Бургас,АХТОПОЛ,Fast-food,Bronze,Seasonal,Out of Home
108549,МХС ОРХИДЕЯ ЕООД,Бургас,СОЗОПОЛ,Restaurant,Gold,Seasonal,Out of Home
109749,ВЕЛИКОВ ЕООД,Бургас,ПРИМОРСКО,Superette,Silver,Seasonal,Out of Home
111315,ДЕНИС ПАВЛОВ ЕООД,Бургас,ЦАРЕВО,Fast-food,Silver,Seasonal,Out of Home
105859,Топ шоп ЕООД,Бургас,СЛЪНЧЕВ БРЯГ,Fast-food,Gold,Seasonal,Out of Home
109153,Магазин Плаж ЕООД,Бургас,ПРИМОРСКО,Hotels,Silver,Seasonal,Out of Home
105068,ТАБАКО ШОП ЕООД,Бургас,СЛЪНЧЕВ БРЯГ,Cafe,Gold,Seasonal,Out of Home
107689,СУПЕРМАРКЕТ ПОЛО РИЗОРТ ЕООД,Бургас,ЦАРЕВО,Restaurant,Bronze,Seasonal,Out of Home
108173,БАНИЧАРНИЦА ЕООД,Бургас,ПОМОРИЕ,Restaurant,Bronze,Seasonal,Out of Home
108163,БАЛКАН АВТОГАРА ЕООД,Бургас,ПОМОРИЕ,Restaurant,Bronze,Not Seasonal,Out of Home
103566,МАГАЗИН ДО ПЛАЖА ЕООД,Бургас,КАРНОБАТ,Local Shop,Iron,Not Seasonal,At Home
108406,ЕЛИНОР ЕООД,Бургас,КИТЕН,Restaurant,Silver,Seasonal,Out of Home
104238,МАГАЗИН РУЖА ЕООД,Бургас,ЛОЗЕНЕЦ,Local Shop,Bronze,Seasonal,At Home
105534,МАГАЗИН РУЖА 2 ЕООД,Бургас,СОЗОПОЛ,Cafe,Silver,Seasonal,Out of Home
107694,НЕЛИ КЬОСЕВА ЕООД,Бургас,ЦАРЕВО,Restaurant,Bronze,Seasonal,Out of Home
101267,ХРАНИТЕЛЕН МАГАЗИН ЕООД,Бургас,КРУШЕВЕЦ,Cafe,Bronze,Seasonal,At Home
108547,МАГАЗИН ЕДЕЛВАЙС ЕООД,Бургас,СОЗОПОЛ,Restaurant,Silver,Seasonal,Out of Home
108985,БАЛКАН ЦЕНТЪР ЕООД,Бургас,ПОМОРИЕ,Hotels,Silver,Seasonal,Out of Home
106169,БАЛКАН ЦЕНТЪР ЕООД,Бургас,МАЛКО ТЪРНОВО,Fast-food,Silver,Not Seasonal,Out of Home
108416,МХС “СЕДИС” ЕООД,Бургас,МАЛКО ТЪРНОВО,Restaurant,Bronze,Not Seasonal,Out of Home
105365,ПАКЕТИРАНИ СТОКИ ЕООД,Бургас,СКАЛАК,Cafe,Iron,Not Seasonal,Out of Home
111185,СМЕСЕН МАГАЗИН КАМБЕР ЕООД,Бургас,СЛЪНЧЕВ БРЯГ,Hotels,Bronze,Seasonal,Out of Home
111184,СУПЕРМАРКЕТ ЕСПЕРАНТО ЕООД,Бургас,СЛЪНЧЕВ БРЯГ,Hotels,Gold,Seasonal,Out of Home
110974,МХС SUN CITY ЕООД,Бургас,СЛЪНЧЕВ БРЯГ,Hotels,Gold,Seasonal,Out of Home
109146,МПС ЖЕНЯ ЕООД,Бургас,ПРИМОРСКО,Hotels,Silver,Seasonal,Out of Home
108644,МАГАЗИН ЕООД,Бургас,СВЕТИ ВЛАС,Hotels,Silver,Seasonal,Out of Home
109138,СЪНИ МАРКЕТ ЕООД,Бургас,СОЗОПОЛ,Hotels,Silver,Seasonal,Out of Home
110874,МХС ОБЗОР БИЙЧ ЕООД,Бургас,ЦАРЕВО,Restaurant,Silver,Not Seasonal,Out of Home
111898,МХС ДРИНГС ЕООД,Бургас,ЦАРЕВО,Superette,Bronze,Seasonal,At Home
108664,МАГАЗИН АЛДИ ЕООД,Бургас,СЛЪНЧЕВ БРЯГ,Hotels,Bronze,Seasonal,Out of Home
108168,МХС МАГУРА ЕООД,Бургас,ПОМОРИЕ,Restaurant,Bronze,Not Seasonal,Out of Home
109140,ПРИ НЕДКО ЕООД,Бургас,ЧЕРНОМОРЕЦ,Hotels,Silver,Seasonal,Out of Home
108647,ПАВИЛИОН ЕООД,Бургас,СЛЪНЧЕВ БРЯГ,Hotels,Gold,Seasonal,Out of Home
109410,ПАКЕТИРАНИ СТОКИ ЕООД,Бургас,СЛЪНЧЕВ БРЯГ,Fast-food,Gold,Seasonal,Out of Home
110932,МАГАЗИН ЕООД,Бургас,СЛЪНЧЕВ БРЯГ,Hotels,Gold,Seasonal,Out of Home
108849,КРИСТИН МАРКЕТ ЕООД,Бургас,РАВДА,Hotels,Bronze,Seasonal,Out of Home
109159,КОП ЕООД,Бургас,ПРИМОРСКО,Hotels,Silver,Seasonal,Out of Home
109145,ЮЛИАН РОСЕНОВ БОШОВ ЕООД,Бургас,КИТЕН,Hotels,Silver,Seasonal,Out of Home
110376,СЪНИ МАРКЕТ ЕООД,Бургас,БУРГАС,Fast-food,Iron,Not Seasonal,Out of Home
103980,ХРАНИТЕЛЕН МАГАЗИН ЕООД,Бургас,ВЕТРЕН,Local Shop,Bronze,Not Seasonal,At Home
110935,МИНИМАРКЕТ СЪНИ КОУСТ ЕООД,Бургас,СЛЪНЧЕВ БРЯГ,Hotels,Gold,Seasonal,Out of Home
110936,ММС-МАРСИ ЕООД ЕООД,Бургас,СЛЪНЧЕВ БРЯГ,Hotels,Gold,Seasonal,Out of Home
110938,ВАЯМЕ 18 ЕООД ЕООД,Бургас,СЛЪНЧЕВ БРЯГ,Hotels,Gold,Seasonal,Out of Home
110368,МХС ПРЕСТИЖ ФОРТ ЕООД,Бургас,БУРГАС,Fast-food,Gold,Not Seasonal,Out of Home
105146,РУАЛ ЕООД,Бургас,ВАРВАРА,Cafe,Bronze,Seasonal,Out of Home
104038,БЕДЗЕЙ ЕООД ЕООД,Бургас,КИТЕН,Local Shop,Silver,Seasonal,At Home
105367,ДИМАКС-99 ЕООД ЕООД,Бургас,РУПЧА,Cafe,Silver,Not Seasonal,Out of Home
108853,ЕТ КОСМОС-69 ЕООД,Бургас,НЕСЕБЪР,Hotels,Silver,Seasonal,Out of Home
110939,СУПЕРМАРКЕТ БИНИ ЕООД,Бургас,НЕСЕБЪР,Hotels,Silver,Seasonal,Out of Home
104029,МПС ЕООД,Ямбол,ЗИМНИЦА,Local Shop,Silver,Not Seasonal,At Home
110940,ГАМ 2018 ЕООД ЕООД,Бургас,СЛЪНЧЕВ БРЯГ,Hotels,Gold,Seasonal,Out of Home
104019,МАГАЗИН ЕООД,Ямбол,МАЛЪК МАНАСТИР,Local Shop,Iron,Not Seasonal,At Home
105518,АНВЕРС-КОМЕРСИАЛ ЕООД,Бургас,ПРИМОРСКО,Cafe,Silver,Seasonal,Out of Home
104031,МИНКОВ ФЕМИЛИ МАРКЕТ ЕООД,Ямбол,БОЛЯРОВО,Local Shop,Silver,Not Seasonal,At Home
108000,МАГАЗИН АНИ ЕООД,Бургас,НЕСЕБЪР,Restaurant,Bronze,Seasonal,Out of Home
108001,СУПЕРМАРКЕТ СОРЕНТО ЕООД,Бургас,РАВДА,Restaurant,Silver,Seasonal,Out of Home
108425,МХС ЕООД,Бургас,ПРИМОРСКО,Restaurant,Silver,Seasonal,Out of Home
110373,МАГАЗИН СВЕЖ СВЕТИ ВЛАС ЕООД,Бургас,НЕСЕБЪР,Fast-food,Iron,Not Seasonal,Out of Home
108640,КАН МАР 19 ЕООД ЕООД,Бургас,СВЕТИ ВЛАС,Hotels,Silver,Seasonal,Out of Home
108501,МХС АПОЛОН ЕООД,Бургас,ЧЕРНОМОРЕЦ,Restaurant,Bronze,Seasonal,Out of Home
110007,ВАЯМЕ 18 ЕООД,Бургас,НЕСЕБЪР,Cafe,Gold,Seasonal,Out of Home
105074,ВАНЯ 84 ДЖ П ООД ЕООД,Бургас,СЛЪНЧЕВ БРЯГ,Cafe,Silver,Seasonal,Out of Home
101234,МАГАЗИН ЖЕГА ЕООД,Сливен,САМУИЛОВО,Cafe,Iron,Seasonal,At Home
108165,ВИГО 2 ЕООД,Бургас,АЙТОС,Restaurant,Silver,Not Seasonal,Out of Home
109137,МПС ЕООД,Бургас,ПИСМЕНОВО,Hotels,Bronze,Seasonal,Out of Home
108702,МХС БРИЗ ЕООД,Бургас,СИНЕМОРЕЦ,Hotels,Bronze,Seasonal,Out of Home
100932,МХС ЕООД,Бургас,БИСТРЕЦ,Supermarket,Iron,Not Seasonal,At Home
105347,САВОВ СТИЛ ЕООД,Бургас,СНЯГОВО,Cafe,Bronze,Not Seasonal,Out of Home
109110,МАГАЗИН ПРИВИЛЕГ ЕООД,Бургас,КИТЕН,Hotels,Silver,Seasonal,Out of Home
107702,С МАРКЕТ ЕООД ЕООД,Бургас,АХТОПОЛ,Restaurant,Bronze,Seasonal,Out of Home
108708,ДИАМАНТ КОРЕКТ ООД ЕООД,Бургас,АХТОПОЛ,Hotels,Silver,Seasonal,Out of Home
109168,СУПЕРМАРКЕТ ДИАМАНТ ЕООД,Бургас,ПРИМОРСКО,Hotels,Silver,Seasonal,Out of Home
108861,МОЯТ МАГАЗИН ЕООД,Бургас,НЕСЕБЪР,Hotels,Bronze,Seasonal,Out of Home
105133,МХС БАДЕМИТЕ ЕООД,Бургас,ЦАРЕВО,Cafe,Iron,Not Seasonal,Out of Home
109213,ПРИЗ 2017 ООД ЕООД,Бургас,ПРИМОРСКО,Hotels,Gold,Seasonal,Out of Home
107634,МХС ДИАХРИСТА ЕООД,Бургас,СЛЪНЧЕВ БРЯГ,Restaurant,Gold,Seasonal,Out of Home
108205,ГАМ 2018 ЕООД ЕООД,Бургас,ПОМОРИЕ,Restaurant,Silver,Not Seasonal,Out of Home
105943,МХС РАЙСКА ГРАДИНА ЕООД,Бургас,НЕСЕБЪР,Fast-food,Silver,Not Seasonal,Out of Home
107999,МАКРО ТРЕЙДИНГ 1 ООД ЕООД,Бургас,НЕСЕБЪР,Restaurant,Gold,Seasonal,Out of Home
101251,Супермаркет ЕООД,Бургас,БУРГАС,Cafe,Iron,Not Seasonal,At Home
108641,Хранителен магазин ЕООД,Бургас,СЛЪНЧЕВ БРЯГ,Hotels,Bronze,Seasonal,Out of Home
108442,М И М И Н И Б - ПАША ЕООД ЕООД,Бургас,КИТЕН,Restaurant,Silver,Seasonal,Out of Home
109183,МХС ЕООД,Бургас,СОЗОПОЛ,Hotels,Silver,Seasonal,Out of Home
108441,МХС ЕООД,Бургас,ПРИМОРСКО,Restaurant,Bronze,Seasonal,Out of Home
105345,МАГАЗИН ДОНИ ЕООД,Бургас,ПОМОРИЕ,Cafe,Silver,Seasonal,Out of Home
109148,Хранителен магазин ЕООД,Бургас,ПРИМОРСКО,Hotels,Silver,Seasonal,Out of Home
107974,МХС ДЕСИ ЕООД,Бургас,НЕСЕБЪР,Restaurant,Gold,Seasonal,Out of Home
109128,ДАУД ЕООД,Бургас,ПРИМОРСКО,Hotels,Bronze,Seasonal,Out of Home
109123,ИВАНКА ДЕЛИАТАНАСОВА ООД ЕООД,Бургас,ПРИМОРСКО,Hotels,Silver,Seasonal,Out of Home
105293,МАГАЗИН ЕООД,Бургас,ТРЪНАК,Cafe,Silver,Not Seasonal,Out of Home
108857,МАГАЗИН ЗЛАТКА ЕООД,Бургас,НЕСЕБЪР,Hotels,Bronze,Seasonal,Out of Home
108734,МАГАЗИН ЕООД,Бургас,ЛОЗЕНЕЦ,Hotels,Bronze,Seasonal,Out of Home
108643,ЯМАН 74 ЕООД ЕООД,Бургас,СВЕТИ ВЛАС,Hotels,Silver,Seasonal,Out of Home
107636,ЧИРАК 2014 - ШАЗИЕ АХМЕД ЕООД,Бургас,СВЕТИ ВЛАС,Restaurant,Silver,Seasonal,Out of Home
108642,МИНИ МАРКЕТ МАДЖУРА ЕООД,Бургас,СЛЪНЧЕВ БРЯГ,Hotels,Gold,Seasonal,Out of Home
107445,КВИТ ТРЕЙД ЕООД ЕООД,Бургас,СВЕТИ ВЛАС,Restaurant,Silver,Seasonal,Out of Home
108733,МХСПЛАНИНЕЦ ЕООД,Бургас,ЛОЗЕНЕЦ,Hotels,Bronze,Seasonal,Out of Home
109447,МАГАЗИН ДАУД ЕООД,Бургас,ЛОЗЕНЕЦ,Fast-food,Bronze,Seasonal,Out of Home
109122,Хранителен магазин ЕООД,Бургас,ПРИМОРСКО,Hotels,Silver,Seasonal,Out of Home
108863,ВАНИЛА ЕООД,Бургас,РАВДА,Hotels,Bronze,Seasonal,Out of Home
110989,МАГАЗИН ВИКИ ЕООД,Бургас,НЕСЕБЪР,Hotels,Gold,Seasonal,Out of Home
106378,МУСЕЛ ЕООД,Търговище,БРАТОВО,Cafe,Bronze,Not Seasonal,Out of Home
107696,ГЮЛЕМЕН СЕЛЧУК АХМЕД ЕТ ЕООД,Бургас,ЛОЗЕНЕЦ,Restaurant,Silver,Seasonal,Out of Home
105150,МОРЕЛА 2 ЕООД,Бургас,СИНЕМОРЕЦ,Cafe,Bronze,Seasonal,Out of Home
108828,ЕТ ФЕЯ ЕООД,Бургас,НЕСЕБЪР,Hotels,Silver,Seasonal,Out of Home
110737,ЕХ ЛИ ЕР 2 ЕООД,Бургас,ПРИМОРСКО,Restaurant,Silver,Seasonal,Out of Home
108451,МОРЕЛА 1 ЕООД,Бургас,КОСТИ,Restaurant,Iron,Not Seasonal,Out of Home
103568,ВЕКТОР 97 ООД ЕООД,Бургас,КАРНОБАТ,Local Shop,Iron,Not Seasonal,At Home
108727,СИМИТ-ТАНЯ ИВАНОВА ЕТ ЕООД,Бургас,ВАРВАРА,Hotels,Bronze,Seasonal,Out of Home
105392,БББ БИЛИ ЕООД,Бургас,МАНОЛИЧ,Cafe,Gold,Not Seasonal,Out of Home
105523,НЕВГЯР РУМЕН АСЕНОВ ЕТ ЕООД,Бургас,ВЕСЕЛИЕ,Cafe,Bronze,Seasonal,Out of Home
104103,А ПЛЮС БГ ЕООД,Бургас,ЧЕРНОМОРЕЦ,Local Shop,Silver,Not Seasonal,At Home
108587,МИРЯМАТА ЕООД,Бургас,СЛЪНЧЕВ БРЯГ,Hotels,Silver,Seasonal,Out of Home
108178,ЕДЕЛВАЙС ЕООД,Бургас,ЛЮЛЯКОВО,Restaurant,Silver,Not Seasonal,Out of Home
103564,ПЛАМИ ЕМ ЕООД,Бургас,КАРНОБАТ,Local Shop,Silver,Not Seasonal,At Home
105524,МИЛКОВА ЕООД,Бургас,ИЗВОР,Cafe,Silver,Not Seasonal,Out of Home
108557,МААЗИН ЧИНАР ЕООД,Бургас,СОЗОПОЛ,Restaurant,Gold,Seasonal,Out of Home
106490,ЕМА ЕООД,Бургас,СЛЪНЧЕВ БРЯГ,Cafe,Iron,Not Seasonal,Out of Home
108623,ЕМИМАРКЕТ ЕООД,Бургас,СВЕТИ ВЛАС,Hotels,Silver,Seasonal,Out of Home
111023,ИМФА ЕООД,Бургас,СЛЪНЧЕВ БРЯГ,Hotels,Gold,Seasonal,Out of Home
108580,МЕКО ЕООД,Бургас,СВЕТИ ВЛАС,Hotels,Silver,Seasonal,Out of Home
100546,ЧУШИ ЕООД,Бургас,СЛЪНЧЕВ БРЯГ,Supermarket,Gold,Seasonal,At Home
110740,ГЮЛЕМЕН ООД ЕООД,Бургас,СОЗОПОЛ,Restaurant,Silver,Seasonal,Out of Home
110882,БАРУТЧИЕВ ЕООД ЕООД,Бургас,РАВДА,Restaurant,Silver,Seasonal,Out of Home
109163,АЙЛИС 96 ЕООД,Бургас,ПРИМОРСКО,Hotels,Silver,Seasonal,Out of Home
108970,ИЗЗО ЕООД,Бургас,ПОМОРИЕ,Hotels,Silver,Seasonal,Out of Home
109113,ФИЖИ 99 ЕООД ЕООД,Бургас,КИТЕН,Hotels,Silver,Seasonal,Out of Home
105241,БЕРЕКЕТ ЕООД,Бургас,НЕСЕБЪР,Cafe,Silver,Seasonal,Out of Home
112045,ROYAL INK ЕООД,Бургас,НЕСЕБЪР,Superette,Iron,Seasonal,At Home
108726,РУСАЛКА ЕООД,Бургас,ЛОЗЕНЕЦ,Hotels,Bronze,Seasonal,Out of Home
101366,СТЕФ 97 ЕЛЕНА ДРАГАНОВА ЕООД,Бургас,НЕСЕБЪР,Nightclub,Gold,Not Seasonal,Out of Home
107441,БЪЛГАРЧЕ ЕООД,Бургас,СЛЪНЧЕВ БРЯГ,Restaurant,Gold,Seasonal,Out of Home
108579,МИНИ МАРКЕТ ЕООД,Бургас,СЛЪНЧЕВ БРЯГ,Hotels,Gold,Seasonal,Out of Home
102148,САВАНА ЕООД,Бургас,СЛЪНЧЕВ БРЯГ,Local Shop,Gold,Seasonal,At Home
109130,МАГАЗИН ЛИНКА ЕООД,Бургас,КИТЕН,Hotels,Silver,Seasonal,Out of Home
107227,РЕЯ ЛОРД ЕООД,Бургас,СЛЪНЧЕВ БРЯГ,Supermarket,Silver,Not Seasonal,At Home
108485,СОФИ 2013 ЕООД,Бургас,ЧЕРНОМОРЕЦ,Restaurant,Silver,Seasonal,Out of Home
109119,ЕЙНДЖЪЛ 2019 ЕООД,Бургас,СОЗОПОЛ,Hotels,Silver,Seasonal,Out of Home
108724,ИЗЕЛ 2 ЕООД,Бургас,ЛОЗЕНЕЦ,Hotels,Bronze,Seasonal,Out of Home
109112,ПЕЦИ - МИЛЧО МИЛЧЕВ ЕТ ЕООД,Бургас,КИТЕН,Hotels,Silver,Seasonal,Out of Home
105767,НИКОНИ 3 ЕООД,Бургас,СВЕТИ ВЛАС,Fast-food,Silver,Seasonal,Out of Home
108842,МЛАДОСТ ЕООД,Бургас,РАВДА,Hotels,Bronze,Seasonal,Out of Home
106613,ШАНС ЕООД,Бургас,ПРИМОРСКО,Cafe,Bronze,Not Seasonal,Out of Home
109111,КАМОН ЕООД,Бургас,ПРИМОРСКО,Hotels,Silver,Seasonal,Out of Home
105525,А- МАРКЕТ ЕООД,Бургас,ПРИМОРСКО,Cafe,Gold,Seasonal,Out of Home
105526,РПК АНТОНОВО ЕООД,Бургас,ПРИМОРСКО,Cafe,Silver,Seasonal,Out of Home
108706,ДАНИ ЕООД,Бургас,АХТОПОЛ,Hotels,Bronze,Seasonal,Out of Home
111067,ОРИЕНТ ЕООД,Бургас,СИНЕМОРЕЦ,Hotels,Silver,Seasonal,Out of Home
109177,КАЛИНКА ЕООД,Бургас,СОЗОПОЛ,Hotels,Silver,Seasonal,Out of Home
106373,НИКОНИ 1 ЕООД,Бургас,АХТОПОЛ,Cafe,Bronze,Seasonal,Out of Home
108704,ГУЖЕР ЕООД,Бургас,СИНЕМОРЕЦ,Hotels,Bronze,Seasonal,Out of Home
108482,РПК МАГАЗИН ЕООД,Бургас,СОЗОПОЛ,Restaurant,Silver,Seasonal,Out of Home
105213,БИНГО ЕООД,Бургас,НЕСЕБЪР,Cafe,Bronze,Seasonal,Out of Home
109149,МОРЕЛА 3 ЕООД,Бургас,КИТЕН,Hotels,Gold,Seasonal,Out of Home
108739,АЛЕКС ЕООД,Бургас,ЛОЗЕНЕЦ,Hotels,Bronze,Seasonal,Out of Home
108737,ЙЪЛДЪРЪМ ЕООД,Бургас,ЛОЗЕНЕЦ,Hotels,Bronze,Seasonal,Out of Home
109182,ТАМЕР ЕООД,Бургас,ПРИМОРСКО,Hotels,Silver,Seasonal,Out of Home
108736,АУРА ЕООД,Бургас,АХТОПОЛ,Hotels,Bronze,Seasonal,Out of Home
108735,Бул Маркет ЕООД,Бургас,ЛОЗЕНЕЦ,Hotels,Bronze,Seasonal,Out of Home
108586,Магазин ЕООД,Бургас,КОШАРИЦА,Hotels,Bronze,Seasonal,Out of Home
104938,МАГАЗИН ЕООД,Бургас,СЛЪНЧЕВ БРЯГ,Cafe,Bronze,Seasonal,Out of Home
109728,магазин ЕООД,Бургас,СЛЪНЧЕВ БРЯГ,Superette,Gold,Seasonal,Out of Home
108403,ЙОЗЛЕМ ЕООД,Бургас,МАЛКО ТЪРНОВО,Restaurant,Silver,Not Seasonal,Out of Home
108484,МАРИНИ ЕООД,Бургас,ЧЕРНОМОРЕЦ,Restaurant,Bronze,Not Seasonal,Out of Home
108486,МАГАЗИН МАРИО ЕООД,Бургас,СОЗОПОЛ,Restaurant,Gold,Seasonal,Out of Home
107756,ПЕТРОВИ КОМЕРС ЕООД,Бургас,ЛОЗЕНЕЦ,Restaurant,Bronze,Seasonal,Out of Home
108578,ИЗГРЯВАЩО СЛЪНЦЕ ЕООД,Бургас,СЛЪНЧЕВ БРЯГ,Hotels,Silver,Seasonal,Out of Home
110627,СЛЪНЦЕ ЕООД,Бургас,МАЛКО ТЪРНОВО,Fast-food,Bronze,Seasonal,Out of Home
104137,ГИБЛА МАРКЕТ ЕООД,Ямбол,КОЗАРЕВО,Local Shop,Iron,Not Seasonal,At Home
103710,ТРАНС ЕООД,Сливен,КОТЕЛ,Local Shop,Iron,Not Seasonal,At Home
103400,МЛАДОСТ ЕООД,Сливен,СЛИВЕН,Local Shop,Bronze,Not Seasonal,At Home
100143,АЗЕР ТИТО ЕООД,Сливен,СЛИВЕН,Local Shop,Silver,Not Seasonal,At Home
101248,СУПЕРА ЕООД,Сливен,СЛИВЕН,Cafe,Silver,Not Seasonal,At Home
106695,ОАЗИС ЕООД,Сливен,СЛИВЕН,Superette,Gold,Not Seasonal,At Home
101247,СТИЛ ТРЕЙД ЕООД,Сливен,СЛИВЕН,Cafe,Silver,Not Seasonal,At Home
103701,ДЕНОНОЩЕН МАГАЗИН ЕООД,Сливен,КОТЕЛ,Local Shop,Iron,Not Seasonal,At Home
103425,МАГАЗИН КАЯ ЕООД,Сливен,СЛИВЕН,Local Shop,Silver,Not Seasonal,At Home
103424,МИ МАРКЕТ ЕООД,Сливен,СЛИВЕН,Local Shop,Silver,Not Seasonal,At Home
104432,АЯЗЛАР ЕООД,Ямбол,ЗАВОЙ,Local Shop,Bronze,Not Seasonal,At Home
104028,БАРЕВИ ЕООД,Ямбол,БЕЗМЕР,Local Shop,Bronze,Not Seasonal,At Home
112069,МАРИЯ 17 МАРИЯ ТОДОРОВА ЕООД,Ямбол,ЯМБОЛ,Superette,Iron,Not Seasonal,At Home
103428,ЕРТАН 2 ЕООД,Ямбол,ЯМБОЛ,Local Shop,Iron,Not Seasonal,At Home
105405,БОРСА ВАРИЯ ЕООД,Бургас,ПОМОРИЕ,Cafe,Gold,Not Seasonal,Out of Home
110822,ЕМАР ЕООД,Бургас,БУРГАС,Restaurant,Gold,Not Seasonal,Out of Home
100182,ПЛАНЕТА ЕООД,Бургас,ПОМОРИЕ,Local Shop,Silver,Not Seasonal,At Home
103975,ПЕЦИ ЕООД,Бургас,ПОМОРИЕ,Local Shop,Bronze,Not Seasonal,At Home
103976,АЙЛИС ЕООД,Бургас,БУРГАС,Local Shop,Silver,Not Seasonal,At Home
106721,СИЛВИ СЕДНА ГОРА ЕООД,Бургас,СРЕДЕЦ,Superette,Silver,Not Seasonal,At Home
104149,МАГАЗИН ЕООД,Бургас,ГОЛЯМО БУКОВО,Local Shop,Bronze,Not Seasonal,At Home
104175,НИРВАНА ЦАР ОСВОБОДИТЕЛ ЕООД,Бургас,ФАКИЯ,Local Shop,Bronze,Not Seasonal,At Home
110697,РПК СЕПТЕМВРИ ЕООД,Бургас,КАБЛЕШКОВО,Restaurant,Gold,Not Seasonal,Out of Home
104948,БАРАК РАЙСКИ КЪТ ЕООД,Бургас,ПОДГОРЕЦ,Cafe,Silver,Not Seasonal,Out of Home
109331,ХРАНИТЕЛНИ СТОКИ ЕООД,Бургас,ОРИЗАРЕ,Fast-food,Iron,Not Seasonal,Out of Home
105160,РПК ЕНЕВО ЕООД,Бургас,БУРГАС,Cafe,Silver,Not Seasonal,Out of Home
111993,ТЕРЗИЕВ ЕООД,Бургас,БУРГАС,Local Shop,Iron,Seasonal,At Home
103988,БОРСОВИ ЕООД,Бургас,БУРГАС,Local Shop,Bronze,Not Seasonal,At Home
103670,ТЕЧЕВ ЕООД,Сливен,МЕДВЕН,Local Shop,Iron,Not Seasonal,At Home
104581,РОСИ 1999 ЕООД,Варна,ДЪЛГОПОЛ,Local Shop,Bronze,Not Seasonal,At Home
103690,ИЗЕЛ 98 ЕООД ЕООД,Сливен,ГРАДЕЦ,Local Shop,Silver,Not Seasonal,At Home
112002,МИРАН ЕООД,Бургас,ПОМОРИЕ,Local Shop,Silver,Not Seasonal,At Home
110019,ДА ДА ЕООД,Бургас,НЕСЕБЪР,Cafe,Gold,Seasonal,Out of Home
107164,ЕМИ 2010 ЕООД ЕООД,Бургас,ЦАРЕВО,Superette,Bronze,Seasonal,At Home
100768,ЕМИ 2010 ЕООД,Сливен,СЛИВЕН,Supermarket,Silver,Not Seasonal,At Home
109746,ЕМОНА ТРЕЙД ЕООД,Бургас,ПОМОРИЕ,Superette,Gold,Seasonal,Out of Home
108059,БРАТЯ МИЛАНОВИ ЕООД,Бургас,ОБЗОР,Restaurant,Gold,Seasonal,Out of Home
100760,ЕЛСИСТ ЕООД ЕООД,Сливен,СЛИВЕН,Supermarket,Silver,Not Seasonal,At Home
103414,КАЦАРСКИ СЪРВИЗ ООД ЕООД,Сливен,СЛИВЕН,Local Shop,Iron,Not Seasonal,At Home
101155,ХАТЧЕ ЦЪРКВА ЕООД,Бургас,АХЕЛОЙ,Cafe,Silver,Not Seasonal,At Home
104037,ЗОРНИЦА ЕООД,Бургас,ЦАРЕВО,Local Shop,Silver,Seasonal,At Home
103382,ДЕВА ЕООД,Сливен,СЛИВЕН,Local Shop,Bronze,Not Seasonal,At Home
106680,ХРАНИТЕЛЕН МАГАЗИН ЕООД,Сливен,СЛИВЕН,Superette,Silver,Not Seasonal,At Home
100774,ПАВИЛЬОНА ЕООД,Сливен,СЛИВЕН,Supermarket,Gold,Not Seasonal,At Home
103384,МАГАЗИН СОЛИ ЕООД,Сливен,СЛИВЕН,Local Shop,Silver,Not Seasonal,At Home
103672,АКИЛА ЕООД,Сливен,ГРАДЕЦ,Local Shop,Gold,Not Seasonal,At Home
103385,ХАТЧЕ БАНЯ ЕООД,Сливен,СЛИВЕН,Local Shop,Silver,Not Seasonal,At Home
106687,ДЕНИС ЕООД,Сливен,СЛИВЕН,Superette,Bronze,Not Seasonal,At Home
100770,ЕБО ЕООД,Сливен,СЛИВЕН,Supermarket,Gold,Not Seasonal,At Home
103683,ХРАНИТЕЛЕН МАГАЗИН ЕООД,Сливен,МОКРЕН,Local Shop,Iron,Not Seasonal,At Home
107082,ХАРИКА ЕООД,Сливен,СЛИВЕН,Superette,Silver,Not Seasonal,At Home
100763,АЛЕКС ЕООД,Сливен,СЛИВЕН,Supermarket,Iron,Not Seasonal,At Home
103673,СИСО ЕООД,Сливен,КОТЕЛ,Local Shop,Silver,Not Seasonal,At Home
107734,НАИМ ЕООД,Бургас,ЛОЗЕНЕЦ,Restaurant,Bronze,Seasonal,Out of Home
108564,ПОТРЕБИТЕЛНА КООПЕРАЦИЯ ЗОРА ЕООД,Варна,ДЕБЕЛЕЦ,Hotels,Bronze,Seasonal,Out of Home
103573,МАГАЗИН АТА ЕООД,Бургас,КАРНОБАТ,Local Shop,Bronze,Not Seasonal,At Home
100451,МАРКЕТ МЕРИС ЕООД,Бургас,СВЕТИ ВЛАС,Supermarket,Bronze,Seasonal,At Home
104105,ИЗЕЛ 3 ЕООД,Бургас,БУРГАС,Local Shop,Bronze,Seasonal,At Home
111687,ХРАНИТЕЛНИ СТОКИ ЕООД,Бургас,ПОМОРИЕ,Fast-food,Silver,Seasonal,Out of Home
108603,АСТРА 60 ЕООД,Бургас,СЛЪНЧЕВ БРЯГ,Hotels,Silver,Seasonal,Out of Home
105227,КИГЕ ЕООД,Бургас,КАБЛЕШКОВО,Cafe,Silver,Not Seasonal,Out of Home
101378,ЕТ НЕДКО ЕООД,Бургас,ПРИМОРСКО,Nightclub,Silver,Seasonal,Out of Home
109181,МОНИ 93 ЕООД,Бургас,КИТЕН,Hotels,Silver,Seasonal,Out of Home
110873,ИНКА 1914 ЕООД,Бургас,ЦАРЕВО,Restaurant,Silver,Seasonal,Out of Home
107428,МЕРИС 1 ЕООД,Бургас,СЛЪНЧЕВ БРЯГ,Restaurant,Gold,Seasonal,Out of Home
104235,ЕМИ МАРКЕТ ЕООД,Ямбол,ТЪРНАВА,Local Shop,Iron,Not Seasonal,At Home
111673,ЕРМЕЛ ЕООД,Бургас,ОБЗОР,Fast-food,Silver,Seasonal,Out of Home
108487,ЦВЕТИ 96 ЕООД,Бургас,СОЗОПОЛ,Restaurant,Silver,Seasonal,Out of Home
106775,ПАВИЛИОН ЕООД,Бургас,СЛЪНЧЕВ БРЯГ,Nightclub,Gold,Seasonal,Out of Home
110875,МОНИ 76 ЕООД,Бургас,АХТОПОЛ,Restaurant,Silver,Seasonal,Out of Home
107163,ДЖАНИ АХМЕДОВ ЕООД,Бургас,КИТЕН,Superette,Bronze,Seasonal,At Home
110097,СВЕТЛА ИЛИЕВА 74 ЕООД,Бургас,ПРИМОРСКО,Cafe,Silver,Seasonal,Out of Home
108554,ГЪЛЪБА 74 ЕООД,Бургас,ПРИМОРСКО,Restaurant,Silver,Seasonal,Out of Home
111697,ОГЛЕДАЛОТО ЕООД,Бургас,КАРНОБАТ,Fast-food,Bronze,Seasonal,Out of Home
111774,МИТАНОВИ ООД ЕООД,Бургас,КИТЕН,Fast-food,Silver,Seasonal,Out of Home
107909,РОСИ 1999 ЕООД,Бургас,АХЕЛОЙ,Restaurant,Bronze,Seasonal,Out of Home
107917,СЪНИ 2010 ЕООД ЕООД,Бургас,НЕСЕБЪР,Restaurant,Bronze,Seasonal,Out of Home
100522,РОВАНЬО ЕООД ЕООД,Бургас,СЛЪНЧЕВ БРЯГ,Supermarket,Gold,Seasonal,At Home
108847,ЛЬОТИН 2016 ЕООД,Бургас,НЕСЕБЪР,Hotels,Bronze,Seasonal,Out of Home
108858,КЕЙПТАУН ИНТЕРНЕШЪНЪЛ ГРУП ЕООД ЕООД,Бургас,НЕСЕБЪР,Hotels,Silver,Seasonal,Out of Home
109785,ОРБИТА 91 ЕООД,Бургас,АХТОПОЛ,Hotels,Bronze,Seasonal,Out of Home
106880,КОНСТАНТИН 2016 ЕООД,Бургас,СОЗОПОЛ,Nightclub,Silver,Seasonal,Out of Home
106788,УАЙН КОРНЪР ЕООД,Бургас,СЛЪНЧЕВ БРЯГ,Nightclub,Gold,Seasonal,Out of Home
104067,БАРТУ 05 ЕООД,Бургас,ЗВЕЗДЕЦ,Local Shop,Bronze,Not Seasonal,At Home
108913,ХРАНИТЕЛЕН МАГАЗИН ЕООД,Бургас,ОБЗОР,Hotels,Bronze,Seasonal,Out of Home
106286,ЕТ ДЖАВКА ДЕТЕЛИН ПЕТРОВ ЕООД,Ямбол,ЯМБОЛ,Local Shop,Bronze,Not Seasonal,At Home
108488,КРИС ИВ КО 84 ЕООД ЕООД,Бургас,СОЗОПОЛ,Restaurant,Silver,Seasonal,Out of Home
100532,ЛАРИ 2022 ЕООД,Бургас,СЛЪНЧЕВ БРЯГ,Supermarket,Gold,Seasonal,At Home
105986,ДЕФАТ ЕООД,Бургас,БУРГАС,Fast-food,Gold,Not Seasonal,Out of Home
108588,ЕХ ЛИ ЕР ЕООД,Бургас,СЛЪНЧЕВ БРЯГ,Hotels,Bronze,Seasonal,Out of Home
105573,ГЮЛЯЙДА ЕООД,Бургас,СЛЪНЧЕВ БРЯГ,Bar,Bronze,Seasonal,Out of Home
100563,ХЮС ЕООД,Бургас,СЛЪНЧЕВ БРЯГ,Supermarket,Gold,Seasonal,At Home
109536,НИЛЯЙ ЕООД,Бургас,АЙТОС,Fast-food,Silver,Seasonal,Out of Home
109871,ХАТ ЕООД,Бургас,БУРГАС,Cafe,Bronze,Not Seasonal,Out of Home
103793,РОСИ 1999 ЕООД ЕООД,Бургас,БУРГАС,Local Shop,Gold,Not Seasonal,At Home
100855,МОРЕЛА 4 ЕООД,Бургас,БУРГАС,Supermarket,Bronze,Not Seasonal,At Home
102368,ХРОНОС ЕООД,Бургас,ОБЗОР,Local Shop,Silver,Not Seasonal,At Home
105139,СЮКСЕС ЕООД,Бургас,БУРГАС,Cafe,Gold,Seasonal,Out of Home
109985,Н. НЕДЕЛЧЕВА КОМЕРС ЕООД ЕООД,Бургас,БУРГАС,Cafe,Gold,Seasonal,Out of Home
109986,МОРЕЛА 5 ЕООД,Бургас,БУРГАС,Cafe,Gold,Seasonal,Out of Home
110045,ХРАНИТЕЛЕН МАГАЗИН ЕООД,Бургас,ПОМОРИЕ,Cafe,Silver,Seasonal,Out of Home
103380,МИНИ МАРКЕТ АРМЕНИЯ ЕООД,Сливен,СЛИВЕН,Local Shop,Gold,Not Seasonal,At Home
109786,ТРАКИЯ 8 ЕООД,Бургас,АХТОПОЛ,Hotels,Bronze,Not Seasonal,Out of Home
100435,МУСОН ЕООД,Бургас,НЕСЕБЪР,Supermarket,Bronze,Seasonal,At Home
103553,НИКОЛ 76 ЕООД,Бургас,СУНГУРЛАРЕ,Local Shop,Silver,Not Seasonal,At Home
101084,СПАСОВИ 2010 ООД ЕООД,Бургас,БУРГАС,Supermarket,Iron,Not Seasonal,Out of Home
107148,МАГАЗИН СИСИ ЕООД,Бургас,БУРГАС,Superette,Silver,Not Seasonal,At Home
109544,ПАВИЛИОН ТАЙМИЩЕ ЕООД,Бургас,АЙТОС,Fast-food,Silver,Not Seasonal,Out of Home
100553,САБРИНА 2022 ООД ЕООД,Бургас,СЛЪНЧЕВ БРЯГ,Supermarket,Gold,Seasonal,At Home
103469,ДЕМЕТРА ЕООД,Ямбол,ЯМБОЛ,Local Shop,Bronze,Not Seasonal,At Home
106306,НИКОНИ 3 ЕООД,Бургас,БУРГАС,Local Shop,Iron,Not Seasonal,At Home
104225,РПК БИТСРА ЕООД,Бургас,БУРГАС,Local Shop,Silver,Not Seasonal,At Home
111066,ЗВЕЗДА ЕООД,Бургас,СЛЪНЧЕВ БРЯГ,Hotels,Gold,Seasonal,Out of Home
111073,ЕЛИСА С ЕООД,Бургас,СЛЪНЧЕВ БРЯГ,Hotels,Gold,Seasonal,Out of Home
107454,ХРАНИТЕЛЕН МАГАЗИН ЕООД,Бургас,СЛЪНЧЕВ БРЯГ,Restaurant,Silver,Seasonal,Out of Home
103471,ВЕЛИЦА ЕООД,Ямбол,ЯМБОЛ,Local Shop,Silver,Not Seasonal,At Home
107916,МАГАЗИН ФМД ЕООД,Бургас,РАВДА,Restaurant,Bronze,Seasonal,Out of Home
100552,ХРАНИТЕЛЕН МАГАЗИН ЕООД,Бургас,СЛЪНЧЕВ БРЯГ,Supermarket,Gold,Seasonal,At Home
108556,ДАНИ БАРАБАНИ ЕООД,Бургас,ПРИМОРСКО,Restaurant,Silver,Seasonal,Out of Home
111776,СОЛА ЕООД,Бургас,ПРИМОРСКО,Fast-food,Silver,Seasonal,Out of Home
107732,АЙНУР ВА ЕООД,Бургас,ЛОЗЕНЕЦ,Restaurant,Bronze,Seasonal,Out of Home
107748,ИМПУЛС 65 ЕТ ЕООД,Бургас,АХТОПОЛ,Restaurant,Bronze,Seasonal,Out of Home
111345,ФЪЦ ЕООД,Бургас,ОБЗОР,Fast-food,Silver,Seasonal,Out of Home
101246,РОСИ 1999 ЕООД ЕООД,Сливен,ГОРНО АЛЕКСАНДРОВО,Cafe,Silver,Not Seasonal,At Home
107147,САШО ФАНТАТА ЕООД,Бургас,БУРГАС,Superette,Silver,Not Seasonal,At Home
100551,ДОНИКА 2 ЕООД ЕООД,Бургас,СЛЪНЧЕВ БРЯГ,Supermarket,Gold,Seasonal,At Home
105577,КООП СУПЕРМАРКЕТ ЕООД,Бургас,СЛЪНЧЕВ БРЯГ,Bar,Gold,Seasonal,Out of Home
106689,ХРАНИТЕЛНИ СТОКИ КАМА ЕООД,Ямбол,ЯМБОЛ,Superette,Silver,Not Seasonal,At Home
104237,ХРАНИТЕЛЕН МАГАЗИН ЖОКЕЙ ЕООД,Ямбол,ЕЛХОВО,Local Shop,Gold,Not Seasonal,At Home
104471,ХРАНИТЕЛНИ СТОКИ ЕООД,Ямбол,СТРАЛДЖА,Local Shop,Gold,Not Seasonal,At Home
103483,ХРАНИТЕЛЕН МАГАЗИН ЕООД,Ямбол,ЯМБОЛ,Local Shop,Bronze,Not Seasonal,At Home
101232,ХРАНИТЕЛЕН МАГАЗИН СИМЕОНОВИ ЕООД,Ямбол,ЯМБОЛ,Cafe,Iron,Not Seasonal,At Home
103481,СУПЕРМАРКЕТ КООП ЕООД,Ямбол,ЯМБОЛ,Local Shop,Iron,Not Seasonal,At Home
103433,ХРАНИТЕЛЕН МАГАЗИН ЕООД,Ямбол,ЯМБОЛ,Local Shop,Iron,Not Seasonal,At Home
100797,САРАЙ МАРКЕТ ЕООД,Ямбол,ЯМБОЛ,Supermarket,Iron,Not Seasonal,At Home
103480,ИВАНИ ЕООД,Ямбол,ЯМБОЛ,Local Shop,Bronze,Not Seasonal,At Home
103479,ХРАНИТЕЛЕН МАГАЗИН VIP ДАЧИЯ ЕООД,Ямбол,ЯМБОЛ,Local Shop,Bronze,Not Seasonal,At Home
101268,СМЕСЕН МАГАЗИН ЕООД,Ямбол,БОЛЯРОВО,Cafe,Iron,Not Seasonal,At Home
103478,ХРАНИТЕЛЕН МАГАЗИН ЕООД,Ямбол,ЯМБОЛ,Local Shop,Silver,Not Seasonal,At Home
103477,ХРАНИТЕЛНИ СТОКИ ЕООД,Ямбол,ЯМБОЛ,Local Shop,Silver,Not Seasonal,At Home
101275,ХРАНИТЕЛНИ СТОКИ ПИЙПЛОД ЕООД,Бургас,СРЕДЕЦ,Cafe,Gold,Not Seasonal,At Home
103476,ИВАНИ ЕООД,Ямбол,ЯМБОЛ,Local Shop,Iron,Not Seasonal,At Home
103475,ЦИКЛОН ЕООД,Ямбол,ЯМБОЛ,Local Shop,Silver,Not Seasonal,At Home
101235,ХРАНИТЕЛНИ СТОКИ ЕООД,Ямбол,ЯМБОЛ,Cafe,Bronze,Not Seasonal,At Home
103474,МУРАДОВ ЕООД,Ямбол,ЯМБОЛ,Local Shop,Bronze,Not Seasonal,At Home
103473,ВЕНИМАР ЕООД,Ямбол,ЯМБОЛ,Local Shop,Bronze,Not Seasonal,At Home
100766,КООП ТЪРГОВСКИ КОМПЛЕКС ЕООД,Ямбол,ЯМБОЛ,Supermarket,Iron,Not Seasonal,At Home
111967,ДЕМИР ЕООД,Ямбол,ЯМБОЛ,Local Shop,Iron,Not Seasonal,At Home
103495,ДИЛМЕКС ЕООД,Ямбол,ЯМБОЛ,Local Shop,Silver,Not Seasonal,At Home
103454,АЛТАЙ ЕООД,Ямбол,ЯМБОЛ,Local Shop,Bronze,Not Seasonal,At Home
103497,ПАПИ КОЧАН ЕООД,Ямбол,ЯМБОЛ,Local Shop,Silver,Not Seasonal,At Home
104446,ЛАКТЕН ЕООД,Ямбол,СТРАЛДЖА,Local Shop,Gold,Not Seasonal,At Home
108489,ХРАНИТЕЛЕН МАГАЗИН ЕООД,Бургас,СРЕДЕЦ,Restaurant,Silver,Not Seasonal,Out of Home
109298,ХРАНИТЕЛЕН МАГАЗИН ЕООД,Варна,ШКОРПИЛОВЦИ,Fast-food,Bronze,Seasonal,Out of Home
102366,ХРАНИТЕЛЕН МАГАЗИН ЕООД,Бургас,НЕСЕБЪР,Local Shop,Silver,Not Seasonal,At Home
100550,ХРАНИТЕЛЕН МАГАЗИН ЕООД,Бургас,СЛЪНЧЕВ БРЯГ,Supermarket,Gold,Seasonal,At Home
109803,ХРАНИТЕЛЕН МАГАЗИН ЕООД,Бургас,ПОМОРИЕ,Hotels,Bronze,Seasonal,Out of Home
104809,ХРАНИТЕЛЕН МАГАЗИН ЕООД,Варна,ДЪЛГОПОЛ,Cafe,Iron,Not Seasonal,Out of Home
110235,МИНИ МАРКЕТ ОГИ - КОЦЕ АСЕНОВИ ЕООД,Сливен,БЯЛА,Fast-food,Bronze,Seasonal,Out of Home
104810,МОЯТ МАГАЗИН ЕООД,Варна,ДОЛНИ ЧИФЛИК,Cafe,Bronze,Seasonal,Out of Home
105854,МАГАЗИН ЗА ХРАНИТЕЛНИ СТОКИ ЕООД,Сливен,БЯЛА,Fast-food,Bronze,Seasonal,Out of Home
104484,ХРАНИТЕЛЕН МАГАЗИН ЕООД,Варна,ПОЛЯЦИТЕ,Local Shop,Iron,Not Seasonal,At Home
107542,ХРАНИТЕЛНИ СТОКИ ЕООД,Сливен,БЯЛА,Restaurant,Bronze,Seasonal,Out of Home
107367,ХРАНИТЕЛЕН МАГАЗИН КАРАН ВЪРБОВКА ЕООД,Варна,ШКОРПИЛОВЦИ,Restaurant,Bronze,Seasonal,Out of Home
101287,МИНИ МАРКЕТ ГЕНИ ЕООД,Варна,ДЪЛГОПОЛ,Cafe,Bronze,Not Seasonal,At Home
100064,МОЯТ МАГАЗИН ЕООД,Варна,БЯЛА,Local Shop,Silver,Seasonal,Out of Home
107369,ХРАНИТЕЛЕН МАГАЗИН СЕО РУЯ ЕООД,Варна,ШКОРПИЛОВЦИ,Restaurant,Bronze,Seasonal,Out of Home
108638,ХРАНИТЕЛЕН МАГАЗИН ЕООД,Варна,ШКОРПИЛОВЦИ,Hotels,Bronze,Seasonal,Out of Home
107534,СУПЕРМАРКЕТ ГУНДИ ЕООД,Варна,АРКОВНА,Restaurant,Silver,Not Seasonal,Out of Home
105057,ХРАНИТЕЛЕН МАГАЗИН ЕООД,Варна,ШКОРПИЛОВЦИ,Cafe,Bronze,Seasonal,Out of Home
107537,ХРАНИТЕЛНИ СТОКИ ЕООД,Варна,ШКОРПИЛОВЦИ,Restaurant,Bronze,Seasonal,Out of Home
100050,БРАТЯ САПУНДЖИЕВИ ЕООД,Бургас,ОБЗОР,Local Shop,Bronze,Seasonal,At Home
108056,ХРАНИТЕЛЕН МАГАЗИН ПЛАМ ЕООД,Бургас,ОБЗОР,Restaurant,Bronze,Seasonal,Out of Home
104036,ВИКТОРИ ЕООД,Бургас,ЦАРЕВО,Local Shop,Bronze,Seasonal,At Home
110612,ХРАНИТЕЛНИ СТОКИ ЕООД,Бургас,МЛАДЕЖКО,Fast-food,Bronze,Seasonal,Out of Home
107162,ЗОРИ-72 ЕООД,Бургас,ЦАРЕВО,Superette,Bronze,Seasonal,At Home
109715,ТЪРГОВИЙКА ЕООД,Бургас,СОЗОПОЛ,Fast-food,Gold,Seasonal,Out of Home
105766,ХРАНИТЕЛНИ СТОКИ ЕООД,Бургас,СВЕТИ ВЛАС,Fast-food,Silver,Seasonal,Out of Home
103498,ХРАНИТЕЛНИ СТОКИ КРАСИ ЕООД,Ямбол,ЯМБОЛ,Local Shop,Bronze,Not Seasonal,At Home
101039,ХРАНИТЕЛЕН МАГАЗИН МЕЙСУДОВИ ЕООД,Варна,ДОЛНИ ЧИФЛИК,Supermarket,Iron,Not Seasonal,At Home
102355,СЕДЕФ - АМ ЕООД ЕООД,Бургас,НЕСЕБЪР,Local Shop,Gold,Seasonal,At Home
107540,ХРАНИТЕЛНИ СТОКИ ППК ЗЕМЯ ЕООД,Варна,ШКОРПИЛОВЦИ,Restaurant,Bronze,Seasonal,Out of Home
101023,ОВИС 2 ЕООД,Бургас,БУРГАС,Supermarket,Silver,Not Seasonal,At Home
103676,Хранителен Магазин ЕООД,Сливен,ЖЕРАВНА,Local Shop,Bronze,Not Seasonal,At Home
107412,МАГАЗИН ХРАНИТЕЛНИ СТОКИ ЕООД,Бургас,БУРГАС,Restaurant,Gold,Not Seasonal,Out of Home
109747,ШЕНИ МАРКЕТ ЕООД,Бургас,СОЗОПОЛ,Superette,Gold,Seasonal,Out of Home
110776,ХРАНИТЕЛНИ СТОКИ ЕООД,Бургас,БУРГАС,Fast-food,Silver,Not Seasonal,Out of Home
109454,АЙС МАРКЕТ ЕООД,Бургас,АХТОПОЛ,Fast-food,Bronze,Seasonal,Out of Home
105553,ХРАНИТЕЛНИ СТОКИ ЕООД,Бургас,СОЗОПОЛ,Cafe,Silver,Seasonal,Out of Home
111777,МАГАЗИН ЗА ХРАНИТЕЛНИ СТОКИ ЕООД,Бургас,КИТЕН,Fast-food,Silver,Seasonal,Out of Home
109713,Магазин Хранителни Стоки ЕООД,Бургас,БУРГАС,Fast-food,Iron,Not Seasonal,Out of Home
109120,ХРАНИТЕЛНИ СТОКИ ЕООД,Бургас,ЧЕРНОМОРЕЦ,Hotels,Bronze,Seasonal,Out of Home
107915,СПИРКАТА ЕООД,Бургас,АХЕЛОЙ,Restaurant,Bronze,Seasonal,Out of Home
101379,ЕТ АБДИ АБДИЕВ ЕООД,Бургас,КИТЕН,Nightclub,Silver,Seasonal,Out of Home
112076,ХРАНИТЕЛЕН МАГАЗИН НЕНОВИ ЕООД,Бургас,БУРГАС,Superette,Iron,Not Seasonal,At Home
107912,ХРАНИТЕЛНИ СТОКИ ЕООД,Бургас,НЕСЕБЪР,Restaurant,Bronze,Seasonal,Out of Home
100549,ХРАНИТЕЛНИ СТОКИ ЕООД,Бургас,СЛЪНЧЕВ БРЯГ,Supermarket,Gold,Seasonal,At Home
104240,ДЕЛФИН МАРКЕТ ЕООД,Ямбол,БОЯДЖИК,Local Shop,Iron,Not Seasonal,At Home
109916,МОНИ МАРКЕТ ЕООД,Бургас,СВЕТИ ВЛАС,Cafe,Silver,Seasonal,Out of Home
100209,ХРАНИТЕЛЕН МАГАЗИН ЕООД,Бургас,БУРГАС,Local Shop,Bronze,Not Seasonal,At Home
106976,Хранителен Магазин ЕООД,Бургас,АХЕЛОЙ,Superette,Silver,Not Seasonal,At Home
109787,ХРАНИТЕЛЕН МАГАЗИН БРАТЯ ЗЛАТАНОВИ ЕООД,Бургас,БУРГАС,Hotels,Bronze,Seasonal,Out of Home
103514,ХРАНИТЕЛНИ СТОКИ ЕООД,Ямбол,ЯМБОЛ,Local Shop,Gold,Not Seasonal,At Home
101280,НИКИ ЛМ МИНИМАРКЕТ ЕООД,Бургас,МАЛКО ТЪРНОВО,Cafe,Silver,Not Seasonal,At Home
112000,МАГАЗИН ЕООД,Бургас,БУРГАС,Local Shop,Silver,Not Seasonal,At Home
100777,НИКИ 3 ЕООД,Сливен,СЛИВЕН,Supermarket,Gold,Not Seasonal,At Home
110170,ЕЛИЗАБЕД ЕООД,Бургас,СЛЪНЧЕВ БРЯГ,Fast-food,Gold,Seasonal,Out of Home
105549,МАГАЗИН ЕООД,Бургас,БУРГАС,Cafe,Gold,Not Seasonal,Out of Home
111989,Хранителен магазин ЕООД,Бургас,БУРГАС,Local Shop,Silver,Not Seasonal,At Home
104464,ХРАНИТЕЛНИ СТОКИ ЕООД,Ямбол,ЗАВОЙ,Local Shop,Iron,Not Seasonal,At Home
110039,ХРАНИТЕЛНИ СТОКИ ЕООД,Бургас,БУРГАС,Cafe,Silver,Not Seasonal,Out of Home
100548,МАГАЗИН ЕООД,Бургас,СЛЪНЧЕВ БРЯГ,Supermarket,Gold,Seasonal,At Home
102198,ХРАНИТЕЛНИ СТОКИ ЕООД,Бургас,ПРОСЕНИК,Local Shop,Silver,Not Seasonal,At Home
105533,ХРАНИТЕЛНИ СТОКИ ВАЧЕВ ЕООД,Бургас,ФАКИЯ,Cafe,Gold,Seasonal,Out of Home
104034,ФАНТАСТИКО ЕООД,Бургас,ЦАРЕВО,Local Shop,Gold,Not Seasonal,At Home
107536,ХРАНИТЕЛЕН МАГАЗИН ЕООД,Варна,ШКОРПИЛОВЦИ,Restaurant,Bronze,Seasonal,Out of Home
101380,ХР СТОКИ ЕООД,Бургас,КИТЕН,Nightclub,Silver,Seasonal,Out of Home
101383,ЕВРЕДИКА ЕООД,Бургас,КИТЕН,Nightclub,Gold,Seasonal,Out of Home
108509,ХРАНИТЕЛНИ СТОКИ ЕООД,Бургас,ПРИМОРСКО,Restaurant,Gold,Seasonal,Out of Home
105769,АНДИ 1 ПОЖАРНА ЕООД,Бургас,ЕЛЕНИТЕ,Fast-food,Bronze,Seasonal,Out of Home
107436,УНИВЕРСАЛ ЕООД,Бургас,СЛЪНЧЕВ БРЯГ,Restaurant,Bronze,Seasonal,Out of Home
108055,ХРАНИТЕЛНИ СТОКИ ЕООД,Бургас,ОБЗОР,Restaurant,Gold,Seasonal,Out of Home
107899,НАЦИОНАЛ ЕООД,Бургас,БУРГАС,Restaurant,Gold,Not Seasonal,Out of Home
108973,РЕЯ ЕООД,Бургас,ПОМОРИЕ,Hotels,Bronze,Seasonal,Out of Home
110313,ХРАНИТЕЛНИ СТОКИ ЕООД,Бургас,ЦАРЕВО,Fast-food,Bronze,Seasonal,Out of Home
110872,ХРАНИТЕЛЕН МАГАЗИН ЕООД,Бургас,АХТОПОЛ,Restaurant,Silver,Not Seasonal,Out of Home
105400,ХРАНИТЕЛНИ СТОКИ ЕООД,Бургас,СУНГУРЛАРЕ,Cafe,Gold,Not Seasonal,Out of Home
109184,МАРКЕТ ЕООД,Бургас,СОЗОПОЛ,Hotels,Bronze,Seasonal,Out of Home
107897,ХРАНИТЕЛНИ СТОКИ ЕООД,Бургас,РАВДА,Restaurant,Silver,Seasonal,Out of Home
107417,СЛАВЯНКА ХЛЕБОЗАВОД ЕООД,Бургас,БУРГАС,Restaurant,Iron,Not Seasonal,Out of Home
108510,ХР СТОКИ ЕООД,Бургас,КИТЕН,Restaurant,Bronze,Not Seasonal,Out of Home
108851,ХР СТОКИ ЕООД,Бургас,НЕСЕБЪР,Hotels,Silver,Seasonal,Out of Home
107161,МАГАЗИН КОШЕРА ЕООД,Бургас,СОЗОПОЛ,Superette,Gold,Seasonal,At Home
105999,ЕДПЕРАНЦА ЕООД,Бургас,БУРГАС,Fast-food,Bronze,Not Seasonal,Out of Home
104941,ХРАНИТЕЛНИ СТОКИ ЕООД,Бургас,СЛЪНЧЕВ БРЯГ,Cafe,Silver,Seasonal,Out of Home
109170,ХРАНИТЕЛНИ СТОКИ ЕКО МАРКЕТ ЕООД,Бургас,ПРИМОРСКО,Hotels,Silver,Seasonal,Out of Home
103500,ХРАНИТЕЛНИ СТОКИ ЕООД,Ямбол,ЯМБОЛ,Local Shop,Bronze,Not Seasonal,At Home
102364,ХРАНИТЕЛНИ СТОКИ ЕООД,Бургас,ЕЛЕНИТЕ,Local Shop,Bronze,Seasonal,At Home
104943,ХР СТОКИ ЕООД,Бургас,СРЕДНА МАХАЛА,Cafe,Silver,Not Seasonal,Out of Home
103978,БАЛКАН ЕООД,Бургас,БУРГАС,Local Shop,Bronze,Not Seasonal,At Home
109537,ХРАНИТЕЛНИ СТОКИ ЕООД,Бургас,ЛЮЛЯКОВО,Fast-food,Silver,Not Seasonal,Out of Home
102374,ХР СТОКИ ЕООД,Бургас,АЙТОС,Local Shop,Silver,Not Seasonal,At Home
101004,ХРАНИТЕЛНА БОРСА НАЦИОНАЛ ЕООД,Бургас,БУРГАС,Supermarket,Gold,Not Seasonal,At Home
104181,МОЯТ МАГАЗИН ЕООД,Бургас,МАЛКО ТЪРНОВО,Local Shop,Silver,Not Seasonal,At Home
100866,ХРАНИТЕЛЕН МАГАЗИН ЕООД,Бургас,БУРГАС,Supermarket,Iron,Not Seasonal,At Home
102187,КОД 8 ПЧЕЛАТА ЕООД,Бургас,ПРОСЕНИК,Local Shop,Silver,Not Seasonal,At Home
104252,Хранителен магазин ЕООД,Ямбол,ГЕНЕРАЛ ИНЗОВО,Local Shop,Iron,Not Seasonal,At Home
104241,НОН СТОП ЕРОС ЕООД,Бургас,БУРГАС,Local Shop,Silver,Not Seasonal,At Home
110446,ХРАНИТЕЛНИ СТОКИ НАЦИОНАЛ ЕООД,Бургас,БУРГАС,Fast-food,Bronze,Not Seasonal,Out of Home
107535,ХРАНИТЕЛНИ СТОКИ ЕООД,Варна,БЯЛА,Restaurant,Bronze,Seasonal,Out of Home
105226,ХРАНИТЕЛНИ СТОКИ АМИГО ЕООД,Бургас,НЕСЕБЪР,Cafe,Silver,Seasonal,Out of Home
110919,ХР СТОКИ ЕООД,Бургас,ПРИМОРСКО,Restaurant,Silver,Seasonal,Out of Home
105937,ХРАНИТЕЛНИ СТОКИ ЕООД,Бургас,НЕСЕБЪР,Fast-food,Bronze,Seasonal,Out of Home
105991,ХР. МАГАЗИН ЕООД,Бургас,БУРГАС,Fast-food,Bronze,Not Seasonal,Out of Home
111070,ХР СТОКИ ЕООД,Бургас,СЛЪНЧЕВ БРЯГ,Hotels,Gold,Seasonal,Out of Home
103911,ХРАНИТЕЛНИ СТОКИ ЕООД,Бургас,БУРГАС,Local Shop,Iron,Not Seasonal,At Home
106889,ХРАНИТЕЛНИ СТОКИ ЕООД,Бургас,ЧЕРНОМОРЕЦ,Nightclub,Silver,Seasonal,Out of Home
100497,ЦЕНТРОНОМ ЕООД,Бургас,СЛЪНЧЕВ БРЯГ,Supermarket,Gold,Seasonal,At Home
104944,ХРАНИТЕЛНИ СТОКИ ЕООД,Бургас,СЛЪНЧЕВ БРЯГ,Cafe,Silver,Seasonal,Out of Home
107416,СМЕСЕН МАГАЗИН ЕООД,Бургас,СЛЪНЧЕВ БРЯГ,Restaurant,Silver,Seasonal,Out of Home
111805,АРМЕНЧЕВИ ЕООД,Бургас,НЕСЕБЪР,Bar,Gold,Seasonal,Out of Home
100531,ХРАНИТЕЛЕН МАГАЗИН ДЖЕНГ ЕООД,Бургас,СЛЪНЧЕВ БРЯГ,Supermarket,Silver,Seasonal,At Home
105161,ПАНДА ЕООД,Бургас,БУРГАС,Cafe,Bronze,Seasonal,Out of Home
100998,ХРАНИТЕЛНИ СТОКИ ЕООД,Бургас,СОЗОПОЛ,Supermarket,Silver,Seasonal,At Home
108905,ХРАНИТЕЛЕН МАГАЗИН ЕООД,Бургас,ОБЗОР,Hotels,Bronze,Seasonal,Out of Home
109725,ХРАНИТЕЛЕН МАГАЗИН ЕООД,Бургас,СЛЪНЧЕВ БРЯГ,Superette,Silver,Seasonal,Out of Home
106777,ХРАНИТЕЛЕН МАГАЗИН СПИРИТ - ЕМ ЕООД,Бургас,СЛЪНЧЕВ БРЯГ,Nightclub,Silver,Seasonal,Out of Home
108201,МАГАЗИН ЗА ХРАНИТЕЛНИ СТОКИ ЕООД,Бургас,БУРГАС,Restaurant,Silver,Seasonal,Out of Home
111445,СМЕСЕН МАГАЗИН ЕООД,Бургас,СЛЪНЧЕВ БРЯГ,Restaurant,Bronze,Seasonal,Out of Home
106488,ХРАНИТЕЛЕН МАГАЗИН ЕООД,Бургас,СЛЪНЧЕВ БРЯГ,Cafe,Silver,Not Seasonal,Out of Home
111021,МАГАЗИН ХРАНИТЕЛНИ СТОКИ ЕООД,Бургас,ОБЗОР,Hotels,Silver,Seasonal,Out of Home
110409,БЕСТ МАРКЕТ ЕООД,Бургас,ПОМОРИЕ,Fast-food,Silver,Seasonal,Out of Home
106813,ДИДИ МАРКЕТ ЕООД,Варна,ДОЛНИ ЧИФЛИК,Nightclub,Silver,Not Seasonal,Out of Home
107106,СМЕСЕН МАГАЗИН ЕООД,Бургас,БУРГАС,Superette,Iron,Not Seasonal,At Home
105980,ХРАНИТЕЛЕН МАГАЗИН ЕООД,Бургас,БУРГАС,Fast-food,Iron,Not Seasonal,Out of Home
107714,ХРАНИТЕЛЕН МАГАЗИН ЕООД,Бургас,ЦАРЕВО,Restaurant,Silver,Seasonal,Out of Home
106444,ХРАНИТЕЛЕН МАГАЗИН ЕООД,Бургас,БЪЛГАРОВО,Cafe,Iron,Not Seasonal,Out of Home
108581,ХРАНИТЕЛНИ СТОКИ ЕООД,Бургас,СЛЪНЧЕВ БРЯГ,Hotels,Bronze,Seasonal,Out of Home
108859,ХРАНИТЕЛЕН МАГАЗИН ТЕДИС ЕООД,Бургас,НЕСЕБЪР,Hotels,Silver,Seasonal,Out of Home
108843,БИЛМЕР ЕООД,Бургас,НЕСЕБЪР,Hotels,Silver,Seasonal,Out of Home
109174,ХРАНИТЕЛЕН МАГАЗИН ЕООД,Бургас,КИТЕН,Hotels,Silver,Seasonal,Out of Home
100990,ХРАНИТЕЛНИ СТОКИ ППК БРЪШЛЕН ЕООД,Бургас,АХТОПОЛ,Supermarket,Bronze,Seasonal,At Home
102358,КООП ЕООД,Бургас,НЕСЕБЪР,Local Shop,Gold,Seasonal,At Home
109738,КЕЛОСМАН ЕООД,Бургас,НЕСЕБЪР,Superette,Bronze,Seasonal,Out of Home
108199,СЕЙДОЛСКИ ЕООД,Бургас,БУРГАС,Restaurant,Silver,Seasonal,Out of Home
107913,ХРАНИТЕЛЕН МАГАЗИН ЕООД,Бургас,АХЕЛОЙ,Restaurant,Gold,Not Seasonal,Out of Home
105221,КАФЕ - АПЕРАТИВ ЕООД,Бургас,АХЕЛОЙ,Cafe,Silver,Not Seasonal,Out of Home
109231,НУР ЕООД,Бургас,ПРОСЕНИК,Bar,Bronze,Seasonal,Out of Home
104953,СКОРПИОН ЕООД,Бургас,СВЕТИ ВЛАС,Cafe,Iron,Not Seasonal,Out of Home
111980,ХРАНИТЕЛЕН МАГАЗИН ГАНИЕВ ЕООД,Бургас,БУРГАС,Local Shop,Silver,Not Seasonal,At Home
106853,СУПЕРМАРКЕТ ЛЪКИ СТАР ЕООД,Бургас,НЕСЕБЪР,Nightclub,Bronze,Seasonal,Out of Home
103677,ХРАНИТЕЛНИ СТОКИ ЦЕНТРАЛНА ЕООД,Сливен,БЯЛА,Local Shop,Iron,Not Seasonal,At Home
112110,ХРАНИТЕЛЕН МАГАЗИН ДЕКО ЕООД,Бургас,БУРГАС,Superette,Bronze,Not Seasonal,Out of Home
105153,ХРАНИТЕЛЕН МАГАЗИН ЕООД,Бургас,БУРГАС,Cafe,Silver,Not Seasonal,Out of Home
109525,ХРАНИТЕЛНИ СТОКИ ЕООД,Бургас,ТРЪНАК,Fast-food,Iron,Not Seasonal,Out of Home
105556,ХРАНИТЕЛНИ СТОКИ ЕООД,Бургас,БУРГАС,Cafe,Bronze,Not Seasonal,Out of Home
107413,ХРАНИТЕЛЕН МАГАЗИН ЕООД,Бургас,ПРОСЕНИК,Restaurant,Bronze,Not Seasonal,Out of Home
107414,ХРАНИТЕЛНИ СТОКИ ЕООД,Бургас,СТРАЦИН,Restaurant,Iron,Not Seasonal,Out of Home
107907,ХРАНИТЕЛНИ СТОКИ ЕООД,Бургас,РАВДА,Restaurant,Silver,Seasonal,Out of Home
104183,ХРАНИТЕЛНИ СТОКИ ЕООД,Бургас,БУРГАС,Local Shop,Iron,Not Seasonal,At Home
108166,ХРАНИТЕЛНИСТОКИ ЕООД,Бургас,БУРГАС,Restaurant,Gold,Not Seasonal,Out of Home
102191,ХРАНИТЕЛЕН МАГАЗИН ЕООД,Бургас,ПОРОЙ,Local Shop,Iron,Not Seasonal,At Home
100510,ХРАНИТЕЛЕН МАГАЗИН ЕООД,Бургас,СЛЪНЧЕВ БРЯГ,Supermarket,Gold,Seasonal,At Home
105388,ЗАФИРА МАРКЕТ ЕООД,Бургас,БУРГАС,Cafe,Iron,Not Seasonal,Out of Home
110909,ХРАНИТЕЛЕН МАГАЗИН ЕООД,Бургас,КИТЕН,Restaurant,Silver,Seasonal,Out of Home
101381,ХРАНИТЕЛЕН МАГАЗИН ПРАВДА КООП ЕООД,Бургас,СОЗОПОЛ,Nightclub,Silver,Not Seasonal,Out of Home
105529,ХРАНИТЕЛНИ СТОКИ ЕООД,Бургас,БУРГАС,Cafe,Silver,Not Seasonal,Out of Home
109711,ХРАНИТЕЛЕН МАГАЗИН ВИЛИЯН ЕООД,Бургас,КИТЕН,Fast-food,Silver,Seasonal,Out of Home
111247,МАГАЗИН ЦВЕТНИЦА ЕООД,Бургас,СРЕДЕЦ,Hotels,Silver,Not Seasonal,Out of Home
108053,КООП ХРАНИТЕЛЕН МАГАЗИН ЕООД,Бургас,ОБЗОР,Restaurant,Silver,Seasonal,Out of Home
112089,РКС МАГАЗИН КООП ЕООД,Бургас,ЦАРЕВО,Superette,Iron,Seasonal,At Home
112091,ХРАНИТЕЛЕН МАГАЗИН ЕООД,Ямбол,ЕЛХОВО,Superette,Iron,Not Seasonal,At Home
106303,ХРАНИТЕЛЕН МАГАЗИН ЕООД,Бургас,ПОМОРИЕ,Local Shop,Gold,Seasonal,At Home
104118,МИНИ МАРКЕТ ЕООД,Бургас,ЦАРЕВО,Local Shop,Silver,Seasonal,At Home
108538,СУПЕРМАРКЕТ ВИВА ЕООД,Бургас,ПРИМОРСКО,Restaurant,Silver,Seasonal,Out of Home
102218,ХРАНИТЕЛЕН МАГАЗИН ЕООД,Бургас,АХЕЛОЙ,Local Shop,Gold,Not Seasonal,At Home
100509,ЗАФИРА МАРКЕТ ЕООД,Бургас,АХЕЛОЙ,Supermarket,Silver,Not Seasonal,At Home
101003,ХРАНИТЕЛНИ СТОКИ ЕООД,Бургас,БУРГАС,Supermarket,Silver,Not Seasonal,At Home
105352,РКС КООП ТРЕЙД ЕООД,Бургас,ПОМОРИЕ,Cafe,Bronze,Seasonal,Out of Home
109719,КООП МААЗИН ЕООД,Бургас,СОЗОПОЛ,Fast-food,Silver,Seasonal,Out of Home
106492,ХРАНИТЕЛНИ СТОКИ БОНИ ЕООД,Бургас,СВЕТИ ВЛАС,Cafe,Bronze,Seasonal,Out of Home
108170,МАГАЗИН БОСФОР ЕООД,Бургас,КАМЧИЯ,Restaurant,Silver,Not Seasonal,Out of Home
104117,ХРАНИТЕЛЕН МАГАЗИН ЕООД,Бургас,ПРИМОРСКО,Local Shop,Silver,Not Seasonal,At Home
108605,МАГАЗИН ВАМИПРО ЕООД,Бургас,СЛЪНЧЕВ БРЯГ,Hotels,Bronze,Seasonal,Out of Home
100772,МАГАЗИН ХРАНИТЕЛНИ СТОКИ ЕООД,Сливен,СЛИВЕН,Supermarket,Bronze,Not Seasonal,At Home
109188,МИНИМАРКЕТ ВЪРБАНОВИ ПЕТЕЛА ЕООД,Бургас,СОЗОПОЛ,Hotels,Bronze,Seasonal,Out of Home
106859,МАГАЗИН ФАМИЛИЯ ЛУКОЙЛ БЯЛА ЕООД,Бургас,ОБЗОР,Nightclub,Gold,Seasonal,Out of Home
106171,ВЪРБАНОВИ ВАСИЛ ЛЕВСКИ ЕООД,Бургас,БУРГАС,Fast-food,Bronze,Seasonal,Out of Home
106955,БЕЛСИС ПАЗАР ЕООД,Бургас,ЕЛЕНИТЕ,Superette,Gold,Seasonal,At Home
109907,МАГАЗИН ДЕСИ 80 ЕООД,Бургас,БУРГАС,Cafe,Iron,Not Seasonal,Out of Home
108541,БАКАЛИЯ МАРБО ЕООД,Бургас,БУРГАС,Restaurant,Gold,Not Seasonal,Out of Home
109740,МАГАЗИН БЕЛСИС ФАМИЛИЯ  ОУ ЕООД,Бургас,НЕСЕБЪР,Superette,Bronze,Seasonal,Out of Home
105155,ФОТИ ЕООД,Бургас,АХТОПОЛ,Cafe,Bronze,Seasonal,Out of Home
112009,МАГАЗИН ЗА ХРАНИТЕЛНИ СТОКИ ЕООД,Ямбол,БОЯНОВО,Local Shop,Iron,Not Seasonal,At Home
112072,БОРИЦВЕТ ЕООД,Сливен,СЛИВЕН,Superette,Iron,Not Seasonal,At Home
109782,МАГАЗИН ЗА ХРАНИЕЛНИ СТОКИ РАДАНС ЕООД,Варна,АСПАРУХОВО,Hotels,Bronze,Seasonal,Out of Home
105390,НИКОДИМ МАГАЗИН ЕООД,Бургас,БУРГАС,Cafe,Silver,Not Seasonal,Out of Home
100909,АЙС МАРКЕТ 1 ЕООД,Бургас,ПОЛСКИ ИЗВОР,Supermarket,Silver,Not Seasonal,At Home
100145,АЙС МАРКЕТ 3 ЕООД,Сливен,СЛИВЕН,Local Shop,Iron,Not Seasonal,At Home
111840,МАГАЗИН РУСЕ ТАБАК ЕООД,Бургас,ЦАРЕВО,Restaurant,Silver,Not Seasonal,Out of Home
107908,МАГАЗИН ЛЪКИ СТАР ЕООД,Бургас,БУРГАС,Restaurant,Silver,Not Seasonal,Out of Home
100776,МАГАЗИН ЗА ХРАНИТЕЛНИ СТОКИ ЕООД,Сливен,СЛИВЕН,Supermarket,Gold,Not Seasonal,At Home
104267,МАГАЗИН УДОБНОТО ЕООД,Бургас,МАЛКО ТЪРНОВО,Local Shop,Iron,Not Seasonal,At Home
109340,МАГАЗИН РУСЕ ТАБАК ЕООД,Бургас,СЛЪНЧЕВ БРЯГ,Fast-food,Gold,Seasonal,Out of Home
102249,МАГАЗИН ЗА ХРАНИТЕЛНИ СТОКИ ЕООД,Бургас,КОШАРИЦА,Local Shop,Bronze,Not Seasonal,At Home
103486,МАГАЗИН ЗА ХРАНИТЕЛНИ СТОКИ ЕООД,Ямбол,КАБИЛЕ,Local Shop,Silver,Not Seasonal,At Home
106597,МАГАЗИН ЗА ХРАНИТЕЛНИ СТОКИ ЕООД,Бургас,СРЕДЕЦ,Cafe,Bronze,Not Seasonal,Out of Home
100180,ХРАНИТЕЛЕН МАГАЗИН ЕООД,Бургас,БУРГАС,Local Shop,Bronze,Not Seasonal,At Home
107539,МАГАЗИН РУСЕ ТАБАК ЕООД,Варна,ГОРИЦА,Restaurant,Silver,Not Seasonal,Out of Home
110753,МИНИМАРКЕТ ДЖИЛМАР ЕООД,Бургас,БУРГАС,Fast-food,Silver,Not Seasonal,Out of Home
102252,ПЕТСИМ ЕООД,Бургас,ПОРОЙ,Local Shop,Silver,Not Seasonal,At Home
106605,МЕЛЕК НУРИЕВА ЕООД,Бургас,БУРГАС,Cafe,Bronze,Not Seasonal,Out of Home
100914,МАГАЗИН СТАНИСЛАВ ЦОНЕВ ЕООД,Бургас,ДЮЛЕВО,Supermarket,Iron,Not Seasonal,At Home
104174,ХРАНИТЕЛНИ СТОКИ ПОЛИ ЕООД,Бургас,СРЕДЕЦ,Local Shop,Iron,Not Seasonal,At Home
103924,МАГАЗИН ДЕБИ ЕООД,Бургас,МАРИНКА,Local Shop,Gold,Not Seasonal,At Home
104070,ХРАНИТЕЛНИ СТОКИ ДЕМИ ЕООД,Ямбол,РОЗА,Local Shop,Bronze,Not Seasonal,At Home
104159,МАГАЗИН РУСЕ ТАБАК ЕООД,Ямбол,РОЗА,Local Shop,Bronze,Not Seasonal,At Home
110042,ХРАНИТЕЛЕН МАГАЗИН ШИПКА ЕООД,Бургас,БУРГАС,Cafe,Silver,Not Seasonal,Out of Home
104116,ХРАНИТЕЛНИ СТОКИ РУСЕ ТАБАК ЕООД,Бургас,СОЗОПОЛ,Local Shop,Silver,Not Seasonal,At Home
105895,ХРАНИТЕЛНИ СТОКИ ЕООД,Бургас,БУРГАС,Fast-food,Bronze,Not Seasonal,Out of Home
101238,МИРО ЕООД,Ямбол,ЯМБОЛ,Cafe,Iron,Not Seasonal,At Home
107753,НАУТИЛИУС ЕООД,Бургас,ЦАРЕВО,Restaurant,Gold,Not Seasonal,Out of Home
102211,ВИКТОРИЯ ЕООД,Бургас,АЙТОС,Local Shop,Gold,Not Seasonal,At Home
111094,МАГАЗИН ЕЛИСТО ЕООД,Бургас,СЛЪНЧЕВ БРЯГ,Hotels,Gold,Seasonal,Out of Home
102189,МАГАЗИН КОПРИВЕЦ ЕООД,Бургас,СЛЪНЧЕВ БРЯГ,Local Shop,Gold,Seasonal,At Home
111475,ХРАНИТЕЛЕН МАГАЗИН ЕДИСАГРО ЕООД,Варна,БЯЛА,Restaurant,Bronze,Seasonal,Out of Home
110014,ФАМИЛИЯ БИО ЕООД,Бургас,НЕСЕБЪР,Cafe,Gold,Seasonal,Out of Home
100560,МХС ЕООД,Бургас,СЛЪНЧЕВ БРЯГ,Supermarket,Gold,Seasonal,At Home
104928,КООП БОТРОВ ЕООД,Бургас,БУРГАС,Cafe,Silver,Not Seasonal,Out of Home
108293,РОНИ 79 МИНИМАРКЕТ ЕООД,Бургас,СОЗОПОЛ,Restaurant,Gold,Seasonal,Out of Home
106956,ПАВИЛИОН ЕООД,Бургас,СВЕТИ ВЛАС,Superette,Silver,Seasonal,At Home
101044,ХРАНИТЕЛНИ СТОКИ ЕООД,Варна,ДОЛНИ ЧИФЛИК,Supermarket,Bronze,Not Seasonal,At Home
104952,Магазин хранителни стоки ЕООД,Бургас,СЛЪНЧЕВ БРЯГ,Cafe,Bronze,Seasonal,Out of Home
111093,Хранителен магазин ЕООД,Бургас,НЕСЕБЪР,Hotels,Gold,Seasonal,Out of Home
100198,ХРАНИТЕЛНИ СТОКИ ЕООД,Бургас,КОНДОЛОВО,Local Shop,Bronze,Seasonal,At Home
103506,БАКАЛИЯ ЕООД,Ямбол,ЯМБОЛ,Local Shop,Bronze,Not Seasonal,At Home
106720,КАРАИВАНОВИ МАГАЗИН ЕООД,Бургас,ЦАРЕВО,Superette,Bronze,Not Seasonal,At Home
100445,МИНИМАРКЕТ МИНЕВИ ЕООД,Бургас,НЕСЕБЪР,Supermarket,Silver,Seasonal,At Home
100061,ВИКТОР М ЕООД,Бургас,НЕСЕБЪР,Local Shop,Gold,Seasonal,At Home
105348,МАГАЗИН ЕООД,Бургас,КАРНОБАТ,Cafe,Iron,Not Seasonal,Out of Home
110655,БОРОИМПЕКС ЕООД,Бургас,СВЕТИ ВЛАС,Restaurant,Silver,Seasonal,Out of Home
109557,МАГАЗИН ЗА ХРАНИТЕЛНИ СТОКИ ЕООД,Бургас,ПОМОРИЕ,Fast-food,Silver,Seasonal,Out of Home
102361,МАГАЗИН ЗА ХРАНИТЕЛНИ СТОКИ ЕООД,Бургас,РАВДА,Local Shop,Silver,Seasonal,At Home
108827,МАГАЗИН РУСЕ ТАБАК ЕООД,Бургас,РАВДА,Hotels,Bronze,Seasonal,Out of Home
108821,ХРАНИТЕЛНИ СТОКИ НАДЕЖДА ЕООД,Бургас,НЕСЕБЪР,Hotels,Bronze,Seasonal,Out of Home
104923,МАГАЗИН ЗА ХРАНИТЕЛНИ СТОКИ ЕООД,Бургас,СЛЪНЧЕВ БРЯГ,Cafe,Silver,Seasonal,Out of Home
100863,ХРАНИТЕЛНИ СТОКИ ДЕМИ ЕООД,Бургас,ПОМОРИЕ,Supermarket,Gold,Seasonal,At Home
111503,ХРАНИТЕЛНИ СТОКИ ЕООД,Бургас,БУРГАС,Restaurant,Gold,Not Seasonal,Out of Home
111101,МАГАЗИН ХАВАЙ ЕООД,Бургас,СЛЪНЧЕВ БРЯГ,Hotels,Silver,Seasonal,Out of Home
111588,ЛЮБЕНОВ МИНИМАРКЕТ ЕООД,Бургас,СЛЪНЧЕВ БРЯГ,Fast-food,Gold,Seasonal,Out of Home
105253,ЕЙДМАР ЕООД,Бургас,БУРГАС,Cafe,Iron,Not Seasonal,Out of Home
109543,ХРАНИТЕЛЕН МАГАЗИН ЕООД,Бургас,БУРГАС,Fast-food,Bronze,Seasonal,Out of Home
102223,ХРАНИТЕЛНИ СТОКИ ДЕМИ ЕООД,Бургас,СЛЪНЧЕВ БРЯГ,Local Shop,Gold,Seasonal,At Home
109040,КАЛИТО СУХОДОЛ ЕООД,Бургас,ГОЛЯМО БУКОВО,Hotels,Bronze,Seasonal,Out of Home
100062,МАГАЗИН ЗА ХРАНИТЕЛНИ СТОКИ ЕООД,Бургас,НЕСЕБЪР,Local Shop,Gold,Seasonal,At Home
110165,МАГАЗИН ЕООД,Бургас,БУРГАС,Fast-food,Gold,Not Seasonal,Out of Home
100559,ЕРАЙ ЕООД,Бургас,АХЕЛОЙ,Supermarket,Silver,Seasonal,At Home
100244,АЯКС ЕООД,Бургас,ЛОЗЕНЕЦ,Local Shop,Bronze,Seasonal,At Home
105382,АЕМ 56 ЕООД ЕООД,Бургас,БУРГАС,Cafe,Gold,Not Seasonal,Out of Home
109091,ВЪЗХОД ЕООД,Бургас,ЧЕРНОМОРЕЦ,Hotels,Silver,Seasonal,Out of Home
111176,МАГАЗИН ЕООД,Бургас,ЕЛЕНИТЕ,Hotels,Silver,Seasonal,Out of Home
111022,ДИНАР ЕООД,Бургас,ОБЗОР,Hotels,Gold,Seasonal,Out of Home
106770,ХРАНОТЕЛНИ СТОКИ ЕООД,Бургас,СЛЪНЧЕВ БРЯГ,Nightclub,Gold,Seasonal,Out of Home
108051,ХРАНИТЕЛНИ СТОКИ ЕООД,Бургас,ОБЗОР,Restaurant,Silver,Seasonal,Out of Home
111522,ХРАНИТЕЛНИ СТОКИ ЕООД,Бургас,ОБЗОР,Restaurant,Bronze,Seasonal,Out of Home
107429,МХС ЕООД,Бургас,СЛЪНЧЕВ БРЯГ,Restaurant,Gold,Seasonal,Out of Home
104945,СМЕСЕН МАГАЗИН ИВАЛИН ЕООД,Бургас,СЛЪНЧЕВ БРЯГ,Cafe,Gold,Seasonal,Out of Home
109451,ЕЛИС ЕООД,Бургас,БУРГАС,Fast-food,Bronze,Seasonal,Out of Home
106390,МАГАЗИН ЗА ХРАНИТЕЛНИ СТОКИ ЕООД,Бургас,АЙТОС,Cafe,Bronze,Not Seasonal,Out of Home
105157,ХРАНИТЕЛНИ СТОКИ ЕООД,Бургас,БУРГАС,Cafe,Gold,Seasonal,Out of Home
105398,МОЯТ МАГАЗИН ЕООД,Бургас,БУРГАС,Cafe,Silver,Not Seasonal,Out of Home
106963,ХРАНИТЕЛНИ СТОКИ БРАТЯ КЯЗИМОВИ ЕООД,Бургас,СЛЪНЧЕВ БРЯГ,Superette,Bronze,Seasonal,At Home
108543,АЙС МАРКЕТ ЕООД,Бургас,КИТЕН,Restaurant,Silver,Seasonal,Out of Home
104114,Хранителни стоки ЕООД,Бургас,КИТЕН,Local Shop,Bronze,Seasonal,At Home
107477,РОСЕН ХРИСТОВ ИБЪР ЕООД,Бургас,СЛЪНЧЕВ БРЯГ,Restaurant,Gold,Seasonal,Out of Home
107949,ХРАНИТЕЛНИ СТОКИ ДЕМИ ЕООД,Бургас,НЕСЕБЪР,Restaurant,Gold,Seasonal,Out of Home
106796,МАГАЗИН РУСЕ ТАБАК ЕООД,Бургас,СЛЪНЧЕВ БРЯГ,Nightclub,Silver,Seasonal,Out of Home
111591,ХРАНИТЕЛЕН И КУЛИНАРЕН МАГАЗИН ЕООД,Бургас,СЛЪНЧЕВ БРЯГ,Fast-food,Gold,Seasonal,Out of Home
108545,ХРАНИТЕЛНИ СТОКИ ВЕН ТРЕЙД ЕООД,Бургас,КИТЕН,Restaurant,Silver,Seasonal,Out of Home
107190,МАГАЗИН ЛЕЙДИ ЕООД,Бургас,КИТЕН,Superette,Gold,Seasonal,At Home
106793,ГЕРИ МАРКЕТ ЕООД,Бургас,СЛЪНЧЕВ БРЯГ,Nightclub,Bronze,Seasonal,Out of Home
109735,МАГАЗИН ЗА ХРАНИТЕЛНИ СТОКИ ЕООД,Бургас,ЦАРЕВО,Superette,Bronze,Seasonal,Out of Home
107427,БИК 04 ЕООД,Бургас,СВЕТИ ВЛАС,Restaurant,Silver,Seasonal,Out of Home
105373,БЯЛА МАРКЕТ ПРЕЗ  МОСТА ЕООД,Бургас,БУРГАС,Cafe,Gold,Not Seasonal,Out of Home
104951,ХРАНИТЕЛНИ СТОКИ ДЕМИ ЕООД,Бургас,СЛЪНЧЕВ БРЯГ,Cafe,Gold,Not Seasonal,Out of Home
107435,МАГАИН ГЕРМАНА ЕООД,Бургас,СЛЪНЧЕВ БРЯГ,Restaurant,Gold,Seasonal,Out of Home
107438,ДЕНОНОЩЕН МАГАЗИН КИНЕТИКО ЕООД,Бургас,СВЕТИ ВЛАС,Restaurant,Silver,Seasonal,Out of Home
105791,ХРАНИТЕЛНИ СТОКИ СТАНИСЛАВ ЦОНЕВ ЕООД,Бургас,СВЕТИ ВЛАС,Fast-food,Gold,Seasonal,Out of Home
109561,ХРАНИТЕЛНИ СТОКИ ДЖЕСИ ЕООД,Бургас,ПОМОРИЕ,Fast-food,Silver,Seasonal,Out of Home
108532,ХРАНИТЕЛНИ СТОКИ ЕЛМА ВО ЕООД,Бургас,КИТЕН,Restaurant,Gold,Seasonal,Out of Home
106722,МАГАЗИН ЗА ХРАНИТЕЛНИ СТОКИ ЕООД,Бургас,КИТЕН,Superette,Gold,Seasonal,At Home
103923,МАГАЗИН ЗА ХРАИТЕЛНИ СТОКИ ЕООД,Бургас,ЧЕРНОМОРЕЦ,Local Shop,Gold,Seasonal,At Home
100558,МАГАЗИН ЗА ХР СТОКИ СТЕЛИЯ 2 ЕООД,Бургас,СЛЪНЧЕВ БРЯГ,Supermarket,Gold,Seasonal,At Home
110374,МАГАЗИН РУСЕ ТАБАК ЕООД,Бургас,НЕСЕБЪР,Fast-food,Gold,Seasonal,Out of Home
104404,ХРАНИТЕЛНИ СТОКИ ЕООД,Варна,ШКОРПИЛОВЦИ,Local Shop,Bronze,Seasonal,At Home
103571,МАГАЗИН ХРАНИТЕЛНИ СТОКИ ЕООД,Бургас,ТОПОЛИЦА,Local Shop,Bronze,Not Seasonal,At Home
106794,ХРАНИТЕЛНИ СТОКИ ХАВАЙ ЕООД,Бургас,СЛЪНЧЕВ БРЯГ,Nightclub,Gold,Seasonal,Out of Home
106797,ХРАНИТЕЛНИ СТОКИ ГЕНИ ЕООД,Бургас,СЛЪНЧЕВ БРЯГ,Nightclub,Silver,Seasonal,Out of Home
109095,ДИМИ МАРКЕТ ЕООД,Бургас,СОЗОПОЛ,Hotels,Bronze,Seasonal,Out of Home
109097,ХРАНИТЕЛЕН МАГАЗИН РУСКО ЕООД,Бургас,СОЗОПОЛ,Hotels,Bronze,Seasonal,Out of Home
105604,ДИСИ МАРКЕТ ЕООД,Варна,БЯЛА,Bar,Silver,Seasonal,Out of Home
109516,ДЖИ МАРКЕТ ЕООД,Бургас,ОБЗОР,Fast-food,Gold,Seasonal,Out of Home
110426,КАРАГЬОЗОВ 1 ЕООД,Бургас,КАРНОБАТ,Fast-food,Silver,Not Seasonal,Out of Home
106799,ХРАНИТЕЛЕН МАГАЗИН ЧАРЛИ ЕООД,Бургас,СЛЪНЧЕВ БРЯГ,Nightclub,Gold,Seasonal,Out of Home
111082,ХРАНИТЕЛЕН МАГАЗИН ЕООД,Бургас,СЛЪНЧЕВ БРЯГ,Hotels,Gold,Seasonal,Out of Home
107150,ХРАНИТЕЛЕН МАГАЗИН КААН ЕООД,Бургас,БУРГАС,Superette,Bronze,Not Seasonal,At Home
100782,ХРАНИТЕЛНИ СТОКИ ЕООД,Сливен,СЛИВЕН,Supermarket,Silver,Not Seasonal,At Home
102360,ХРАНИТЕЛНИ СТОКИ ТЕДИ ЕООД,Бургас,РАВДА,Local Shop,Gold,Seasonal,At Home
105715,ХРАНИТЕЛЕН МАГАЗИН ЕООД,Бургас,ПРИМОРСКО,Bar,Bronze,Seasonal,Out of Home
107750,МОКСИ 2 ЕООД,Бургас,БУРГАС,Restaurant,Gold,Seasonal,Out of Home
107751,МАГАЗИН ЗА ХРАНИТЕЛНИ СТОКИ ЕООД,Бургас,СИНЕМОРЕЦ,Restaurant,Bronze,Seasonal,Out of Home
108709,ОВИС 1 ЕООД,Бургас,СИНЕМОРЕЦ,Hotels,Bronze,Seasonal,Out of Home
109912,ХРАНИТЕЛЕН МАГАЗИН ЕООД,Бургас,СЛЪНЧЕВ БРЯГ,Cafe,Gold,Seasonal,Out of Home
107752,МИНИ МАРКЕТ ЕООД,Бургас,ЦАРЕВО,Restaurant,Gold,Not Seasonal,Out of Home
107433,СИЕЛ ЕООД,Бургас,СЛЪНЧЕВ БРЯГ,Restaurant,Gold,Seasonal,Out of Home
103570,ХРАНИТЕЛНИ СТОКИ РУСЕ ТАБАК ЕООД,Бургас,ПРИЛЕП,Local Shop,Iron,Not Seasonal,At Home
101337,ХРАНИТЕЛЕН МАГАЗИН ДИЕРА ЕООД,Бургас,СЛЪНЧЕВ БРЯГ,Nightclub,Silver,Seasonal,Out of Home
108189,ХРАНИТЕЛЕН МАГАЗИН ЕООД,Бургас,ПОМОРИЕ,Restaurant,Silver,Seasonal,Out of Home
109453,ХРАНИТЕЛЕН МАГАЗИН РОСЕН ХРИСТОВ ЕООД,Бургас,ЛОЗЕНЕЦ,Fast-food,Bronze,Seasonal,Out of Home
102359,ДЕТСКИ МАГАЗИН ЕООД,Бургас,НЕСЕБЪР,Local Shop,Gold,Seasonal,At Home
109210,ХРАНИТЕЛЕН МАГАЗИН ЕООД,Бургас,КИТЕН,Hotels,Silver,Seasonal,Out of Home
108912,ХРАНИТЕЛЕН МАГАЗИН ЕООД,Бургас,ОБЗОР,Hotels,Bronze,Seasonal,Out of Home
111316,БАКАЛИЯ ЕООД,Бургас,БУРГАС,Fast-food,Bronze,Seasonal,Out of Home
102363,ХРАНИТЕЛНИ СТОКИ СИЛВАНА ЕООД,Бургас,РАВДА,Local Shop,Bronze,Not Seasonal,At Home
105457,ХРАНИТЕЛЕН МАГАЗИН ДЕБРА ЕООД,Бургас,СОЗОПОЛ,Cafe,Bronze,Seasonal,Out of Home
105255,ХРАНИТЕЛНИ СТОКИ ЕООД,Бургас,БУРГАС,Cafe,Silver,Not Seasonal,Out of Home
109680,ХРАНИТЕЛЕН МАГАЗИН ФЕНИКС ЕООД,Бургас,СОЗОПОЛ,Fast-food,Silver,Seasonal,Out of Home
108279,ФМ ЦЕНТЪР ЕООД,Бургас,СОЗОПОЛ,Restaurant,Bronze,Seasonal,Out of Home
108256,G MARKET ЕООД,Бургас,СОЗОПОЛ,Restaurant,Gold,Seasonal,Out of Home
111773,ХРАНИТЕЛЕН МАГАЗИН ЕООД,Бургас,КИТЕН,Fast-food,Gold,Seasonal,Out of Home
104062,ДИЗАЙЕР ЕООД,Бургас,ЦАРЕВО,Local Shop,Bronze,Seasonal,At Home
105887,БИРСЕЛ ЕООД,Бургас,ЦАРЕВО,Fast-food,Bronze,Seasonal,Out of Home
109102,ХРАНИТЕЛНИ СТОКИ КОПАНКОВИ ЕООД,Бургас,СОЗОПОЛ,Hotels,Gold,Seasonal,Out of Home
105947,ЧЕТИРИ СЕЗОНА ЕООД,Бургас,НЕСЕБЪР,Fast-food,Gold,Seasonal,Out of Home
110046,ХРАНИТЕЛНИ СТОКИ ЕМИ ЕООД,Бургас,КАРНОБАТ,Cafe,Bronze,Not Seasonal,Out of Home
109288,ФАСТ МАРКЕТ ЕООД,Бургас,СОЗОПОЛ,Bar,Silver,Seasonal,Out of Home
101348,Магазин за хранителни стоки ЕООД,Варна,МЕДОВЕЦ,Nightclub,Bronze,Not Seasonal,Out of Home
110560,ХРАНИТЕЛНИ СТОКИ ЕООД,Бургас,БУРГАС,Fast-food,Silver,Not Seasonal,Out of Home
102229,ХРАНИТЕЛНИ СТОКИ ВЕЗОВ ЕООД,Бургас,ШИВАРОВО,Local Shop,Bronze,Not Seasonal,At Home
104112,ХРАНИТЕЛНИ СТОКИ ЕООД,Бургас,СОЗОПОЛ,Local Shop,Bronze,Seasonal,At Home
106569,МАГАЗИН РКС КООП ЕООД,Бургас,ТРЪНАК,Cafe,Iron,Not Seasonal,Out of Home
109496,Ника Маркет ЕООД,Бургас,НЕСЕБЪР,Fast-food,Silver,Not Seasonal,Out of Home
100919,САНИК МАРКЕТ ЕООД,Бургас,БУРГАС,Supermarket,Silver,Not Seasonal,At Home
103974,МИКС МАРКЕТ ЕООД,Бургас,БУРГАС,Local Shop,Silver,Not Seasonal,At Home
109563,АТЛАНТ ЕООД,Бургас,БУРГАС,Fast-food,Iron,Seasonal,Out of Home
103696,МАГАЗИН ЗА ХРАНИТЕЛНИ СТОКИ ЕООД,Сливен,КОТЕЛ,Local Shop,Bronze,Not Seasonal,At Home
103921,МАГАЗИН ЗА ХРАНИТЕЛНИ СТОКИ ЕООД,Бургас,БУРГАС,Local Shop,Bronze,Not Seasonal,At Home
111896,ХРАНИТЕЛНИ СТОКИ ЕООД,Бургас,БУРГАС,Superette,Iron,Not Seasonal,At Home
101347,ХРАНИТЕЛНИ СТОКИ ГАРД ЕООД,Варна,ДЪБРАВИНО,Nightclub,Bronze,Not Seasonal,Out of Home
102254,ХРАНИТЕЛНИ СТОКИ ЕООД,Бургас,КАБЛЕШКОВО,Local Shop,Silver,Not Seasonal,At Home
111540,ХРАНИТЕЛНИ СТОКИ ЕООД,Бургас,ПОМОРИЕ,Restaurant,Gold,Not Seasonal,Out of Home
110400,ВЕН ТРЕЙД ЕООД,Бургас,БУРГАС,Fast-food,Bronze,Not Seasonal,Out of Home
100135,ХРАНИТЕЛНИ СТОКИ ЕООД,Сливен,СЛИВЕН,Local Shop,Bronze,Not Seasonal,At Home
101336,ВИМОН ЕООД,Бургас,СЛЪНЧЕВ БРЯГ,Nightclub,Silver,Seasonal,Out of Home
101333,ХРАНИТЕЛНИ СТОКИ ЕООД,Бургас,СЛЪНЧЕВ БРЯГ,Nightclub,Silver,Seasonal,Out of Home
110044,МАГАЗИН ШИПКА 1 ЕООД,Бургас,АЙТОС,Cafe,Bronze,Not Seasonal,Out of Home
101334,МАГАЗИН ЗА ХРАНИТЕЛНИ СТОКИ ЕООД,Бургас,СЛЪНЧЕВ БРЯГ,Nightclub,Bronze,Seasonal,Out of Home
100918,МАГАЗИН ДИДИ ЕООД,Бургас,БУРГАС,Supermarket,Bronze,Not Seasonal,At Home
102337,МАГАЗИН РИНГ 21 ЕООД,Бургас,НЕСЕБЪР,Local Shop,Silver,Not Seasonal,At Home
103920,ХРАНИТЕЛНИ СТОКИ ЕООД,Бургас,АТИЯ,Local Shop,Silver,Not Seasonal,At Home
100160,ФРЕНДС 2023 ЕООД,Бургас,КАРНОБАТ,Local Shop,Silver,Not Seasonal,At Home
111474,ГЕРИ МАРКЕТ ЕООД,Варна,БЯЛА,Restaurant,Bronze,Seasonal,Out of Home
102309,ХРАНИТЕЛНИ СТОКИ НОВА КОМ ЕООД,Бургас,ОБЗОР,Local Shop,Silver,Seasonal,At Home
102308,РАЙМЕ БАСРИЕВА ЕООД,Бургас,ОБЗОР,Local Shop,Gold,Seasonal,At Home
108536,МХС МАРС ЕООД,Бургас,КИТЕН,Restaurant,Gold,Seasonal,Out of Home
107948,ЛЪВОВЕТЕ ЕООД ЕООД,Бургас,НЕСЕБЪР,Restaurant,Silver,Seasonal,Out of Home
107947,МЕСТА АНУШКА ЩЕРЕВА ЕООД,Бургас,НЕСЕБЪР,Restaurant,Silver,Seasonal,Out of Home
100187,МУСИМЕД 92 ЕМИНЕ ГАЗИНОВА ЕТ ЕООД,Бургас,БУРГАС,Local Shop,Bronze,Not Seasonal,At Home
108908,ТЮРКЯН АЛИ ЕООД,Бургас,ОБЗОР,Hotels,Bronze,Seasonal,Out of Home
111690,СЕВДА 94 ЕООД,Бургас,АЙТОС,Fast-food,Iron,Not Seasonal,Out of Home
104896,КАЛИНСКИ ЕООД ЕООД,Бургас,ОРИЗАРЕ,Cafe,Silver,Not Seasonal,Out of Home
111000,СМЕСЕН МАГАЗИН ЕООД,Варна,ВАРНА,Hotels,Silver,Seasonal,Out of Home
107668,СТЕЛИ 98 ИВАН ИВАНОВ ЕТ ЕООД,Бургас,БУРГАС,Restaurant,Gold,Seasonal,Out of Home
108627,МАГАЗИН ММ ЕООД,Бургас,СВЕТИ ВЛАС,Hotels,Silver,Seasonal,Out of Home
107541,СТАРКОВ СМЕСЕН МАГАЗИН ЕООД,Варна,БЯЛА,Restaurant,Bronze,Seasonal,Out of Home
110870,СМЕСЕН МАГАЗИН ЕООД,Бургас,СИНЕМОРЕЦ,Restaurant,Bronze,Seasonal,Out of Home
104249,КОНИ - НИНА КЮЧУКОВА ЕТ ЕООД,Бургас,БУРГАС,Local Shop,Silver,Not Seasonal,At Home
106858,МИМИ ЕООД,Бургас,ОБЗОР,Nightclub,Silver,Seasonal,Out of Home
109088,МХС РОСИЦА ЕООД,Бургас,СОЗОПОЛ,Hotels,Bronze,Seasonal,Out of Home
107946,ДАНИ ЕООД,Бургас,НЕСЕБЪР,Restaurant,Gold,Seasonal,Out of Home
108832,ВОЛЕН ЕООД,Бургас,АХЕЛОЙ,Hotels,Bronze,Seasonal,Out of Home
107358,ХРАНИТЕЛЕН МАГАЗИН ЕООД,Варна,БЯЛА,Restaurant,Silver,Seasonal,Out of Home
109868,СМЕСЕН МАГАЗИН ЕООД,Бургас,БУРГАС,Cafe,Iron,Not Seasonal,Out of Home
105908,ЗИЧО ЕООД,Бургас,АХТОПОЛ,Fast-food,Bronze,Seasonal,Out of Home
108303,ТУГИ ЕООД,Бургас,СОЗОПОЛ,Restaurant,Silver,Seasonal,Out of Home
111209,СОЛАРИС ЕООД,Бургас,ОБЗОР,Hotels,Gold,Seasonal,Out of Home
108252,ЮНАЙ ЕООД,Бургас,СОЗОПОЛ,Restaurant,Silver,Seasonal,Out of Home
110367,МОЯТ МАГАЗИН ЕООД,Бургас,НЕСЕБЪР,Fast-food,Bronze,Seasonal,Out of Home
108636,КОКО ЕООД,Варна,ШКОРПИЛОВЦИ,Hotels,Bronze,Seasonal,Out of Home
108305,ХРАНИТЕЛЕН МАГАЗИН ЕООД,Бургас,СОЗОПОЛ,Restaurant,Silver,Seasonal,Out of Home
110163,ИЛИЯН ЕООД,Бургас,СЛЪНЧЕВ БРЯГ,Fast-food,Silver,Seasonal,Out of Home
105774,ДЖАНТОВ ЕООД,Бургас,СВЕТИ ВЛАС,Fast-food,Silver,Seasonal,Out of Home
105517,ХЕМУС ЕООД,Бургас,ПРИМОРСКО,Cafe,Silver,Seasonal,Out of Home
106174,МАРКЕТ ЕООД,Бургас,КИТЕН,Fast-food,Gold,Seasonal,Out of Home
109216,СМЕСЕН МАГАЗИН ЕООД,Бургас,КИТЕН,Hotels,Silver,Seasonal,Out of Home
109064,МЕРТ ЕООД,Бургас,СОЗОПОЛ,Hotels,Silver,Not Seasonal,Out of Home
105242,КАМИ ЕООД,Бургас,НЕСЕБЪР,Cafe,Bronze,Seasonal,Out of Home
103569,КОРОНА ЕООД,Бургас,МАНОЛИЧ,Local Shop,Silver,Not Seasonal,At Home
100256,РАШКО ЕООД,Бургас,БУРГАС,Local Shop,Gold,Not Seasonal,At Home
108551,НУНИ ЕООД,Бургас,КИТЕН,Restaurant,Gold,Seasonal,Out of Home
111342,ИСМАИЛОВИ МУСА АЛИЕВ ЕТ ЕООД,Бургас,ОБЗОР,Fast-food,Bronze,Seasonal,Out of Home
108103,ШАНС 1959 ЕООД,Бургас,ОБЗОР,Restaurant,Bronze,Seasonal,Out of Home
104102,ЙОНКА ЕООД,Бургас,АХТОПОЛ,Local Shop,Bronze,Seasonal,At Home
108304,ГАЛАТЕЯ ЕООД,Бургас,СОЗОПОЛ,Restaurant,Bronze,Seasonal,Out of Home
102200,СПРИНТ ЕООД,Бургас,СЛЪНЧЕВ БРЯГ,Local Shop,Gold,Seasonal,At Home
105528,НИКИ ЕООД,Бургас,БУРГАС,Cafe,Bronze,Not Seasonal,Out of Home
106877,СМЕСЕН МАГАЗИН ЕООД,Бургас,ПРИМОРСКО,Nightclub,Silver,Seasonal,Out of Home
103720,ЕЛЗА 2021 ЕООД,Бургас,ВЕНЕЦ,Local Shop,Iron,Not Seasonal,At Home
103502,МХС ЕООД,Ямбол,ЯМБОЛ,Local Shop,Silver,Not Seasonal,At Home
101278,СОНЯ ЕООД,Ямбол,ОКОП,Cafe,Silver,Not Seasonal,At Home
110892,ЕФЕ МАРКЕТ ЕООД,Бургас,БУРГАС,Restaurant,Gold,Not Seasonal,Out of Home
105148,МХС ЕООД,Бургас,ЦАРЕВО,Cafe,Bronze,Seasonal,Out of Home
111699,ПК БЕЛИ ЛОМ ЕООД,Бургас,БУРГАС,Fast-food,Silver,Not Seasonal,Out of Home
110361,РПК ЗАПАД ЕООД,Бургас,НЕСЕБЪР,Fast-food,Bronze,Seasonal,Out of Home
110428,ДИ КИ М ЕООД ЕООД,Бургас,КАРНОБАТ,Fast-food,Bronze,Not Seasonal,Out of Home
104460,КАМИ ЕООД,Ямбол,СТРАЛДЖА,Local Shop,Iron,Not Seasonal,At Home
103919,МХС ТОМИС ЕООД,Бургас,РОСЕН,Local Shop,Silver,Not Seasonal,At Home
105378,10-КА ЕООД,Бургас,ПРИПЕК,Cafe,Silver,Not Seasonal,Out of Home
108637,ПК ЕДИНСТВО ЕООД,Варна,ШКОРПИЛОВЦИ,Hotels,Bronze,Seasonal,Out of Home
101353,РИО РОДЕО ЕООД,Бургас,БУРГАС,Nightclub,Iron,Not Seasonal,Out of Home
104110,ВЛАДИСЛАВА ЕООД,Бургас,ПРИМОРСКО,Local Shop,Gold,Seasonal,At Home
108552,ТРАПЕЗА ЕООД,Бургас,ПРИМОРСКО,Restaurant,Gold,Not Seasonal,Out of Home
108308,МАГАЗИН ЕООД,Бургас,СОЗОПОЛ,Restaurant,Bronze,Seasonal,Out of Home
105996,ОРЕЛ ЕООД,Бургас,АЙТОС,Fast-food,Bronze,Not Seasonal,Out of Home
108171,ВЕЗНИ ЕООД,Бургас,АЙТОС,Restaurant,Silver,Not Seasonal,Out of Home
106869,БЕТИ ЕООД,Бургас,СОЗОПОЛ,Nightclub,Silver,Seasonal,Out of Home
103560,СМЕСЕН МАГАЗИН ЕООД,Бургас,ЗАЙЧАР,Local Shop,Iron,Not Seasonal,At Home
108275,МИРО ЕООД,Бургас,СОЗОПОЛ,Restaurant,Gold,Seasonal,Out of Home
104406,ЗИНА ЕООД,Варна,БЯЛА,Local Shop,Gold,Not Seasonal,At Home
103492,УРМОМЕКС ЕООД,Ямбол,ЯМБОЛ,Local Shop,Bronze,Not Seasonal,At Home
107118,СТИВ ЕООД,Бургас,БУРГАС,Superette,Bronze,Not Seasonal,At Home
103910,АФРИН 21 ЕООД,Бургас,БУРГАС,Local Shop,Silver,Not Seasonal,At Home
109483,МАГАЗИН ЕООД,Бургас,НЕСЕБЪР,Fast-food,Gold,Not Seasonal,Out of Home
109993,ЦЕНТЪР ЕООД,Бургас,БУРГАС,Cafe,Silver,Not Seasonal,Out of Home
108117,ХРАНИТЕЛНИ СТОКИ ЕООД,Бургас,БУРГАС,Restaurant,Bronze,Not Seasonal,Out of Home
106336,Хранителни стоки ЕООД,Бургас,БУРГАС,Local Shop,Bronze,Not Seasonal,At Home
109484,Магазин ЕООД,Бургас,БУРГАС,Fast-food,Silver,Not Seasonal,Out of Home
108278,КАБОНА ТРАВЕЛ ООД ЕООД,Бургас,БУРГАС,Restaurant,Silver,Not Seasonal,Out of Home
102251,Магазин ЕООД,Бургас,КАБЛЕШКОВО,Local Shop,Silver,Not Seasonal,At Home
103952,магазин ЕООД,Бургас,ПОМОРИЕ,Local Shop,Iron,Not Seasonal,At Home
100861,МАГАЗИН ЕООД,Бургас,ПОМОРИЕ,Supermarket,Silver,Seasonal,At Home
110429,ГАЛАНТ САД ООД ЕООД,Бургас,ПОМОРИЕ,Fast-food,Silver,Not Seasonal,Out of Home
110322,ЮЖЕН ЗАЛИВ ЕООД,Бургас,БУРГАС,Fast-food,Silver,Seasonal,Out of Home
110016,НЕДЖАТ ЕООД,Бургас,НЕСЕБЪР,Cafe,Bronze,Not Seasonal,Out of Home
112046,ЕВРОМАРКЕТ ЕООД,Бургас,АЙТОС,Superette,Iron,Not Seasonal,At Home
104220,АРО ЕООД,Ямбол,ЕЛХОВО,Local Shop,Bronze,Not Seasonal,At Home
106579,МХС БОРЯНА ЕООД,Бургас,ЛЮЛЯКОВО,Cafe,Bronze,Not Seasonal,Out of Home
109548,КООП ЕООД,Бургас,БУРГАС,Fast-food,Gold,Not Seasonal,Out of Home
111942,ДИДИ ЕООД,Бургас,ТОПЧИЙСКО,Local Shop,Iron,Not Seasonal,At Home
104798,ЕРЕН ЕООД,Бургас,СОЗОПОЛ,Local Shop,Bronze,Seasonal,Out of Home
108267,СМЕСЕН МАГАЗИН ЕООД,Бургас,СОЗОПОЛ,Restaurant,Silver,Seasonal,Out of Home
111075,МОМИНА ЧЕШМА ЕООД,Бургас,СЛЪНЧЕВ БРЯГ,Hotels,Gold,Seasonal,Out of Home
111199,ШЕРМИН ЕООД,Бургас,РАВДА,Hotels,Gold,Not Seasonal,Out of Home
109347,ЯКАМОЗО ЕООД,Бургас,СЛЪНЧЕВ БРЯГ,Fast-food,Bronze,Not Seasonal,Out of Home
100557,ПАВИЛИОН ХРАНИТЕЛНИ СТОКИ 60 ЕООД,Бургас,СЛЪНЧЕВ БРЯГ,Supermarket,Bronze,Seasonal,At Home
103567,МАРГО 59 ЕООД,Бургас,ПОДВИС,Local Shop,Silver,Not Seasonal,At Home
100259,МАНУЕЛА ЕООД,Бургас,СОЗОПОЛ,Local Shop,Gold,Seasonal,At Home
106562,ЛАЗАРОВ ЕООД,Бургас,БУРГАС,Cafe,Silver,Not Seasonal,Out of Home
102245,ГЛАРУС ЕООД,Бургас,ДЪСКОТНА,Local Shop,Silver,Not Seasonal,At Home
110390,СМЕСЕН МАГАЗИН ЕООД,Бургас,ОБЗОР,Fast-food,Bronze,Seasonal,Out of Home
104108,КРИСТАЛ ЕООД,Бургас,СОЗОПОЛ,Local Shop,Gold,Seasonal,At Home
104063,СМЕСЕН МАГАЗИН ЕООД,Бургас,СОЗОПОЛ,Local Shop,Gold,Seasonal,At Home
104462,СМЕСЕН МАГАЗИН ЕООД,Ямбол,СТРАЛДЖА,Local Shop,Iron,Not Seasonal,At Home
105782,МАГАЗИН ЕООД,Бургас,СЛЪНЧЕВ БРЯГ,Fast-food,Silver,Not Seasonal,Out of Home
103575,СМЕСЕН МАГАЗИН ЕМИ ЕООД,Бургас,КАРАГЕОРГИЕВО,Local Shop,Silver,Not Seasonal,At Home
106773,БЕРЬОЗКА ЕООД,Бургас,СЛЪНЧЕВ БРЯГ,Nightclub,Bronze,Seasonal,Out of Home
111089,МАРКЕТ КОЛОРАДО ЕООД,Бургас,АХЕЛОЙ,Hotels,Gold,Seasonal,Out of Home
107944,КРИСТАЛ ОРЕЛ ЕООД,Бургас,НЕСЕБЪР,Restaurant,Gold,Seasonal,Out of Home
104106,МАГАЗИН ЕООД,Бургас,КИТЕН,Local Shop,Gold,Seasonal,At Home
104027,ЕНСА ЕООД,Бургас,КИТЕН,Local Shop,Gold,Seasonal,At Home
109761,ДЖИХАН ЕООД,Варна,ШКОРПИЛОВЦИ,Hotels,Bronze,Seasonal,Out of Home
106881,ВИНГ НЕДЕВИ ЕООД,Бургас,ПРИМОРСКО,Nightclub,Silver,Seasonal,Out of Home
105368,КАМЕР ЕООД,Бургас,СУНГУРЛАРЕ,Cafe,Silver,Not Seasonal,Out of Home
104247,СМЕСЕН МАГАЗИН ЕООД,Бургас,БУРГАС,Local Shop,Gold,Not Seasonal,At Home
105247,СТРОЙ ИНВЕСТ ЕООД,Бургас,НЕСЕБЪР,Cafe,Gold,Seasonal,Out of Home
107467,ХРАНИТЕЛНИ СТОКИ ЕООД,Бургас,СЛЪНЧЕВ БРЯГ,Restaurant,Bronze,Seasonal,Out of Home
100253,БГ ФУУДС ЕООД ЕООД,Бургас,ЦАРЕВО,Local Shop,Silver,Seasonal,At Home
106861,ВМВ МЕХМЕД ФЕРАД ЕООД,Бургас,ПОМОРИЕ,Nightclub,Silver,Seasonal,Out of Home
107075,МХС ЕООД,Сливен,КОТЕЛ,Superette,Bronze,Seasonal,At Home
111243,ЗДРАВЕЦ ЕООД,Бургас,ПРИМОРСКО,Hotels,Gold,Seasonal,Out of Home
107465,КОМФОРТ ЕООД,Бургас,СЛЪНЧЕВ БРЯГ,Restaurant,Bronze,Seasonal,Out of Home
107453,ХРАНИТЕЛЕН МАГАЗИН КАЛИЯ ЕООД,Бургас,СВЕТИ ВЛАС,Restaurant,Silver,Seasonal,Out of Home
100177,БОРОВЕЦ ЕООД,Бургас,БУРГАС,Local Shop,Gold,Not Seasonal,At Home
105900,НУРСЕЛИ МАРКЕТ ЕООД,Бургас,СИНЕМОРЕЦ,Fast-food,Bronze,Seasonal,Out of Home
104909,МИМО 92 ЕООД,Бургас,СЛЪНЧЕВ БРЯГ,Cafe,Silver,Seasonal,Out of Home
100547,ХРАНИТЕЛНИ СТОКИ ЕООД,Бургас,СЛЪНЧЕВ БРЯГ,Supermarket,Silver,Seasonal,At Home
102342,КМИ ЕООД,Бургас,АЙТОС,Local Shop,Silver,Not Seasonal,At Home
107725,МХС ЕООД,Бургас,ЛОЗЕНЕЦ,Restaurant,Bronze,Seasonal,Out of Home
101249,ГАРАЖА ПРИ ЗАВОЯ ЕООД,Бургас,СУНГУРЛАРЕ,Cafe,Bronze,Not Seasonal,At Home
106175,МАГАЗИН НУРАН ЕООД,Бургас,ПРИМОРСКО,Fast-food,Silver,Seasonal,Out of Home
109701,ХРАНИТЕЛНИ СТОКИ ЕООД,Бургас,СОЗОПОЛ,Fast-food,Silver,Seasonal,Out of Home
108280,ХРАНИТЕЛНИ СТОКИ ЕООД,Бургас,ЧЕРНОМОРЕЦ,Restaurant,Bronze,Seasonal,Out of Home
108281,СМЕСЕН МАГАЗИН ЕООД,Бургас,СОЗОПОЛ,Restaurant,Silver,Seasonal,Out of Home
108124,МАГАЗИН ЕООД,Бургас,БУРГАС,Restaurant,Iron,Not Seasonal,Out of Home
103393,АЛДИ ЕООД,Сливен,МОКРЕН,Local Shop,Iron,Not Seasonal,At Home
100173,ВИП ШОП ЕООД,Бургас,БУРГАС,Local Shop,Silver,Seasonal,At Home
100100,БЕКО ЕООД,Добрич,ДОБРИЧ,Local Shop,Silver,Not Seasonal,At Home
103964,ИСО20 ЕООД,Бургас,БУРГАС,Local Shop,Bronze,Not Seasonal,At Home
102880,МОЯТ МАГАЗИН ЕООД,Русе,РУСЕ,Local Shop,Silver,Not Seasonal,At Home
108974,ОБЗОР ЕООД,Бургас,ДРОПЛА,Hotels,Iron,Not Seasonal,Out of Home
101519,КАЛИЯ ЕООД,Шумен,ТОДОР ИКОНОМОВО,Local Shop,Bronze,Not Seasonal,At Home
101700,КРИСИ ЕООД,Варна,БЕЛОСЛАВ,Local Shop,Gold,Not Seasonal,At Home
101572,ХАЗРА ЕООД,Шумен,МАЛОМИР,Local Shop,Iron,Not Seasonal,At Home
103023,мхс ЕООД,Разград,ЕЗЕРЧЕ,Local Shop,Silver,Not Seasonal,At Home
112066,СТРОИТЕЛНА БОРСА ЕООД,Добрич,ЗЪРНЕВО,Superette,Bronze,Not Seasonal,At Home
101517,СИБЕЛ МАРКЕТ ЕООД,Шумен,НИКОЛА КОЗЛЕВО,Local Shop,Iron,Not Seasonal,At Home
103937,КОРОНА БЕНКОВСКИ ЕООД,Бургас,БУРГАС,Local Shop,Silver,Not Seasonal,At Home
102545,МХС ЕООД,Търговище,БУХОВЦИ,Local Shop,Silver,Not Seasonal,At Home
102644,ЕРСИ С БОЖАН ЕООД,Русе,ВЕТОВО,Local Shop,Gold,Not Seasonal,At Home
104246,КОЛЕВ ТРЕЙД ЖК ЕООД,Бургас,БУРГАС,Local Shop,Gold,Not Seasonal,At Home
111936,АНИКОС ЕООД,Добрич,ДОБРИЧ,Local Shop,Silver,Not Seasonal,At Home
102980,МАГАЗИНЧЕТО НА КВАРТАЛА ЕООД,Разград,ЛОЗНИЦА,Local Shop,Silver,Not Seasonal,At Home
102096,ТРИЯДА ЕООД,Варна,ВАРНА,Local Shop,Silver,Not Seasonal,At Home
103008,МАГАЗИН ЕООД,Разград,БЕЛИНЦИ,Local Shop,Bronze,Not Seasonal,At Home
104308,ХРАНИТЕЛНИ СТОКИ ЕООД,Силистра,ГЛАВИНИЦА,Local Shop,Iron,Not Seasonal,At Home
101205,МАГАЗИН КАЛИЯ ЕООД,Варна,ВАРНА,Cafe,Gold,Not Seasonal,At Home
102477,ЕВШЕН ЕООД,Търговище,ОМУРТАГ,Local Shop,Silver,Not Seasonal,At Home
106655,САЛИ 98 ЕООД,Търговище,ОМУРТАГ,Superette,Bronze,Not Seasonal,At Home
104281,МЕЧО КАРАПЕЛИТ ЕООД,Русе,РУСЕ,Local Shop,Iron,Not Seasonal,At Home
104315,АГРО КАРАПЕЛИТ ЕООД,Русе,РУСЕ,Local Shop,Bronze,Not Seasonal,At Home
104306,СИБИ ЕООД,Силистра,ЗВЕНИМИР,Local Shop,Iron,Not Seasonal,At Home
107116,ЕВРОЕТЕМ ОСМАНОВ ЕООД,Бургас,БУРГАС,Superette,Iron,Not Seasonal,At Home
101693,НИКИ 97 ЕООД,Варна,ДЕВНЯ,Local Shop,Gold,Not Seasonal,At Home
101702,МХС ЕООД,Варна,ДЕВНЯ,Local Shop,Gold,Not Seasonal,At Home
102543,НИКОНИ ЕООД,Търговище,ТЪРГОВИЩЕ,Local Shop,Iron,Not Seasonal,At Home
104152,СЕВИНЧ ЕООД,Бургас,МАРИНКА,Local Shop,Iron,Not Seasonal,At Home
101703,КОЛЕВ ТЕЙД ЕООД,Варна,ДЕВНЯ,Local Shop,Silver,Not Seasonal,At Home
100203,МИЧУРИН ЕООД,Бургас,БУРГАС,Local Shop,Silver,Not Seasonal,At Home
103375,НЕВ СИН ЕООД,Варна,ВАРНА,Local Shop,Gold,Not Seasonal,At Home
110401,МИНИМАРКЕТ ЕООД,Бургас,БУРГАС,Fast-food,Gold,Not Seasonal,Out of Home
105994,Кипарис ЕООД,Бургас,БУРГАС,Fast-food,Bronze,Not Seasonal,Out of Home
103922,МАГАЗИН НАЙНДЪР ЕООД,Бургас,БУРГАС,Local Shop,Iron,Not Seasonal,At Home
104245,ДЮКЯН ЕООД,Бургас,БУРГАС,Local Shop,Gold,Not Seasonal,At Home
104284,ЗЛАТНИЯ ДЪБ ЕООД,Русе,РУСЕ,Local Shop,Gold,Not Seasonal,At Home
104286,ХРАНИТЕЛНИ СТОКИ ЕООД,Русе,РУСЕ,Local Shop,Gold,Not Seasonal,At Home
104288,СМЕСЕН МАГАЗИН ЕООД,Русе,РУСЕ,Local Shop,Silver,Not Seasonal,At Home
104234,СМЕСЕН МАГАЗИН ЕООД,Бургас,БУРГАС,Local Shop,Bronze,Not Seasonal,At Home
103342,ХРАНИТЕЛЕН МАГАЗИН ЕООД,Варна,ВАРНА,Local Shop,Gold,Not Seasonal,At Home
101516,СЕЛСКИ МАГАЗИН ЕООД,Шумен,ТОДОР ИКОНОМОВО,Local Shop,Bronze,Not Seasonal,At Home
103074,ХРАНИТЕЛЕН МАГАЗИН ЕООД,Разград,РАЗГРАД,Local Shop,Iron,Not Seasonal,At Home
103034,Смесен магазин ЕООД,Разград,РАЗГРАД,Local Shop,Iron,Not Seasonal,At Home
103032,БИЛЯНА ЕООД,Разград,РАЗГРАД,Local Shop,Iron,Not Seasonal,At Home
103343,МЕРТМАКС ЕООД,Варна,ВАРНА,Local Shop,Gold,Not Seasonal,At Home
103097,ХРАНИТЕЛЕН МАГАЗИН ЕООД,Разград,ПОДАЙВА,Local Shop,Iron,Not Seasonal,At Home
104385,СМЕСЕН МАГАЗИН ЕООД,Разград,КУБРАТ,Local Shop,Gold,Not Seasonal,At Home
101994,ИВАЙЛО ЕООД,Варна,ИГНАТИЕВО,Local Shop,Bronze,Not Seasonal,At Home
100716,Смесен магазин 2 ЕООД,Варна,ВАРНА,Supermarket,Silver,Not Seasonal,At Home
107203,Смесен магазин ЕООД,Разград,КУБРАТ,Superette,Iron,Not Seasonal,At Home
107202,Смесен магазин ЕООД,Разград,КУБРАТ,Superette,Bronze,Not Seasonal,At Home
102918,Смесен магазин ЕООД,Русе,ГЛОДЖЕВО,Local Shop,Iron,Not Seasonal,At Home
104243,Смесен магазин ЕООД,Бургас,БУРГАС,Local Shop,Silver,Not Seasonal,At Home
103294,МОЯТ МАГАЗИН ЕООД,Добрич,ЧЕРНА,Local Shop,Bronze,Not Seasonal,At Home
104350,Смесен магазин ЕООД,Русе,РУСЕ,Local Shop,Iron,Not Seasonal,At Home
104304,Смесен магазин ЕООД,Силистра,РУЙНО,Local Shop,Iron,Not Seasonal,At Home
104290,АЛЕКСИЯ ЕООД,Силистра,БОСНА,Local Shop,Bronze,Not Seasonal,At Home
103033,БРАТЯ ШАКИРОВИ ЕООД,Разград,РАЗГРАД,Local Shop,Silver,Not Seasonal,At Home
103022,КРАСИ 25 ЕООД,Разград,ГЕЦОВО,Local Shop,Gold,Not Seasonal,At Home
104388,ТРАПЕЗА 2 ЕООД,Разград,БЕЛОВЕЦ,Local Shop,Iron,Not Seasonal,At Home
104379,СМЕСЕН МАГАЗИП ЕООД,Разград,БЕЛОВЕЦ,Local Shop,Iron,Not Seasonal,At Home
103668,МАРИЦА ЕООД,Бургас,ЕКЗАРХ АНТИМОВО,Local Shop,Gold,Not Seasonal,At Home
103722,НЕЖЛЯ ЕООД,Бургас,ВЕНЕЦ,Local Shop,Iron,Not Seasonal,At Home
100318,МАКС ГЛОБАЛ ГРУП ЕООД,Шумен,КЛИМЕНТ,Supermarket,Iron,Not Seasonal,At Home
102929,ШАМИ ЕООД,Русе,САНДРОВО,Local Shop,Iron,Not Seasonal,At Home
110423,СЕСИ ЕООД,Бургас,СУНГУРЛАРЕ,Fast-food,Silver,Not Seasonal,Out of Home
104173,СМЕСЕН МАГАЗИН ЕООД,Бургас,СРЕДЕЦ,Local Shop,Iron,Not Seasonal,At Home
104172,ПАВИЛИОН ЗА ХРАНИТЕЛНИ СТОКИ ЕООД,Бургас,СРЕДЕЦ,Local Shop,Iron,Not Seasonal,At Home
103131,СМЕСЕН МАГАЗИН ЕООД,Добрич,ОРЛЯК,Local Shop,Iron,Not Seasonal,At Home
102243,СЕЛАЙ ЕООД,Бургас,РУЕН,Local Shop,Bronze,Not Seasonal,At Home
101514,СЕВГИ ЕООД,Шумен,ПЕТ МОГИЛИ,Local Shop,Iron,Not Seasonal,At Home
104530,СМЕСЕН МАГАЗИН ЕООД,Варна,МЕДОВЕЦ,Local Shop,Iron,Not Seasonal,At Home
107127,КОРОНА ЕООД,Бургас,БУРГАС,Superette,Bronze,Not Seasonal,At Home
111945,СМЕСЕН МАГАЗИН ЕООД,Бургас,АЙТОС,Local Shop,Bronze,Not Seasonal,At Home
104295,ХРАНИТЕЛНИ СТОКА ЕООД,Разград,ДЕЛЧЕВО,Local Shop,Iron,Not Seasonal,At Home
104301,ТОНИ И ЛИЛИ ЕООД,Силистра,МАЛЪК ПРЕСЛАВЕЦ,Local Shop,Iron,Not Seasonal,At Home
102341,МАГАЗИН ЕООД,Бургас,МЪГЛЕН,Local Shop,Silver,Not Seasonal,At Home
102340,ХМ ЕФИР ЕООД,Бургас,СЪДИЕВО,Local Shop,Bronze,Not Seasonal,At Home
104361,МАГАЗИН ЛУДОГОРИЕ ЕООД,Силистра,СТАРО СЕЛО,Local Shop,Iron,Not Seasonal,At Home
101825,МАГАЗИН ПАРКОВА ЕООД,Добрич,ДОБРИЧ,Local Shop,Silver,Not Seasonal,At Home
102542,МХС ЕООД,Търговище,ДЪЛГАЧ,Local Shop,Silver,Not Seasonal,At Home
102541,НАДЕЖДА 2005 ЕООД,Търговище,ВАСИЛ ЛЕВСКИ,Local Shop,Silver,Not Seasonal,At Home
102549,МХС ЕООД,Търговище,ТЪРГОВИЩЕ,Local Shop,Silver,Not Seasonal,At Home
102544,ХРАНИТЕЛЕН МАГАЗИН ЕООД,Търговище,КРАЛЕВО,Local Shop,Silver,Not Seasonal,At Home
101704,СМЕСЕН МАГАЗИН ПАЛАУЗОВ ЕООД,Варна,ЧЕРНЕВО,Local Shop,Silver,Not Seasonal,At Home
107199,ХРАНИТЕЛЕН МАГАЗИН ЕООД,Русе,РУСЕ,Superette,Iron,Not Seasonal,At Home
103072,ХРАНИТЕЛНИ СТОКИ ЕООД,Разград,РАКОВСКИ,Local Shop,Bronze,Not Seasonal,At Home
100658,СМЕСЕН МАГАЗИН ЕООД,Търговище,ЛЮБИЧЕВО,Supermarket,Silver,Not Seasonal,At Home
101927,ХРАНИТЕЛЕН МАГАЗИН ЕООД,Добрич,ДОБРИЧ,Local Shop,Silver,Not Seasonal,At Home
108722,ХРИСТОФОР ЕООД,Бургас,БУРГАС,Hotels,Gold,Seasonal,Out of Home
100809,ПЕТИКС ЕООД,Сливен,КАЛОЯНОВО,Supermarket,Gold,Not Seasonal,At Home
107249,МХС ЕООД,Бургас,СОЗОПОЛ,Supermarket,Gold,Seasonal,At Home
100184,ХРАНИТЕЛНИ СТОКИ ЕООД,Бургас,БУРГАС,Local Shop,Silver,Seasonal,At Home
106413,МХС ЕООД,Бургас,СЛЪНЧЕВ БРЯГ,Cafe,Silver,Seasonal,Out of Home
101184,МАГАЗИН КРЕЙЗИ ЕООД,Сливен,СТАРА РЕКА,Cafe,Iron,Not Seasonal,At Home
106602,МХС ЕООД,Бургас,БУРГАС,Cafe,Iron,Not Seasonal,Out of Home
105055,МХС ЕООД,Ямбол,ЯМБОЛ,Cafe,Silver,Not Seasonal,At Home
106491,ХРАНИТЕЛНИ СТОКИ ЕООД,Бургас,БУРГАС,Cafe,Bronze,Not Seasonal,Out of Home
102193,НОНА ЕООД,Бургас,ДОБРОМИР,Local Shop,Silver,Not Seasonal,At Home
104470,ДСК ЕООД,Ямбол,СТРАЛДЖА,Local Shop,Iron,Not Seasonal,At Home
103965,ХРИСИМА ЕООД,Бургас,ПОМОРИЕ,Local Shop,Bronze,Not Seasonal,At Home
109056,УЕЙВ МАРКЕТ ЕООД,Бургас,СОЗОПОЛ,Hotels,Bronze,Seasonal,Out of Home
101373,ФЕНИКС ТРЕЙД ЕООД,Бургас,РАВАДИНОВО,Nightclub,Silver,Seasonal,Out of Home
111087,КЮМАДЖИЕВИ ЕООД,Бургас,СЛЪНЧЕВ БРЯГ,Hotels,Silver,Seasonal,Out of Home
106405,РПК ЗАПАД ЕООД,Бургас,ПРИМОРСКО,Cafe,Silver,Seasonal,Out of Home
108285,ЦАР КАЛОЯН ЕООД,Бургас,СОЗОПОЛ,Restaurant,Silver,Seasonal,Out of Home
108286,ФАНТАЗИЯ ЕООД,Бургас,СОЗОПОЛ,Restaurant,Silver,Seasonal,Out of Home
106151,ХРАНИТЕЛНИ СТОКИ ЕООД,Бургас,СОЗОПОЛ,Fast-food,Silver,Seasonal,Out of Home
106871,ДАНТО ЕООД,Бургас,СОЗОПОЛ,Nightclub,Silver,Seasonal,Out of Home
106112,ХРАНИТЕЛНИ СТОКИ ЕООД,Бургас,БУРГАС,Fast-food,Iron,Not Seasonal,Out of Home
107674,ДИАНА ЕООД,Бургас,ЦАРЕВО,Restaurant,Bronze,Seasonal,Out of Home
105770,ФАМИЛИЯ ЕООД,Бургас,СЛЪНЧЕВ БРЯГ,Fast-food,Silver,Seasonal,Out of Home
108383,МХС ЕООД,Бургас,ПРИМОРСКО,Restaurant,Silver,Seasonal,Out of Home
110890,АЛИЯ ЕООД,Бургас,БУРГАС,Restaurant,Gold,Not Seasonal,Out of Home
105295,МХС ЕООД,Бургас,ОБЗОР,Cafe,Bronze,Seasonal,Out of Home
108287,МХС ЕООД,Бургас,ЧЕРНОМОРЕЦ,Restaurant,Silver,Seasonal,Out of Home
101158,ГАЛАТЕЯ ЕООД,Бургас,СЛЪНЧЕВ БРЯГ,Cafe,Bronze,Not Seasonal,At Home
111635,МХС ЕООД,Бургас,ЦАРЕВО,Fast-food,Bronze,Seasonal,Out of Home
109194,ГОРАНОВ ЕООД,Бургас,КИТЕН,Hotels,Silver,Seasonal,Out of Home
110792,ХРАНИТЕЛНИ СТОКИ ЕООД,Бургас,БУРГАС,Fast-food,Silver,Not Seasonal,Out of Home
102323,МХС М9 ЕООД,Бургас,ОБЗОР,Local Shop,Gold,Seasonal,At Home
100472,КАВАЦИТЕ ЕООД,Бургас,ОБЗОР,Supermarket,Bronze,Seasonal,At Home
107942,ХР МН ЕООД,Бургас,РАВДА,Restaurant,Gold,Seasonal,Out of Home
103398,МХС АКС ЕООД,Сливен,СЛИВЕН,Local Shop,Silver,Not Seasonal,At Home
109076,МУСКИТО ЕООД,Бургас,СОЗОПОЛ,Hotels,Silver,Seasonal,Out of Home
109054,МХС НИКО 94 ЕООД,Бургас,СОЗОПОЛ,Hotels,Silver,Seasonal,Out of Home
108244,РЕМИС ЕООД,Бургас,ЧЕРНОМОРЕЦ,Restaurant,Silver,Seasonal,Out of Home
108282,ДЕНИСЛАВ ЕООД,Бургас,СОЗОПОЛ,Restaurant,Silver,Seasonal,Out of Home
104912,РУМЧО ЕООД,Бургас,БУРГАС,Cafe,Bronze,Not Seasonal,Out of Home
104782,МАГАЗИН ЕООД,Велико Търново,ПОЛСКИ ТРЪМБЕШ,Local Shop,Gold,Not Seasonal,At Home
110563,НАНСИ ЕООД,Бургас,РУСОКАСТРО,Fast-food,Bronze,Not Seasonal,Out of Home
103396,ТМ МАРКЕТ ЕООД,Сливен,ИЧЕРА,Local Shop,Bronze,Not Seasonal,At Home
103932,ГОЛСМИЙД ЕООД,Бургас,БУРГАС,Local Shop,Silver,Not Seasonal,At Home
103879,БАЛМОРД ЕООД,Бургас,БУРГАС,Local Shop,Silver,Not Seasonal,At Home
103966,ХР СТОКИ ЕООД,Бургас,БЪЛГАРОВО,Local Shop,Bronze,Not Seasonal,At Home
112010,МАГАЗИН СЕКВОЯ ЕООД,Бургас,БУРГАС,Local Shop,Silver,Not Seasonal,At Home
110169,ТЕДИНА 07 ЕООД,Бургас,БУРГАС,Fast-food,Gold,Not Seasonal,Out of Home
111640,ХР МН ЕООД,Бургас,ЦАРЕВО,Fast-food,Bronze,Seasonal,Out of Home
109550,ХРАНИТЕЛНИ СТОКИ ЕООД,Бургас,БУРГАС,Fast-food,Bronze,Not Seasonal,Out of Home
104217,ХР МН ЕООД,Бургас,БУРГАС,Local Shop,Silver,Not Seasonal,At Home
105416,БЯЛАТА ЛАГУНА ЕООД,Бургас,АЙТОС,Cafe,Silver,Not Seasonal,Out of Home
105409,MINI MARKET ЕООД,Бургас,АЙТОС,Cafe,Silver,Not Seasonal,Out of Home
104493,EROS MARKET ЕООД,Варна,МЕДОВЕЦ,Local Shop,Bronze,Not Seasonal,At Home
108615,ЛАЙТХУС ЕООД,Бургас,СВЕТИ ВЛАС,Hotels,Silver,Seasonal,Out of Home
109564,БАКАЛИЯ ЕООД,Бургас,ВРЕСОВО,Fast-food,Bronze,Not Seasonal,Out of Home
105163,МИКС СТОУН ЕООД,Бургас,БУРГАС,Cafe,Silver,Not Seasonal,Out of Home
103956,МХС АИДА ЕООД,Бургас,БУРГАС,Local Shop,Silver,Not Seasonal,At Home
106862,ЛЪКИ ЕООД,Бургас,БУРГАС,Nightclub,Iron,Not Seasonal,Out of Home
104501,МЕГАКОМЕРС ЕООД,Варна,ПАРТИЗАНИ,Local Shop,Silver,Not Seasonal,At Home
101269,ИВАН КОСТАДИНОВ ЕООД,Ямбол,ЕЛХОВО,Cafe,Bronze,Not Seasonal,At Home
109909,ЙОСА ЕООД,Бургас,БУРГАС,Cafe,Bronze,Not Seasonal,Out of Home
102021,Сокола ЕООД,Варна,ДОБРОГЛЕД,Local Shop,Bronze,Not Seasonal,At Home
111929,ХРАНИТЕЛНИ СТОКИ ЕООД,Силистра,АЙДЕМИР,Local Shop,Gold,Not Seasonal,At Home
100204,РОС МАР ЕООД,Бургас,БУРГАС,Local Shop,Silver,Not Seasonal,At Home
101542,МИРЯНА КОМЕРС ЕООД,Шумен,ШУМЕН,Local Shop,Bronze,Not Seasonal,At Home
104265,МХС НИКОЛОВ ЕООД,Бургас,БУРГАС,Local Shop,Silver,Not Seasonal,At Home
102827,СИМОН ЕООД,Русе,БОРОВО,Local Shop,Bronze,Not Seasonal,At Home
107173,Лаго 3 ЕООД,Бургас,БУРГАС,Superette,Bronze,Not Seasonal,At Home
104293,ТРИНИКУМ ЕООД,Русе,РУСЕ,Local Shop,Bronze,Not Seasonal,At Home
103024,МХС ЕООД,Разград,РАЗГРАД,Local Shop,Bronze,Not Seasonal,At Home
103025,НИКИ 70 ЕООД,Разград,РАЗГРАД,Local Shop,Silver,Not Seasonal,At Home
106674,ХРИСКО ЕООД,Разград,РАЗГРАД,Superette,Bronze,Not Seasonal,At Home
103027,МХС ЖИКО ЕООД,Разград,РАЗГРАД,Local Shop,Bronze,Not Seasonal,At Home
100715,МАГИ 2000 ЕООД,Разград,ЯСЕНОВЕЦ,Supermarket,Silver,Not Seasonal,At Home
104331,ШАНС ЕООД,Разград,ЦАР КАЛОЯН,Local Shop,Bronze,Not Seasonal,At Home
102540,САВИМЕКС ЕООД,Търговище,ОСТРЕЦ,Local Shop,Bronze,Not Seasonal,At Home
103114,МИМИ ЕООД,Добрич,ДОБРИЧ,Local Shop,Silver,Not Seasonal,At Home
103105,ЮКИ-ЮКСЕЛ ШЕРИФ ЕТ ЕООД,Добрич,ДОБРИЧ,Local Shop,Silver,Not Seasonal,At Home
104005,РУМИЛ ЕООД,Бургас,БУРГАС,Local Shop,Iron,Not Seasonal,At Home
104004,ВАСИ ЕООД,Бургас,БУРГАС,Local Shop,Bronze,Not Seasonal,At Home
101420,ВЕС 2008 ЕООД,Шумен,ШУМЕН,Local Shop,Bronze,Not Seasonal,At Home
103545,КЕНТАВЪР ЕООД,Бургас,КАРАГЕОРГИЕВО,Local Shop,Silver,Not Seasonal,At Home
104279,АМЕРИКАНСКО ЗНАМЕ ЕООД,Русе,РУСЕ,Local Shop,Bronze,Not Seasonal,At Home
104254,МХС АНТ ЕООД,Бургас,БУРГАС,Local Shop,Silver,Not Seasonal,At Home
102058,КРИС НИКОЛА ДРАГАНОВИ ЕООД,Варна,ВАРНА,Local Shop,Gold,Not Seasonal,At Home
111997,Аяакс ЕООД,Варна,ВАРНА,Local Shop,Bronze,Not Seasonal,At Home
103809,СВЕТИ АН ЕООД,Варна,ВАРНА,Local Shop,Gold,Not Seasonal,At Home
100370,МХС ЕООД,Варна,ВАРНА,Supermarket,Bronze,Not Seasonal,At Home
100917,ЕДЕЛВАЙС 85 ЕООД,Бургас,БУРГАС,Supermarket,Bronze,Not Seasonal,At Home
103808,КОРАЛ ЕООД,Варна,ВАРНА,Local Shop,Silver,Not Seasonal,At Home
101705,ПОПЧЕВ ЕООД,Варна,БЕЛОГРАДЕЦ,Local Shop,Gold,Not Seasonal,At Home
101426,МХС ЕООД,Шумен,КЮЛЕВЧА,Local Shop,Bronze,Not Seasonal,At Home
107107,МОРСКО КОНЧЕ ЕООД,Варна,ВАРНА,Superette,Gold,Not Seasonal,At Home
100391,МХС ЕООД,Добрич,ДОБРИЧ,Supermarket,Bronze,Not Seasonal,At Home
102905,МХС ДАНЧО ЕООД,Русе,МАРТЕН,Local Shop,Gold,Not Seasonal,At Home
101706,МХС ЕООД,Варна,КОНСТАНТИНОВО,Local Shop,Gold,Not Seasonal,At Home
102057,МХС ЕООД,Варна,ИГНАТИЕВО,Local Shop,Silver,Not Seasonal,At Home
103913,ШАНС ЕООД,Бургас,БУРГАС,Local Shop,Gold,Not Seasonal,At Home
103995,МХС ЕООД,Бургас,БУРГАС,Local Shop,Bronze,Not Seasonal,At Home
106338,БМ ЛЕНД ЕООД,Русе,РУСЕ,Local Shop,Gold,Not Seasonal,At Home
101431,ДАРИ 07 ЕООД,Шумен,ШУМЕН,Local Shop,Silver,Not Seasonal,At Home
101687,МХС ЕООД,Варна,ДЕВНЯ,Local Shop,Gold,Not Seasonal,At Home
104479,МХС ЕООД,Варна,ПАРТИЗАНИ,Local Shop,Silver,Not Seasonal,At Home
106289,АКСЕЛ ЕООД,Бургас,КАРНОБАТ,Local Shop,Silver,Not Seasonal,At Home
100431,НИКО 2019 ЕООД,Варна,ВАРНА,Supermarket,Iron,Seasonal,At Home
101701,КРИСТИАН ВАСИЛЕВ ЕООД,Варна,НЕВША,Local Shop,Bronze,Not Seasonal,At Home
100332,АНИКОС ЕООД,Варна,ДЕВНЯ,Supermarket,Silver,Not Seasonal,At Home
102088,ЛАГО 1 ЕООД,Варна,ВАРНА,Local Shop,Silver,Not Seasonal,At Home
103880,ФРЕШ МАРКЕТ ЕООД,Бургас,БУРГАС,Local Shop,Gold,Not Seasonal,At Home
102044,ПАЛМА ЕООД,Варна,КИЧЕВО,Local Shop,Bronze,Not Seasonal,At Home
102084,КАВАЦИТЕ ЕООД,Варна,ВАРНА,Local Shop,Gold,Not Seasonal,At Home
104003,АНДРЕЕВ ЕООД,Бургас,БУРГАС,Local Shop,Bronze,Not Seasonal,At Home
102881,МАГАЗИН ЕООД,Русе,РУСЕ,Local Shop,Silver,Not Seasonal,At Home
102932,ЧЕРВЕН РАК ЕООД,Русе,НИКОЛОВО,Local Shop,Gold,Not Seasonal,At Home
103863,СТОЯНОВ 97 ЕООД,Бургас,БУРГАС,Local Shop,Bronze,Not Seasonal,At Home
107000,ХР СТОКИ ЕООД,Русе,ГЛОДЖЕВО,Superette,Bronze,Not Seasonal,At Home
106234,ПРИ ШОПА ЕООД,Варна,ВАРНА,Local Shop,Silver,Not Seasonal,At Home
103963,ХР МН ЕООД,Бургас,БУРГАС,Local Shop,Iron,Not Seasonal,At Home
107049,ЮЛ-ГЕ ЕООД,Добрич,ОВЧАРОВО,Superette,Silver,Not Seasonal,At Home
103353,ФРЕШ ЕООД,Варна,ВАРНА,Local Shop,Gold,Not Seasonal,At Home
104405,ВАЛДИ ЕООД,Варна,ПРИСЕЛЦИ,Local Shop,Gold,Not Seasonal,At Home
101544,ПРИМЕРА ЕООД,Шумен,ПЕТ МОГИЛИ,Local Shop,Bronze,Not Seasonal,At Home
101512,ГЕРЛОВО ЕООД,Шумен,ХЪРСОВО,Local Shop,Bronze,Not Seasonal,At Home
103127,М МАРКЕТ ЕООД,Добрич,РОСЕНОВО,Local Shop,Iron,Not Seasonal,At Home
101583,МАГАЗИН ХРАНИТЕЛНИ СТОКИ ДРИЙМ ЕООД,Силистра,СИЛИСТРА,Local Shop,Iron,Not Seasonal,At Home
101589,ГРАЦИЕЛА ЕООД,Силистра,СИЛИСТРА,Local Shop,Bronze,Not Seasonal,At Home
100430,МАГАЗИН ЕООД,Варна,ВАРНА,Supermarket,Silver,Not Seasonal,At Home
102504,МХС АВАНГАРД ЕООД,Търговище,ПАЛАМАРЦА,Local Shop,Iron,Not Seasonal,At Home
101398,БАКАЛИЯТА ЕООД,Шумен,ИВАНСКИ,Local Shop,Bronze,Not Seasonal,At Home
112038,МЕНТЕШЕТО ЕООД,Шумен,НОВИ ПАЗАР,Superette,Bronze,Not Seasonal,At Home
103806,МАГАЗИН ЕООД,Варна,ВАРНА,Local Shop,Iron,Not Seasonal,At Home
101521,ХР МН ЕООД,Шумен,ПЕТ МОГИЛИ,Local Shop,Bronze,Not Seasonal,At Home
102427,ХР МН ЕООД,Търговище,КАРДАМ,Local Shop,Iron,Not Seasonal,At Home
104380,ХР МН ЕООД,Силистра,ЦАР САМУИЛ,Local Shop,Silver,Not Seasonal,At Home
103016,ХРАНИТЕЛНИ СТОКИ ЕООД,Разград,ЛОЗНИЦА,Local Shop,Iron,Not Seasonal,At Home
106210,ХР МН ЕООД,Шумен,ШУМЕН,Local Shop,Gold,Not Seasonal,At Home
104332,ФЛИРТ ЕООД,Разград,КУБРАТ,Local Shop,Bronze,Not Seasonal,At Home
102865,СУПЕРМАРКЕТ ЕООД,Силистра,ТУТРАКАН,Local Shop,Silver,Not Seasonal,At Home
103029,ДАР 2000 ЕООД,Разград,БРЕСТОВЕНЕ,Local Shop,Iron,Not Seasonal,At Home
103030,МАГАЗИН ЕООД,Разград,ОСТРОВО,Local Shop,Iron,Not Seasonal,At Home
103345,АУРЕЛИЯ ЕООД,Варна,ВАРНА,Local Shop,Bronze,Not Seasonal,At Home
104333,ПАРАЛЕЛ ЦЕНТЪР ЕООД,Разград,КУБРАТ,Local Shop,Silver,Not Seasonal,At Home
102546,МХС ЕООД,Търговище,ТЪРГОВИЩЕ,Local Shop,Gold,Not Seasonal,At Home
101966,ПЕТЯ 09 ЕООД,Добрич,ПЛАЧИДОЛ,Local Shop,Bronze,Not Seasonal,At Home
100659,МАГАЗИН ЕТНОГРАФСКИ ЕООД,Търговище,ПОПОВО,Supermarket,Silver,Not Seasonal,At Home
110029,ЛУЧАНО ЕООД,Варна,ВАРНА,Cafe,Silver,Not Seasonal,Out of Home
110323,ВАЛДИ ЕООД,Бургас,ЛОЗЕНЕЦ,Fast-food,Bronze,Seasonal,Out of Home
110186,ХРАНИТЕЛНИ СТОКИ ЕООД,Варна,ВАРНА,Fast-food,Bronze,Seasonal,Out of Home
107253,МАГАЗИН ЕООД,Варна,ВАРНА,Hotels,Bronze,Not Seasonal,At Home
100824,АНИКОС ЕООД,Бургас,РУСОКАСТРО,Supermarket,Bronze,Not Seasonal,At Home
105249,ВЕРА СН ЕООД,Бургас,БУРГАС,Cafe,Bronze,Seasonal,Out of Home
108100,ВЕРА СН ЕООД,Варна,ВАРНА,Restaurant,Silver,Not Seasonal,Out of Home
101965,МХС ЕООД,Добрич,ПОБЕДА,Local Shop,Iron,Not Seasonal,At Home
110906,МИМИ ЕООД,Бургас,БУРГАС,Restaurant,Gold,Not Seasonal,Out of Home
105254,НИТА ЕООД,Бургас,БУРГАС,Cafe,Silver,Not Seasonal,Out of Home
107341,ФЛИРТ ЕООД,Варна,ГРОЗДЬОВО,Restaurant,Silver,Not Seasonal,Out of Home
101071,ЕРКА БЪЛГАРИЯ ЕООД,Варна,ВЕНЕЛИН,Supermarket,Silver,Not Seasonal,At Home
104403,СИНЕЗА ЕООД,Варна,САДОВО,Local Shop,Bronze,Not Seasonal,At Home
107314,ВАЛДИ ЕООД,Варна,БЯЛА,Restaurant,Bronze,Seasonal,Out of Home
102335,МХС ГГ 2011 ЕООД,Бургас,ОБЗОР,Local Shop,Silver,Not Seasonal,At Home
100045,ЕЛИМАРИ ЕООД,Бургас,ОБЗОР,Local Shop,Silver,Seasonal,At Home
104400,ЕМИ МАРКЕТ ЕООД,Варна,БЯЛА,Local Shop,Gold,Not Seasonal,At Home
105299,МАГАЗИН ЕООД,Бургас,ОБЗОР,Cafe,Bronze,Seasonal,Out of Home
106596,МИНКОВ ЕООД,Бургас,СОЗОПОЛ,Cafe,Silver,Seasonal,Out of Home
111861,ХР МН ЕООД,Бургас,СОЗОПОЛ,Restaurant,Gold,Seasonal,Out of Home
104001,М МАРКЕТ ЕООД,Бургас,БУРГАС,Local Shop,Gold,Seasonal,At Home
104914,МАКУБА МАРКЕТ ЕООД,Бургас,СЛЪНЧЕВ БРЯГ,Cafe,Bronze,Seasonal,Out of Home
106352,ЕМИ МАРКЕТ ЕООД,Варна,ПРОВАДИЯ,Cafe,Silver,Not Seasonal,Out of Home
111735,ХР МН ЕООД,Варна,ВАРНА,Fast-food,Gold,Not Seasonal,Out of Home
108377,ХР МН ЕООД,Бургас,ПРИМОРСКО,Restaurant,Silver,Seasonal,Out of Home
105309,ХР МН ЕООД,Варна,ВАРНА,Cafe,Gold,Not Seasonal,Out of Home
101372,МАГАЗИН ЕООД,Бургас,СОЗОПОЛ,Nightclub,Silver,Seasonal,Out of Home
105291,МАГАЗИН ЕООД,Варна,ВАРНА,Cafe,Bronze,Not Seasonal,Out of Home
111241,ЕМИ МАРКЕТ ЕООД,Бургас,СОЗОПОЛ,Hotels,Silver,Seasonal,Out of Home
102339,ГАЛАТЕЯ ЕООД,Бургас,СВЕТИ ВЛАС,Local Shop,Silver,Seasonal,At Home
108960,МАГАЗИН ЕООД,Бургас,ПОМОРИЕ,Hotels,Silver,Seasonal,Out of Home
100660,МХС ДЕСИ ЕООД,Търговище,ПОПОВО,Supermarket,Silver,Not Seasonal,At Home
104280,М МАРКЕТ ЕООД,Русе,РУСЕ,Local Shop,Silver,Not Seasonal,At Home
104334,ХР МН ЕООД,Разград,КУБРАТ,Local Shop,Iron,Not Seasonal,At Home
100316,ЖЕ-ДИ-ЕЛ ЕООД,Силистра,КАЛИПЕТРОВО,Supermarket,Bronze,Not Seasonal,At Home
104283,ЯН ТУР ЕООД,Русе,РУСЕ,Local Shop,Silver,Not Seasonal,At Home
102547,ХР МН ЕООД,Търговище,ТЪРГОВИЩЕ,Local Shop,Bronze,Not Seasonal,At Home
105483,МХС ЕООД,Бургас,СОЗОПОЛ,Cafe,Silver,Seasonal,Out of Home
107898,М МАРКЕТ ЕООД,Бургас,НЕСЕБЪР,Restaurant,Silver,Seasonal,Out of Home
103613,ХР МН ЕООД,Бургас,КЛИМАШ,Local Shop,Iron,Not Seasonal,At Home
106559,ДЖИЕМ 24 ООД ЕООД,Бургас,БУРГАС,Cafe,Iron,Not Seasonal,Out of Home
103735,МН ПАКЕТАЖ ЕООД,Бургас,ЧУБРА,Local Shop,Bronze,Not Seasonal,At Home
111763,ПОНЧО 1 ЕООД,Бургас,БУРГАС,Fast-food,Gold,Not Seasonal,Out of Home
103404,КИМ ЕООД,Сливен,СЛИВЕН,Local Shop,Silver,Not Seasonal,At Home
105437,РАЛИЦА-ГИНКА БОЖИЛОВА ЕООД,Бургас,БУРГАС,Cafe,Iron,Not Seasonal,Out of Home
108624,МОМЧЕВИ ЕООД,Бургас,СВЕТИ ВЛАС,Hotels,Silver,Seasonal,Out of Home
110083,СТАЙК-И-ИВАН ИВАНОВ ЕТ ЕООД,Бургас,БУРГАС,Cafe,Bronze,Not Seasonal,Out of Home
111099,ЕВРОПА ЕООД,Бургас,СЛЪНЧЕВ БРЯГ,Hotels,Gold,Seasonal,Out of Home
106790,ЕЛЕНА НИКОЛОВА ЕООД,Бургас,СЛЪНЧЕВ БРЯГ,Nightclub,Gold,Seasonal,Out of Home
110080,ПРО СИЛВАР ЕООД,Бургас,СОЗОПОЛ,Cafe,Silver,Seasonal,Out of Home
110018,КОНВОЙ 5 ЕООД,Бургас,НЕСЕБЪР,Cafe,Gold,Seasonal,Out of Home
107657,ИЛИОС-ИЛИЙЧО КОЛЕВ ЕТ ЕООД,Бургас,СИНЕМОРЕЦ,Restaurant,Bronze,Seasonal,Out of Home
111069,МАГНИТ ЗАЙМОВ ЕООД,Бургас,СЛЪНЧЕВ БРЯГ,Hotels,Silver,Seasonal,Out of Home
107464,ДИМИТРОВИ ЕООД,Бургас,КОШАРИЦА,Restaurant,Bronze,Seasonal,Out of Home
100555,ЙОРДАНОВИ ЕООД,Бургас,СЛЪНЧЕВ БРЯГ,Supermarket,Gold,Seasonal,At Home
107918,МЕХА ЕООД,Бургас,НЕСЕБЪР,Restaurant,Gold,Seasonal,Out of Home
106584,ХРАНИТЕЛНИ СТОКИ ЖЕКОВА ЕООД,Бургас,БУРГАС,Cafe,Iron,Not Seasonal,Out of Home
101276,ОАЗИС ЕООД,Ямбол,ОКОП,Cafe,Iron,Not Seasonal,At Home
108010,ИЛ СИ АЙ ООД ЕООД,Бургас,РАВДА,Restaurant,Bronze,Seasonal,Out of Home
104902,ХРАНИТЕЛНИ СТОКИ КАРАИВАНОВ ЕООД,Бургас,СЛЪНЧЕВ БРЯГ,Cafe,Silver,Seasonal,Out of Home
104008,ДЕСИТА ЕООД,Бургас,СОЗОПОЛ,Local Shop,Gold,Seasonal,At Home
103614,АЛЕКС ЕООД,Бургас,ВРЕСОВО,Local Shop,Bronze,Not Seasonal,At Home
104011,ЕТ  СЪНДИ-СТЕФАН АТАНАСОВ ЕООД,Бургас,СОЗОПОЛ,Local Shop,Gold,Seasonal,At Home
108376,ЕЛГА ЕООД,Бургас,БУРГАС,Restaurant,Silver,Not Seasonal,Out of Home
100455,МАГАЗИН ДАЯ ЕООД,Бургас,НЕСЕБЪР,Supermarket,Gold,Seasonal,At Home
104897,ГИРГИНОВИ ЕООД,Бургас,СЛЪНЧЕВ БРЯГ,Cafe,Silver,Not Seasonal,Out of Home
105489,ФЕНСИ ЕООД,Бургас,БУРГАС,Cafe,Bronze,Not Seasonal,Out of Home
105220,ИН ТРЕИД ЕООД,Бургас,НЕСЕБЪР,Cafe,Gold,Not Seasonal,Out of Home
109818,СУПЕРМАРКЕТ ВЕЛА 1 ЕООД,Бургас,БУРГАС,Cafe,Bronze,Not Seasonal,Out of Home
105482,САПЬОРИ ИТАЛИАНИ ЕООД,Бургас,БУРГАС,Cafe,Iron,Not Seasonal,Out of Home
103873,МЕДЕЯ ЕООД,Бургас,ТРЪСТИКОВО,Local Shop,Silver,Not Seasonal,At Home
106126,МХС ЕООД,Бургас,ТРЪСТИКОВО,Fast-food,Bronze,Not Seasonal,Out of Home
107656,ХРИСИМА ЕООД,Бургас,ЦАРЕВО,Restaurant,Gold,Not Seasonal,Out of Home
107743,МХС АДАМОВ ЕООД,Бургас,ЦАРЕВО,Restaurant,Silver,Not Seasonal,Out of Home
111096,ТЕКСАКО ЕООД,Бургас,СЛЪНЧЕВ БРЯГ,Hotels,Gold,Seasonal,Out of Home
102338,АКНОЦ ЕООД,Бургас,РАВДА,Local Shop,Silver,Not Seasonal,At Home
103615,ХРАНИТЕЛЕН МАГАЗИН ЕООД,Бургас,СУНГУРЛАРЕ,Local Shop,Bronze,Not Seasonal,At Home
107742,НАРКООП ЕООД,Бургас,БУРГАС,Restaurant,Bronze,Seasonal,Out of Home
103616,ГАЛАТА ЕООД,Бургас,ЛОЗАРЕВО,Local Shop,Gold,Not Seasonal,At Home
103617,ЕТЕЛ-ЕЙ-ЕЛЕНА ГЕОРГИЕВА ЕООД,Бургас,ЛОЗАРЕВО,Local Shop,Bronze,Not Seasonal,At Home
104012,ЯДКИ ЕООД,Бургас,РАВАДИНОВО,Local Shop,Bronze,Not Seasonal,At Home
100223,ЕТ ДИМИТЪР ЖЕЛЯЗКОВ 66 ЕООД,Бургас,БУРГАС,Local Shop,Silver,Not Seasonal,At Home
105938,МАГАЗИН 1 ЕООД,Бургас,БУРГАС,Fast-food,Iron,Not Seasonal,Out of Home
104000,АДАМОВ ЕООД,Бургас,ПОМОРИЕ,Local Shop,Bronze,Not Seasonal,At Home
111834,МАГНИТ ЕООД,Варна,ВАРНА,Restaurant,Gold,Seasonal,Out of Home
108284,ДИДОН 2 ЕООД,Бургас,СРЕДЕЦ,Restaurant,Bronze,Seasonal,Out of Home
110869,МИНИМАРКЕТ ЕООД,Бургас,ЦАРЕВО,Restaurant,Bronze,Seasonal,Out of Home
103618,МОМЧЕВИ ЕООД,Бургас,ЛЮЛЯКОВО,Local Shop,Gold,Not Seasonal,At Home
105509,СКАЛАРИЯ ЕООД,Бургас,БУРГАС,Cafe,Iron,Not Seasonal,Out of Home
100820,ИВО-МАРГАРИТА СЛАВОВА  ЕТ ЕООД,Бургас,ДЕБЕЛТ,Supermarket,Silver,Not Seasonal,At Home
106245,ВЛАД КАТ ЕООД,Бургас,НЕСЕБЪР,Local Shop,Gold,Seasonal,At Home
104219,МХС ЕООД,Бургас,АТИЯ,Local Shop,Bronze,Not Seasonal,At Home
110141,ДЕЕВСКИ ЕООД,Бургас,БУРГАС,Fast-food,Bronze,Not Seasonal,Out of Home
103386,МХС ЖАНЕТ ЕООД,Сливен,СЛИВЕН,Local Shop,Silver,Not Seasonal,At Home
108004,МХС ЕООД,Бургас,НЕСЕБЪР,Restaurant,Gold,Seasonal,Out of Home
100490,СТЕФИ ЕООД,Бургас,СЛЪНЧЕВ БРЯГ,Supermarket,Gold,Not Seasonal,At Home
111361,МХС ЕООД,Бургас,БУРГАС,Fast-food,Gold,Not Seasonal,Out of Home
103728,ЕКШЪН 2017 ЕООД,Сливен,КОТЕЛ,Local Shop,Gold,Not Seasonal,At Home
105435,КОЛЕВИ 2018 ЕООД,Бургас,АЙТОС,Cafe,Iron,Not Seasonal,Out of Home
110372,ВАСИЛКА ПЕТКОВА ЕТ ЕООД,Бургас,НЕСЕБЪР,Fast-food,Silver,Seasonal,Out of Home
103999,МХС ЕООД,Бургас,БУРГАС,Local Shop,Silver,Not Seasonal,At Home
103619,ВАНВАЛ ЕООД,Бургас,КАРНОБАТ,Local Shop,Iron,Not Seasonal,At Home
110580,РУСОМАНОВ ЕООД,Бургас,ЧЕРНОМОРЕЦ,Fast-food,Silver,Seasonal,Out of Home
103998,МХС ЕООД,Бургас,БУРГАС,Local Shop,Bronze,Not Seasonal,At Home
105232,МОЯТ МАГАЗИН ЕООД,Бургас,РАВДА,Cafe,Silver,Seasonal,Out of Home
107489,МХС ЕООД,Бургас,СЛЪНЧЕВ БРЯГ,Restaurant,Gold,Seasonal,Out of Home
106610,ФРАНСЪЗОВА ЕООД,Бургас,БУРГАС,Cafe,Silver,Not Seasonal,Out of Home
100514,ВОДОЛЕЙ ЕООД,Бургас,СЛЪНЧЕВ БРЯГ,Supermarket,Gold,Seasonal,At Home
111071,ГАСТРОНОМ ЯВОРОВ ЕООД,Бургас,СЛЪНЧЕВ БРЯГ,Hotels,Gold,Seasonal,Out of Home
102393,ГАЛИНА ЕООД,Бургас,СТРАЦИН,Local Shop,Silver,Not Seasonal,At Home
108456,МХС ЕООД,Бургас,ПРИМОРСКО,Restaurant,Gold,Seasonal,Out of Home
102283,МХС ЕООД,Бургас,СЛЪНЧЕВ БРЯГ,Local Shop,Gold,Not Seasonal,At Home
106798,ХИТ БОЛЯРОВО ЕООД,Бургас,СЛЪНЧЕВ БРЯГ,Nightclub,Silver,Seasonal,Out of Home
106724,САРА 27-СТОЯН ХРИСТОВ ЕТ ЕООД,Бургас,БУРГАС,Superette,Bronze,Not Seasonal,At Home
106789,МХС ЕООД,Бургас,СЛЪНЧЕВ БРЯГ,Nightclub,Silver,Seasonal,Out of Home
105936,АЛЕКС ЕООД,Бургас,НЕСЕБЪР,Fast-food,Bronze,Seasonal,Out of Home
109771,МХС ЕООД,Бургас,КОШАРИЦА,Hotels,Bronze,Seasonal,Out of Home
108009,МХС ЗАИРА ЕООД,Бургас,НЕСЕБЪР,Restaurant,Silver,Seasonal,Out of Home
105511,СВЕЖЕСТ ЕООД,Бургас,ПРИМОРСКО,Cafe,Gold,Seasonal,Out of Home
106882,РАДЕВ ЕООД,Бургас,КИТЕН,Nightclub,Silver,Seasonal,Out of Home
110370,ЕФИР ЕООД,Бургас,РАВДА,Fast-food,Bronze,Seasonal,Out of Home
108283,МХС ЕООД,Бургас,СОЗОПОЛ,Restaurant,Silver,Seasonal,Out of Home
108268,МХС ЕООД,Бургас,СОЗОПОЛ,Restaurant,Gold,Seasonal,Out of Home
108399,МХС ВАНКО 11 ЕООД,Бургас,КИТЕН,Restaurant,Silver,Seasonal,Out of Home
111585,МХС ЕООД,Бургас,СЛЪНЧЕВ БРЯГ,Fast-food,Silver,Seasonal,Out of Home
105515,МХС ЕООД,Бургас,ПРИМОРСКО,Cafe,Gold,Seasonal,Out of Home
106177,МХС ЖОГО ЕООД,Бургас,БУРГАС,Fast-food,Silver,Not Seasonal,Out of Home
106133,ЕФИР ЕООД,Бургас,ЧЕРНОМОРЕЦ,Fast-food,Bronze,Seasonal,Out of Home
105661,МХС АНДИ ВИС ЕООД,Бургас,НЕСЕБЪР,Bar,Gold,Seasonal,Out of Home
100243,МХС ДИАНА ЕООД,Бургас,БУРГАС,Local Shop,Silver,Seasonal,At Home
103357,МХС ВЕНЕРА ЕООД,Варна,ВАРНА,Local Shop,Bronze,Not Seasonal,At Home
103997,МХС ЕООД,Бургас,БУРГАС,Local Shop,Gold,Not Seasonal,At Home
102898,МХС ЕООД,Русе,РУСЕ,Local Shop,Iron,Not Seasonal,At Home
102282,АНДИ ВИС ВЪЗРАЖДАНЕ ЕООД,Бургас,ОРИЗАРЕ,Local Shop,Silver,Not Seasonal,At Home
102622,ПНИНО ЕООД,Русе,БАНИСКА,Local Shop,Bronze,Not Seasonal,At Home
101228,DENIZ EGE ЕООД,Добрич,ГЕНЕРАЛ ТОШЕВО,Cafe,Silver,Not Seasonal,At Home
103620,МХС ТЕРИФАКС ЕООД,Бургас,ЧУКАРКА,Local Shop,Iron,Not Seasonal,At Home
104221,МХС ЕООД,Ямбол,ЕЛХОВО,Local Shop,Gold,Not Seasonal,At Home
104271,МХС ЕООД,Бургас,БУРГАС,Local Shop,Gold,Not Seasonal,At Home
106601,МХС ВАЛМАР ЕООД,Бургас,БУРГАС,Cafe,Iron,Not Seasonal,Out of Home
108239,БАКАЛКА ЕООД,Бургас,ЧЕРНОМОРЕЦ,Restaurant,Bronze,Seasonal,Out of Home
108008,МХС ГЕЦ ЕООД,Бургас,ЕКЗАРХ АНТИМОВО,Restaurant,Bronze,Seasonal,Out of Home
100860,МХС ДЕЕВСКИ ЕООД,Бургас,ПОМОРИЕ,Supermarket,Silver,Seasonal,At Home
107737,МХС ЕООД,Бургас,АХТОПОЛ,Restaurant,Bronze,Seasonal,Out of Home
107728,МХС ТЕРИФАКС ЕООД,Бургас,РЕЗОВО,Restaurant,Bronze,Seasonal,Out of Home
108558,ДЕЕВСКИ ЕООД,Бургас,АХЕЛОЙ,Hotels,Silver,Seasonal,At Home
107472,МХС ЕООД,Бургас,СЛЪНЧЕВ БРЯГ,Restaurant,Gold,Seasonal,Out of Home
110411,СМЕСЕН МАГАЗИН ЕООД,Бургас,КАРНОБАТ,Fast-food,Silver,Not Seasonal,Out of Home
106762,МХС МАРКОНИ ЕООД,Варна,БЯЛА,Nightclub,Bronze,Seasonal,Out of Home
109166,ТУНДЖА КООП ЕООД,Бургас,АТИЯ,Hotels,Bronze,Seasonal,Out of Home
109195,МХС ЕООД,Бургас,АРКУТИНО,Hotels,Bronze,Seasonal,Out of Home
109070,МХС ЕООД,Бургас,ЧЕРНОМОРЕЦ,Hotels,Bronze,Seasonal,Out of Home
108965,МХС ЕООД,Бургас,БУРГАС,Hotels,Silver,Seasonal,Out of Home
108200,Магазинчето ЕООД,Бургас,ПОМОРИЕ,Restaurant,Bronze,Seasonal,Out of Home
100452,ФРУТАМИНКА ЕООД,Бургас,СВЕТИ ВЛАС,Supermarket,Gold,Seasonal,At Home
105627,МХС ЕООД,Бургас,ЛОЗЕНЕЦ,Bar,Bronze,Seasonal,Out of Home
105421,ХРИСИ ЕООД,Бургас,ПОМОРИЕ,Cafe,Silver,Seasonal,Out of Home
106791,МХС ЕООД,Бургас,СЛЪНЧЕВ БРЯГ,Nightclub,Gold,Seasonal,Out of Home
110452,МХС ЕООД,Бургас,СЛЪНЧЕВ БРЯГ,Fast-food,Silver,Not Seasonal,Out of Home
103584,ХРАНИТЕЛЕН МАГАЗИН НОВО НАЧАЛО ЕООД,Сливен,СЛИВЕН,Local Shop,Bronze,Not Seasonal,At Home
110085,МХС ЕООД,Бургас,БУРГАС,Cafe,Bronze,Not Seasonal,Out of Home
108169,МХС ЕООД,Бургас,АЙТОС,Restaurant,Silver,Not Seasonal,Out of Home
103628,МХС ЕООД,Бургас,ВЪЛЧИН,Local Shop,Iron,Not Seasonal,At Home
100260,МХС ГРАВИТАЦИЯ ЕООД,Бургас,БУРГАС,Local Shop,Silver,Not Seasonal,At Home
111693,КРАСИ ЕООД,Бургас,БУРГАС,Fast-food,Iron,Not Seasonal,Out of Home
106765,МХС АНДИ ВИС ЕООД,Бургас,СЛЪНЧЕВ БРЯГ,Nightclub,Silver,Seasonal,Out of Home
102281,МХС ЕООД,Бургас,ТЪНКОВО,Local Shop,Silver,Not Seasonal,At Home
108167,МХС ТЕО ЕООД,Бургас,ПОМОРИЕ,Restaurant,Silver,Not Seasonal,Out of Home
102354,МХС ДИВА ЕООД,Бургас,АЙТОС,Local Shop,Silver,Not Seasonal,At Home
107460,МХС ЕООД,Бургас,ТЪНКОВО,Restaurant,Bronze,Seasonal,Out of Home
103513,МХС ЧАРГАН МАРКЕТ ЕООД,Пловдив,КРУМОВО,Local Shop,Bronze,Not Seasonal,At Home
103908,ПРИ БОЖИДАР ЕООД,Бургас,БУРГАС,Local Shop,Gold,Not Seasonal,At Home
101417,МХС СТЕФАНИ ЕООД,Шумен,ЦАРЕВ БРОД,Local Shop,Bronze,Not Seasonal,At Home
102948,ХРАНИТЕЛНИ СТОКИ ЕООД,Русе,РУСЕ,Local Shop,Silver,Not Seasonal,At Home
104328,ДАНИКО ЕООД,Силистра,ЧЕРНОЛИК,Local Shop,Iron,Not Seasonal,At Home
104154,ТАБАКО ШОП ЕООД,Бургас,БУРГАС,Local Shop,Silver,Not Seasonal,At Home
101543,СКАЙ ЕООД,Шумен,ЦАРЕВ БРОД,Local Shop,Bronze,Not Seasonal,At Home
103624,МХС ПАКО ЕООД,Бургас,ВРЕСОВО,Local Shop,Silver,Not Seasonal,At Home
103346,МХС ЕООД,Варна,ВАРНА,Local Shop,Iron,Not Seasonal,At Home
103989,МАКСИ 76 ЕООД,Бургас,БУРГАС,Local Shop,Gold,Not Seasonal,At Home
104300,МИТИС ЕООД,Силистра,ЧЕРНОЛИК,Local Shop,Iron,Not Seasonal,At Home
101415,10 ЕООД,Шумен,СТОЯН МИХАЙЛОВСКИ,Local Shop,Silver,Not Seasonal,At Home
112003,ПАВЛИНА ЕООД,Бургас,БУРГАС,Local Shop,Iron,Not Seasonal,At Home
102933,МХС ДЕЕВСКИ ЕООД,Русе,САНДРОВО,Local Shop,Gold,Not Seasonal,At Home
103369,МХС СИСА ЕООД,Варна,ВАРНА,Local Shop,Silver,Not Seasonal,At Home
102055,ПОБЕДА ЕООД,Варна,КИЧЕВО,Local Shop,Bronze,Not Seasonal,At Home
100122,ФИЛА АСЕНОВА ЕООД,Добрич,ДОБРИЧ,Local Shop,Silver,Not Seasonal,At Home
102871,МХС ЕООД,Силистра,ТУТРАКАН,Local Shop,Gold,Not Seasonal,At Home
101510,ЕТСНЕЖ-СНЕЖАНА АНГЕЛОВА ЕООД,Шумен,ИЗГРЕВ,Local Shop,Silver,Not Seasonal,At Home
101111,МХС МИГ ЕООД,Шумен,КАСПИЧАН,Cafe,Silver,Not Seasonal,At Home
102464,Мини Маркет ЕООД,Търговище,ПОПОВО,Local Shop,Gold,Not Seasonal,At Home
102552,МХС ДАР ЕООД,Търговище,БАЯЧЕВО,Local Shop,Silver,Not Seasonal,At Home
100365,МХС ЕООД,Добрич,ДОБРИЧ,Supermarket,Silver,Not Seasonal,At Home
101286,ГР.ЯМБОЛ К-С ЗЛАТЕН РОГ 11 Б 30 ЕООД,Варна,ПРИСЕЛЦИ,Cafe,Silver,Not Seasonal,At Home
102465,УЛ.КРАЛИ МАРКО 80 ЕООД,Търговище,КАМБУРОВО,Local Shop,Silver,Not Seasonal,At Home
103078,С.РОЗА УЛ.КОМ 2 ЕООД,Добрич,ГЕНЕРАЛ ТОШЕВО,Local Shop,Gold,Not Seasonal,At Home
100711,С.КУКОРЕВО УЛ.ГРАФ ИГНАТИЕВ 12 ЕООД,Варна,ВАРНА,Supermarket,Bronze,Not Seasonal,At Home
102857,ГР.ЯМБОЛ К-С ЗЛАТЕН РОГ БЛ.28 ВХ.В ЕООД,Силистра,СУХОДОЛ,Local Shop,Iron,Not Seasonal,At Home
100709,МХС ЕООД,Русе,РУСЕ,Supermarket,Gold,Not Seasonal,At Home
101177,МХС ЗАЛИЯ ЕООД,Русе,РУСЕ,Cafe,Gold,Not Seasonal,At Home
104480,МХС ПАЛЕТО ЕООД,Варна,ДОБРИНА,Local Shop,Iron,Not Seasonal,At Home
106981,СМЕСЕН МАГАЗИН ЕООД,Търговище,ПОПОВО,Superette,Silver,Not Seasonal,At Home
100673,NON STOP ЕООД,Русе,РУСЕ,Supermarket,Iron,Not Seasonal,At Home
103907,С.СИМЕОНОВО УЛ.ВАСИЛ ЛЕВСКИ 1 ЕООД,Бургас,БУРГАС,Local Shop,Gold,Not Seasonal,At Home
103996,УЛ.ЯНЕ САНДАНСКИ 9 ЕООД,Бургас,БУРГАС,Local Shop,Iron,Not Seasonal,At Home
101588,УЛ.ЖОРЖ ПАПАЗОВ 20 ЕООД,Силистра,СИТОВО,Local Shop,Bronze,Not Seasonal,At Home
106989,ГЕРЕНИТЕ ЕООД,Търговище,ТЪРГОВИЩЕ,Superette,Silver,Not Seasonal,At Home
104481,МХС ЕООД,Варна,МАНАСТИР,Local Shop,Bronze,Not Seasonal,At Home
103132,ХРАНИТЕЛЕН МАГАЗИН ФЕЯ ЕООД,Добрич,ТЕРВЕЛ,Local Shop,Iron,Not Seasonal,At Home
101778,ХРАНИТЕЛЕН МАГАЗИН БЛЕЦОВИ ЕООД,Варна,ВЪЛЧИ ДОЛ,Local Shop,Bronze,Not Seasonal,At Home
106668,ЗЕЛЕНИКОВИ ООД ЕООД,Разград,РАЗГРАД,Superette,Gold,Not Seasonal,At Home
103098,МОНИ-БИНЧАРОВ ЕООД,Разград,ИСПЕРИХ,Local Shop,Silver,Not Seasonal,At Home
100066,ГЕРГАНА-Д-40-ДЕНКА ЛИБЧЕВА ЕТ ЕООД,Варна,ПРОВАДИЯ,Local Shop,Gold,Not Seasonal,Out of Home
102466,ИНДЕВЪР  -  2008 ЕООД ЕООД,Търговище,ПОПОВО,Local Shop,Gold,Not Seasonal,At Home
106715,ДИКС-14 ООД ЕООД,Бургас,БУРГАС,Superette,Gold,Not Seasonal,At Home
100656,МАГАЗИН ЕООД,Търговище,ТЪРГОВИЩЕ,Supermarket,Bronze,Not Seasonal,At Home
102280,ХРАНИТЕЛЕН МАГАЗИН КАЛИТОН ЕООД,Бургас,ЯБЪЛЧЕВО,Local Shop,Silver,Not Seasonal,At Home
105690,ХРАНИТЕЛЕН МАГАЗИН ВИАТЕКС ЕООД,Бургас,ОБЗОР,Bar,Bronze,Seasonal,Out of Home
102953,ХРАНИТЕЛЕН МАГАЗИН КОЧУМБАС ЕООД,Русе,РУСЕ,Local Shop,Iron,Not Seasonal,At Home
103812,ПК НАЧАЛО ЕООД,Варна,ВАРНА,Local Shop,Gold,Not Seasonal,At Home
101425,ХРАНИТЕЛЕН МАГАЗИН КРЪСТЕВА ЕООД,Шумен,ШУМЕН,Local Shop,Bronze,Not Seasonal,At Home
102553,ХРАНИТЕЛЕН МАГАЗИН АДРИАНА ЕООД,Търговище,РАЗБОЙНА,Local Shop,Gold,Not Seasonal,At Home
104482,ПЕТРОВ ЕВГ ООД ЕООД,Варна,ЦОНЕВО,Local Shop,Iron,Not Seasonal,At Home
107065,МХС ЕООД,Варна,ВАРНА,Superette,Iron,Not Seasonal,At Home
101509,СИДЕРА ЕООД ЕООД,Шумен,ВЕНЕЦ,Local Shop,Silver,Not Seasonal,At Home
102736,ХРАНИТЕЛЕН МАГАЗИН СТАСИ ЕООД,Русе,РУСЕ,Local Shop,Bronze,Not Seasonal,At Home
101017,ТАХИРОВИ ЕООД ЕООД,Бургас,БУРГАС,Supermarket,Iron,Not Seasonal,At Home
100105,ПКНАРКООП 2 ЕООД,Разград,РАЗГРАД,Local Shop,Iron,Not Seasonal,At Home
101698,ЙОЗКАН-91-ФЕВЗИ МЕХМЕДОВ ЕТ ЕООД,Варна,КОНСТАНТИНОВО,Local Shop,Silver,Not Seasonal,At Home
100717,ХРАНИТЕЛЕН МАГАЗИН ИНВЕКС ЕООД,Варна,ВАРНА,Supermarket,Silver,Not Seasonal,At Home
112063,ХРАНИТЕЛЕН МАГАЗИН ЕООД,Разград,ЕЗЕРЧЕ,Superette,Bronze,Not Seasonal,At Home
103004,МИНИ МАРКЕТ ПАЛАС ЕООД,Разград,СИНЯ ВОДА,Local Shop,Bronze,Not Seasonal,At Home
102843,ХРАНИТЕЛЕН МАГАЗИН ДЖЕЙМС ЕООД,Силистра,РАЗДЕЛ,Local Shop,Iron,Not Seasonal,At Home
101587,ХРАНИТЕЛЕН МАГАЗИ МЕГИ ЕООД,Силистра,СИЛИСТРА,Local Shop,Iron,Not Seasonal,At Home
101421,ХРАНИТЕЛНИ СТОКИ ДЖИХАН ЕООД,Шумен,ПАМУКЧИИ,Local Shop,Iron,Not Seasonal,At Home
102859,ХРАНИТЕЛЕН МАГАЗИН АПО ЕООД,Силистра,РУЙНО,Local Shop,Iron,Not Seasonal,At Home
102860,ХРАНИТЕЛЕН МАГАЗИН ВЕСЕЛИНА ЕООД,Силистра,ДУЛОВО,Local Shop,Iron,Not Seasonal,At Home
101595,СОФИЯ ГОРЕНОВА ЕООД,Силистра,ГРЪНЧАРОВО,Local Shop,Iron,Not Seasonal,At Home
102854,ХРАНИТЕЛЕН МАГАЗИН МЕГАС ЕООД,Силистра,КАЛУГЕРЕНЕ,Local Shop,Iron,Not Seasonal,At Home
100661,ЮЖЕН БРЯГ МХС ЕООД,Търговище,НАДАРЕВО,Supermarket,Silver,Not Seasonal,At Home
102861,ВАС ДА МАР 21 ЕООД,Силистра,ДУЛОВО,Local Shop,Silver,Not Seasonal,At Home
107172,КРИСИ-ВИОЛЕТА ЦОНЕВА ЕТ ЕООД,Бургас,БУРГАС,Superette,Silver,Not Seasonal,At Home
103362,ДОБРЕВИ МММТ ЕООД ЕООД,Варна,ВАРНА,Local Shop,Gold,Not Seasonal,At Home
100330,РАЛНИК ООД ЕООД,Варна,БЕЛОГРАДЕЦ,Supermarket,Bronze,Not Seasonal,At Home
102067,МАГАЗИН ДУРХАН ЕООД,Варна,КУМАНОВО,Local Shop,Bronze,Not Seasonal,At Home
104382,ДЕНИС - 21 ЕООД ЕООД,Силистра,ГЛАВИНИЦА,Local Shop,Silver,Not Seasonal,At Home
101586,ХРАНИТЕЛНИ СТОКИ ЕООД,Силистра,КАЛИПЕТРОВО,Local Shop,Bronze,Not Seasonal,At Home
102476,МИХАИЛОВА И СИЕЕ ЕООД,Търговище,КРЪШНО,Local Shop,Iron,Not Seasonal,At Home
101488,ХРАНИТЕЛЕН МАГАЗИН ЕООД,Шумен,ИЗБУЛ,Local Shop,Iron,Not Seasonal,At Home
104269,ИМПЕРИАЛ ЕООД,Бургас,БУРГАС,Local Shop,Silver,Not Seasonal,At Home
100657,ХРАНИТЕЛЕН МАГАЗИН ЕООД,Търговище,ЗДРАВЕЦ,Supermarket,Iron,Not Seasonal,At Home
101585,ХРАНИТЕЛЕН МАГАЗИН ЕООД,Силистра,СРЕДИЩЕ,Local Shop,Bronze,Not Seasonal,At Home
102558,ХРАНИТЕЛЕН МАГАЗИН ЕООД,Търговище,ТЪРГОВИЩЕ,Local Shop,Bronze,Not Seasonal,At Home
101545,ЛЕНМАРТ ЕООД ЕООД,Шумен,НОВИ ПАЗАР,Local Shop,Bronze,Not Seasonal,At Home
101964,МАГАЗИН 1 ЕООД,Добрич,ДОБРИЧ,Local Shop,Silver,Not Seasonal,At Home
107119,СТЕФАНОВИ ООД ЕООД,Бургас,БУРГАС,Superette,Bronze,Not Seasonal,At Home
107134,МАГАЗИН МАРИНА ЕООД,Бургас,БУРГАС,Superette,Gold,Not Seasonal,At Home
102787,ГЕОРГИ УЗУНОВ ЕТ ЕООД,Русе,БОРОВО,Local Shop,Silver,Not Seasonal,At Home
100679,ЦЕНТРАЛ - АРИФ АЛИ ЕТ ЕООД,Русе,ВЕТОВО,Supermarket,Bronze,Not Seasonal,At Home
103047,ХРАНИТЕЛЕН МАГАЗИН ЕООД,Разград,ЛУДОГОРЦИ,Local Shop,Iron,Not Seasonal,At Home
102754,МАГАЗИН НИКОЛАЯ ЕООД,Русе,РУСЕ,Local Shop,Gold,Not Seasonal,At Home
107291,МАГАЗИН ХРАНИТЕЛНИ СТОКИ ЕООД,Варна,КОНСТАНТИНОВО,Supermarket,Iron,Not Seasonal,At Home
103011,ПРЕМИЕР ФОРТ ЕООД,Добрич,ВАСИЛЕВО,Local Shop,Bronze,Not Seasonal,At Home
106854,ДИСО 59 ЕООД ЕООД,Бургас,ПОМОРИЕ,Nightclub,Bronze,Seasonal,Out of Home
108007,ВАСИЛЕНА 93 ИВАН ИВАНОВ ЕТ ЕООД,Бургас,НЕСЕБЪР,Restaurant,Silver,Seasonal,Out of Home
105660,АЛ САТ ЕООД ЕООД,Бургас,НЕСЕБЪР,Bar,Gold,Seasonal,Out of Home
109372,МАГАЗИН 2 ЕООД,Варна,ВАРНА,Fast-food,Bronze,Not Seasonal,Out of Home
105892,СУИТЛИ ООД ЕООД,Бургас,БУРГАС,Fast-food,Bronze,Not Seasonal,Out of Home
110505,ХРАНИТЕЛЕН МАГАЗИН ЕООД,Варна,ВАРНА,Fast-food,Bronze,Seasonal,Out of Home
104807,НУР-93 ЕООД ЕООД,Варна,ВАРНА,Cafe,Bronze,Not Seasonal,Out of Home
109374,ХРАНИТЕЛЕН МАГАЗИН АСЕНОВИ ЕООД,Варна,ВАРНА,Fast-food,Bronze,Not Seasonal,Out of Home
105729,ХРАНИТЕЛЕН МАГАЗИН ЕСРА ЕООД,Варна,ЗЛАТНИ ПЯСЪЦИ,Fast-food,Bronze,Not Seasonal,Out of Home
108088,ВЕЗНИ ЕООД,Варна,ВАРНА,Restaurant,Gold,Seasonal,Out of Home
101725,ВЕВА ЕООД,Варна,СУВОРОВО,Local Shop,Silver,Not Seasonal,At Home
110314,ХАСАН АЛИ ЕООД,Бургас,БУРГАС,Fast-food,Bronze,Not Seasonal,Out of Home
110038,ХРАНИТЕЛЕН МАГАЗИН ОЛИВИЯ ЕООД,Варна,ВАРНА,Cafe,Bronze,Not Seasonal,Out of Home
110369,ХРАНИТЕЛЕН МАГАЗИН ЕООД,Бургас,НЕСЕБЪР,Fast-food,Silver,Seasonal,Out of Home
108618,ИДАРЕД ХАТЧЕ АЛИ ЕТ ЕООД,Бургас,СВЕТИ ВЛАС,Hotels,Bronze,Seasonal,Out of Home
102070,ХРАНИТЕЛЕН МАГАЗИН НАТАЛИ ЕООД,Варна,ВАРНА,Local Shop,Silver,Not Seasonal,At Home
103165,СУПЕРМАРКЕТ ПАУНОВИ ЕООД,Добрич,ДОБРИЧ,Local Shop,Silver,Not Seasonal,At Home
100735,МИНИМАРКЕТА ПАУНОВИ ЕООД,Разград,РАЗГРАД,Supermarket,Gold,Not Seasonal,At Home
104163,ХАС 62 ЕООД ЕООД,Бургас,СРЕДЕЦ,Local Shop,Gold,Not Seasonal,At Home
102632,ХТАНИТЕЛЕН МАГАЗИН ЕООД,Русе,ДВЕ МОГИЛИ,Local Shop,Gold,Not Seasonal,At Home
106290,СМЕСЕН МАГАЗИН ЕООД,Бургас,БУРГАС,Local Shop,Silver,Not Seasonal,At Home
107296,РЕНИ ЕООД,Бургас,БУРГАС,Supermarket,Iron,Not Seasonal,At Home
102365,МИРДЖАН - АЙШЕ ХАЛИЛ ЕТ ЕООД,Бургас,АЙТОС,Local Shop,Silver,Not Seasonal,At Home
107013,НИЛ МН ЕООД,Русе,РУСЕ,Superette,Silver,Not Seasonal,At Home
100217,ЕМО 2006 ЕООД ЕООД,Варна,ВАРНА,Local Shop,Silver,Not Seasonal,At Home
100985,ХРАНИТЕЛЕН МАГАЗИН ЕООД,Бургас,БУРГАС,Supermarket,Iron,Not Seasonal,At Home
107171,ХЕЛИОС ЕООД,Бургас,БУРГАС,Superette,Gold,Not Seasonal,At Home
102882,ЛИДЕР ЕООД,Русе,РУСЕ,Local Shop,Silver,Not Seasonal,At Home
103364,МИНИМАРКЕТА ХОМЛЕС ЕООД,Варна,ВАРНА,Local Shop,Bronze,Not Seasonal,At Home
103607,ХЮГО ЕООД ЕООД,Бургас,КАРНОБАТ,Local Shop,Bronze,Not Seasonal,At Home
102925,КАРТАЛ - ЕМИН АХМЕД 58 ЕООД ЕООД,Русе,ЧЕРВЕНА ВОДА,Local Shop,Silver,Not Seasonal,At Home
100873,СТОРК ЕООД ЕООД,Бургас,ВИНАРСКО,Supermarket,Iron,Not Seasonal,At Home
102899,АЙШЕ АХМЕД ЕТ ЕООД,Русе,РУСЕ,Local Shop,Silver,Not Seasonal,At Home
101570,ДЕРЕЛИ 72 ЕООД ЕООД,Силистра,АЛЕКОВО,Local Shop,Iron,Not Seasonal,At Home
102862,ХРАНИТЕЛЕН МАГАЗИН ЕООД,Силистра,ЧЕРНОЛИК,Local Shop,Bronze,Not Seasonal,At Home
101659,ХАЙФЕ 2 ООД ЕООД,Силистра,ВОДНО,Local Shop,Bronze,Not Seasonal,At Home
106658,БОРДО ЕООД,Търговище,ОМУРТАГ,Superette,Silver,Not Seasonal,At Home
104454,ВЕЛИЗАРА ЕООД,Варна,РУДНИК,Local Shop,Silver,Not Seasonal,At Home
107245,ФЕРАД ФЕРАДОВ - 57 ЕООД,Бургас,РУДНИК,Supermarket,Bronze,Not Seasonal,At Home
100602,ХРАНИТЕЛЕН МАГАЗИН ДОНИКА ЕООД,Бургас,СЛЪНЧЕВ БРЯГ,Supermarket,Silver,Not Seasonal,At Home
100565,ХРАНИТЕЛЕН МАГАЗИН ТОФИ ЕООД,Бургас,КАБЛЕШКОВО,Supermarket,Silver,Not Seasonal,At Home
102883,ПК НАРКООП ЕООД,Русе,РУСЕ,Local Shop,Bronze,Not Seasonal,At Home
100258,ХРАНИТЕЛЕН МАГАЗИН АЙ СА ЕООД,Бургас,БУРГАС,Local Shop,Bronze,Not Seasonal,At Home
100591,ХРАНИТЕЛЕН МАГАЗИН МОНИ1 ЕООД,Бургас,СЛЪНЧЕВ БРЯГ,Supermarket,Gold,Seasonal,At Home
101395,ПАЛМА 2004 АРИФ ШАБАН ЕТ ЕООД,Шумен,ВЪРБИЦА,Local Shop,Gold,Not Seasonal,At Home
101252,ХРАНИТЕЛЕН МАГАЗИН МОНИ2 ЕООД,Варна,ВАРНА,Cafe,Iron,Not Seasonal,At Home
102467,ШАТО НУНЕ ЕООД,Търговище,ОПАКА,Local Shop,Silver,Not Seasonal,At Home
107385,ПК ЛУДА  КАМЧИЯ ЕООД,Варна,АКСАКОВО,Restaurant,Gold,Not Seasonal,Out of Home
105512,ЕДЕЛВАЙС 88 ЕООД ЕООД,Бургас,РОСЕН,Cafe,Silver,Not Seasonal,Out of Home
101685,МХС ЕООД,Варна,БЕЛОСЛАВ,Local Shop,Iron,Not Seasonal,At Home
101175,ХРАНИТЕЛЕН МАГАЗИН КАРАМЕЛА ЕООД,Русе,ЧЕРВЕНА ВОДА,Cafe,Iron,Not Seasonal,At Home
101270,ХРАНИТЕЛЕН МАГАЗИН АЛЕКС ЕООД,Ямбол,САРАНСКО,Cafe,Silver,Not Seasonal,At Home
107238,МОЯТ МАГАЗИН ЕООД,Варна,ЗЛАТНИ ПЯСЪЦИ,Supermarket,Gold,Seasonal,At Home
107233,ФАТМЕ ЕООД,Варна,ЗЛАТНИ ПЯСЪЦИ,Supermarket,Gold,Seasonal,At Home
110742,ЗЕР 80 ЕООД,Бургас,РОСЕН,Restaurant,Bronze,Seasonal,Out of Home
106223,БАЛКАН ЕООД,Варна,ВАРНА,Local Shop,Silver,Not Seasonal,At Home
101661,МАГАЗИН ЕООД,Силистра,АЙДЕМИР,Local Shop,Silver,Not Seasonal,At Home
100618,ХЕЛИОС ЕООД,Бургас,СЛЪНЧЕВ БРЯГ,Supermarket,Gold,Seasonal,At Home
103336,МИКС МАРКЕТ ЕООД,Варна,ЗЛАТНИ ПЯСЪЦИ,Local Shop,Silver,Seasonal,At Home
102206,ХРАНИТЕЛЕН МАГАЗИН ГАЛ-МИ ЕООД,Бургас,ДОБРОМИР,Local Shop,Silver,Not Seasonal,At Home
100619,ТЕДИ ЕООД,Бургас,СЛЪНЧЕВ БРЯГ,Supermarket,Gold,Seasonal,At Home
100620,АЙШЕ ЕООД,Бургас,СЛЪНЧЕВ БРЯГ,Supermarket,Bronze,Seasonal,At Home
101456,МОЯТ МАГАЗИН ЕООД,Шумен,ЦАРЕВ БРОД,Local Shop,Iron,Not Seasonal,At Home
100970,МИНКА ЕНЕВА ЕООД,Бургас,БУРГАС,Supermarket,Silver,Not Seasonal,At Home
109936,ХРАНИТЕЛНИ СТОКИ ЕООД,Варна,ВАРНА,Cafe,Iron,Not Seasonal,Out of Home
102903,ЕТ МЕХМЕД - ФАТМЕ ХАЛИЛ ЕООД,Русе,НИКОЛОВО,Local Shop,Silver,Not Seasonal,At Home
101229,ЕТ НАЗМИ - НЕФИСЕ ЕООД,Варна,ВАРНА,Cafe,Gold,Not Seasonal,At Home
103091,МХС КАШИЧЕВ ЕООД,Добрич,ОРЛЯК,Local Shop,Iron,Not Seasonal,At Home
102904,ХРАНИТЕЛЕН МАГАЗИН АНИТА ЕООД,Русе,МАРТЕН,Local Shop,Bronze,Not Seasonal,At Home
103801,ХРАНИТЕЛЕН МАГАЗИН ЕВРОПА ЕООД,Варна,ВАРНА,Local Shop,Silver,Not Seasonal,At Home
103365,ХРАНИТЕЛНИ СТОКИ МАГАТАР ЕООД,Варна,ВАРНА,Local Shop,Gold,Not Seasonal,At Home
103083,КРУЗ ЕООД,Добрич,НОВА КАМЕНА,Local Shop,Bronze,Not Seasonal,At Home
104340,ХРАНИТЕЛЕН МАГАЗИН КИШЕР ЕООД,Разград,БЕЛОВЕЦ,Local Shop,Iron,Not Seasonal,At Home
106229,Г.С. РАКОВСКИ ПК ЕООД,Варна,ВАРНА,Local Shop,Bronze,Not Seasonal,At Home
111918,МИРКА 55 ЕООД ЕООД,Варна,СУВОРОВО,Local Shop,Bronze,Not Seasonal,At Home
100313,ИСА-4-ИВАНКА АЛЕКСИЕВА ЕТ ЕООД,Шумен,ШУМЕН,Supermarket,Iron,Not Seasonal,At Home
103906,ХРАНИТЕЛЕН МАГАЗИНА ПК ЗДРАВЕЦ ЕООД,Бургас,БУРГАС,Local Shop,Gold,Not Seasonal,At Home
102598,САМИ ЕООД,Русе,РУСЕ,Local Shop,Silver,Not Seasonal,At Home
102863,ХАРАНИТЕЛЕН МАГАЗИН МИРО-75 ЕООД,Силистра,ТУТРАКАН,Local Shop,Iron,Not Seasonal,At Home
104157,МИНИ МАРКЕТ ИГЛИКА СТОУН ЕООД ЕООД,Бургас,БУРГАС,Local Shop,Bronze,Not Seasonal,At Home
102468,ИНАТАБУЛ МАРКЕТ ЕООД,Търговище,ПОПОВО,Local Shop,Silver,Not Seasonal,At Home
102469,ХРАНИТЕЛЕН МАГАЗИН ЕООД,Търговище,ПОПОВО,Local Shop,Iron,Not Seasonal,At Home
112080,ПК Г С РАКОВСКИ ЕООД,Варна,ВАРНА,Superette,Bronze,Not Seasonal,At Home
104002,ХРАНИТЕЛЕН МАГАЗИН ПК ЕООД,Бургас,БУРГАС,Local Shop,Bronze,Not Seasonal,At Home
107299,БЪЛГАРИЯ ЕООД,Бургас,БУРГАС,Supermarket,Iron,Not Seasonal,At Home
102981,ФАМИЛА ЕООД,Разград,ИСПЕРИХ,Local Shop,Iron,Not Seasonal,At Home
102878,ПОНЧО 1 ЕООД,Русе,РУСЕ,Local Shop,Silver,Not Seasonal,At Home
111867,СКАЛАРИЯ ЕООД,Варна,ВАРНА,Superette,Bronze,Not Seasonal,At Home
103307,МИНИ МАРКЕТ ЕООД,Варна,ВАРНА,Local Shop,Silver,Not Seasonal,At Home
102643,ХРАНИТЕЛЕН МАГАЗИН ТАБАКО ТРЕЙДИНГ ЕООД,Русе,ОБРЕТЕНИК,Local Shop,Silver,Not Seasonal,At Home
102630,ХРАНИТЕЛЕН МАГАЗИН БЪЧВЕН ЕООД,Русе,ОБРЕТЕНИК,Local Shop,Bronze,Not Seasonal,At Home
102523,СОНЯ ЕООД,Търговище,ТЪРГОВИЩЕ,Local Shop,Iron,Not Seasonal,At Home
103612,СУПЕРМАРКЕТ ЕООД,Бургас,СУНГУРЛАРЕ,Local Shop,Iron,Not Seasonal,At Home
101185,ДЕЗИНГ ЕООД,Русе,СЛИВО ПОЛЕ,Cafe,Bronze,Not Seasonal,At Home
102053,ХРАНИТЕЛЕН МАГАЗИН ХРИГАЛ ЕООД,Варна,ЯРЕБИЧНА,Local Shop,Bronze,Not Seasonal,At Home
111934,МИРКА ЕООД,Варна,ВАРНА,Local Shop,Silver,Not Seasonal,At Home
101686,ХРАНИТЕЛЕН МАГАЗИН ФРАНКО ЕООД,Варна,КАЛОЯН,Local Shop,Bronze,Not Seasonal,At Home
106893,ХРАНИТЕЛЕН МАГАЗИН ПЛАМ-Ж ЕООД,Шумен,РАДКО ДИМИТРИЕВО,Superette,Iron,Not Seasonal,At Home
104500,СИМПЛИ МАРКЕТ ЕООД,Варна,ПРОВАДИЯ,Local Shop,Iron,Not Seasonal,At Home
102600,МАГАЗИН КОКИ ЕООД,Русе,РУСЕ,Local Shop,Silver,Not Seasonal,At Home
101590,ХРАНИТЕЛЕН МАГАЗИН ЕООД,Силистра,СИЛИСТРА,Local Shop,Bronze,Not Seasonal,At Home
107275,Г.С. РАКОВСКИ ПК ЕООД,Варна,ВАРНА,Hotels,Iron,Not Seasonal,At Home
103366,Мхс Веселина ЕООД,Варна,ГАЛАТА,Local Shop,Gold,Not Seasonal,At Home
106236,ЛЕНИ 88 ЕООД,Варна,ВАРНА,Local Shop,Gold,Not Seasonal,At Home
102470,МАГАЗИН ЕВРОПА ЕООД,Търговище,КАМБУРОВО,Local Shop,Iron,Not Seasonal,At Home
104356,ДЖЕНДОВА-МАРИЯ РАЕВА ЕТ ЕООД,Разград,БЕЛОВЕЦ,Local Shop,Gold,Not Seasonal,At Home
103822,МАГАЗИН ТРОПИК - 2 ЕООД,Варна,ВАРНА,Local Shop,Gold,Not Seasonal,At Home
104145,МЮНХЕН 2018 ЕООД ЕООД,Бургас,БУРГАС,Local Shop,Bronze,Not Seasonal,At Home
112006,МХС ПАЛМА ЧЕРЕША ЕООД,Бургас,БУРГАС,Local Shop,Iron,Not Seasonal,At Home
100822,ХРАНИТЕЛЕН МАГАЗИН ЕООД,Бургас,БУРГАС,Supermarket,Silver,Not Seasonal,At Home
101118,ХРАНИТЕЛЕН МАГАЗИН АРАБАДЖИЕВИ ЕООД,Шумен,ПРИСТОЕ,Cafe,Iron,Not Seasonal,At Home
102085,ХРАНИТЕЛЕН МАГАЗИН ЕООД,Варна,ВАРНА,Local Shop,Iron,Not Seasonal,At Home
111987,МАГАЗИН САКИ ЕООД,Варна,ВАРНА,Local Shop,Iron,Not Seasonal,At Home
110767,ГЕДЖЕ ЕООД,Варна,ВАРНА,Fast-food,Silver,Not Seasonal,Out of Home
103723,МАГАЗИН КАЛИНА ЕООД,Бургас,СЛАВЯНЦИ,Local Shop,Bronze,Not Seasonal,At Home
106702,ХРАНИТЕЛНИ СТОКИ ХЕРБА ЕООД,Бургас,БУРГАС,Superette,Silver,Not Seasonal,At Home
100901,ХРАНИТЕЛЕН МАГАЗИН НИКОЛОВ ЕООД,Бургас,БУРГАС,Supermarket,Iron,Not Seasonal,At Home
106325,АЛМИС ЕООД,Бургас,БУРГАС,Local Shop,Bronze,Not Seasonal,At Home
101663,ХРАНИТЕЛЕН МАГАЗИН ЕООД,Силистра,СИЛИСТРА,Local Shop,Silver,Not Seasonal,At Home
102936,СЕЛЕКТ МАРКЕТ ХРАНИТЕЛНИ СТОКИ ЕООД,Русе,РУСЕ,Local Shop,Silver,Not Seasonal,At Home
100818,ХРАН. МАГАЗИН ЕООД,Бургас,ДИМЧЕВО,Supermarket,Iron,Not Seasonal,At Home
107006,МАГАЗИН ТРОПИК ЕООД,Русе,РУСЕ,Superette,Silver,Not Seasonal,At Home
100015,ХРАНИТЕЛЕН МАГАЗИН ЙОДИГО ЕООД,Силистра,СИЛИСТРА,Local Shop,Gold,Not Seasonal,At Home
102472,ХРАНИТЕЛЕН МАГАЗИН ЕООД,Търговище,ПОПОВО,Local Shop,Iron,Not Seasonal,At Home
102884,ХРАНИТЕЛЕН МАГАЗИН МАЯ ЕООД,Русе,РУСЕ,Local Shop,Silver,Not Seasonal,At Home
105053,МАГАЗИН ЕООД,Добрич,КАВАРНА,Cafe,Iron,Not Seasonal,At Home
103537,ХРАНИТЕЛЕН МАГАЗИН ЕООД,Ямбол,ЯМБОЛ,Local Shop,Bronze,Not Seasonal,At Home
100699,СМЕСЕН МАГАЗИН ЕООД,Русе,РУСЕ,Supermarket,Silver,Not Seasonal,At Home
104483,ХРАНИТЕЛЕН МАГАЗИН ЙО НИ ЕООД,Варна,СЛАВЕЙКОВО,Local Shop,Iron,Not Seasonal,At Home
102525,ЕЛИТ ЕООД,Търговище,ТЪРГОВИЩЕ,Local Shop,Iron,Not Seasonal,At Home
103954,АОСТОЛОВ ЕООД,Бургас,ПОМОРИЕ,Local Shop,Bronze,Not Seasonal,At Home
103866,ЪНТАНИ ЕООД,Бургас,ПОМОРИЕ,Local Shop,Bronze,Not Seasonal,At Home
103987,МАГАЗИН РЕД И РИЧИ ЕООД,Бургас,ПОМОРИЕ,Local Shop,Bronze,Not Seasonal,At Home
103851,хранителен магазин ЕООД,Бургас,БУРГАС,Local Shop,Bronze,Not Seasonal,At Home
104014,МАЛАКОВ-ПЕНЮ МАЛАКОВ ЕТ ЕООД,Бургас,ЦАРЕВО,Local Shop,Silver,Not Seasonal,At Home
111916,ХРАНИТЕЛЕН МАГАЗИН ПРАЙС ЕООД,Силистра,СИЛИСТРА,Local Shop,Gold,Not Seasonal,At Home
101662,СМЕСЕН МАГАЗИН ЕООД,Силистра,СИЛИСТРА,Local Shop,Bronze,Not Seasonal,At Home
103214,ИКОНОМОВИ ЕООД,Добрич,КАВАРНА,Local Shop,Gold,Not Seasonal,At Home
102900,ПОТРЕБИТЕЛНА КООПЕРАЦИЯ ЗЕМЕДЕЛЕЦ ЕООД,Русе,РУСЕ,Local Shop,Silver,Not Seasonal,At Home
104147,ТИНКА ТОДОРОВА ЕООД,Бургас,БУРГАС,Local Shop,Gold,Not Seasonal,At Home
101193,ХРАНИТЕЛЕН МАГАЗИН ЕВА ЕООД,Русе,РУСЕ,Cafe,Bronze,Not Seasonal,At Home
103827,ХРАНИТЕЛЕН МАГАЗИН ЕООД,Варна,ВАРНА,Local Shop,Gold,Not Seasonal,At Home
101048,Хранителен магазин ЕООД,Варна,БЯЛА,Supermarket,Silver,Not Seasonal,At Home
103075,ХРАНИТЕЛЕН МАГАЗИН ЕООД,Разград,ОСЕНЕЦ,Local Shop,Gold,Not Seasonal,At Home
104354,ДИНКОВИ ЕООД,Разград,КУБРАТ,Local Shop,Bronze,Not Seasonal,At Home
100317,Магазин Фудини ЕООД,Силистра,СИЛИСТРА,Supermarket,Gold,Not Seasonal,At Home
107166,ЗИЯ ЕООД,Ямбол,РОЗА,Superette,Iron,Not Seasonal,At Home
111958,ХРАНИТЕЛНИ СТОКИ ЕООД,Варна,ВАРНА,Local Shop,Iron,Not Seasonal,At Home
103056,хранителен магазин ЕООД,Разград,САМУИЛ,Local Shop,Bronze,Not Seasonal,At Home
100380,Хранителен магазин ЕООД,Варна,ВАРНА,Supermarket,Silver,Not Seasonal,At Home
101122,ЖАНИ - 83 ЕООД ЕООД,Варна,ВАРНА,Cafe,Bronze,Not Seasonal,At Home
111954,хранителен магазин ЕООД,Силистра,ДУЛОВО,Local Shop,Iron,Not Seasonal,At Home
100984,МХС МАРИО ЕООД,Бургас,СРЕДЕЦ,Supermarket,Silver,Not Seasonal,At Home
109672,ХРАНИТЕЛЕН МАГАЗИН ЕООД,Бургас,СРЕДЕЦ,Fast-food,Gold,Not Seasonal,Out of Home
100078,МАЗАЗИН ХРАНИТЕЛНИ СТОКИ ЕООД,Търговище,ТЪРГОВИЩЕ,Local Shop,Iron,Not Seasonal,At Home
101005,МИМОЗА ЕООД,Бургас,БУРГАС,Supermarket,Bronze,Not Seasonal,At Home
111931,БЪНИ ЕООД,Варна,БЕЛОСЛАВ,Local Shop,Iron,Not Seasonal,At Home
111990,ХРАНИТЕЛНИ СТОКИ ЕООД,Бургас,БУРГАС,Local Shop,Gold,Not Seasonal,At Home
106704,ХР МН ЕООД,Бургас,ПОМОРИЕ,Superette,Silver,Seasonal,At Home
104150,ХР СТОКИ ЕООД,Бургас,МАРИНКА,Local Shop,Gold,Not Seasonal,At Home
101688,СТАРИЯ МАГАЗИН ЕООД,Варна,ДЕВНЯ,Local Shop,Gold,Not Seasonal,At Home
102346,ПЕРЛА ЕООД,Бургас,РАВДА,Local Shop,Bronze,Not Seasonal,At Home
101397,МХС ЕООД,Шумен,ШУМЕН,Local Shop,Silver,Not Seasonal,At Home
102372,ПРИМИЪМ МАРКЕТ ЕООД,Бургас,РАВДА,Local Shop,Silver,Seasonal,At Home
104044,КОМПЛИМЕНТ МАРКЕТ ЕООД,Бургас,РОСЕН,Local Shop,Bronze,Not Seasonal,At Home
103503,ХР СТОКИ ЕООД,Ямбол,ЯМБОЛ,Local Shop,Iron,Not Seasonal,At Home
102474,ХРАНИТЕЛНИ СТОКИ ЕООД,Търговище,СВЕТЛЕН,Local Shop,Gold,Not Seasonal,At Home
100997,МХС ЕООД,Бургас,СОЗОПОЛ,Supermarket,Gold,Seasonal,At Home
104344,МЕТЕОР ЕООД,Разград,ПРЕЛЕЗ,Local Shop,Bronze,Not Seasonal,At Home
107030,МАГАЗИН ДАСИ ЕООД,Русе,РУСЕ,Superette,Iron,Not Seasonal,At Home
100712,ИВАН СТЕФАНОВ 86 ЕООД,Варна,ЗЛАТНИ ПЯСЪЦИ,Supermarket,Gold,Seasonal,At Home
101429,МАГАЗИН НАДЕЖДА ЕООД,Шумен,ШУМЕН,Local Shop,Bronze,Not Seasonal,At Home
104144,ХРАНИТЕЛЕН МАГАЗИН ЕООД,Бургас,БУРГАС,Local Shop,Silver,Not Seasonal,At Home
101277,МОЯТ МАГАЗИН ЕООД,Ямбол,ЗИМНИЦА,Cafe,Silver,Not Seasonal,At Home
102371,ХРАНИТЕЛНИ СТОКИ ЕООД,Бургас,РАВДА,Local Shop,Silver,Seasonal,At Home
103323,ПЕРЛА ЕООД,Варна,ВАРНА,Local Shop,Bronze,Not Seasonal,At Home
101596,ЧОЙС ЕООД,Силистра,СИЛИСТРА,Local Shop,Bronze,Not Seasonal,At Home
112090,ХРАНИТЕЛНИ СТОКИ ЕООД,Бургас,ЦАРЕВО,Superette,Bronze,Not Seasonal,At Home
100996,АНДРЕЕВА ЕООД,Бургас,СОЗОПОЛ,Supermarket,Gold,Seasonal,At Home
100991,МАГАЗИН ДАРИ ЕООД,Бургас,СОЗОПОЛ,Supermarket,Gold,Seasonal,At Home
103311,КАРОЛИНА МАРКЕТ ЕООД,Варна,ЗЛАТНИ ПЯСЪЦИ,Local Shop,Gold,Seasonal,At Home
103824,МАГАЗИН МЕГА 2 ЕООД,Варна,ВАРНА,Local Shop,Gold,Not Seasonal,At Home
107064,ЛАЗУР ЕООД,Добрич,КАВАРНА,Superette,Gold,Not Seasonal,At Home
110228,МАГАЗИН ОЛИНЕЗА ЕООД,Варна,ЦОНЕВО,Fast-food,Silver,Not Seasonal,Out of Home
100196,МХС ЕООД,Бургас,БУРГАС,Local Shop,Silver,Seasonal,At Home
103215,МАГАЗИН ОДЕСА ЕООД,Добрич,КАВАРНА,Local Shop,Gold,Not Seasonal,At Home
100995,СВЕТЛАНА ЕООД,Бургас,ПРИМОРСКО,Supermarket,Silver,Seasonal,At Home
107228,100  КРИНИ ЕООД,Бургас,РАВДА,Supermarket,Gold,Seasonal,At Home
101265,МАГАЗИН ЕООД,Ямбол,МАЛОМИР,Cafe,Iron,Not Seasonal,At Home
102059,ХРАНИТЕЛНИ СТОКИ ЕООД,Варна,КАМЕНАР,Local Shop,Iron,Not Seasonal,At Home
103057,ОАЗИС ЕООД,Разград,РАКОВСКИ,Local Shop,Bronze,Not Seasonal,At Home
101507,НИКИ ЕООД,Шумен,ЧЕРНОГЛАВЦИ,Local Shop,Iron,Not Seasonal,At Home
102370,МАГАЗИН ТИАРА ЕООД,Бургас,НЕСЕБЪР,Local Shop,Silver,Not Seasonal,At Home
107356,СЕВЪН ПЛЮС ЕООД,Варна,АВРЕН,Restaurant,Bronze,Seasonal,Out of Home
107066,ХРАНИТЕЛНИ СТОКИ ЕООД,Добрич,БАЛЧИК,Superette,Bronze,Seasonal,At Home
104143,ХРАНИТЕЛНИ СТОКИ ЕООД,Бургас,БУРГАС,Local Shop,Bronze,Not Seasonal,At Home
100621,ШОП ЕООД,Бургас,СЛЪНЧЕВ БРЯГ,Supermarket,Gold,Seasonal,At Home
100611,магазин ЕООД,Бургас,СЛЪНЧЕВ БРЯГ,Supermarket,Gold,Seasonal,At Home
100623,МИНИ МАРКЕТ ЕООД,Бургас,СЛЪНЧЕВ БРЯГ,Supermarket,Gold,Seasonal,At Home
101411,МАГАЗИН БЕГЛИШ ЕООД,Шумен,ШУМЕН,Local Shop,Silver,Not Seasonal,At Home
106200,ХР.СТОКИ ЕООД,Шумен,ШУМЕН,Local Shop,Iron,Not Seasonal,At Home
102369,ЕН ДИ ЕН ЕООД,Бургас,СВЕТИ ВЛАС,Local Shop,Gold,Seasonal,At Home
103909,МХС ЩИЛ ЕООД,Бургас,БУРГАС,Local Shop,Gold,Not Seasonal,At Home
104153,Кристи ЕООД,Бургас,ЧЕРНОМОРЕЦ,Local Shop,Silver,Seasonal,At Home
100384,МХС ЕООД,Добрич,ДОБРИЧ,Supermarket,Silver,Not Seasonal,At Home
103312,Магазин ЕООД,Варна,ЗЛАТНИ ПЯСЪЦИ,Local Shop,Gold,Seasonal,At Home
100564,МИНИ МАРКЕТ ЕООД,Бургас,СЛЪНЧЕВ БРЯГ,Supermarket,Gold,Seasonal,At Home
106445,ХРАНИТЕЛНИ СТОКИ ЕООД,Бургас,СОЗОПОЛ,Cafe,Silver,Seasonal,At Home
107236,ЧОНИ ЕООД,Варна,ЗЛАТНИ ПЯСЪЦИ,Supermarket,Gold,Seasonal,At Home
107235,СУПЕРМАРКЕТ ЕООД,Варна,ВАРНА,Supermarket,Gold,Seasonal,At Home
107237,ХРАНИТЕЛЕН МАГАЗИН ЕООД,Варна,ЗЛАТНИ ПЯСЪЦИ,Supermarket,Gold,Seasonal,At Home
107109,МХС ЕООД,Бургас,БУРГАС,Superette,Iron,Not Seasonal,At Home
101963,ДИМОВ ЕООД,Добрич,КОТЛЕНЦИ,Local Shop,Iron,Not Seasonal,At Home
103321,ОЛИВИЯ ЕООД,Варна,ВАРНА,Local Shop,Gold,Not Seasonal,At Home
102356,ХР СТОКИ ЕООД,Бургас,РАВДА,Local Shop,Silver,Seasonal,At Home
104337,РОНИ ЕООД,Разград,ЦАР КАЛОЯН,Local Shop,Silver,Not Seasonal,At Home
102325,МАГАЗИН ЕООД,Бургас,ОБЗОР,Local Shop,Gold,Not Seasonal,At Home
104156,ХР МН ЕООД,Бургас,ЧЕРНОМОРЕЦ,Local Shop,Silver,Seasonal,At Home
102490,ХРАНИТЕЛНИ СТОКИ СИТИ ЕООД,Търговище,ТРЕСКАВЕЦ,Local Shop,Bronze,Not Seasonal,At Home
106970,ХРАНИТЕЛНИ СТОКИ ЕООД,Бургас,АЙТОС,Superette,Bronze,Not Seasonal,At Home
100904,ПЛОДОВЕ И ЗЕЛЕНЧУЦИ ЕООД,Бургас,БУРГАС,Supermarket,Iron,Not Seasonal,At Home
100446,ОДЕСОС ЕООД,Бургас,СВЕТИ ВЛАС,Supermarket,Gold,Seasonal,At Home
103216,АГЛАЯ ЕООД,Добрич,БЪЛГАРЕВО,Local Shop,Iron,Not Seasonal,At Home
111882,ЕКАТЕРИНА ЕООД,Разград,РАЗГРАД,Superette,Iron,Not Seasonal,At Home
112093,СИСИЛ ЕООД,Силистра,ЗАФИРОВО,Superette,Bronze,Not Seasonal,At Home
104455,БЯЛАТА МЕЧКА ЕООД,Варна,КАМЧИЯ,Local Shop,Bronze,Seasonal,At Home
102386,ХРАНИТЕЛНИ СТОКИ ЕООД,Бургас,ОРИЗАРЕ,Local Shop,Bronze,Not Seasonal,At Home
111807,ФАНТАЗИЯ ЕООД,Бургас,КАБЛЕШКОВО,Bar,Bronze,Seasonal,Out of Home
101660,ХР МН ЕООД,Силистра,СИЛИСТРА,Local Shop,Silver,Not Seasonal,At Home
104409,ХР СТОКИ ЕООД,Варна,БЯЛА,Local Shop,Bronze,Seasonal,At Home
101402,МАГАЗИН ЕММАР МАРКЕТ ЕООД,Шумен,ШУМЕН,Local Shop,Bronze,Not Seasonal,At Home
107063,ПЪРВИЯТ ПЛОД ЕООД,Варна,ВАРНА,Superette,Silver,Not Seasonal,At Home
103328,Барс ЕООД,Варна,ВАРНА,Local Shop,Gold,Not Seasonal,At Home
100234,МАГАЗИН ЕООД,Бургас,БУРГАС,Local Shop,Iron,Not Seasonal,At Home
107260,ГЕ-РИ ЛЕФТЕРОВ ЕООД,Русе,СЛИВО ПОЛЕ,Hotels,Iron,Not Seasonal,At Home
104882,И.Д ЕООД,Варна,ДОЛНИ ЧИФЛИК,Cafe,Bronze,Not Seasonal,Out of Home
102316,ХРАНИТЕЛНИ СТОКИ ЕООД,Бургас,ОБЗОР,Local Shop,Bronze,Seasonal,At Home
101007,ПЕРЛА ЕООД,Бургас,АТИЯ,Supermarket,Bronze,Seasonal,At Home
100356,МОЯТ МАГАЗИН ЕООД,Варна,ВАРНА,Supermarket,Bronze,Not Seasonal,At Home
102051,МИРО ЕООД,Варна,АКСАКОВО,Local Shop,Iron,Not Seasonal,At Home
103329,ХРАНИТЕЛНИ СТОКИ ЕООД,Варна,ВАРНА,Local Shop,Gold,Seasonal,At Home
101392,НЕЛИ ЕООД,Шумен,ШУМЕН,Local Shop,Silver,Not Seasonal,At Home
111938,МХС ЕООД,Варна,ВАРНА,Local Shop,Silver,Not Seasonal,At Home
100627,ТАНЯ ЕООД,Бургас,АХЕЛОЙ,Supermarket,Silver,Seasonal,At Home
104142,ХРАНИТЕЛНИ СТОКИ ЕООД,Бургас,БУРГАС,Local Shop,Gold,Not Seasonal,At Home
100628,CANDY SHOP ЕООД,Бургас,СЛЪНЧЕВ БРЯГ,Supermarket,Gold,Seasonal,At Home
103967,Василева ЕООД,Бургас,ПОМОРИЕ,Local Shop,Silver,Seasonal,At Home
104026,МАГАЗИН ЕООД,Бургас,СОЗОПОЛ,Local Shop,Bronze,Seasonal,At Home
103378,НОН СТОП МАРИЦА ЕООД,Варна,АСПАРУХОВО,Local Shop,Gold,Not Seasonal,At Home
103217,БОНИТА ЕООД,Добрич,КРАПЕЦ,Local Shop,Gold,Seasonal,At Home
100264,МХС ЕООД,Бургас,БУРГАС,Local Shop,Gold,Not Seasonal,At Home
104013,МАГАЗИН ЕООД,Ямбол,ГЕНЕРАЛ ИНЗОВО,Local Shop,Silver,Not Seasonal,At Home
107234,ФИОРЕ ЕООД,Варна,ВАРНА,Supermarket,Gold,Seasonal,At Home
103331,ХРАНИТЕЛНИ СТОКИ ЕООД,Варна,ЗЛАТНИ ПЯСЪЦИ,Local Shop,Bronze,Seasonal,At Home
104477,Мини маркет Анели ЕООД,Варна,ХРАБРОВО,Local Shop,Iron,Not Seasonal,At Home
104485,НАШ МАРКЕТ ЕООД,Варна,ПАРТИЗАНИ,Local Shop,Iron,Not Seasonal,At Home
104486,Сънрайз ЕООД,Варна,ЛОПУШНА,Local Shop,Iron,Not Seasonal,At Home
104494,Магазин ЕООД,Варна,ПОЛЯЦИТЕ,Local Shop,Iron,Not Seasonal,At Home
104496,Трейдинг ЕООД,Варна,ДЪЛГОПОЛ,Local Shop,Iron,Not Seasonal,At Home
107120,МАГАЗИНА ЕООД,Варна,ВАРНА,Superette,Bronze,Not Seasonal,At Home
104447,ИМПУЛС ЕООД,Варна,БЯЛА,Local Shop,Bronze,Seasonal,At Home
103813,МИНИ МАРККЕТ ФОНТАНА ЕООД,Варна,ВАРНА,Local Shop,Bronze,Not Seasonal,At Home
102087,Стиб1 ЕООД,Варна,ВАРНА,Local Shop,Gold,Not Seasonal,At Home
102162,МХС ЕООД,Бургас,СВЕТИ ВЛАС,Local Shop,Gold,Seasonal,At Home
111957,Супермаркет Енчеви ЕООД,Разград,ИСПЕРИХ,Local Shop,Bronze,Not Seasonal,At Home
101010,СТЕМА-ИС ЕООД,Бургас,ПРИМОРСКО,Supermarket,Bronze,Seasonal,At Home
111865,МАГАЗИН ХРАНИТЕЛНИ СТОКИ ЕООД,Варна,ВАРНА,Superette,Bronze,Not Seasonal,At Home
101006,МХС ЕООД,Бургас,БУРГАС,Supermarket,Bronze,Not Seasonal,At Home
101173,М-Н ЗОРНИЦА ЕООД,Силистра,ТУТРАКАН,Cafe,Silver,Not Seasonal,At Home
107151,МПС ЕООД,Бургас,МАРИНКА,Superette,Bronze,Seasonal,At Home
103957,МХС ЕООД,Бургас,ПОМОРИЕ,Local Shop,Gold,Seasonal,At Home
108567,БРОНЗ ЕООД,Варна,СЛАДКА ВОДА,Hotels,Bronze,Not Seasonal,Out of Home
112042,МИНЕТ ЕООД,Варна,ВАРНА,Superette,Iron,Not Seasonal,At Home
101955,МХС ЕООД,Добрич,ДОБРИЧ,Local Shop,Bronze,Not Seasonal,At Home
103504,КРАСИ ЕООД,Ямбол,ЯМБОЛ,Local Shop,Bronze,Not Seasonal,At Home
100624,МХС ЕООД,Бургас,СЛЪНЧЕВ БРЯГ,Supermarket,Gold,Seasonal,At Home
106665,МХС ЕООД,Русе,МАРТЕН,Superette,Gold,Not Seasonal,At Home
106667,ДИЛЕМА 2 ЕООД,Русе,МАЛКО ВРАНОВО,Superette,Gold,Not Seasonal,At Home
102383,МХС ЕООД,Бургас,СТРАЦИН,Local Shop,Silver,Not Seasonal,At Home
102160,КРАСИ 2 ЕООД,Бургас,НЕСЕБЪР,Local Shop,Bronze,Not Seasonal,At Home
111927,ДЪГА ЕООД,Шумен,ШУМЕН,Local Shop,Iron,Not Seasonal,At Home
100124,МХС ЕООД,Добрич,ДОБРИЧ,Local Shop,Silver,Not Seasonal,At Home
106267,МХС ЕООД,Русе,РУСЕ,Local Shop,Silver,Not Seasonal,At Home
101396,ДИЯНА АТАНАСОВА М-Н ЕООД,Шумен,ШУМЕН,Local Shop,Gold,Not Seasonal,At Home
100742,ХРАНИТЕЛЕН МАГАЗИН ЕООД,Добрич,ТЕРВЕЛ,Supermarket,Iron,Not Seasonal,At Home
109949,ДЕНМАР 2020 ЕООД,Варна,ВАРНА,Cafe,Gold,Not Seasonal,Out of Home
103089,СМЕСЕН МАГАЗИН ЕООД,Добрич,ТЕРВЕЛ,Local Shop,Iron,Not Seasonal,At Home
100740,МХС ЕООД,Добрич,ТЕРВЕЛ,Supermarket,Iron,Not Seasonal,At Home
103261,МАГАЗИН ЕООД,Добрич,БАЛЧИК,Local Shop,Gold,Not Seasonal,At Home
102090,МХС ЕООД,Варна,ВАРНА,Local Shop,Iron,Not Seasonal,At Home
110224,МАГАЗИН ИСКРА ЕООД,Варна,ВАРНА,Fast-food,Iron,Not Seasonal,Out of Home
100358,Супермаркет Белисима ЕООД,Варна,ВАРНА,Supermarket,Iron,Not Seasonal,At Home
103204,ХРАНИТЕЛНИ СТОКИ ДЕСИ ЕООД,Добрич,КАВАРНА,Local Shop,Gold,Not Seasonal,At Home
104032,МАГАЗИНЧЕТО ЕООД,Бургас,ПРИМОРСКО,Local Shop,Silver,Not Seasonal,At Home
100375,МИНИ МАРКЕТ ЕООД,Варна,ВАРНА,Supermarket,Gold,Not Seasonal,At Home
104050,АПОСТОЛ ПАЗАЧЕВ ЕООД,Ямбол,ЕЛХОВО,Local Shop,Iron,Not Seasonal,At Home
104040,РЕСТОРАНТЪ 87 ООД ЕООД,Ямбол,ЕЛХОВО,Local Shop,Iron,Not Seasonal,At Home
104009,МАГАЗИН АЛЕКС ЕООД,Ямбол,ЕЛХОВО,Local Shop,Iron,Not Seasonal,At Home
104007,МАГАЗИН КОТВА ЕООД,Ямбол,КИРИЛОВО,Local Shop,Iron,Not Seasonal,At Home
100274,СИНАЙ ЕООД,Ямбол,ЕЛХОВО,Local Shop,Iron,Not Seasonal,At Home
107191,БЕЛИСИМА ЕООД,Ямбол,ЕЛХОВО,Superette,Iron,Not Seasonal,At Home
104006,АЛПИНИКОВ ЕООД,Ямбол,ХАНОВО,Local Shop,Iron,Not Seasonal,At Home
104030,МАГАЗИН СТАНКОВИ ЕООД,Ямбол,ХАНОВО,Local Shop,Bronze,Not Seasonal,At Home
103493,ФОР Ю ЕООД,Ямбол,ЕЛХОВО,Local Shop,Iron,Not Seasonal,At Home
103392,СУПЕРМАРКЕТ ЕООД,Сливен,ХАДЖИДИМИТРОВО,Local Shop,Iron,Not Seasonal,At Home
103403,КИВИ ЕООД,Сливен,САМУИЛОВО,Local Shop,Silver,Not Seasonal,At Home
101409,БОГОРИДИ ЕООД,Шумен,ПЛИСКА,Local Shop,Iron,Not Seasonal,At Home
104465,МАГАЗИН ЗА ПАКЕТИРАНИ СТОКИ ЕООД,Варна,ШКОРПИЛОВЦИ,Local Shop,Gold,Not Seasonal,At Home
101689,МАГАЗИН ДИНЕВ ЕООД,Варна,ДЕВНЯ,Local Shop,Silver,Not Seasonal,At Home
102876,ЦЕНТРАЛ ЕООД,Русе,РУСЕ,Local Shop,Silver,Not Seasonal,At Home
101962,ЦЕНТРАЛ ЕООД,Добрич,ДОБРИЧ,Local Shop,Silver,Not Seasonal,At Home
104444,ХРАНИТЕЛНИ СТОКИ ЕООД,Варна,БЛИЗНАЦИ,Local Shop,Bronze,Not Seasonal,At Home
105056,ЙОНИ ГОЛД 2 ЕООД,Варна,ЛОПУШНА,Cafe,Bronze,Seasonal,Out of Home
100610,ФЛОРА ЕООД,Бургас,СЛЪНЧЕВ БРЯГ,Supermarket,Gold,Seasonal,At Home
103931,КИПАРИС ЕООД,Бургас,ЧЕРНОМОРЕЦ,Local Shop,Gold,Seasonal,At Home
106906,КИВИ МАРКЕТ ЕООД,Варна,ДЕВНЯ,Superette,Silver,Not Seasonal,At Home
102086,ХРАНИТЕЛНИ СТОКИ НИНА ЕООД,Варна,ВАРНА,Local Shop,Silver,Seasonal,At Home
101400,МАГАЗИН ПЛАТИНО ЕООД,Шумен,СТАН,Local Shop,Iron,Not Seasonal,At Home
102327,МАГАЗИН СКЛАДА ЕООД,Бургас,ОБЗОР,Local Shop,Silver,Not Seasonal,At Home
103247,ИЗАР ЕООД,Добрич,ДУРАНКУЛАК,Local Shop,Bronze,Seasonal,At Home
104022,БОРЖИНИ ЕООД,Бургас,СОЗОПОЛ,Local Shop,Silver,Seasonal,At Home
104115,МАГАЗИН 2 ЕООД,Бургас,ЧЕРНОМОРЕЦ,Local Shop,Silver,Seasonal,At Home
100862,ХРАНИТЕЛНИ СТОКИ ДАРИЯ ЕООД,Бургас,ПОМОРИЕ,Supermarket,Silver,Seasonal,At Home
100690,МХС ЧЕРНО МОРЕ ЕООД,Русе,РУСЕ,Supermarket,Gold,Not Seasonal,At Home
100267,МХС СТАВРИНА ЕООД,Бургас,БУРГАС,Local Shop,Silver,Not Seasonal,At Home
103821,МХС ЕООД,Варна,ВАРНА,Local Shop,Gold,Not Seasonal,At Home
111956,МХС ЕООД,Варна,ВАРНА,Local Shop,Bronze,Not Seasonal,At Home
101102,МХС ЕООД,Силистра,СИЛИСТРА,Cafe,Silver,Not Seasonal,At Home
112081,ПЕРЛА ЕООД,Бургас,БУРГАС,Superette,Bronze,Not Seasonal,At Home
102050,МХС ЕООД,Варна,ИГНАТИЕВО,Local Shop,Gold,Not Seasonal,At Home
102328,МХС ЕООД,Бургас,ОБЗОР,Local Shop,Bronze,Seasonal,At Home
104443,ЧЕРНО МОРЕ ЕООД,Варна,ПОПОВИЧ,Local Shop,Iron,Not Seasonal,At Home
100543,КРАСИ 1 ЕООД,Бургас,СВЕТИ ВЛАС,Supermarket,Bronze,Seasonal,At Home
103121,ДЕН ТРЕЙД ЕООД,Добрич,КАРАПЕЛИТ,Local Shop,Iron,Not Seasonal,At Home
107018,Киви Маркет ЕООД,Русе,РУСЕ,Superette,Bronze,Not Seasonal,At Home
101722,ГЕРГАНА ЕООД,Варна,НОВИ ПАЗАР,Local Shop,Bronze,Not Seasonal,At Home
100395,КАПРИЗ ЕООД,Варна,ВАРНА,Supermarket,Iron,Not Seasonal,At Home
106216,МАГАЗИН СТЕГО ЕООД,Варна,ВАРНА,Local Shop,Bronze,Not Seasonal,At Home
102536,БУРНАЗА ЕООД,Търговище,ЛИЛЯК,Local Shop,Silver,Not Seasonal,At Home
102166,МХС ЕООД,Бургас,АЙТОС,Local Shop,Bronze,Not Seasonal,At Home
103634,МХС НА ПЛАЖА ЕООД,Бургас,ЧЕРНОГРАД,Local Shop,Iron,Not Seasonal,At Home
100958,ХРАНИТЕЛНИ СТОКИ ЕООД,Бургас,БУРГАС,Supermarket,Iron,Not Seasonal,At Home
103633,БАКАЛИЯ СЕВЕЛИНА ЕООД,Бургас,СЪЕДИНЕНИЕ,Local Shop,Bronze,Not Seasonal,At Home
102156,АЛТЕР ЕООД,Бургас,АЙТОС,Local Shop,Iron,Not Seasonal,At Home
106974,Супермаркет Централ ЕООД,Бургас,СЛЪНЧЕВ БРЯГ,Superette,Gold,Seasonal,At Home
102329,CHOCO SHOP ЕООД,Бургас,ОБЗОР,Local Shop,Silver,Seasonal,At Home
100604,НАЗДРАВЕ ЕООД,Бургас,СЛЪНЧЕВ БРЯГ,Supermarket,Gold,Seasonal,At Home
102155,ХРАНИТЕЛНИ СТОКИ ЕООД,Бургас,ПЕЩЕРСКО,Local Shop,Iron,Not Seasonal,At Home
103632,ГРАНД ЕООД,Бургас,ЛЮЛЯКОВО,Local Shop,Gold,Not Seasonal,At Home
102183,АРИТО ЕООД,Бургас,ПЕЩЕРСКО,Local Shop,Iron,Not Seasonal,At Home
100908,ДЖОРДАН ЕООД,Бургас,ЧЕРНОМОРЕЦ,Supermarket,Bronze,Seasonal,At Home
105505,СЕВЪН ПЛЮС ЕООД,Бургас,ЧЕРНОМОРЕЦ,Cafe,Bronze,Seasonal,Out of Home
102799,МАГАЗИН АРИСТИДОВ ЕООД,Русе,РУСЕ,Local Shop,Bronze,Not Seasonal,At Home
102152,МАГАЗИН ЕНИГМА ЕООД,Бургас,НЕСЕБЪР,Local Shop,Gold,Not Seasonal,At Home
100480,ХРАНИТЕЛЕН МАГАЗИН ЕООД,Бургас,РАВДА,Supermarket,Bronze,Seasonal,At Home
107292,МАГАЗИН ЕООД,Варна,АКСАКОВО,Supermarket,Bronze,Not Seasonal,At Home
100849,ЕСТРЕЯ 07 ЕООД,Варна,ВАРНА,Supermarket,Bronze,Not Seasonal,At Home
100608,МХС ЕООД,Бургас,СЛЪНЧЕВ БРЯГ,Supermarket,Silver,Seasonal,At Home
102352,МХС АЧО ЕООД,Бургас,ТЪНКОВО,Local Shop,Silver,Not Seasonal,At Home
103840,ЯНА ЕООД,Варна,ВАРНА,Local Shop,Iron,Not Seasonal,At Home
100834,МХС ЕООД,Варна,ВАРНА,Supermarket,Iron,Not Seasonal,At Home
101121,БАКАЛИЯ ЕООД,Варна,ВАРНА,Cafe,Silver,Not Seasonal,At Home
103631,СУПЕРМАРКЕТ ВЕГА ЕООД,Бургас,ЗАЙЧАР,Local Shop,Iron,Not Seasonal,At Home
103874,ЗОРА ЕООД,Бургас,ЧЕРНОМОРЕЦ,Local Shop,Bronze,Not Seasonal,At Home
102049,МХС ЕООД,Варна,ИЗВОРСКО,Local Shop,Gold,Not Seasonal,At Home
103183,МАГАЗИН ЕЛПИДА ЕООД,Добрич,ВАСИЛЕВО,Local Shop,Bronze,Not Seasonal,At Home
101967,МХС ЕООД,Добрич,ДОБРИЧ,Local Shop,Silver,Not Seasonal,At Home
103184,СПИРИТ ЕООД,Добрич,ДОНЧЕВО,Local Shop,Silver,Not Seasonal,At Home
101691,МОНИ МАРКЕТ ЕООД,Варна,БЕЛОСЛАВ,Local Shop,Silver,Not Seasonal,At Home
101506,МПС ЕООД,Шумен,БОРЦИ,Local Shop,Bronze,Not Seasonal,At Home
101487,МХС ЕНИГМА 4 ЕООД,Шумен,БРАНИЧЕВО,Local Shop,Iron,Not Seasonal,At Home
100329,МАГАЗИН НАДЕЖДА ЕООД,Шумен,БРАНИЧЕВО,Supermarket,Iron,Not Seasonal,At Home
101692,МАГАЗИН СТИБ 2 ЕООД,Варна,НЕВША,Local Shop,Iron,Not Seasonal,At Home
101501,МХС ЕООД,Шумен,ЯСЕНКОВО,Local Shop,Bronze,Not Seasonal,At Home
106214,МАГАЗИН ХРАНИТЕЛНИ СТОКИ ЕООД,Шумен,КАСПИЧАН,Local Shop,Bronze,Not Seasonal,At Home
101525,МАГАЗИН БРАВО ЕООД,Шумен,БРАНИЧЕВО,Local Shop,Bronze,Not Seasonal,At Home
101406,ЗОРНИЦА МАРКЕТ ЕООД,Шумен,ЛОВЕЦ,Local Shop,Silver,Not Seasonal,At Home
100199,МХС ЕООД,Бургас,ПОМОРИЕ,Local Shop,Bronze,Not Seasonal,At Home
101498,ЗОРА 2 ЕООД,Шумен,ЧЕРНОГЛАВЦИ,Local Shop,Bronze,Not Seasonal,At Home
100755,МХС КОРЕКТ ЕООД,Сливен,СЛИВЕН,Supermarket,Iron,Not Seasonal,At Home
100810,МХС ЕООД,Сливен,СЛИВЕН,Supermarket,Silver,Not Seasonal,At Home
103731,МАГАЗИН ЧЕРНО МОРЕ ЕООД,Сливен,СЛИВЕН,Local Shop,Iron,Not Seasonal,At Home
103293,ТИНА ЕООД,Добрич,АЛБЕНА,Local Shop,Bronze,Seasonal,At Home
103279,МХС ЕООД,Добрич,АЛБЕНА,Local Shop,Bronze,Seasonal,At Home
103210,СУПЕРМАРКЕТ МЕГА ЕООД,Добрич,ГРАНИЧАР,Local Shop,Bronze,Not Seasonal,At Home
100294,КАПРИЗ ЕООД,Велико Търново,ВЕЛИКО ТЪРНОВО,Local Shop,Bronze,Not Seasonal,At Home
100668,МПС ЕООД,Русе,ВЕТОВО,Supermarket,Iron,Not Seasonal,At Home
111917,МАГАЗИН ХРАНИТЕЛНИ СТОКИ ЕООД,Варна,ТОПОЛИ,Local Shop,Silver,Not Seasonal,At Home
109783,МАГАЗИН МИЛЕНА ЕООД,Варна,КИПРА,Hotels,Iron,Not Seasonal,Out of Home
100046,ЮНАЙТЕД 2 ЕООД,Бургас,НЕСЕБЪР,Local Shop,Gold,Seasonal,At Home
102036,ГАБРИЛОВ ЕООД,Варна,ВАРНА,Local Shop,Silver,Not Seasonal,At Home
104473,КА AND ВИ СИТИ МАРКЕТ ЕООД,Варна,МЕДОВЕЦ,Local Shop,Bronze,Not Seasonal,At Home
102037,СПАСОВ ЕООД,Варна,ВАРНА,Local Shop,Gold,Not Seasonal,At Home
103622,Морско око ЕООД,Бургас,ЛЮЛЯКОВО,Local Shop,Gold,Not Seasonal,At Home
103629,МАГАЗИН ЕООД,Бургас,РУПЧА,Local Shop,Bronze,Not Seasonal,At Home
106710,МПС ЕООД,Бургас,БУРГАС,Superette,Silver,Not Seasonal,At Home
104908,МХС ЕООД,Бургас,СТРАЦИН,Cafe,Silver,Not Seasonal,Out of Home
100426,ЕММА МАРКЕТ ЕООД,Варна,ВАРНА,Supermarket,Silver,Not Seasonal,At Home
109249,МАГАЗИН ЧЕШМИТЕ ЕООД,Варна,НЕОФИТ РИЛСКИ,Bar,Bronze,Seasonal,Out of Home
102785,ФУЛЛ ШОП ЕООД,Русе,РУСЕ,Local Shop,Bronze,Not Seasonal,At Home
102801,СУПЕРМАРКЕТ СОЛТ ЛЕЙК ЕООД,Русе,РУСЕ,Local Shop,Gold,Not Seasonal,At Home
102802,ЮНАЙТЕД 3 ЕООД,Русе,РУСЕ,Local Shop,Silver,Not Seasonal,At Home
104021,МХС ЕООД,Бургас,СОЗОПОЛ,Local Shop,Silver,Not Seasonal,At Home
103035,ГАНЕВ 2 ЕООД,Варна,ВАРНА,Local Shop,Gold,Not Seasonal,At Home
100674,АНДИ ЕООД,Русе,ДВЕ МОГИЛИ,Supermarket,Iron,Seasonal,At Home
101261,МОЯТ МАГАЗИН ЕООД,Бургас,БУРГАС,Cafe,Silver,Not Seasonal,At Home
100981,КЕРЯЗОВИ ЕООД,Бургас,БУРГАС,Supermarket,Bronze,Not Seasonal,At Home
103280,ХРИСТОВИ ЕООД,Добрич,ГУРКОВО,Local Shop,Bronze,Not Seasonal,At Home
106206,МХС СИЛВИЯ ЕООД,Шумен,ШУМЕН,Local Shop,Silver,Not Seasonal,At Home
101274,ФАБИ ЧУДО ЕООД,Бургас,СРЕДЕЦ,Cafe,Gold,Not Seasonal,At Home
103188,МХС ЕООД,Добрич,ВЕДРИНА,Local Shop,Iron,Not Seasonal,At Home
109644,МПС ВЕСЕЛАТА ЕООД,Варна,ВАРНА,Fast-food,Iron,Not Seasonal,Out of Home
106950,СИЛВЪР ЕООД,Варна,ВАРНА,Superette,Iron,Not Seasonal,At Home
100337,СКАЙ 2 ЕООД,Варна,МОМЧИЛОВО,Supermarket,Bronze,Not Seasonal,At Home
101776,CITY MARKET ЕООД,Варна,ИЗВОРНИК,Local Shop,Iron,Not Seasonal,At Home
101548,ВЕСТ ЕООД,Шумен,ПРЕСЕЛКА,Local Shop,Bronze,Not Seasonal,At Home
101788,СУПЕРМАРКЕТ ТИПИ ГРУП ЕООД,Варна,ЧЕРВЕНЦИ,Local Shop,Iron,Not Seasonal,At Home
103176,"АЛКОХОЛ, ЦИГАРИ, ЕООД",Добрич,ЗЛАТИЯ,Local Shop,Iron,Not Seasonal,At Home
103316,ДЕНИЗ ЕГЕ ЕООД,Варна,ВАРНА,Local Shop,Iron,Not Seasonal,At Home
103136,ПИВНИЦА ЕООД,Добрич,ВЛАДИМИРОВО,Local Shop,Bronze,Not Seasonal,At Home
106938,СУПЕРМАРКЕТ ТИПИ ГРУП ЕООД,Варна,ВАРНА,Superette,Iron,Not Seasonal,At Home
100741,ФАМИЛИЯ ЕООД,Добрич,ЖЕГЛАРЦИ,Supermarket,Iron,Not Seasonal,At Home
100338,МАГАЗИН СЕРКА ДЕЛ МАР ЕООД,Шумен,ШУМЕН,Supermarket,Iron,Not Seasonal,At Home
100341,ГЮЛАЙ ЕООД,Шумен,ШУМЕН,Supermarket,Iron,Not Seasonal,At Home
100339,ТОНИ ЕООД,Шумен,НОВИ ПАЗАР,Supermarket,Silver,Not Seasonal,At Home
106902,ЕЛИ 80 ЕООД,Шумен,ШУМЕН,Superette,Silver,Not Seasonal,At Home
101095,МАГАЗИН СОЗОПОЛИС ЕООД,Варна,ВЕТРИНО,Cafe,Silver,Not Seasonal,At Home
101494,КЪМПИНГ АТЛИМАН ЕООД,Шумен,КАОЛИНОВО,Local Shop,Silver,Not Seasonal,At Home
100327,ДЕНИЗ ЕООД,Шумен,КЛИМЕНТ,Supermarket,Iron,Not Seasonal,At Home
100413,МХС ЕООД,Варна,ВАРНА,Supermarket,Iron,Not Seasonal,At Home
101769,КЕРЯЗОВИ ЕООД,Варна,ДЕВНЯ,Local Shop,Silver,Not Seasonal,At Home
101780,ВЕЗНИ ЕООД,Варна,БЕЛОСЛАВ,Local Shop,Bronze,Not Seasonal,At Home
104210,МАГАЗИН ЕООД,Бургас,БУРГАС,Local Shop,Silver,Not Seasonal,At Home
103730,МХС РАЛЕВ ЕООД,Сливен,СЛИВЕН,Local Shop,Bronze,Not Seasonal,At Home
100335,АВА СТОР ЕООД,Варна,ВЕТРИНО,Supermarket,Gold,Not Seasonal,At Home
102347,ДИВИАН 3 ЕООД,Бургас,АХЕЛОЙ,Local Shop,Iron,Not Seasonal,At Home
103746,МАГАЗИН ЕООД,Бургас,ИСКРА,Local Shop,Iron,Not Seasonal,At Home
110717,МХС ЗЛАТКА ЕООД,Бургас,ТОПОЛИЦА,Restaurant,Iron,Not Seasonal,Out of Home
103637,ЕКОС ЕООД,Бургас,КАРНОБАТ,Local Shop,Bronze,Not Seasonal,At Home
103627,ПЕТРУЦИ МАРКЕТ ЕООД,Бургас,КАРНОБАТ,Local Shop,Iron,Not Seasonal,At Home
103626,ДЕМИ ЕООД,Бургас,КАРНОБАТ,Local Shop,Iron,Not Seasonal,At Home
103657,МАГАЗИН ЕООД,Бургас,КАРНОБАТ,Local Shop,Iron,Not Seasonal,At Home
100978,ХРАНИТЕЛНИ СТОКИ ЕООД,Бургас,БУРГАС,Supermarket,Bronze,Not Seasonal,At Home
103918,ПАКЕТИРАНИ СТОКИ ЕООД,Бургас,БУРГАС,Local Shop,Bronze,Not Seasonal,At Home
101264,ВАН СИ ЕООД,Бургас,СОЗОПОЛ,Cafe,Bronze,Seasonal,At Home
100225,МАЯК ЕООД,Бургас,БУРГАС,Local Shop,Iron,Not Seasonal,At Home
100255,ПК ПЕРЛА ЕООД,Бургас,БУРГАС,Local Shop,Iron,Not Seasonal,At Home
103903,МАРУЛКА ТОДОРОВА ЕООД,Бургас,БУРГАС,Local Shop,Iron,Not Seasonal,At Home
107244,ХРАНИТЕЛНИ СТОКИ КАРИНА ЕООД,Бургас,БУРГАС,Supermarket,Bronze,Not Seasonal,At Home
111758,МХС ЕООД,Бургас,БУРГАС,Fast-food,Iron,Not Seasonal,Out of Home
100212,ДЖАН ЕООД,Бургас,БУРГАС,Local Shop,Bronze,Not Seasonal,At Home
103902,МАГАЗИН ЕООД,Бургас,МАЛКО ТЪРНОВО,Local Shop,Iron,Not Seasonal,At Home
103050,ТУНДЖА ЕООД,Добрич,ГЕНЕРАЛ ТОШЕВО,Local Shop,Gold,Not Seasonal,At Home
100164,ХОРИЗОНТ - ПАВЛИНКА ВЛАХОВА ЕТ ЕООД,Бургас,БУРГАС,Local Shop,Iron,Not Seasonal,At Home
110180,ДЕНИКА ЕООД,Бургас,БУРГАС,Fast-food,Iron,Not Seasonal,Out of Home
103901,МАГАЗИН ХРАНИТЕЛНИ СТОКИ ЕООД,Бургас,БУРГАС,Local Shop,Silver,Not Seasonal,At Home
111618,МАГАЗИН ТМТ ЕООД,Варна,ТОПОЛИ,Fast-food,Silver,Not Seasonal,Out of Home
101658,МИНИ МАРКЕТ ДАВИД ЕООД,Силистра,ВОДНО,Local Shop,Iron,Not Seasonal,At Home
106486,НИК 76 ЕООД,Бургас,БУРГАС,Cafe,Bronze,Not Seasonal,Out of Home
102048,МИНИ МАРКЕТ ЕООД,Варна,ОРЕШАК,Local Shop,Bronze,Not Seasonal,At Home
107007,ЕТ ДЕСИ ЕООД,Русе,РУСЕ,Superette,Gold,Not Seasonal,At Home
111949,МАГАЗИН ЕООД,Търговище,ТЪРГОВИЩЕ,Local Shop,Iron,Not Seasonal,At Home
106979,ХРАНИТЕЛНИ СТОКИ ЕООД,Търговище,ТЪРГОВИЩЕ,Superette,Iron,Not Seasonal,At Home
102532,ВАНИСТА 2 МАГАЗИН ЕООД,Търговище,ТЪРГОВИЩЕ,Local Shop,Iron,Not Seasonal,At Home
102343,МХС ЕООД,Бургас,РЕЧИЦА,Local Shop,Iron,Not Seasonal,At Home
102159,ОДЕН ЕООД,Бургас,АЙТОС,Local Shop,Iron,Not Seasonal,At Home
102216,НИНЕЛ ЕООД,Бургас,ТРЪНАК,Local Shop,Iron,Not Seasonal,At Home
102204,МОНИ ЗВЕЗДЕЦ ЕООД,Бургас,ТРЪНАК,Local Shop,Iron,Not Seasonal,At Home
102257,МАГАЗИН ЕООД,Бургас,ШИВАРОВО,Local Shop,Bronze,Not Seasonal,At Home
107451,МААЗИН БУЛЕВАРД ЕООД,Бургас,ЧЕРНА МОГИЛА,Restaurant,Iron,Not Seasonal,Out of Home
103635,МХС РИТОНИ ЕООД,Бургас,ЛЮЛЯКОВО,Local Shop,Silver,Not Seasonal,At Home
103630,МАГАЗИН ЯНИТА ХОЛИДЕЙ ЕООД,Бургас,МАЛКА ПОЛЯНА,Local Shop,Iron,Not Seasonal,At Home
110719,ДРАГОМАНОВА ЕООД,Бургас,ЗАЙЧАР,Restaurant,Bronze,Not Seasonal,Out of Home
103638,ВИЛДБАД ЕООД,Бургас,ЧЕРЕША,Local Shop,Iron,Not Seasonal,At Home
102181,СУПЕРМАРКЕТ ПРИЗ ЕООД,Бургас,ПЕЩЕРСКО,Local Shop,Bronze,Not Seasonal,At Home
102389,СУПЕРМАРКЕТ ДЕЛФИН ЕООД,Бургас,РЕЧИЦА,Local Shop,Iron,Not Seasonal,At Home
103666,РЕЗОВО МХС ЕООД,Бургас,ЛЮЛЯКОВО,Local Shop,Iron,Not Seasonal,At Home
108164,МАГАЗИН ЕООД,Бургас,ЧЕРЕША,Restaurant,Iron,Not Seasonal,Out of Home
103665,МАГАЗИН ХРАНИТЕЛНИ СТОКИ ЕООД,Бургас,СКАЛАК,Local Shop,Iron,Not Seasonal,At Home
105513,МАГАЗИН ЦЕНТРАЛ ЕООД,Бургас,ЧЕРНО МОРЕ,Cafe,Iron,Not Seasonal,Out of Home
102741,МАГАЗИН ЕЛИС ЕООД,Русе,СЛИВО ПОЛЕ,Local Shop,Silver,Not Seasonal,At Home
109481,СУПЕРМАРКЕТ ЛЮСИ ЕООД,Бургас,БУРГАС,Fast-food,Iron,Not Seasonal,Out of Home
103018,ЦЕНТРАЛ ЕООД,Разград,ЛОЗНИЦА,Local Shop,Bronze,Not Seasonal,At Home
101442,МАРКЕТ ПЕРЛА ЕООД,Шумен,ВЕЛИКИ ПРЕСЛАВ,Local Shop,Iron,Not Seasonal,At Home
111620,КРИСТИНА ЕООД,Разград,РАЗГРАД,Fast-food,Iron,Not Seasonal,At Home
107256,МОЯТ МАГАЗИН ЕООД,Варна,ВАРНА,Hotels,Iron,Not Seasonal,At Home
103318,ВИЛА ЗАЛИВА МАГАЗИН ЕООД,Варна,ВАРНА,Local Shop,Bronze,Not Seasonal,At Home
107067,МИМИ ЕООД,Разград,РАЗГРАД,Superette,Iron,Not Seasonal,At Home
103058,МАГАЗИН ТРИТЕ НИМФИ ЕООД,Разград,РАЗГРАД,Local Shop,Iron,Not Seasonal,At Home
100118,МАГАЗИН ПРИЗ ЕООД,Разград,РАЗГРАД,Local Shop,Iron,Not Seasonal,At Home
107061,МАГАЗИНИ ЕООД,Разград,РАЗГРАД,Superette,Iron,Not Seasonal,At Home
107069,ЕТ ПАСКОВИ ЕООД,Разград,РАЗГРАД,Superette,Iron,Not Seasonal,At Home
100304,ТЕОФАНА ЕООД,Варна,ВАРНА,Local Shop,Silver,Not Seasonal,Out of Home
102855,РАДЕВ И СИЕ ЕООД,Силистра,БРЕНИЦА,Local Shop,Iron,Not Seasonal,At Home
103917,ПК ТРУД ЕООД,Бургас,БУРГАС,Local Shop,Gold,Not Seasonal,At Home
100147,МАГАЗИН ВИТУС ЕООД,Сливен,КРУШАРЕ,Local Shop,Bronze,Not Seasonal,At Home
103729,ПРЕСТИЖ ЕООД,Сливен,КРУШАРЕ,Local Shop,Iron,Not Seasonal,At Home
103586,МХС ЕООД,Сливен,КАМЕН,Local Shop,Iron,Not Seasonal,At Home
103419,ПОЛИ ЕООД,Сливен,КАМЕН,Local Shop,Iron,Not Seasonal,At Home
107084,СУПЕРМАРКЕТ КОРАЛ ЕООД,Сливен,СЛИВЕН,Superette,Iron,Not Seasonal,At Home
100155,МАГАЗИН ЧЕРИ МУСАЛА ЕООД,Сливен,СЛИВЕН,Local Shop,Iron,Not Seasonal,At Home
107073,МАГАЗИН НИКЕЯ ЕООД,Сливен,КРУШАРЕ,Superette,Silver,Not Seasonal,At Home
102473,МАГАЗИН ХРАНИТЕЛНИ СТОКИ ЕООД,Търговище,ПОПОВО,Local Shop,Silver,Not Seasonal,At Home
100137,МАГАЗИН НИЯ ДАР ЕООД,Сливен,СЛИВЕН,Local Shop,Iron,Not Seasonal,At Home
100128,МАГАЗИН НИКЕ-2011 ЕООД,Сливен,СЛИВЕН,Local Shop,Iron,Not Seasonal,At Home
100666,КООП БУРГАС ЕООД,Русе,ШУМЕНЦИ,Supermarket,Bronze,Not Seasonal,At Home
100047,КАТИ ЕООД,Бургас,АЙТОС,Local Shop,Iron,Not Seasonal,At Home
102179,ХРАНИТЕЛНИ СТОКИ ЕООД,Бургас,АЙТОС,Local Shop,Bronze,Not Seasonal,At Home
102176,ВАНИСТА 1 МАГАЗИН ЕООД,Бургас,АЙТОС,Local Shop,Iron,Not Seasonal,At Home
100174,ЦЕНТРАЛ ЕООД,Бургас,БУРГАС,Local Shop,Bronze,Not Seasonal,At Home
100169,ПАКЕТИРАНИ СТОКИ АВЕНЮ ЕООД,Бургас,БУРГАС,Local Shop,Iron,Not Seasonal,At Home
102175,ХРАНИТЕЛНИ СТОКИ ЕООД,Бургас,ИЗВОРИЩЕ,Local Shop,Iron,Not Seasonal,At Home
100511,МХС V AND P ТУДЖАРОВА ЕООД,Бургас,АЙТОС,Supermarket,Iron,Not Seasonal,At Home
103664,МИНИ МАРКЕТ КАПРИЗ ЕООД,Бургас,КАРНОБАТ,Local Shop,Iron,Not Seasonal,At Home
100153,ЯК МАГ ЕООД,Бургас,КАРНОБАТ,Local Shop,Bronze,Not Seasonal,At Home
103663,МХС ЕООД,Бургас,КАРНОБАТ,Local Shop,Iron,Not Seasonal,At Home
109488,ДИОНИС ЕООД,Бургас,БУРГАС,Fast-food,Iron,Not Seasonal,Out of Home
103662,МИНИ МАРКЕТ ЕООД,Бургас,КЛИКАЧ,Local Shop,Iron,Not Seasonal,At Home
103653,ХРАНИТЕЛНИ СТОКИ ЕООД,Бургас,КЛИКАЧ,Local Shop,Bronze,Not Seasonal,At Home
103660,МАГАЗИН ХРАНИТЕЛНИ СТОКИ ЕООД,Бургас,КЛИКАЧ,Local Shop,Iron,Not Seasonal,At Home
103611,МАГАЗИН ЕООД,Бургас,КЛИКАЧ,Local Shop,Iron,Not Seasonal,At Home
103658,МАГАЗИН ИВАНОВИ ЕООД,Бургас,КЛИКАЧ,Local Shop,Iron,Not Seasonal,At Home
103661,МАГАЗИН КРЪСТАН ЕООД,Бургас,ЧУКАРКА,Local Shop,Iron,Not Seasonal,At Home
111889,МХС ЕООД,Ямбол,ЯМБОЛ,Superette,Bronze,Not Seasonal,At Home
103656,ВЕЛЕКА ПК ЕООД,Бургас,ПИРНЕ,Local Shop,Iron,Not Seasonal,At Home
102131,МАГАЗИН ПРИЗ ЕООД,Бургас,СЪДИЕВО,Local Shop,Iron,Not Seasonal,At Home
103655,ЧЕРИ МАРКЕТ ЕООД,Бургас,КАРАГЕОРГИЕВО,Local Shop,Iron,Not Seasonal,At Home
103654,МАГАЗИН ЧЕРНО МОРЕ ЕООД,Бургас,РАКЛИНОВО,Local Shop,Iron,Not Seasonal,At Home
103636,МХС ЕООД,Бургас,ГЛУМЧЕ,Local Shop,Iron,Not Seasonal,At Home
103621,МАГАЗИН СТЕМА ЕООД,Бургас,КЛИМАШ,Local Shop,Iron,Not Seasonal,At Home
100138,МХРАНИТЕЛНИ СТОКИ ЕООД,Бургас,СУНГУРЛАРЕ,Local Shop,Iron,Not Seasonal,At Home
103652,МАГАЗИН 1 ЕООД,Бургас,СУНГУРЛАРЕ,Local Shop,Iron,Not Seasonal,At Home
105503,ЦЕНТРАЛ ЕООД,Бургас,ЧЕРНИ ВРЪХ,Cafe,Silver,Not Seasonal,Out of Home
103609,МПС ЕООД,Бургас,СУНГУРЛАРЕ,Local Shop,Iron,Not Seasonal,At Home
100633,ХРАНИТЕЛНИ СТОКИ ЕООД,Търговище,ТЪРГОВИЩЕ,Supermarket,Bronze,Not Seasonal,At Home
109534,СУПЕРМАРКЕТ ДАВИД ЕООД,Бургас,БУРГАС,Fast-food,Iron,Not Seasonal,Out of Home
110308,МПС ЕООД,Бургас,БУРГАС,Fast-food,Iron,Not Seasonal,Out of Home
107135,МХС ЕООД,Бургас,БУРГАС,Superette,Iron,Not Seasonal,At Home
102154,ПРЕСТИЖ ЕООД,Бургас,СЪДИЕВО,Local Shop,Iron,Not Seasonal,At Home
100171,ТЕДИ 211 ЕООД,Бургас,БУРГАС,Local Shop,Iron,Not Seasonal,At Home
102463,Д ЕН Д МАРКЕТ ЕООД,Търговище,МЕДОВИНА,Local Shop,Bronze,Not Seasonal,At Home
110780,СУПЕРМАРКЕТ МИРАЖ ЕООД,Бургас,БУРГАС,Fast-food,Iron,Not Seasonal,Out of Home
100622,СУПЕРМАРКЕТ СТИВЕКС ЕООД,Бургас,АХЕЛОЙ,Supermarket,Gold,Seasonal,At Home
100630,МИНИ МАРКЕТ ЕООД,Бургас,СЛЪНЧЕВ БРЯГ,Supermarket,Silver,Seasonal,At Home
100629,ЦЕНТРАЛ ЕООД,Бургас,СЛЪНЧЕВ БРЯГ,Supermarket,Gold,Seasonal,At Home
111294,ХРАНИТЕЛЕН МАГАЗИН ГЕРИ 18 ЕООД,Варна,ШКОРПИЛОВЦИ,Fast-food,Bronze,Seasonal,Out of Home
104442,СИНЬО ЛЯТО 2023 ЕООД,Варна,ГРОЗДЬОВО,Local Shop,Silver,Not Seasonal,At Home
110227,МАГАЗИН РОДОПИ ЕООД,Варна,ДОЛНИ ЧИФЛИК,Fast-food,Silver,Not Seasonal,Out of Home
106205,БАЛКАНСКИ 21 ЕООД,Шумен,КАОЛИНОВО,Local Shop,Iron,Not Seasonal,At Home
102332,АГРОФОРУМТРАНС ЕООД,Бургас,ПРОСЕНИК,Local Shop,Silver,Not Seasonal,At Home
100749,МХС ЕООД,Разград,ОСЕНЕЦ,Supermarket,Silver,Not Seasonal,At Home
103005,АЛФА ЕООД,Добрич,ЦАРЕВЕЦ,Local Shop,Iron,Not Seasonal,At Home
100321,МИНИМАРКЕТ УСМИВКА ЕООД,Варна,ЧЕРНЕВО,Supermarket,Bronze,Not Seasonal,At Home
101146,МХС ЕООД,Добрич,ДОБРИЧ,Cafe,Bronze,Not Seasonal,At Home
104578,ХРАНИТЕЛЕН МАГАЗИН ПРИЯТЕЛИ 2 ЕООД,Варна,ВЕНЧАН,Local Shop,Bronze,Not Seasonal,At Home
100842,МАГАЗИН МАРАНТ ЕООД,Бургас,КОНСТАНТИНОВО,Supermarket,Silver,Not Seasonal,At Home
107141,АПОЛОНИЯ ЕООД,Бургас,КРУШЕВЕЦ,Superette,Bronze,Not Seasonal,At Home
106673,МАГАЗИН ДЕБОРА ЕООД,Варна,ВАРНА,Superette,Gold,Not Seasonal,At Home
103198,МПС ЕООД,Добрич,ГРАНИЧАР,Local Shop,Iron,Not Seasonal,At Home
103281,БОЛИТО ЕООД,Добрич,ШАБЛА,Local Shop,Iron,Not Seasonal,At Home
109439,СОЗОС СЕЛЕНА ЕООД,Бургас,АХТОПОЛ,Fast-food,Bronze,Seasonal,Out of Home
105730,СУПЕРМАРКЕТ ФАВОРИТ 5 ЕООД,Варна,БЕЛОСЛАВ,Fast-food,Bronze,Not Seasonal,Out of Home
105243,МХС ЕООД,Бургас,КАБЛЕШКОВО,Cafe,Gold,Not Seasonal,Out of Home
100116,САРО 21 ЕООД,Варна,ВАРНА,Local Shop,Silver,Not Seasonal,At Home
100450,ВЕЛЕКА 51 ЕООД,Бургас,НЕСЕБЪР,Supermarket,Gold,Not Seasonal,At Home
107060,MХС ЕООД,Варна,ВАРНА,Superette,Iron,Not Seasonal,At Home
101894,МАГАЗИН ПАКЕТИРАНИ СТОКИ ЕООД,Добрич,ЛОВЧАНЦИ,Local Shop,Iron,Not Seasonal,At Home
105441,МАГАЗИН НАДЕЖДА ЕООД,Варна,ВАРНА,Cafe,Gold,Not Seasonal,Out of Home
104347,МХС ЕООД,Разград,ЗАВЕТ,Local Shop,Bronze,Not Seasonal,At Home
102240,МПС ЕООД,Бургас,СВЕТИ ВЛАС,Local Shop,Silver,Not Seasonal,At Home
106686,МИКРАДОН ЕООД,Ямбол,ЛЕСОВО,Superette,Gold,Not Seasonal,At Home
103278,ДАЧЕВ ЧОЙС КИТЕН ЕООД,Добрич,БЕЛГУН,Local Shop,Iron,Not Seasonal,At Home
103061,МИКИ ЕООД,Разград,РАЗГРАД,Local Shop,Silver,Not Seasonal,At Home
102133,ИВАНКА ЕООД,Бургас,НЕСЕБЪР,Local Shop,Iron,Not Seasonal,At Home
100713,МПС ТАНЯ ЕООД,Варна,ВАРНА,Supermarket,Iron,Not Seasonal,At Home
102103,АГРО ПРО ЕООД,Варна,ЗОРНИЦА,Local Shop,Bronze,Not Seasonal,At Home
103899,МАГАЗИН КАПРИЗ ЕООД,Бургас,МАЛКО ТЪРНОВО,Local Shop,Bronze,Not Seasonal,At Home
104478,ТЕГЕЛ ЕООД,Варна,ЦОНЕВО,Local Shop,Iron,Not Seasonal,At Home
103948,ТРИНИТИ МАРКЕТ ЕООД,Бургас,ПОМОРИЕ,Local Shop,Iron,Not Seasonal,At Home
101723,МХС ЕООД,Варна,НОВИ ПАЗАР,Local Shop,Iron,Not Seasonal,At Home
108187,МХС ЕООД,Бургас,ТОПОЛИЦА,Restaurant,Bronze,Seasonal,Out of Home
100011,ХРАНИТЕЛ МАГАЗИН ЕООД,Шумен,ШУМЕН,Local Shop,Silver,Not Seasonal,At Home
100314,МХС ЕООД,Варна,ТОПОЛИ,Supermarket,Gold,Not Seasonal,At Home
100589,ВАШИЯТ МАРКЕТ ЕООД,Бургас,СЛЪНЧЕВ БРЯГ,Supermarket,Silver,Seasonal,At Home
104441,МАГАЗИН МАРКЕТ ЕООД,Варна,БЯЛА,Local Shop,Gold,Not Seasonal,At Home
100751,СТАМОПОЛУ МАГАЗИН ЕООД,Сливен,СЛИВЕН,Supermarket,Gold,Not Seasonal,At Home
100400,МАГАЗИН ДРИЙМС МАРКЕТ ЕООД,Варна,ВАРНА,Supermarket,Silver,Not Seasonal,At Home
103055,МХС ЕООД,Разград,РАЗГРАД,Local Shop,Silver,Not Seasonal,At Home
106677,СУПЕРМАРКЕТ ДАВИД ЕООД,Варна,ВАРНА,Superette,Gold,Not Seasonal,At Home
100412,МАГАЗИН АЛЕКС ЕООД,Добрич,ДОБРИЧ,Supermarket,Silver,Not Seasonal,At Home
103320,ЧЕРНО МОРЕ КАВАЦИ ЕООД,Варна,ВАРНА,Local Shop,Bronze,Not Seasonal,At Home
103079,МАГАЗИН ЕООД,Добрич,ДОБРИЧ,Local Shop,Bronze,Not Seasonal,At Home
101134,КОРНЕР 6 ЕООД,Варна,ВАРНА,Cafe,Bronze,Not Seasonal,At Home
107512,ЕФИР 2 ЕООД,Варна,ВАРНА,Restaurant,Iron,Not Seasonal,Out of Home
103118,МАГАЗИН ТС ЕООД,Добрич,ПОДСЛОН,Local Shop,Iron,Not Seasonal,At Home
100739,КРИСИЯ ЕООД,Добрич,ПОДСЛОН,Supermarket,Iron,Not Seasonal,At Home
105211,БАКАЛИЯТА НА ЕЛИФ ЕООД,Бургас,КАБЛЕШКОВО,Cafe,Gold,Not Seasonal,Out of Home
103402,МАГАЗИН ЕООД,Сливен,СЛИВЕН,Local Shop,Silver,Not Seasonal,At Home
109953,ЖК СЛАВЕЙКОВ БЛ212 ПАРТЕР ЕООД,Варна,ВАРНА,Cafe,Bronze,Not Seasonal,Out of Home
100415,МХС ЕООД,Добрич,ИЗВОРСКО,Supermarket,Iron,Not Seasonal,At Home
103282,МХС ЕООД,Добрич,ДУРАНКУЛАК,Local Shop,Silver,Not Seasonal,At Home
101960,МХС ЕООД,Добрич,БЕЗВОДИЦА,Local Shop,Iron,Not Seasonal,At Home
106936,МАГАЗИН ЕООД,Варна,ВАРНА,Superette,Iron,Not Seasonal,At Home
101794,Магазин ЕООД,Варна,ГЕНЕРАЛ КИСЕЛОВО,Local Shop,Bronze,Not Seasonal,At Home
101793,МАГАЗИН ЕООД,Варна,МИХАЛИЧ,Local Shop,Iron,Not Seasonal,At Home
101792,ПЛОД И ЗЕЛЕНЧУЦИ ЕООД,Варна,МИХАЛИЧ,Local Shop,Iron,Not Seasonal,At Home
100729,ЛАТИНКА АРКУТИНО ЕООД,Добрич,ОРЛЯК,Supermarket,Iron,Not Seasonal,At Home
102604,МАГАЗИНЧЕТО ЕООД,Русе,РУСЕ,Local Shop,Silver,Not Seasonal,At Home
100012,ГРИЙН ЛАЙФ ОРКО МАГАЗИН ЕООД,Шумен,ШУМЕН,Local Shop,Silver,Not Seasonal,At Home
101412,Магазин Бела ЕООД,Шумен,КАСПИЧАН,Local Shop,Iron,Not Seasonal,At Home
101490,МИНИМАРКЕТ МОНИ ЕООД,Шумен,ЯСЕНКОВО,Local Shop,Bronze,Not Seasonal,At Home
105933,МИНИ МАТКЕТ ЕООД,Бургас,КАБЛЕШКОВО,Fast-food,Bronze,Not Seasonal,Out of Home
104491,МАГАЗИН СТОП ШОП ЕООД,Варна,ТУТРАКАНЦИ,Local Shop,Iron,Not Seasonal,At Home
101791,ДИДИ МАРКЕТ ЕООД,Варна,СТЕФАН КАРАДЖА,Local Shop,Bronze,Not Seasonal,At Home
102321,МАГАЗИН ХРАНИТЕЛНИ СТОКИ ЕООД,Бургас,СТРАЦИН,Local Shop,Iron,Not Seasonal,At Home
102723,МАГАЗИН ХРАНИТЕЛНИ СТОКИ ЕООД,Велико Търново,ШЕРЕМЕТЯ,Local Shop,Silver,Not Seasonal,At Home
102520,ТРИНИТИ ЕООД,Търговище,ТЪРГОВИЩЕ,Local Shop,Silver,Not Seasonal,At Home
110720,МАГАЗИН ВЕЛЕС ЕООД,Бургас,БУРГАС,Restaurant,Bronze,Not Seasonal,Out of Home
110566,ХРАНИТЕЛНИ СТОКИ ЕООД,Бургас,БУРГАС,Fast-food,Iron,Seasonal,Out of Home
101657,АКМЕР ЕООД,Силистра,СИЛИСТРА,Local Shop,Bronze,Not Seasonal,At Home
103959,ЖИВКО ТАНЧЕВ ЕООД,Бургас,БУРГАС,Local Shop,Iron,Not Seasonal,At Home
106176,АРАБАДЖИЕВИ ЕООД,Бургас,БУРГАС,Fast-food,Silver,Not Seasonal,Out of Home
107177,НАРКОП ЕООД,Бургас,БУРГАС,Superette,Iron,Not Seasonal,At Home
102866,Апостолови маркет ЕООД,Силистра,МЕЖДЕН,Local Shop,Bronze,Not Seasonal,At Home
102867,ЧОЙС ЕООД,Силистра,МЕЖДЕН,Local Shop,Iron,Not Seasonal,At Home
101656,ЧОЙС ЕООД,Силистра,БРАДВАРИ,Local Shop,Iron,Not Seasonal,At Home
106560,МАГАЗИН ЕООД,Бургас,БУРГАС,Cafe,Bronze,Not Seasonal,Out of Home
106581,МХС ЕООД,Бургас,БУРГАС,Cafe,Iron,Not Seasonal,Out of Home
101612,КОРНЕР ЕООД,Силистра,АЛЕКОВО,Local Shop,Iron,Not Seasonal,At Home
100266,ФАВОРИТ ЕООД,Бургас,БУРГАС,Local Shop,Iron,Not Seasonal,At Home
107142,МАГНЕД ЕООД,Бургас,БУРГАС,Superette,Iron,Not Seasonal,At Home
110364,МХС ЕООД,Бургас,КАМЕНО,Fast-food,Silver,Not Seasonal,Out of Home
106564,ДИОСА ЕООД,Бургас,КАМЕНО,Cafe,Iron,Not Seasonal,Out of Home
109710,МХС ЕООД,Бургас,БУРГАС,Fast-food,Iron,Not Seasonal,Out of Home
100880,МХС ЕООД,Бургас,БУРГАС,Supermarket,Silver,Not Seasonal,At Home
106706,МХС ЕООД,Бургас,БУРГАС,Superette,Silver,Seasonal,At Home
100086,МАГАЗИН ПРИЗ ЕООД,Русе,РУСЕ,Local Shop,Iron,Not Seasonal,At Home
107002,ПК СЪГЛАСИЕ ЕООД,Русе,РУСЕ,Superette,Bronze,Not Seasonal,At Home
100095,МПС ВАНЯ ЕООД,Русе,РУСЕ,Local Shop,Iron,Not Seasonal,At Home
102868,МХС ЕООД,Силистра,ТУТРАКАН,Local Shop,Iron,Not Seasonal,At Home
100326,МХС ЕООД,Шумен,КЛИМЕНТ,Supermarket,Bronze,Not Seasonal,At Home
111979,МИНИМАРКЕТ ЕООД,Сливен,СЛИВЕН,Local Shop,Bronze,Not Seasonal,At Home
111899,СУПЕРМАРКЕТМЕРКАДО ЕООД,Велико Търново,ВЕЛИКО ТЪРНОВО,Superette,Silver,Not Seasonal,At Home
109674,МАГАЗИН ОРФЕЙ ЕООД,Бургас,ВЕТРЕН,Fast-food,Iron,Not Seasonal,Out of Home
101047,МАГАЗИН ИРИС ЕООД,Велико Търново,ВЕЛИКО ТЪРНОВО,Supermarket,Bronze,Not Seasonal,At Home
110156,СУПЕРМАРКЕТ ЕКСПРЕС ЕООД,Бургас,БУРГАС,Fast-food,Bronze,Not Seasonal,Out of Home
104196,МЕРКАДО МАРКЕТ ЕООД,Бургас,БУРГАС,Local Shop,Iron,Not Seasonal,At Home
103883,ХРАНИТЕЛНИ СТОКИ ЕЛ СИД ЕООД,Бургас,РАВНЕЦ,Local Shop,Bronze,Not Seasonal,At Home
100176,МХС СТИВ ЕООД,Бургас,БУРГАС,Local Shop,Iron,Not Seasonal,At Home
109477,ХРАНИТЕЛНИ СТОКИ ЕЛ СИД ЕООД,Бургас,БУРГАС,Fast-food,Iron,Not Seasonal,Out of Home
110573,МАГАЗИН ДЖИ ЕНД ДЖИ ЕООД,Бургас,БУРГАС,Fast-food,Iron,Not Seasonal,Out of Home
103283,МХС ЕООД,Добрич,СТРАЖИЦА,Local Shop,Iron,Not Seasonal,At Home
107123,МХС ЕООД,Бургас,БРАТОВО,Superette,Iron,Not Seasonal,At Home
103960,ДИМИТ ЕООД,Бургас,КАМЕНО,Local Shop,Bronze,Not Seasonal,At Home
107113,БАБЕЛ ЕООД,Бургас,БУРГАС,Superette,Bronze,Not Seasonal,At Home
103516,МАГАЗИН ВКУСНО 2 ЕООД,Ямбол,ИЗГРЕВ,Local Shop,Bronze,Not Seasonal,At Home
110617,МИНИМАРКЕТ СЕЙЛГУУД ЕООД,Бургас,БУРГАС,Fast-food,Iron,Not Seasonal,Out of Home
111535,МИКОМ 2 ЕООД,Бургас,БУРГАС,Restaurant,Iron,Not Seasonal,Out of Home
100350,МИКОМ 1 ЕООД,Шумен,ШУМЕН,Supermarket,Iron,Not Seasonal,At Home
104205,МАГАЗИН ХРАНИТЕЛНИ СТОКИ ЕООД,Бургас,БУРГАС,Local Shop,Iron,Not Seasonal,At Home
100167,МПС ТИ ЕМ ЕООД,Бургас,БУРГАС,Local Shop,Iron,Not Seasonal,At Home
111890,РИЯ ЕООД,Бургас,БУРГАС,Superette,Iron,Not Seasonal,At Home
100746,МПС ЕООД,Разград,РАЗГРАД,Supermarket,Iron,Not Seasonal,At Home
103063,ДРАГОТОН ЕООД,Разград,РАЗГРАД,Local Shop,Iron,Not Seasonal,At Home
102869,ХРАНИТЕЛНИ СТОКИ ЗОРА ЕООД,Силистра,ТУТРАКАН,Local Shop,Iron,Not Seasonal,At Home
102870,ХРАНИТЕЛНИ СТОКИ ЕЛ СИД ЕООД,Силистра,ВАРНЕНЦИ,Local Shop,Iron,Not Seasonal,At Home
102831,МАРКЕТ ТИШИНА ЕООД,Силистра,БЕЛИЦА,Local Shop,Iron,Not Seasonal,At Home
104316,МАГАЗИН ЕООД,Силистра,БЕЛИЦА,Local Shop,Iron,Not Seasonal,At Home
103736,МАГАЗИН АТЛИМАН ЕООД,Бургас,ГРОЗДЕН,Local Shop,Iron,Not Seasonal,At Home
103610,МАГАЗИН АЛЕГРА ЕООД,Бургас,СИГМЕН,Local Shop,Iron,Not Seasonal,At Home
103508,АЙВАЗ НУВАЛИ 2022 ООД ЕООД,Ямбол,ЯМБОЛ,Local Shop,Iron,Not Seasonal,At Home
103484,МАГАЗИН ФАВОРИТ ЕООД,Ямбол,СТАРА РЕКА,Local Shop,Iron,Not Seasonal,At Home
103440,ФЕЙС КИТЕН ЕООД,Ямбол,ГЕНЕРАЛ ИНЗОВО,Local Shop,Iron,Not Seasonal,At Home
103499,ХРАНИТЕЛЕН МАГАЗИН ЕООД,Ямбол,ЧЕЛНИК,Local Shop,Bronze,Not Seasonal,At Home
100148,МАГАЗИН ЗА ХРАНИТЕЛНИ СТОКИ ЕООД,Ямбол,ЯМБОЛ,Local Shop,Iron,Not Seasonal,At Home
103453,МХС ФРЕШ ЕООД,Ямбол,СКАЛИЦА,Local Shop,Iron,Not Seasonal,At Home
112068,МПС ЕООД,Ямбол,ЯМБОЛ,Superette,Iron,Not Seasonal,At Home
103452,МАГАЗИН БЕЛЛА ЕООД,Ямбол,ОВЧИ КЛАДЕНЕЦ,Local Shop,Iron,Not Seasonal,At Home
103511,АКСУ ЕООД,Ямбол,ЯМБОЛ,Local Shop,Iron,Not Seasonal,At Home
102012,АКАДЕМИК ЕООД,Варна,АКСАКОВО,Local Shop,Silver,Not Seasonal,At Home
103405,ХРАНИТЕЛНИ СТОКИ ЕООД,Сливен,САМУИЛОВО,Local Shop,Iron,Not Seasonal,At Home
103407,СИМЕОНОВИ ЕООД,Сливен,САМУИЛОВО,Local Shop,Bronze,Not Seasonal,At Home
104595,ГЮЛЧИ ЕООД,Варна,БОЗВЕЛИЙСКО,Local Shop,Iron,Not Seasonal,At Home
101401,ХРАНИТЕЛЕН МАГАЗИН МИРЕЛИ ЕООД,Шумен,ЗЛАТНА НИВА,Local Shop,Bronze,Not Seasonal,At Home
107092,ХРАНИТЕЛНИ СТОКИ ГЕНИ ЕООД,Бургас,БУРГАС,Superette,Iron,Not Seasonal,At Home
104594,НАРКООП ЕООД,Варна,БОЗВЕЛИЙСКО,Local Shop,Iron,Not Seasonal,At Home
100136,ГЕНИ ТИНТЯВА ЕООД,Сливен,СЛИВЕН,Local Shop,Bronze,Not Seasonal,At Home
106280,МАК ТУР ЕООД,Сливен,СЛИВЕН,Local Shop,Iron,Not Seasonal,At Home
104463,МИНИ МАРКЕТ ГАЛИАНИ ЕООД,Варна,ДОЛНИ ЧИФЛИК,Local Shop,Bronze,Not Seasonal,At Home
104593,СЕМЧОА ЕООД,Варна,ПРОВАДИЯ,Local Shop,Iron,Not Seasonal,At Home
100205,ДУРАН ЕООД,Бургас,БУРГАС,Local Shop,Bronze,Not Seasonal,At Home
101156,СУПЕР МАРКЕТ ЕООД,Бургас,ЯБЪЛЧЕВО,Cafe,Iron,Not Seasonal,At Home
103451,ХРАНИТЕЛЕН МАГАЗИН ЕООД,Ямбол,ЗИМНИЦА,Local Shop,Iron,Not Seasonal,At Home
112037,ВЕЛА М ЕООД,Шумен,ШУМЕН,Superette,Iron,Seasonal,At Home
110567,Смесен магазин ЕООД,Бургас,БУРГАС,Fast-food,Iron,Not Seasonal,Out of Home
107144,АЛТАН ЕООД,Бургас,БУРГАС,Superette,Iron,Not Seasonal,At Home
107071,Хранителни стоки ЕООД,Варна,ВАРНА,Superette,Bronze,Not Seasonal,At Home
103122,ХРАНИТЕЛЕН МАГАЗИН ЕООД,Добрич,КАРАПЕЛИТ,Local Shop,Iron,Not Seasonal,At Home
102143,НАРКООП ЕООД,Бургас,НЕСЕБЪР,Local Shop,Bronze,Not Seasonal,At Home
106328,СУПЕРМАРКЕТ ТАНЕЛИ ЕООД,Бургас,АХТОПОЛ,Local Shop,Silver,Seasonal,At Home
106923,ИНАН ЕООД,Варна,ВАРНА,Superette,Gold,Not Seasonal,At Home
103450,ДУНАВ ЕООД,Ямбол,ПЧЕЛА,Local Shop,Bronze,Not Seasonal,At Home
102147,ПЕРЛА 71 ЕООД,Бургас,РАВДА,Local Shop,Silver,Seasonal,At Home
102146,ПЕЙЗАН ЕООД,Бургас,НЕСЕБЪР,Local Shop,Silver,Seasonal,At Home
104369,МАГАЗИН ЕООД,Силистра,БЕЛИЦА,Local Shop,Bronze,Not Seasonal,At Home
100714,МХС ЕООД,Варна,ЗЛАТНИ ПЯСЪЦИ,Supermarket,Bronze,Seasonal,At Home
101784,ЧОЛАК ЕООД,Варна,ТРЪСТИКОВО,Local Shop,Iron,Not Seasonal,At Home
100063,МАГАЗИН ЕООД,Бургас,СВЕТИ ВЛАС,Local Shop,Gold,Seasonal,At Home
108011,ДИЕЛ ЕООД,Бургас,ТРОЯНОВО,Restaurant,Bronze,Not Seasonal,Out of Home
103925,ДИЗАТЕРС ПРАВДА ЕООД,Бургас,БУРГАС,Local Shop,Silver,Not Seasonal,At Home
103284,БЕРИ ЕООД,Добрич,КАВАРНА,Local Shop,Silver,Seasonal,At Home
104584,ХРАНИТЕЛЕН МАГАЗИН ЕООД,Варна,ГРАДИНАРОВО,Local Shop,Iron,Not Seasonal,At Home
102165,МАГАЗИН ХРАНИТЕЛНИ СТОКИ ВИЛИЯН ЕООД,Бургас,СВЕТИ ВЛАС,Local Shop,Gold,Seasonal,At Home
104445,КРЕМИ 2 ЕООД,Варна,ДЮЛИНО,Local Shop,Bronze,Not Seasonal,At Home
100588,ХРАНИТЕЛЕН МАГАЗИН ЕООД,Бургас,СЛЪНЧЕВ БРЯГ,Supermarket,Gold,Seasonal,At Home
100587,ТОДОР БОЯНОВ - ХЕСИ ЕООД,Бургас,СЛЪНЧЕВ БРЯГ,Supermarket,Gold,Seasonal,At Home
103449,СМЕСЕН МАГАЗИН ЕООД,Ямбол,БОЛЯРОВО,Local Shop,Bronze,Not Seasonal,At Home
112070,ХРАНИТЕЛЕН МАГАЗИН ЕООД,Ямбол,ЯМБОЛ,Superette,Iron,Not Seasonal,At Home
100114,МАГАЗИН ЕООД,Варна,ВАРНА,Local Shop,Silver,Not Seasonal,At Home
100580,ДЖАНИ ГАЛОШЕВ 2017 ЕООД,Бургас,СЛЪНЧЕВ БРЯГ,Supermarket,Gold,Seasonal,At Home
101209,ХРАНИТЕЛНИ СТОКИ ЕООД,Варна,ВАРНА,Cafe,Iron,Not Seasonal,At Home
108289,МАГАЗИН ШАНС ЕООД,Бургас,СРЕДЕЦ,Restaurant,Silver,Seasonal,Out of Home
100583,СМЕСЕН МАГАЗИН ЕООД,Бургас,АХЕЛОЙ,Supermarket,Silver,Seasonal,At Home
101394,МАГАЗИН ИНА ЕООД,Шумен,ИВАНОВО,Local Shop,Bronze,Not Seasonal,At Home
102529,КАЛЕТО ЕООД,Търговище,ТЪРГОВИЩЕ,Local Shop,Bronze,Not Seasonal,At Home
101944,ИВАН ЖЕЛЕВ МАГАЗИН ЕООД,Добрич,ДОБРИЧ,Local Shop,Gold,Not Seasonal,At Home
104305,ХРАНИТЕЛЕН МАГАЗИН ЕООД,Силистра,ЗВЕНИМИР,Local Shop,Iron,Not Seasonal,At Home
102803,МАГАЗИН БОРДО ЕООД,Русе,РУСЕ,Local Shop,Bronze,Not Seasonal,At Home
102142,БОРА ЕООД,Бургас,СВЕТИ ВЛАС,Local Shop,Bronze,Not Seasonal,At Home
102357,ТЕМПО ЕООД,Бургас,СВЕТИ ВЛАС,Local Shop,Bronze,Not Seasonal,At Home
104095,ХРАНИТЕЛЕН МАГАЗИН ВИЛИЯН ЕООД,Бургас,СОЗОПОЛ,Local Shop,Silver,Seasonal,At Home
100927,СМЕСЕН МАГАЗИН ЕООД,Бургас,ЛОЗЕНЕЦ,Supermarket,Bronze,Seasonal,At Home
111976,Д МАРКЕТ ЕООД,Ямбол,ЯМБОЛ,Local Shop,Bronze,Not Seasonal,At Home
103900,ПАСИОНИС ЕООД,Бургас,ЧЕРНОМОРЕЦ,Local Shop,Bronze,Seasonal,At Home
104591,СЕСКО ЕООД,Варна,ЦОНЕВО,Local Shop,Bronze,Not Seasonal,At Home
100930,МАГАЗИН КАДЕМ ЕООД,Бургас,ПРИМОРСКО,Supermarket,Gold,Seasonal,At Home
104140,КАМИ ЕООД,Бургас,ПРИМОРСКО,Local Shop,Gold,Seasonal,At Home
103064,СМЕСЕН МАГАЗИН ЕООД,Разград,РАЗГРАД,Local Shop,Silver,Not Seasonal,At Home
100925,АЗО ЕООД,Бургас,ДЮНИ,Supermarket,Gold,Seasonal,At Home
100872,МАГАЗИН ЕРДЖАН ЕООД,Бургас,РАВНЕЦ,Supermarket,Iron,Not Seasonal,At Home
102180,СМЕСЕН МАГАЗИН ЕООД,Бургас,СВЕТИ ВЛАС,Local Shop,Gold,Seasonal,At Home
106252,НАРКООП ЕООД,Търговище,ТЪРГОВИЩЕ,Local Shop,Bronze,Not Seasonal,At Home
102330,АЙС ЦЕНТЪР ЕООД,Бургас,ОБЗОР,Local Shop,Silver,Seasonal,At Home
104266,МАГАЗИН ЕООД,Бургас,ПРИМОРСКО,Local Shop,Gold,Seasonal,At Home
103448,КАНТИ ЕООД,Ямбол,ОКОП,Local Shop,Silver,Not Seasonal,At Home
110565,АСТРА МАГАЗИН ЕООД,Бургас,СРЕДЕЦ,Fast-food,Bronze,Seasonal,Out of Home
103434,МАГАЗИН ДЕНИЗ ЕООД,Ямбол,ЕЛХОВО,Local Shop,Bronze,Not Seasonal,At Home
101110,МИМИ МАГАЗИН ЕООД,Шумен,ШУМЕН,Cafe,Silver,Not Seasonal,At Home
103285,КОМАКС ЕООД,Добрич,ШАБЛА,Local Shop,Bronze,Seasonal,At Home
104272,МАГАЗИН ЕООД,Бургас,КИТЕН,Local Shop,Gold,Seasonal,At Home
100166,МАГАЗИН РУМИ ЕООД,Бургас,БУРГАС,Local Shop,Silver,Not Seasonal,At Home
100163,ЗАВЕТ АГРО ЦЕНТЪР ЕООД,Бургас,БУРГАС,Local Shop,Gold,Not Seasonal,At Home
102725,АЙС ЕООД,Русе,НОВА ЧЕРНА,Local Shop,Silver,Not Seasonal,At Home
102038,СТРЕЗОВ ЕООД,Варна,ВАРНА,Local Shop,Gold,Not Seasonal,At Home
102039,ЧИЕЛА ЕООД,Варна,ВАРНА,Local Shop,Gold,Not Seasonal,At Home
104162,АЙДЪН ЕООД,Бургас,ПРИМОРСКО,Local Shop,Silver,Seasonal,At Home
107285,ЕД ДИ ЕС ЕООД,Бургас,БУРГАС,Supermarket,Iron,Not Seasonal,At Home
103286,СТОЯНОВИ МАГАЗИН ЕООД,Добрич,КАВАРНА,Local Shop,Bronze,Not Seasonal,At Home
103496,ХРАНИТЕЛНИ СТОКИ ЕООД,Сливен,ПЪДАРЕВО,Local Shop,Silver,Not Seasonal,At Home
103287,ХРАНИТЕЛНИ СТОКИ ЕООД,Добрич,ДОБРИЧ,Local Shop,Bronze,Not Seasonal,At Home
102157,РИФА ЕООД,Бургас,АЙТОС,Local Shop,Silver,Not Seasonal,At Home
107108,ВЕ ДЕ ПЕТКОВА ЕООД,Бургас,БУРГАС,Superette,Gold,Not Seasonal,At Home
102097,ХРАНИТЕЛНИ СТОКИ ЕООД,Варна,КРУМОВО,Local Shop,Bronze,Not Seasonal,At Home
101681,СУГАР ЕООД,Силистра,СИТОВО,Local Shop,Bronze,Not Seasonal,At Home
102864,АЛПИ МАРКЕТ ЕООД,Силистра,ЯРЕБИЦА,Local Shop,Silver,Not Seasonal,At Home
102153,ЧИЕЛА ЕООД,Бургас,АЙТОС,Local Shop,Silver,Not Seasonal,At Home
104169,СЕВО ЕООД,Бургас,СРЕДЕЦ,Local Shop,Silver,Not Seasonal,At Home
106634,СМЕСЕН МАГАЗИН ЕООД,Добрич,СТОЖЕР,Superette,Silver,Not Seasonal,At Home
100545,ДЖЕСИМОН ЕООД,Бургас,АЙТОС,Supermarket,Silver,Not Seasonal,At Home
103625,ИЗРЕВ ЕООД,Бургас,ВЪЛЧИН,Local Shop,Silver,Not Seasonal,At Home
103413,РОМПЕТРОЛ ЕООД,Сливен,ЖЕЛЮ ВОЙВОДА,Local Shop,Silver,Not Seasonal,At Home
107146,ПК НАРКООП ЕООД,Бургас,МАЛКО ТЪРНОВО,Superette,Iron,Not Seasonal,At Home
102730,ПК НАРКООП ЕООД,Русе,ПИСАНЕЦ,Local Shop,Iron,Not Seasonal,At Home
100846,ЕРКАСИМ ЕООД,Бургас,ИЗВОР,Supermarket,Bronze,Not Seasonal,At Home
103725,ТРАНС ЕООД,Шумен,ЯНКОВО,Local Shop,Silver,Not Seasonal,At Home
107300,ПК НАРКООП ЕООД,Варна,ДЪЛГОПОЛ,Cafe,Bronze,Seasonal,Out of Home
107033,НАРКООП ЕООД,Русе,РУСЕ,Superette,Gold,Not Seasonal,At Home
101430,ВАНИНА ЕООД,Шумен,НОВИ ПАЗАР,Local Shop,Silver,Not Seasonal,At Home
100202,ЗАВЕТ АГРО МАЛЪК МАГАЗИН ЕООД,Бургас,БУРГАС,Local Shop,Iron,Not Seasonal,At Home
100874,ШАРЛЬ ЕООД,Бургас,СТОИЛОВО,Supermarket,Silver,Not Seasonal,At Home
101428,ХРАНИТЕЛНИ СТОКИ ТАНЕЛИ ЕООД,Шумен,ПЛИСКА,Local Shop,Bronze,Not Seasonal,At Home
104549,БИСЕНЕР ЕООД,Варна,ПРОВАДИЯ,Local Shop,Silver,Not Seasonal,At Home
101638,ЛЕБЕД ЕООД,Силистра,СИЛИСТРА,Local Shop,Iron,Not Seasonal,At Home
101055,МАГАЗИН ХРАНИТЕЛНИ СТОКИ ЕООД,Варна,БОЛЯРЦИ,Supermarket,Bronze,Not Seasonal,At Home
107003,МАГАЗИН ЗА ХРАНИТЕЛНИ СТОКИ ЕООД,Русе,РУСЕ,Superette,Gold,Not Seasonal,At Home
106991,МИРА МАРКЕТ ЕООД,Русе,РУСЕ,Superette,Silver,Not Seasonal,At Home
101531,ИРЕМ ЕООД,Шумен,МАЛОМИР,Local Shop,Iron,Not Seasonal,At Home
101532,АЛТЪНЕЛ ЕООД,Шумен,МАЛОМИР,Local Shop,Iron,Not Seasonal,At Home
102105,МАГИ ЕООД,Варна,ВАРНА,Local Shop,Iron,Not Seasonal,At Home
101546,ХРАНИТЕЛНИ СТОКИ ЕООД,Шумен,ВЕЛИКИ ПРЕСЛАВ,Local Shop,Iron,Not Seasonal,At Home
100697,ХРАНИТЕЛНИ СТОКИ ЕООД,Русе,СМИРНЕНСКИ,Supermarket,Iron,Not Seasonal,At Home
102624,АГЛАЯ 2 ЕООД,Русе,ВЕТОВО,Local Shop,Iron,Not Seasonal,At Home
102653,МАГАЗИН ЕООД,Русе,ВЕТОВО,Local Shop,Iron,Not Seasonal,At Home
104384,МОЯТ МАГАЗИН ЕООД,Разград,БЕЛОВЕЦ,Local Shop,Iron,Not Seasonal,At Home
101559,МАГАЗИН ХРАНИТЕЛНИ СТОКИ ЕООД,Шумен,СРЕДКОВЕЦ,Local Shop,Iron,Not Seasonal,At Home
103340,ЖЕНИ ТРЕЙД ЕООД,Варна,ВАРНА,Local Shop,Silver,Not Seasonal,At Home
103065,МХС ГРИЙНЛАЙТ ЕООД,Разград,ЙОНКОВО,Local Shop,Silver,Not Seasonal,At Home
107267,ХРАНИТЕЛНИ СТОКИ ЕООД,Варна,ВАРНА,Hotels,Silver,Not Seasonal,At Home
106922,ХРАНИТЕЛЕН МАГАЗИН ЕООД,Варна,ВАРНА,Superette,Gold,Not Seasonal,At Home
103596,ЯНАКИЕВИ ЕООД,Бургас,КОСТЕН,Local Shop,Bronze,Not Seasonal,At Home
103288,ХРАНИТЕЛЕН МАГАЗИН ЕООД,Добрич,ШАБЛА,Local Shop,Bronze,Not Seasonal,At Home
107131,МАГАЗИН ДЖОРДАШ ЕООД,Бургас,БУРГАС,Superette,Bronze,Not Seasonal,At Home
107130,ХРАНИТЕЛНИ СТОКИ ЕООД,Бургас,БУРГАС,Superette,Silver,Not Seasonal,At Home
100037,МАГАЗИН ЕООД,Варна,ВАРНА,Local Shop,Iron,Not Seasonal,At Home
103066,МАГАЗИН ЖЕЛЕВ ЕООД,Разград,ДРЯНОВЕЦ,Local Shop,Bronze,Not Seasonal,At Home
111953,КИПА ДЕПО ЕООД,Русе,РУСЕ,Local Shop,Bronze,Not Seasonal,At Home
100775,ХРАНИТЕЛНИ СТОКИ ЕООД,Бургас,КАРНОБАТ,Supermarket,Iron,Not Seasonal,At Home
110408,АВВА ЛЕЯ ЕООД,Бургас,КАРНОБАТ,Fast-food,Bronze,Not Seasonal,Out of Home
104910,СУПЕРМАРКЕТ СТИВИ ЕООД,Бургас,БУРГАС,Cafe,Iron,Not Seasonal,Out of Home
110412,СУПЕРМАРКЕТ КИПАРИС ЕООД,Бургас,КАРНОБАТ,Fast-food,Iron,Not Seasonal,Out of Home
103446,ХР.МАГАЗИН ЕООД,Ямбол,ХАНОВО,Local Shop,Iron,Not Seasonal,At Home
103006,ХРАНИТЕЛЕН МАГАЗИН ЕООД,Разград,ЛОЗНИЦА,Local Shop,Bronze,Not Seasonal,At Home
103289,ГЕОРГИЕВИ ЕООД,Добрич,БАЛЧИК,Local Shop,Bronze,Not Seasonal,At Home
103305,МАГАЗИН ЕООД,Добрич,БАЛЧИК,Local Shop,Bronze,Not Seasonal,At Home
100584,МАГАЗИН ЕООД,Бургас,НЕСЕБЪР,Supermarket,Silver,Seasonal,At Home
103080,ПК ПОДКРЕПА ХРАНИТЕЛНИ СТОКИ ЕООД,Добрич,ЗЪРНЕВО,Local Shop,Bronze,Not Seasonal,At Home
100688,МАГАЗИН ЕООД,Русе,РУСЕ,Supermarket,Silver,Not Seasonal,At Home
107115,МАГАЗИН СТИВИ ЕООД,Бургас,БУРГАС,Superette,Gold,Not Seasonal,At Home
101789,ХРАНИТЕЛНИ СТОКИ ЕООД,Варна,НЕВША,Local Shop,Bronze,Not Seasonal,At Home
103871,МАГАЗИН МИРАЖ ЕООД,Бургас,БУРГАС,Local Shop,Bronze,Not Seasonal,At Home
102679,ЧОТИ ЕООД,Русе,СЛИВО ПОЛЕ,Local Shop,Bronze,Not Seasonal,At Home
102273,ПК ОБЕДИНЕНИЕ ЕООД,Бургас,ДЪСКОТНА,Local Shop,Bronze,Not Seasonal,At Home
100172,СУПЕРМАРКЕТ КРИСТАЛ ЕООД,Бургас,БУРГАС,Local Shop,Silver,Seasonal,At Home
103291,СТАНЧЕВИ И СИНОВЕ ЕООД,Добрич,БАЛЧИК,Local Shop,Bronze,Not Seasonal,At Home
106975,ХРАНИТЕЛЕН МАГАЗИН ЕООД,Бургас,СЛЪНЧЕВ БРЯГ,Superette,Gold,Not Seasonal,At Home
100635,ХРАНИТЕЛНИ СТОКИ ЕООД,Търговище,ТЪРГОВИЩЕ,Supermarket,Silver,Not Seasonal,At Home
104302,ХРАНИТЕЛНИ СТОКИ ЕООД,Силистра,ГЛАВИНИЦА,Local Shop,Iron,Not Seasonal,At Home
103277,ХРАНИТЕЛНИ СТОКИ ЕООД,Добрич,КРАНЕВО,Local Shop,Silver,Seasonal,At Home
104440,ХРАНИТЕЛНИ СТОКИ ЕООД,Варна,ГРОЗДЬОВО,Local Shop,Bronze,Not Seasonal,At Home
103322,МИСИ ЕООД,Варна,ВАРНА,Local Shop,Gold,Not Seasonal,At Home
100929,ХР. МАГАЗИН ЕООД,Бургас,СОЗОПОЛ,Supermarket,Silver,Seasonal,At Home
100389,МАГАЗИН ЕООД,Варна,ВАРНА,Supermarket,Silver,Seasonal,At Home
102331,ДИКОН ЕООД,Бургас,ОБЗОР,Local Shop,Silver,Seasonal,At Home
100390,ХР СТОКИ ЕООД,Варна,ВАРНА,Supermarket,Gold,Seasonal,At Home
101581,НЕЛИ ЕООД,Силистра,СИЛИСТРА,Local Shop,Bronze,Not Seasonal,At Home
101159,НАПРЕДЪК ДИ МИНИ МАРКЕТ ЕООД,Бургас,СВЕТИ ВЛАС,Cafe,Bronze,Not Seasonal,At Home
104449,ХРАНИТЕЛНИ СТОКИ ЕООД,Варна,БЯЛА,Local Shop,Bronze,Seasonal,At Home
106973,АМФОРА ЕООД,Бургас,НЕСЕБЪР,Superette,Bronze,Not Seasonal,At Home
104589,МАГАЗИН ЕООД,Варна,МАНАСТИР,Local Shop,Iron,Not Seasonal,At Home
100277,ХРАНИТЕЛЕН МАГАЗИН ЕООД,Бургас,ЦАРЕВО,Local Shop,Silver,Seasonal,At Home
110397,СУПЕРМАРКЕТ КАПРИЗ ЕООД,Бургас,БУРГАС,Fast-food,Iron,Not Seasonal,Out of Home
101151,СУПЕРМАРКЕТ ЕООД,Бургас,АЙТОС,Cafe,Bronze,Not Seasonal,At Home
107031,ХРАНИТЕЛНИ СТОКИ ЕООД,Русе,РУСЕ,Superette,Gold,Not Seasonal,At Home
106917,ХРАНИТЕЛНИ СТОКИ ЕООД,Варна,ВАРНА,Superette,Bronze,Not Seasonal,At Home
103512,ЕМ ЕС - БЛИЗНАЦИ ЕООД ЕООД,Ямбол,ЯМБОЛ,Local Shop,Iron,Not Seasonal,At Home
102804,МАГАЗИН ЗА ХРАНИТЕЛНИ СТОКИ ЕООД,Русе,РУСЕ,Local Shop,Gold,Not Seasonal,At Home
100947,ХРАНИТЕЛЕН МАГАЗИН ЙОАНА ЕООД,Бургас,СРЕДЕЦ,Supermarket,Bronze,Not Seasonal,At Home
103510,ХРАНИТЕЛНИ СТОКИ ЕООД,Ямбол,ЯМБОЛ,Local Shop,Iron,Not Seasonal,At Home
111887,ХРАНИТЕЛЕН МАГАЗИН ЕООД,Ямбол,ЯМБОЛ,Superette,Bronze,Not Seasonal,At Home
101133,СУПЕРМАРКЕТ ЕООД,Варна,ВАРНА,Cafe,Silver,Not Seasonal,At Home
103517,МАГАЗИН ЕООД,Ямбол,СТАРА РЕКА,Local Shop,Bronze,Not Seasonal,At Home
103444,МАГАЗИН ГОРИЦА ЕООД,Ямбол,ЕЛХОВО,Local Shop,Bronze,Not Seasonal,At Home
103443,МАГАЗИН ЕООД,Ямбол,ЕЛХОВО,Local Shop,Iron,Not Seasonal,At Home
103427,МАГАЗИН ХРАНИТЕЛНИ СТОКИ ЕООД,Ямбол,ЕЛХОВО,Local Shop,Iron,Not Seasonal,At Home
103441,ХРАНИТЕЛЕН МАГАЗИН ЕООД,Ямбол,ЕЛХОВО,Local Shop,Iron,Not Seasonal,At Home
103455,ХРАНИТЕЛЕН МАГАЗИН ЕООД,Ямбол,ЕЛХОВО,Local Shop,Bronze,Not Seasonal,At Home
103439,ХРАНИТЕЛЕН МАГАЗИН ЕООД,Ямбол,ЕЛХОВО,Local Shop,Bronze,Not Seasonal,At Home
103438,МАГАЗИН ЕООД,Ямбол,ЕЛХОВО,Local Shop,Iron,Not Seasonal,At Home
101233,ХРАНИТЕЛЕН МАГАЗИН ДЕВИМА ЕООД,Ямбол,ЕЛХОВО,Cafe,Iron,Not Seasonal,At Home
102631,ХРАНИТЕЛЕН МАГАЗИН ГЬОШЕВА ЕООД,Русе,ДВЕ МОГИЛИ,Local Shop,Bronze,Not Seasonal,At Home
102744,ХРАНИТЕЛЕН МАГАЗИН СИ-ЯНА ЕООД,Русе,БЪЗЪН,Local Shop,Iron,Not Seasonal,At Home
104345,ХРАНИТЕЛЕН МАГАЗИН КАВАЛДЖИЕВ ЕООД,Разград,ВЕСЕЛЕЦ,Local Shop,Bronze,Not Seasonal,At Home
103509,ХРАНИТЕЛЕН МАГАЗИН ХАРИ ТОЧАЧ ЕООД,Ямбол,КАБИЛЕ,Local Shop,Iron,Not Seasonal,At Home
103505,МАГАЗИН ЕООД,Ямбол,ЧАРГАН,Local Shop,Iron,Not Seasonal,At Home
101236,МХС ЕООД,Сливен,СЛИВЕН,Cafe,Silver,Not Seasonal,At Home
112094,МАГАЗИН ЕООД,Силистра,ДУЛОВО,Superette,Iron,Not Seasonal,At Home
102983,МАГАЗИН РОЗИ ЕООД,Разград,СВЕЩАРИ,Local Shop,Iron,Not Seasonal,At Home
101743,МАГАЗИН ХАРИ ТОМАЧ ЕООД,Шумен,СТАНЯНЦИ,Local Shop,Iron,Not Seasonal,At Home
103961,ЕТ ИВАНКА ВИДЕВА ИВАНОВА ЕООД,Бургас,БУРГАС,Local Shop,Iron,Not Seasonal,At Home
109676,МАГАЗИН РИТА АНИ ЕООД,Бургас,ВЕТРЕН,Fast-food,Iron,Not Seasonal,Out of Home
102163,ХРАНИТЕЛЕН МАГАЗИН ВЕНЦИ ЕООД,Бургас,АЙТОС,Local Shop,Bronze,Not Seasonal,At Home
106910,МАГАЗИН ЕЛКА ВЕЛЧЕВА ЕООД,Варна,ВАРНА,Superette,Gold,Not Seasonal,At Home
101958,ХРАНИТЕЛЕН МАГАЗИН МЕДАТА ЕООД,Добрич,СЕНОКОС,Local Shop,Iron,Not Seasonal,At Home
104319,ЕРЮЗ ЕООД,Силистра,ТУТРАКАН,Local Shop,Silver,Not Seasonal,At Home
100460,Магазин ЕООД,Бургас,РАВДА,Supermarket,Bronze,Not Seasonal,At Home
101427,МАГАЗИН ЕООД,Шумен,ШУМЕН,Local Shop,Silver,Not Seasonal,At Home
101245,ИННА ЕООД,Сливен,СЛИВЕН,Cafe,Bronze,Not Seasonal,At Home
107114,ХРАНИТЕЛНИ СТОКИ ЕООД,Бургас,БУРГАС,Superette,Bronze,Not Seasonal,At Home
100939,ПИВНИЦА ЕООД,Бургас,РАВАДИНОВО,Supermarket,Bronze,Not Seasonal,At Home
103878,СЕРАЙ 07 ЕООД,Бургас,ТВЪРДИЦА,Local Shop,Bronze,Not Seasonal,At Home
101795,СИТИКАР ЕООД,Варна,ДЕВНЯ,Local Shop,Gold,Not Seasonal,At Home
111933,ХРАНИТЕЛНИ СТОКИ ЕООД,Силистра,СИЛИСТРА,Local Shop,Iron,Not Seasonal,At Home
102278,НАИЛ ЕООД,Бургас,РАВДА,Local Shop,Bronze,Seasonal,At Home
103123,ЕС АБ МАРКЕТ ЕООД,Добрич,КАРАПЕЛИТ,Local Shop,Silver,Not Seasonal,At Home
100750,АЙСЕЛ ЕООД,Разград,РАЗГРАД,Supermarket,Iron,Not Seasonal,At Home
101101,ДЖЕКИ ЕООД,Силистра,СИЛИСТРА,Cafe,Silver,Not Seasonal,At Home
102068,ХРАНИТЕЛНИ СТОКИ ЕООД,Варна,ВАРНА,Local Shop,Bronze,Not Seasonal,At Home
106323,ХРАНИТЕЛЕН МАГАЗИН ЕООД,Бургас,КИТЕН,Local Shop,Gold,Seasonal,At Home
103962,КООП КАМЧИЙСКА ДОЛИНА ЕООД,Бургас,КАМЕНО,Local Shop,Bronze,Not Seasonal,At Home
102471,ХРАНИТЕЛНИ СТОКИ ЕООД,Търговище,ОПАКА,Local Shop,Silver,Not Seasonal,At Home
107068,МУ И ФА ЕООД,Добрич,ШАБЛА,Superette,Bronze,Not Seasonal,At Home
110568,СМЕСЕН МАГАЗИН ЕООД,Бургас,РАВАДИНОВО,Fast-food,Bronze,Seasonal,Out of Home
106439,ПОНИ ДЕЙЛИ ЕООД,Варна,АКСАКОВО,Cafe,Silver,Not Seasonal,Out of Home
111873,ЮСИ ЕООД,Бургас,ОБЗОР,Superette,Bronze,Seasonal,At Home
100310,АЙ ТЕН ЕООД,Варна,ВЪЛЧИ ДОЛ,Supermarket,Silver,Not Seasonal,At Home
101981,ШЕН СИ ЕООД,Варна,СВ СВ КОНСТАНТИН И ЕЛЕНА,Local Shop,Gold,Not Seasonal,At Home
106178,СМЕСЕН МАГАЗИН ЕООД,Бургас,КРУШЕВЕЦ,Fast-food,Bronze,Not Seasonal,Out of Home
103415,АЛЕКС ЕСКЕЙП ЕООД,Сливен,КОТЕЛ,Local Shop,Gold,Not Seasonal,At Home
102805,ПРОПЪРТИ ЕООД,Русе,РУСЕ,Local Shop,Iron,Not Seasonal,At Home
106708,НИСТАДА ЕООД,Бургас,БУРГАС,Superette,Bronze,Not Seasonal,At Home
103068,ФАНИ ЕООД,Разград,ЛУДОГОРЦИ,Local Shop,Bronze,Not Seasonal,At Home
104596,АЙШУ ЕООД,Варна,ПРОВАДИЯ,Local Shop,Iron,Not Seasonal,At Home
104587,ИЛО ЕООД,Варна,ПРОВАДИЯ,Local Shop,Iron,Not Seasonal,At Home
104450,МИРИ 92 ЕООД,Варна,ДЮЛИНО,Local Shop,Iron,Not Seasonal,At Home
100662,НАРКООП ЕООД,Търговище,ПОПОВО,Supermarket,Silver,Not Seasonal,At Home
104214,ШЕРИ ФЕРИ ЕООД,Бургас,БУРГАС,Local Shop,Bronze,Not Seasonal,At Home
101035,МИМИ 88 ЕООД,Разград,ЗАВЕТ,Supermarket,Silver,Not Seasonal,At Home
104586,МХС АГО ЕООД,Варна,ДЪЛГОПОЛ,Local Shop,Bronze,Not Seasonal,At Home
106992,МАНОВ ЕООД,Русе,РУСЕ,Superette,Bronze,Not Seasonal,At Home
103437,МХС ДОБРА ЕООД,Ямбол,ЗИМНИЦА,Local Shop,Iron,Not Seasonal,At Home
100940,ХРАНИТЕЛНИ СТОКИ ЕООД,Бургас,СОЗОПОЛ,Supermarket,Bronze,Not Seasonal,At Home
107054,ШЕН СИ ЕООД,Варна,ВАРНА,Superette,Iron,Not Seasonal,At Home
103073,МАГАЗИН ИВА ЕООД,Разград,РАКОВСКИ,Local Shop,Gold,Not Seasonal,At Home
103069,ХРАНИТЕЛНИ СТОКИ УРАЛ ЕООД,Разград,РАЗГРАД,Local Shop,Iron,Not Seasonal,At Home
102277,МЕРЧО ЕООД,Бургас,РАВДА,Local Shop,Gold,Seasonal,At Home
103507,МОЯТ МАГАЗИН ЕООД,Ямбол,ЧАРГАН,Local Shop,Gold,Not Seasonal,At Home
103870,ЮЛИВЕСТ ЕООД,Бургас,ЧЕРНОМОРЕЦ,Local Shop,Silver,Not Seasonal,At Home
102265,МАГАЗИН ЕООД,Бургас,РАВДА,Local Shop,Bronze,Seasonal,At Home
102806,СУПЕР АГАПИ ЕООД,Русе,РУСЕ,Local Shop,Silver,Not Seasonal,At Home
102508,ХРАНИТЕЛНИ СТОКИ ЕООД,Търговище,ОБИТЕЛ,Local Shop,Silver,Not Seasonal,At Home
107103,МЕРЧО ЕООД,Бургас,КРУШЕВЕЦ,Superette,Iron,Not Seasonal,At Home
106914,КАМЧИЯ 2010 ЕООД,Варна,ВАРНА,Superette,Iron,Not Seasonal,At Home
100374,ТЕОДОРА ЕООД,Добрич,ДОБРИЧ,Supermarket,Silver,Not Seasonal,At Home
100242,МАГАЗИН ЕООД,Бургас,БУРГАС,Local Shop,Silver,Not Seasonal,At Home
100585,ХРАНИТЕЛНИ СТОКИ ЕООД,Бургас,СЛЪНЧЕВ БРЯГ,Supermarket,Gold,Seasonal,At Home
108005,ХРАНИТЕЛНИ СТОКИ ЕООД,Бургас,КАМЕНО,Restaurant,Gold,Not Seasonal,Out of Home
111935,МАГАЗИН ЕООД,Добрич,ДОБРИЧ,Local Shop,Iron,Not Seasonal,At Home
107128,СПЕШЪЛ КАР ЕООД,Бургас,ДРАЧЕВО,Superette,Iron,Not Seasonal,At Home
101150,ХРАНИТЕЛНИ СТОКИ ЕООД,Варна,ВАРНА,Cafe,Silver,Not Seasonal,At Home
100150,САЛАГА ЕООД,Сливен,СЛИВЕН,Local Shop,Bronze,Not Seasonal,At Home
101129,СЕМИ ЕООД,Варна,ВАРНА,Cafe,Bronze,Not Seasonal,At Home
102957,РОСИ МАРКЕТ ЕООД,Русе,РУСЕ,Local Shop,Bronze,Not Seasonal,At Home
102735,МАГАЗИН ЕЛВИ ЕООД,Русе,ГЛОДЖЕВО,Local Shop,Gold,Not Seasonal,At Home
100307,ХРАНИТЕЛНИ СТОКИ ЕООД,Шумен,ВЪРБИЦА,Supermarket,Iron,Not Seasonal,At Home
106259,СМЕСЕН МАГАЗИН ЕООД,Търговище,ПОПОВО,Local Shop,Silver,Not Seasonal,At Home
102083,БАРАН И ГЬОЗДЕ ЕООД,Варна,ВАРНА,Local Shop,Bronze,Not Seasonal,At Home
101899,СУПЕРМАРКЕТ ЕООД,Добрич,СТОЖЕР,Local Shop,Gold,Not Seasonal,At Home
107293,МАГАЗИН ЕООД,Варна,ВАРНА,Supermarket,Iron,Not Seasonal,At Home
100355,МИНИМАРКЕТ БОБИ ЕООД,Варна,ВАРНА,Supermarket,Silver,Not Seasonal,At Home
101441,ХРАНИТЕЛНИ СТОКИ ЕООД,Шумен,ШУМЕН,Local Shop,Bronze,Not Seasonal,At Home
102108,ХРАНИТЕЛНИ СТОКИ ЕООД,Варна,ВАРНА,Local Shop,Bronze,Not Seasonal,At Home
101772,МАГАЗИН ХРАНИТЕЛНИ СТОКИ ЕООД,Варна,ДЕВНЯ,Local Shop,Silver,Not Seasonal,At Home
102115,Плод и зеленчук ЕООД,Варна,КЛИМЕНТОВО,Local Shop,Bronze,Not Seasonal,At Home
107104,ХР МН ЕООД,Бургас,БУРГАС,Superette,Iron,Not Seasonal,At Home
104585,СМЕСЕН МАГАЗИН ЕООД,Варна,МЕДОВЕЦ,Local Shop,Iron,Not Seasonal,At Home
104469,КРЪСТЕВА ЕООД,Ямбол,СТРАЛДЖА,Local Shop,Iron,Not Seasonal,At Home
103416,МХС ЕООД,Сливен,КОТЕЛ,Local Shop,Gold,Not Seasonal,At Home
103399,ХРАНИТЕЛЕН МАГАЗИН ЕООД,Сливен,КОТЕЛ,Local Shop,Iron,Not Seasonal,At Home
103418,ИДИ ЕООД,Сливен,МОКРЕН,Local Shop,Bronze,Not Seasonal,At Home
103714,МАГАЗИН ЕООД,Бургас,ЧУБРА,Local Shop,Iron,Not Seasonal,At Home
101972,КРЕМЕНА ЕООД,Добрич,ДОБРИЧ,Local Shop,Bronze,Not Seasonal,At Home
108176,МАГАЗИН ДЕНИСЛАВ ЕООД,Бургас,РАКЛИЦА,Restaurant,Bronze,Not Seasonal,Out of Home
109551,КОП МАГАЗИН ЕООД,Бургас,РУЕН,Fast-food,Bronze,Not Seasonal,Out of Home
103561,МАГАЗИН ВАЛДИ ШКОРПИЛОВЦИ ЕООД,Бургас,ВЕЗЕНКОВО,Local Shop,Iron,Not Seasonal,At Home
101710,МИТИ ЕООД,Варна,БЕЛОСЛАВ,Local Shop,Bronze,Not Seasonal,At Home
101594,ХРАНИТЕЛНИ СТОКИ ЕООД,Силистра,СКАЛА,Local Shop,Bronze,Not Seasonal,At Home
103426,ХРАНИТЕЛНИ СТОКИ ЕООД,Сливен,ГЛУШНИК,Local Shop,Iron,Not Seasonal,At Home
100140,ХРНИТЕЛНИ СТОКИ ЕООД,Сливен,КОТЕЛ,Local Shop,Iron,Not Seasonal,At Home
103578,МН ТЪРГОВСКАТА УЛИЦА ЕООД,Бургас,КАРНОБАТ,Local Shop,Iron,Not Seasonal,At Home
102807,МАГАЗИН ЕООД,Русе,БАСАРБОВО,Local Shop,Bronze,Not Seasonal,At Home
107246,ХРАНИТЕЛНИ СТОКИ ЕООД,Бургас,ПОМОРИЕ,Supermarket,Gold,Not Seasonal,At Home
100631,СЕСТРИТЕ2016 ЕООД,Бургас,СЛЪНЧЕВ БРЯГ,Supermarket,Silver,Seasonal,At Home
100949,СУПЕРМАРКЕТ ЕООД,Бургас,ПРИМОРСКО,Supermarket,Bronze,Seasonal,At Home
106408,EMILSON ЕООД,Бургас,НЕСЕБЪР,Cafe,Bronze,Seasonal,At Home
103200,МИНИ МАРКЕТ ЕООД,Добрич,АЛБЕНА,Local Shop,Bronze,Seasonal,At Home
104255,ХРАНИТЕЛЕН МАГАЗИН ЕООД,Бургас,ПРИМОРСКО,Local Shop,Bronze,Seasonal,At Home
101593,МАГАЗИН ЗА ХРАНИТЕЛНИ СТОКИ ЕООД,Силистра,ГРЪНЧАРОВО,Local Shop,Iron,Not Seasonal,At Home
100586,Магазин ЕООД,Бургас,СЛЪНЧЕВ БРЯГ,Supermarket,Silver,Seasonal,At Home
104155,МАГАЗИН ЕООД,Бургас,СОЗОПОЛ,Local Shop,Gold,Seasonal,At Home
106324,МАГАЗИН ИТАТА ЕООД,Бургас,АХТОПОЛ,Local Shop,Bronze,Seasonal,At Home
100923,МАГАЗИН ЕООД,Бургас,СОЗОПОЛ,Supermarket,Silver,Seasonal,At Home
107276,МАГАЗИН ЕООД,Бургас,СОЗОПОЛ,Hotels,Silver,Seasonal,At Home
101092,МАГАЗИН НУРАЙ ЕООД,Шумен,ШУМЕН,Cafe,Silver,Not Seasonal,At Home
106930,МАГАЗИН ЕООД,Варна,ВАРНА,Superette,Silver,Not Seasonal,At Home
103436,МАГАЗИН ЕООД,Ямбол,МАМАРЧЕВО,Local Shop,Iron,Not Seasonal,At Home
103435,МАГАЗИН ЕООД,Ямбол,ВОДЕН,Local Shop,Iron,Not Seasonal,At Home
103523,МАГАЗИН ЕООД,Ямбол,ЕЛХОВО,Local Shop,Bronze,Not Seasonal,At Home
106321,МАГАЗИН ЕООД,Бургас,КИТЕН,Local Shop,Gold,Seasonal,At Home
106937,ГЕОРГИЕВИ ЕООД,Варна,ВАРНА,Superette,Bronze,Not Seasonal,At Home
100344,МАГАЗИН ЕООД,Варна,ДЕВНЯ,Supermarket,Iron,Not Seasonal,At Home
103872,АЛЕКС ЕСКЕЙП 2 ЕООД,Бургас,МАРИНКА,Local Shop,Bronze,Not Seasonal,At Home
102302,МИЗ М МИЛЕВ ЕООД,Бургас,ОБЗОР,Local Shop,Bronze,Seasonal,At Home
104377,МХС НИКОЛ ЕООД,Силистра,СТАРО СЕЛО,Local Shop,Iron,Not Seasonal,At Home
102519,МАГАЗИН ЕООД,Търговище,СЛАВЯНОВО,Local Shop,Silver,Not Seasonal,At Home
100055,ПРИ БАЙ КОЛЬО ЕООД,Бургас,НЕСЕБЪР,Local Shop,Bronze,Seasonal,At Home
104171,СЕЛИМ ЕООД,Бургас,КИТЕН,Local Shop,Silver,Seasonal,At Home
100272,ХР. МАГАЗИН ЕООД,Бургас,ЦАРЕВО,Local Shop,Bronze,Seasonal,At Home
107008,ХРАНИТЕЛНИ СТОКИ БРИАР ЕООД,Русе,РУСЕ,Superette,Silver,Not Seasonal,At Home
107170,ХРАНИТЕЛЕН МАГАЗИН ЕООД,Бургас,СОЗОПОЛ,Superette,Silver,Seasonal,At Home
100273,СМЕСЕН МАГАЗИН ЕООД,Бургас,СОЗОПОЛ,Local Shop,Silver,Seasonal,At Home
104390,МАГАЗИН ЕООД,Варна,ДОЛНИ ЧИФЛИК,Local Shop,Gold,Not Seasonal,At Home
101541,МАГАЗИН ДАНЕЛЕ ЕООД,Шумен,ИВАНСКИ,Local Shop,Gold,Not Seasonal,At Home
101727,ПЛАМЕНА 98 ЕООД,Варна,БРЕСТАК,Local Shop,Gold,Not Seasonal,At Home
106281,РОДЕКС ЕООД,Бургас,КАРНОБАТ,Local Shop,Bronze,Not Seasonal,At Home
100779,КАС ЕООД,Сливен,СЛИВЕН,Supermarket,Silver,Not Seasonal,At Home
111790,АЛЕКСА ЕООД,Варна,СТАРО ОРЯХОВО,Bar,Bronze,Seasonal,Out of Home
104146,ХРАНИТЕЛЕН МАГАЗИН ЕООД,Бургас,СИНЕМОРЕЦ,Local Shop,Bronze,Seasonal,At Home
104148,МАГАЗИН ЕООД,Бургас,ВАРВАРА,Local Shop,Silver,Seasonal,At Home
102293,ХРАНИТЕЛЕН МАГАЗИН ЕООД,Бургас,ДЪСКОТНА,Local Shop,Iron,Not Seasonal,At Home
104158,ХРАНИТЕЛЕН МАГАЗИН ЕООД,Бургас,СРЕДЕЦ,Local Shop,Bronze,Not Seasonal,At Home
103877,ХРАНИТЕЛНИ СТОКИ ЕООД,Бургас,БУРГАС,Local Shop,Bronze,Not Seasonal,At Home
109293,ЧИКАГО ЕООД,Бургас,МАЛКО ТЪРНОВО,Bar,Bronze,Not Seasonal,Out of Home
103869,ЕЛИСТО ЕООД,Бургас,ЧЕРНОМОРЕЦ,Local Shop,Silver,Seasonal,At Home
101753,БАРАКОВИ 2020 ЕООД,Варна,БЕЛОСЛАВ,Local Shop,Bronze,Not Seasonal,At Home
101624,ХРАНИТЕЛЕН МАГАЗИН ЕООД,Силистра,СМИЛЕЦ,Local Shop,Iron,Not Seasonal,At Home
104212,MYTHOS СУПЕРМАРКЕТ ЕООД,Бургас,БУРГАС,Local Shop,Silver,Not Seasonal,At Home
102292,Алекс и Дани ЕООД,Бургас,ГЮЛЬОВЦА,Local Shop,Bronze,Not Seasonal,At Home
100595,Хранителни стоки ЕООД,Бургас,СЛЪНЧЕВ БРЯГ,Supermarket,Silver,Seasonal,At Home
100598,ХАДЖИРАДЕВИ ЕООД,Бургас,СЛЪНЧЕВ БРЯГ,Supermarket,Silver,Seasonal,At Home
100354,ХРАНИТЕЛНИ СТОКИ ЕООД,Варна,СВ СВ КОНСТАНТИН И ЕЛЕНА,Supermarket,Silver,Not Seasonal,At Home
103410,ХРАНИТЕЛНИ СТОКИ ЕООД,Сливен,САМУИЛОВО,Local Shop,Iron,Not Seasonal,At Home
105407,ТРОЯ ЕООД,Бургас,СУНГУРЛАРЕ,Cafe,Bronze,Not Seasonal,Out of Home
104451,ВИРЖИНИЯ ЕООД,Варна,ГОРИЦА,Local Shop,Bronze,Not Seasonal,At Home
100359,БЪЧВАРОВ ЕООД,Варна,ВАРНА,Supermarket,Gold,Seasonal,At Home
100971,ХРАНИТЕЛНИ СТОКИ ЕООД,Бургас,ПРИМОРСКО,Supermarket,Gold,Seasonal,At Home
104899,ВЕДА ЕООД,Бургас,ГЪЛЪБЕЦ,Cafe,Iron,Not Seasonal,Out of Home
102345,МАГАЗИН ЕООД,Бургас,ГЪЛЪБЕЦ,Local Shop,Iron,Not Seasonal,At Home
100973,ХРАНИТЕЛНИ СТОКИ ЕООД,Бургас,СОЗОПОЛ,Supermarket,Silver,Seasonal,At Home
100224,ХРАНИТЕЛНИ СТОКИ ЕООД,Бургас,БУРГАС,Local Shop,Bronze,Not Seasonal,At Home
106409,ХРАНИТЕЛНИ СТОКИ ЕООД,Бургас,СВЕТИ ВЛАС,Cafe,Bronze,Seasonal,At Home
103193,АХИНОРА ЕООД,Добрич,СЕЛЦЕ,Local Shop,Bronze,Seasonal,At Home
102288,ХРАНИТЕЛНИ СТОКИ ЕООД,Бургас,СЛЪНЧЕВ БРЯГ,Local Shop,Gold,Not Seasonal,At Home
101976,ХРАНИТЕЛНИ СТОКИ ЕООД,Варна,ВАРНА,Local Shop,Silver,Not Seasonal,At Home
102734,ХРАНИТЕЛЕН МАГАЗИН ДИЛЕК ЕООД,Русе,ЧЕРВЕНА ВОДА,Local Shop,Gold,Not Seasonal,At Home
100112,ХРАНИТЕЛНИ СТОКИ ЕООД,Добрич,КРАНЕВО,Local Shop,Bronze,Seasonal,At Home
103070,ХР МАГАЗИН ЕООД,Разград,ГЕЦОВО,Local Shop,Iron,Not Seasonal,At Home
111971,ХРАНИТЕЛНИ СТОКИ ЕООД,Сливен,СЛИВЕН,Local Shop,Iron,Not Seasonal,At Home
106354,ХРАНИТЕЛНИ СТОКИ ЕООД,Варна,ЕЗЕРОВО,Cafe,Iron,Not Seasonal,Out of Home
104346,ХРАНИТЕЛНИ СТОКИ ЕООД,Разград,ПРЕЛЕЗ,Local Shop,Bronze,Not Seasonal,At Home
110106,ХРАНИТЕЛНИ СТОКИ ЕООД,Силистра,СИЛИСТРА,Fast-food,Iron,Not Seasonal,At Home
101403,ХРАНИТЕЛНИ СТОКИ ЕООД,Сливен,ЯБЛАНОВО,Local Shop,Bronze,Not Seasonal,At Home
100974,МАРЕМА ЕООД,Бургас,ПРИМОРСКО,Supermarket,Gold,Seasonal,At Home
102040,СИМОНЕ ВТ ООД ЕООД,Варна,ВАРНА,Local Shop,Bronze,Not Seasonal,At Home
101167,ХРАНИТЕЛНИ СТОКИ ЕООД,Търговище,ТЪРГОВИЩЕ,Cafe,Bronze,Not Seasonal,At Home
101170,ТИМЕСА ЕООД,Търговище,ТЪРГОВИЩЕ,Cafe,Bronze,Not Seasonal,At Home
106644,МАГАЗИН ЕООД,Бургас,АЙТОС,Superette,Bronze,Not Seasonal,At Home
106700,МИНИ МАРКЕТ ЛАУРА ЕООД,Бургас,КАМЕНО,Superette,Bronze,Not Seasonal,At Home
101744,МАГАЗИН ЕООД,Шумен,ШУМЕН,Local Shop,Silver,Not Seasonal,At Home
103071,ХРАНИТЕЛНИ СТОКИ ЕООД,Разград,РАЗГРАД,Local Shop,Bronze,Not Seasonal,At Home
104560,КОП ЛЕДЕНИК ЕООД,Варна,ДЪЛГОПОЛ,Local Shop,Bronze,Not Seasonal,At Home
100769,ЛИДЕР 11 ЕООД ЕООД,Ямбол,ЯМБОЛ,Supermarket,Gold,Not Seasonal,At Home
106448,ХРАНИТЕЛНИ СТОКИ ЕООД,Варна,ВАРНА,Cafe,Bronze,Not Seasonal,Out of Home
101215,ПАНДА 2 ЕООД,Варна,ВАРНА,Cafe,Bronze,Not Seasonal,At Home
107176,ТЕЧИ ЕООД,Бургас,БУРГАС,Superette,Bronze,Not Seasonal,At Home
104452,МАГАЗИН ЕООД,Варна,ШКОРПИЛОВЦИ,Local Shop,Bronze,Not Seasonal,At Home
106212,ХРАНИТЕЛНИ СТОКИ ЕООД,Шумен,СМЯДОВО,Local Shop,Iron,Not Seasonal,At Home
106583,ВЕНЕРА ЕООД,Бургас,ПРИЛЕП,Cafe,Bronze,Not Seasonal,Out of Home
101980,ДЕТЕЛИНА ЕООД,Варна,ВАРНА,Local Shop,Silver,Not Seasonal,At Home
102808,ХАДЖИРАДЕВИ ЕООД,Русе,РУСЕ,Local Shop,Bronze,Not Seasonal,At Home
102075,ХРАНИТЕЛНИ СТОКИ ЕООД,Варна,ВАРНА,Local Shop,Bronze,Not Seasonal,At Home
102733,МАГАЗИН РАЛИЦА ЕООД,Русе,ЮДЕЛНИК,Local Shop,Iron,Not Seasonal,At Home
101898,МАГАЗИН ЕООД,Добрич,ДОБРИЧ,Local Shop,Silver,Not Seasonal,At Home
103423,ХРАНИТЕЛНИ СТОКИ ЕООД,Сливен,ГРАДЕЦ,Local Shop,Iron,Not Seasonal,At Home
106213,МАГАЗИН ЕООД,Шумен,ШУМЕН,Local Shop,Iron,Not Seasonal,At Home
103905,НАРКООП ЕООД,Бургас,БУРГАС,Local Shop,Silver,Not Seasonal,At Home
103915,МЕМО ЕООД,Бургас,БУРГАС,Local Shop,Silver,Not Seasonal,At Home
106985,ХРАНИТЕЛЕН МАГАЗИН ЕООД,Търговище,ТЪРГОВИЩЕ,Superette,Iron,Not Seasonal,At Home
101956,7777 ЕООД,Добрич,ОДЪРЦИ,Local Shop,Gold,Not Seasonal,At Home
101257,МАГАЗИН ЕООД,Бургас,КАМЕНО,Cafe,Bronze,Not Seasonal,At Home
103324,МАГАЗИН ЕООД,Варна,ВАРНА,Local Shop,Bronze,Not Seasonal,At Home
103792,МАГАЗИН ЕООД,Бургас,ПОМОРИЕ,Local Shop,Silver,Not Seasonal,At Home
111992,ДЕТЕЛИНА ЕООД,Бургас,БУРГАС,Local Shop,Silver,Not Seasonal,At Home
103945,МАГАЗИН ЕООД,Бургас,БУРГАС,Local Shop,Iron,Not Seasonal,At Home
106899,МАГАЗИН КРЕПОСТТА ЕООД,Шумен,КЮЛЕВЧА,Superette,Bronze,Not Seasonal,At Home
102809,МАГАЗИН ЕООД,Русе,РУСЕ,Local Shop,Bronze,Not Seasonal,At Home
104537,магазин ЕООД,Варна,ДЪЛГОПОЛ,Local Shop,Bronze,Not Seasonal,At Home
104569,ВАНЕСА - ВАЛЕНТИН ЕООД ЕООД,Варна,ДЪЛГОПОЛ,Local Shop,Bronze,Not Seasonal,At Home
102071,МАГАЗИН ЕООД,Варна,ВЪГЛЕН,Local Shop,Bronze,Not Seasonal,At Home
102127,Магазин ЕООД,Варна,ЛЮБЕН КАРАВЕЛОВО,Local Shop,Silver,Not Seasonal,At Home
104572,КАМОЛЕНД ЕООД,Варна,ПОЛЯЦИТЕ,Local Shop,Iron,Not Seasonal,At Home
107524,МАГАЗИН ЕООД,Варна,КАЛИМАНЦИ,Restaurant,Bronze,Not Seasonal,Out of Home
104468,СЕНОН МАЛЪК ЕООД,Ямбол,СТРАЛДЖА,Local Shop,Iron,Not Seasonal,At Home
104453,БИНАЙ НЕШЕ ЕООД,Варна,СИНДЕЛ,Local Shop,Bronze,Not Seasonal,At Home
103579,ХРАНИТЕЛНИ СТОКИ ЕООД,Бургас,ПОДВИС,Local Shop,Iron,Not Seasonal,At Home
103580,АКСУ МАГАЗИН ЕООД,Бургас,СУНГУРЛАРЕ,Local Shop,Iron,Not Seasonal,At Home
105510,ЕЛИТ МАРКЕТ ЕООД,Бургас,МАЛКО ТЪРНОВО,Cafe,Bronze,Not Seasonal,Out of Home
103525,МАГАЗИН ЕООД,Ямбол,ВОДЕНИЧАНЕ,Local Shop,Iron,Not Seasonal,At Home
106986,ВЪЗРАЖДАНЕ ЕООД,Търговище,ТЪРГОВИЩЕ,Superette,Bronze,Not Seasonal,At Home
103707,ХРАНИТЕЛНО СТОКИ ЕООД,Сливен,КОТЕЛ,Local Shop,Iron,Not Seasonal,At Home
102964,ХРАНИТЕЛНИ СТОКИ ЕООД,Русе,РУСЕ,Local Shop,Iron,Not Seasonal,At Home
100388,БАКАЛИЯТА ЕООД,Варна,ВАРНА,Supermarket,Bronze,Seasonal,At Home
100393,УНИВЕРСАЛ ЕООД,Варна,ВАРНА,Supermarket,Bronze,Not Seasonal,At Home
100120,ХРАНИТЕЛНИ СТОКИ ЕООД,Разград,ИСПЕРИХ,Local Shop,Silver,Not Seasonal,At Home
107241,ХРАНИТЕЛНИ СТОКИ ЕООД,Сливен,КОТЕЛ,Supermarket,Bronze,Not Seasonal,At Home
103876,ХРАНИТЕЛНИ СТОКИ ЕООД,Бургас,БУРГАС,Local Shop,Silver,Not Seasonal,At Home
107088,ХРАНИТЕЛНИ СТОКИ ЕООД,Ямбол,ЯМБОЛ,Superette,Bronze,Not Seasonal,At Home
100568,СЕРДЖИНИ ЕООД,Бургас,СЛЪНЧЕВ БРЯГ,Supermarket,Gold,Seasonal,At Home
100569,ХЕРМЕС ЕООД,Бургас,СЛЪНЧЕВ БРЯГ,Supermarket,Gold,Seasonal,At Home
103388,АДАЛИЯ 05 ЕООД,Сливен,КОТЕЛ,Local Shop,Iron,Not Seasonal,At Home
103395,ПК СТЕФАН КАРАДЖА ЕООД,Сливен,КОТЕЛ,Local Shop,Iron,Not Seasonal,At Home
103381,ХРАНИТЕЛЕН МАГАЗИН АМИГО ЕООД,Сливен,ГЛУШНИК,Local Shop,Iron,Not Seasonal,At Home
103383,ЛОТОС ЕООД,Сливен,ТРАПОКЛОВО,Local Shop,Iron,Not Seasonal,At Home
103750,МОДЕРНА ЕООД,Сливен,КОТЕЛ,Local Shop,Iron,Not Seasonal,At Home
103705,ТУЧЕ ЕООД,Сливен,МОКРЕН,Local Shop,Silver,Not Seasonal,At Home
103734,АРХА ЕООД,Сливен,КОТЕЛ,Local Shop,Iron,Not Seasonal,At Home
103675,ПРИМА ЕООД,Сливен,БЛАТЕЦ,Local Shop,Iron,Not Seasonal,At Home
100139,МАГАЗИН ЕООД,Сливен,КОТЕЛ,Local Shop,Iron,Seasonal,At Home
103674,ЯНТРА ЕООД,Сливен,ТРАПОКЛОВО,Local Shop,Iron,Not Seasonal,At Home
103233,ЕФЕ СУХОДОЛ ЕООД,Добрич,ШАБЛА,Local Shop,Bronze,Not Seasonal,At Home
101116,МАГАЗИН ЕООД,Шумен,ВЕЛИКИ ПРЕСЛАВ,Cafe,Bronze,Not Seasonal,At Home
101897,МАГАЗИН ГЛОБУС ЕООД,Добрич,ДОБРИЧ,Local Shop,Bronze,Not Seasonal,At Home
103325,МАГАЗИН ЕООД,Варна,АСПАРУХОВО,Local Shop,Iron,Not Seasonal,At Home
101460,ДЕРВИШ ЕООД,Сливен,ЯБЛАНОВО,Local Shop,Bronze,Not Seasonal,At Home
101774,МАГАЗИН ЕООД,Варна,СУВОРОВО,Local Shop,Gold,Not Seasonal,At Home
103868,ХРАНИТЕЛНИ СТОКИ МАГАЗИН МЕТИКА ЕООД,Бургас,КРУШЕВЕЦ,Local Shop,Bronze,Not Seasonal,At Home
102100,МИНИ МАРКЕТ КАЛОЯН ЕООД,Варна,ВАРНА,Local Shop,Silver,Not Seasonal,At Home
102732,ХР.МАГАЗИН ЕООД,Русе,БЪЗЪН,Local Shop,Bronze,Not Seasonal,At Home
101237,ИСИМАРКЕТ ЕООД,Сливен,СЛИВЕН,Cafe,Iron,Not Seasonal,At Home
100178,ПИВНИЦА ЕООД,Бургас,БУРГАС,Local Shop,Silver,Seasonal,At Home
101979,НАЦИОНАЛ ЕООД,Варна,ВАРНА,Local Shop,Silver,Not Seasonal,At Home
100373,ЦАРИЦА ЕЛЕНА ЕООД,Варна,ВАРНА,Supermarket,Iron,Not Seasonal,At Home
100398,ХР СТОКИ ЕООД,Добрич,ДОБРИЧ,Supermarket,Bronze,Not Seasonal,At Home
101771,НИКИ ЕООД,Варна,ГЕНЕРАЛ КИСЕЛОВО,Local Shop,Iron,Not Seasonal,At Home
101414,РИБКАТА ЕООД,Шумен,ШУМЕН,Local Shop,Bronze,Not Seasonal,At Home
103387,МАГАИЗН ЕООД,Сливен,СЛИВЕН,Local Shop,Gold,Not Seasonal,At Home
100799,МАРКЕТ СТИН ЕООД,Сливен,СЛИВЕН,Supermarket,Bronze,Not Seasonal,At Home
109325,ЦЕНТРАЛ ЕООД,Варна,СУВОРОВО,Fast-food,Iron,Seasonal,Out of Home
104325,ХР СТОКИ ЕООД,Силистра,ОКОРШ,Local Shop,Silver,Not Seasonal,At Home
111978,ФЕНИКС ЕООД,Ямбол,ЯМБОЛ,Local Shop,Bronze,Not Seasonal,At Home
103315,СЪГЛАСИЕ ЕООД,Варна,ВАРНА,Local Shop,Silver,Not Seasonal,At Home
103081,DIA % ЕООД,Добрич,ЗЪРНЕВО,Local Shop,Iron,Not Seasonal,At Home
102967,ИГНАТОВ ЕООД,Разград,СТАРО СЕЛИЩЕ,Local Shop,Iron,Not Seasonal,At Home
104467,ЕДИ 90 ХР СТОКИ ЕООД,Ямбол,СТРАЛДЖА,Local Shop,Gold,Not Seasonal,At Home
101416,ХРАНИТЕЛНИ СТОКИ ЕООД,Шумен,ДРАГОЕВО,Local Shop,Bronze,Not Seasonal,At Home
104392,ХР СТОКИ ЕООД,Варна,БЯЛА,Local Shop,Silver,Seasonal,At Home
100208,МАГАЗИН ФАНТАСТИКО ЕООД,Бургас,БУРГАС,Local Shop,Silver,Not Seasonal,At Home
104323,МАГИКОМ ЕООД,Силистра,ДУЛОВО,Local Shop,Iron,Not Seasonal,At Home
101034,МАГАЗИН И ПИВНИЦА ЕООД,Силистра,ДУЛОВО,Supermarket,Bronze,Not Seasonal,At Home
101622,ХРАНИТЕЛНИ СТОКИ ЕООД,Силистра,СИЛИСТРА,Local Shop,Gold,Not Seasonal,At Home
104421,ХР СТОКИ ЕООД,Търговище,ЦАР АСЕН,Local Shop,Iron,Not Seasonal,At Home
106684,ХРАНИТЕЛЕН МАГАЗИН ЕООД,Бургас,КАРНОБАТ,Superette,Silver,Not Seasonal,At Home
106987,АЙТАЧ И АЙДЖАН ЕООД,Търговище,ОМУРТАГ,Superette,Silver,Not Seasonal,At Home
104139,ХРАНИТЕЛНИ СТОКИ ЕООД,Бургас,ЦАРЕВО,Local Shop,Bronze,Not Seasonal,At Home
101140,Хранителни стоки ЕООД,Добрич,ДОБРИЧ,Cafe,Iron,Not Seasonal,At Home
103135,ХРАНИТЕЛНИ СТОКИ ЕООД,Разград,МОРТАГОНОВО,Local Shop,Iron,Not Seasonal,At Home
103180,ХР СТОКИ ЕООД,Разград,ВЕСЕЛИНА,Local Shop,Silver,Not Seasonal,At Home
103935,Хранителни стоки ЕООД,Бургас,БУРГАС,Local Shop,Silver,Not Seasonal,At Home
101621,ПЛАТИНИУМ 24/7 ЕООД,Силистра,АЛФАТАР,Local Shop,Iron,Not Seasonal,At Home
100636,НИКИ ВТ ЕООД,Търговище,ПОПОВО,Supermarket,Iron,Not Seasonal,At Home
101620,ХРАНИТЕЛНИ СТОКИ ДАНИ ЕООД,Силистра,БОГОРОВО,Local Shop,Bronze,Not Seasonal,At Home
102633,ХРАНИТЕЛНИ СТОКИ ЕООД,Русе,ПОМЕН,Local Shop,Bronze,Not Seasonal,At Home
103181,МАЛИ МАРКЕТ ЕООД,Разград,РАЗГРАД,Local Shop,Bronze,Not Seasonal,At Home
101112,ХР СТОКИ ЕООД,Шумен,ШУМЕН,Cafe,Bronze,Not Seasonal,At Home
106251,ПИЛЕ НА ГРИЛ ЕООД,Търговище,ТЪРГОВИЩЕ,Local Shop,Silver,Not Seasonal,At Home
104583,ХР СТОКИ ЕООД,Варна,РАВНА,Local Shop,Bronze,Not Seasonal,At Home
104202,ХР СТОКИ ЕООД,Бургас,БУРГАС,Local Shop,Bronze,Not Seasonal,At Home
102810,ХРАНИТЕЛЕН МАГАЗИН ЕООД,Русе,РУСЕ,Local Shop,Bronze,Not Seasonal,At Home
100680,КООП ЕООД,Русе,РУСЕ,Supermarket,Silver,Not Seasonal,At Home
101404,ХАДЖИРАДЕВИ ЕООД,Сливен,ТИЧА,Local Shop,Gold,Not Seasonal,At Home
101458,МАГАЗИН ЕООД,Сливен,ЯБЛАНОВО,Local Shop,Bronze,Not Seasonal,At Home
102977,ХРАНИТЕЛЕН МАГАЗИН ЕООД,Разград,СИНЯ ВОДА,Local Shop,Bronze,Not Seasonal,At Home
101919,МАГАЗИН ЕООД,Добрич,ОБРОЧИЩЕ,Local Shop,Iron,Not Seasonal,At Home
101896,ХР. МАГАЗИН ЕООД,Добрич,ГЕНЕРАЛ ТОШЕВО,Local Shop,Bronze,Not Seasonal,At Home
103335,МАГАЗИН ЕООД,Добрич,ЛЮЛЯКОВО,Local Shop,Bronze,Not Seasonal,At Home
101895,ХР СТОКИ СЪГЛАСИЕ ЕООД,Добрич,ДОБРИЧ,Local Shop,Gold,Not Seasonal,At Home
101901,МИК 2014 ЕООД,Добрич,ДОБРИЧ,Local Shop,Iron,Not Seasonal,At Home
101893,ХРАНИТЕЛНИ СТОКИ ЕООД,Добрич,ДОБРИЧ,Local Shop,Iron,Not Seasonal,At Home
101892,НАЦИОНАЛ ЕООД,Добрич,КРУШАРИ,Local Shop,Iron,Not Seasonal,At Home
101891,ХРАНИТЕЛЕН МАГАЗИН ЕООД,Добрич,ДОБРИЧ,Local Shop,Iron,Not Seasonal,At Home
101890,ХРАНИТЕЛЕН МАГАЗИН ЕООД,Добрич,ДОБРИЧ,Local Shop,Iron,Seasonal,At Home
100387,КООП ЕООД,Добрич,ДОБРИЧ,Supermarket,Silver,Not Seasonal,At Home
101924,ХРАНИТЕЛНИ СТОКИ ЕООД,Добрич,ОБРОЧИЩЕ,Local Shop,Bronze,Not Seasonal,At Home
101923,МАГАЗИН ЦЕНТРАЛ ЕООД,Добрич,СОКОЛОВО,Local Shop,Silver,Not Seasonal,At Home
102384,СВЕТЕОР ЕООД,Бургас,РАВДА,Local Shop,Bronze,Not Seasonal,At Home
101598,ХРАНИТЕЛЕН МАГАЗИНА ЕООД,Силистра,АЙДЕМИР,Local Shop,Gold,Not Seasonal,At Home
100841,МАГАЗИН ФАНТАСТИК ЕООД,Бургас,БУРГАС,Supermarket,Silver,Not Seasonal,At Home
101889,МАГАЗИН АРО ЕООД,Добрич,ЖИТНИЦА,Local Shop,Silver,Not Seasonal,At Home
101782,МАГАЗИН ЕООД,Варна,ЧЕРНЕВО,Local Shop,Bronze,Not Seasonal,At Home
101978,ХР. МАГАЗИН ЕООД,Варна,ВАРНА,Local Shop,Silver,Not Seasonal,At Home
101582,УНИВЕРСАЛ ЕООД,Силистра,СИЛИСТРА,Local Shop,Bronze,Not Seasonal,At Home
101888,ГЕРБЕР ЕООД,Добрич,ДОБРИЧ,Local Shop,Iron,Not Seasonal,At Home
104457,ХРАНИТЕЛЕН МАГАЗИН ЕООД,Варна,БЯЛА,Local Shop,Bronze,Not Seasonal,At Home
102078,ЕСТЕР ЕООД,Добрич,ДОБРИЧ,Local Shop,Bronze,Not Seasonal,At Home
101922,ХРАНИТЕЛЕН МАГАЗИН ЕООД,Добрич,ДОБРИЧ,Local Shop,Bronze,Not Seasonal,At Home
102968,МИНИМАРКЕТ ПЛ. СЛАВЕЙКОВ ЕООД,Добрич,КАРДАМ,Local Shop,Silver,Not Seasonal,At Home
111928,ХР СТОКИ ЕООД,Шумен,ШУМЕН,Local Shop,Silver,Not Seasonal,At Home
103355,МИНИ МАРКЕТ ЕООД,Добрич,ДОБРИЧ,Local Shop,Iron,Not Seasonal,At Home
101616,ХРАНИТЕЛЕН МАГАЗИН ЕООД,Силистра,ИСКРА,Local Shop,Silver,Not Seasonal,At Home
102777,ДИДИ МАРКЕТ ЕООД,Русе,МАРТЕН,Local Shop,Bronze,Not Seasonal,At Home
103235,ТВОЯТ МАГАЗИН ЕООД,Добрич,БАЛЧИК,Local Shop,Bronze,Not Seasonal,At Home
104167,ХРАНИТЕЛНИ СТОКИ ЕООД,Бургас,СРЕДЕЦ,Local Shop,Gold,Not Seasonal,At Home
104176,ХРАНИТЕЛЕН МАГАЗИН ЕООД,Бургас,СРЕДЕЦ,Local Shop,Silver,Not Seasonal,At Home
103597,КРАСИ ЕООД,Бургас,ВЪЛЧИН,Local Shop,Bronze,Not Seasonal,At Home
100720,КООП ЕООД,Добрич,ДОБРИЧ,Supermarket,Bronze,Not Seasonal,At Home
101779,ЕНИГМА ЕООД,Варна,СУВОРОВО,Local Shop,Silver,Not Seasonal,At Home
101615,СМЕСЕН МАГАЗИН ЕООД,Силистра,АЙДЕМИР,Local Shop,Iron,Not Seasonal,At Home
100570,ХР. МАГАЗИН ЕООД,Бургас,СЛЪНЧЕВ БРЯГ,Supermarket,Silver,Seasonal,At Home
106258,МИНИ МАРКЕТ СТРОНГ НЕЛИ ЕООД,Търговище,ОМУРТАГ,Local Shop,Bronze,Not Seasonal,At Home
104599,ИЛИЕВИ ЕООД,Варна,ПРОВАДИЯ,Local Shop,Silver,Not Seasonal,At Home
101182,ХРАНИТЕЛЕН МАГАЗИН ЕООД,Русе,ВЕТОВО,Cafe,Silver,Not Seasonal,At Home
101145,ХРАНИТЕЛЕН МАГАЗИН ЕООД,Варна,ВАРНА,Cafe,Bronze,Not Seasonal,At Home
103447,ХРАНИТЕЛНИ СТОКИ ЕООД,Ямбол,КАЛЧЕВО,Local Shop,Bronze,Not Seasonal,At Home
103535,ХР СТОКИ ЕООД,Ямбол,КАЛЧЕВО,Local Shop,Iron,Not Seasonal,At Home
103358,КРЪЧМА ЕООД,Варна,ВАРНА,Local Shop,Silver,Not Seasonal,At Home
103698,МАРГО ЕООД,Сливен,СЛИВЕН,Local Shop,Silver,Not Seasonal,At Home
100607,ХРАНИТЕЛЕН МАГАЗИН ЕООД,Бургас,НЕСЕБЪР,Supermarket,Gold,Seasonal,At Home
100058,ХРАНИТЕЛЕН МАГАЗИН ЕООД,Бургас,НЕСЕБЪР,Local Shop,Bronze,Seasonal,At Home
102388,МИНЬОР-ПАРКИНГ ДЯСНО ЕООД,Бургас,АЙТОС,Local Shop,Silver,Not Seasonal,At Home
102269,ХОТЕЛ ВИЛА ВИЗАНТИЯ ЕООД,Бургас,РАЗБОЙНА,Local Shop,Bronze,Not Seasonal,At Home
103182,МАГАЗИН ЕООД,Добрич,КРУШАРИ,Local Shop,Iron,Not Seasonal,At Home
103700,Магазин ЕООД,Сливен,СЛИВЕН,Local Shop,Silver,Not Seasonal,At Home
103727,МАКСМАЙ ЕООД,Бургас,ПОЛЯНОВО,Local Shop,Bronze,Not Seasonal,At Home
103732,Амфора ЕООД,Бургас,ЧУБРА,Local Shop,Iron,Not Seasonal,At Home
103581,Община Вълчи дол ЕООД,Бургас,МАНОЛИЧ,Local Shop,Silver,Not Seasonal,At Home
108121,Бара на Юлия ЕООД,Бургас,ЛОЗАРЕВО,Restaurant,Gold,Not Seasonal,Out of Home
101614,ГРИЙН КАФЕ ЕООД,Силистра,КАЛИПЕТРОВО,Local Shop,Bronze,Not Seasonal,At Home
100312,Комплекс Панорама ЕООД,Шумен,ЖИВКОВО,Supermarket,Silver,Not Seasonal,At Home
101613,ЩАСТЛИВА ЗВЕЗДА ЕООД,Силистра,КАЙНАРДЖА,Local Shop,Bronze,Not Seasonal,At Home
100759,КАФЕ-СЛАДКАРНИЦА НАСКО ЕООД,Сливен,СЛИВЕН,Supermarket,Bronze,Seasonal,At Home
101575,КАФЕ ДЖАМБО ЕООД,Силистра,КАЙНАРДЖА,Local Shop,Bronze,Not Seasonal,At Home
101260,КАФЕ ПАЛМА ЕООД,Бургас,ПОМОРИЕ,Cafe,Bronze,Not Seasonal,At Home
112020,СИТИ БАР ЕООД,Ямбол,СТРАЛДЖА,Local Shop,Iron,Seasonal,At Home
104466,КАФЕ АПЕРАТИВ ЕООД,Ямбол,СТРАЛДЖА,Local Shop,Iron,Not Seasonal,At Home
109888,РОМЕО КАФЕ ЕООД,Варна,ТОПОЛИ,Cafe,Silver,Not Seasonal,Out of Home
103939,ОАЗИС ЕООД,Бургас,БУРГАС,Local Shop,Gold,Not Seasonal,At Home
100875,БИСТРО ПЕРЛА ЕООД,Бургас,БУРГАС,Supermarket,Bronze,Not Seasonal,At Home
107252,ЛОБИ БАР Х-Л ЧАВДАР ЕООД,Шумен,ВЕЛИКИ ПРЕСЛАВ,Hotels,Iron,Not Seasonal,At Home
102505,БИСТРО ПАРКА ЕООД,Търговище,ПОПОВО,Local Shop,Bronze,Not Seasonal,At Home
101114,ДИНДАРМАЙ ЕООД,Шумен,ВЕСЕЛИНОВО,Cafe,Bronze,Not Seasonal,At Home
100408,СИРЕНА БАР-/БАСЕИН ЕООД,Добрич,ДОБРИЧ,Supermarket,Bronze,Not Seasonal,At Home
103341,ЛОБИ БАР ЕООД,Добрич,ДОБРИЧ,Local Shop,Silver,Not Seasonal,At Home
103344,КАФЕ ШАРК ЕООД,Добрич,СВОБОДА,Local Shop,Bronze,Not Seasonal,At Home
111963,КАФЕНЕ ЕООД,Ямбол,ЕЛХОВО,Local Shop,Bronze,Not Seasonal,At Home
104393,СЛАДКАРНИЦА БЯЛА ДАМА ЕООД,Варна,БЯЛА,Local Shop,Bronze,Not Seasonal,At Home
100806,ЧАСТНИЯ ЕООД,Сливен,БЯЛА,Supermarket,Gold,Not Seasonal,At Home
102491,ДОДО ЕООД,Търговище,ПОПОВО,Local Shop,Iron,Not Seasonal,At Home
102230,МИШЕЛ ЕООД,Бургас,БИЛКА,Local Shop,Iron,Not Seasonal,At Home
100632,ЗЛАТНА КОТВА ЕООД,Търговище,ВАРДУН,Supermarket,Iron,Not Seasonal,At Home
103246,ПЛАЖЕН БАР ЕООД,Добрич,КРАНЕВО,Local Shop,Bronze,Seasonal,At Home
102507,МОНТИ ЕООД,Търговище,СВЕТЛЕН,Local Shop,Iron,Not Seasonal,At Home
101921,БАР БАСЕЙН ЕООД,Добрич,СЕНОКОС,Local Shop,Iron,Not Seasonal,At Home
100835,ИВМАЗЕПА ЕООД ЕООД,Бургас,БУРГАС,Supermarket,Silver,Not Seasonal,At Home
104151,ПРИ ОРЛИ ЕООД,Бургас,ЛОЗЕНЕЦ,Local Shop,Gold,Seasonal,At Home
104164,ПАРК КАФЕ КРЕМЕ ЕООД,Бургас,СИНЕМОРЕЦ,Local Shop,Bronze,Seasonal,At Home
100843,КАФЕ РОЗМАРИН ЕООД,Бургас,БУРГАС,Supermarket,Silver,Not Seasonal,At Home
101197,ЛУУП БАР ЕООД,Русе,РУСЕ,Cafe,Silver,Not Seasonal,At Home
100950,НАРГИЛЕ БАР ЕООД,Бургас,ПРИМОРСКО,Supermarket,Silver,Seasonal,At Home
104232,ТРЕТА ЕООД,Бургас,ПРИМОРСКО,Local Shop,Silver,Seasonal,At Home
102517,КОФЕКАП БГ ЕООД ЕООД,Търговище,АНТОНОВО,Local Shop,Gold,Not Seasonal,At Home
102333,ЛА ВИЛА ЕООД,Бургас,ОБЗОР,Local Shop,Silver,Seasonal,At Home
101241,КОКАРАЧА ЕООД,Ямбол,ЯМБОЛ,Cafe,Silver,Not Seasonal,At Home
104251,КОНЦЕСИЯ КАБАКУМ ЕООД,Бургас,АХТОПОЛ,Local Shop,Bronze,Not Seasonal,At Home
101262,VARNA VIEW ЕООД,Бургас,ПОМОРИЕ,Cafe,Bronze,Not Seasonal,At Home
107087,Кондор ЕООД,Бургас,КАРНОБАТ,Superette,Iron,Not Seasonal,At Home
104321,ЖИВА ПРИРОДА ЕООД,Силистра,ЧЕРНИК,Local Shop,Silver,Not Seasonal,At Home
100625,КАФЕ АПЕРАТИВ ЕООД,Бургас,СЛЪНЧЕВ БРЯГ,Supermarket,Gold,Seasonal,At Home
100577,КАФЕНЕ ЕООД,Бургас,СЛЪНЧЕВ БРЯГ,Supermarket,Gold,Seasonal,At Home
102605,ЖАСМИН КОФИ ЕООД,Русе,ТЕТОВО,Local Shop,Silver,Not Seasonal,At Home
103867,ПУЛСАНТЕ ЕООД,Бургас,ЧЕРНОМОРЕЦ,Local Shop,Silver,Seasonal,At Home
106675,МАКСИМ ЕООД,Добрич,КРАНЕВО,Superette,Silver,Seasonal,At Home
103244,ИГЪЛС ЕООД,Добрич,КРАНЕВО,Local Shop,Silver,Seasonal,At Home
104320,БОНЖУР КАФЕ ЕООД,Силистра,ТЪРНОВЦИ,Local Shop,Silver,Not Seasonal,At Home
103243,ВИОЛА ЕООД,Добрич,КАВАРНА,Local Shop,Silver,Seasonal,At Home
103242,КАФЕНЕ ЕООД,Добрич,КАВАРНА,Local Shop,Silver,Seasonal,At Home
103245,МАР ЕООД,Добрич,БАЛЧИК,Local Shop,Gold,Seasonal,At Home
108216,ОРИНДЖ ЕООД,Бургас,ЛЮЛЯКОВО,Restaurant,Bronze,Not Seasonal,Out of Home
108215,КОФИ КЪП ЕООД,Бургас,ЛЮЛЯКОВО,Restaurant,Bronze,Not Seasonal,Out of Home
101920,КРИСТАЛ ЕООД,Добрич,СТЕФАНОВО,Local Shop,Bronze,Not Seasonal,At Home
100444,КАМЕЛ ЕООД,Бургас,НЕСЕБЪР,Supermarket,Bronze,Seasonal,At Home
103539,Ла кукарача ЕООД,Ямбол,ЯМБОЛ,Local Shop,Gold,Not Seasonal,At Home
100574,Никко бийч ЕООД,Бургас,СЛЪНЧЕВ БРЯГ,Supermarket,Silver,Seasonal,At Home
104327,Бунгала Шкорпиловци ЕООД,Силистра,ВОКИЛ,Local Shop,Gold,Not Seasonal,At Home
101032,Клуб Варна ЕООД,Силистра,ОКОРШ,Supermarket,Silver,Not Seasonal,At Home
101216,БРУНОС ЕООД,Добрич,КАВАРНА,Cafe,Bronze,Not Seasonal,At Home
106257,Мондо ЕООД,Търговище,ПОПОВО,Local Shop,Silver,Not Seasonal,At Home
100567,Кофекап ЕООД,Бургас,СЛЪНЧЕВ БРЯГ,Supermarket,Gold,Seasonal,At Home
104230,ЕСПРЕСО ЕООД,Бургас,РАВАДИНОВО,Local Shop,Bronze,Not Seasonal,At Home
103865,ОАЗИС ЕООД,Бургас,МАЛКО ТЪРНОВО,Local Shop,Gold,Not Seasonal,At Home
100986,Кафе Ла мер ЕООД,Бургас,ПРИМОРСКО,Supermarket,Silver,Seasonal,At Home
106230,КАФЕНЕ ЕООД,Варна,ВАРНА,Local Shop,Bronze,Not Seasonal,At Home
103794,ПИАНО ЕООД,Варна,ВАРНА,Local Shop,Iron,Not Seasonal,At Home
105981,МОНДО ЕООД,Бургас,ДЪСКОТНА,Fast-food,Bronze,Not Seasonal,Out of Home
100566,КАФЕНЕ ЕООД,Бургас,СЛЪНЧЕВ БРЯГ,Supermarket,Gold,Seasonal,At Home
100597,АМЕЛИЯ ЕООД,Бургас,СЛЪНЧЕВ БРЯГ,Supermarket,Gold,Seasonal,At Home
100376,CAFE MONOCLE ЕООД,Варна,ВАРНА,Supermarket,Iron,Not Seasonal,At Home
103203,БИСТРО ЕООД,Добрич,КАВАРНА,Local Shop,Silver,Seasonal,At Home
100544,Мууд Бар ЕООД,Бургас,СВЕТИ ВЛАС,Supermarket,Gold,Seasonal,At Home
106224,КАПОНЕ ЕООД,Варна,ВАРНА,Local Shop,Silver,Not Seasonal,At Home
100573,Суич ЕООД,Бургас,СЛЪНЧЕВ БРЯГ,Supermarket,Silver,Seasonal,At Home
100596,ЛУЧАНО ПИЦА ЕООД,Бургас,АХЕЛОЙ,Supermarket,Bronze,Seasonal,At Home
100448,КА ЕКСПЕРТ ЕООД,Бургас,НЕСЕБЪР,Supermarket,Gold,Seasonal,At Home
100056,РЕФРЕШ ЕООД,Бургас,ДРАГАНОВО,Local Shop,Silver,Not Seasonal,At Home
100057,КАФЕ БАР КАМИ ЕООД,Бургас,НЕСЕБЪР,Local Shop,Gold,Seasonal,At Home
111881,КАФЕ ЛОНГ ЕООД,Варна,ВАРНА,Superette,Gold,Not Seasonal,At Home
102101,КАФЕ ВИП ЕООД,Варна,ВЪГЛЕН,Local Shop,Bronze,Not Seasonal,At Home
101297,РЕСТОРАНТ ЕООД,Варна,ДЪЛГОПОЛ,Cafe,Gold,Not Seasonal,At Home
104577,БАР АМОРЕ ЕООД,Варна,ПРОВАДИЯ,Local Shop,Gold,Not Seasonal,At Home
101566,ПИВНИЦА ЕООД,Шумен,НОВИ ПАЗАР,Local Shop,Gold,Not Seasonal,At Home
107089,ИНБЕТ ЕООД,Сливен,СЛИВЕН,Superette,Iron,Not Seasonal,At Home
106928,КООП ЕООД,Варна,ВАРНА,Superette,Silver,Not Seasonal,At Home
104568,ФЕ И АД ЕООД,Варна,ПРОВАДИЯ,Local Shop,Bronze,Not Seasonal,At Home
104575,КАФЕНЕ ЕООД,Варна,ПРОВАДИЯ,Local Shop,Iron,Not Seasonal,At Home
102322,ПЕПИ ЕООД,Бургас,ОБЗОР,Local Shop,Bronze,Seasonal,At Home
103208,КАФЕ БИМ ЕООД,Добрич,ШАБЛА,Local Shop,Bronze,Not Seasonal,At Home
100031,ИТИ КАФЕ ЕООД,Варна,ДОЛИЩЕ,Local Shop,Silver,Not Seasonal,At Home
102334,СИТИ БАР ЕООД,Бургас,ОБЗОР,Local Shop,Bronze,Seasonal,At Home
100449,КАФЕ ХРИС ЕООД,Бургас,СВЕТИ ВЛАС,Supermarket,Silver,Seasonal,At Home
111941,КАФЕ АРКОБАЛЕНО ДЖЕЛАТО ЕООД,Варна,ВАРНА,Local Shop,Gold,Not Seasonal,At Home
102092,КАФЕ САЛИТОС ЕООД,Варна,ВАРНА,Local Shop,Silver,Not Seasonal,At Home
100432,КАФЕ ДЕН И НОЩ ЕООД,Варна,ВАРНА,Supermarket,Gold,Seasonal,At Home
106678,АВТОСЕРВИЗ ЕООД,Добрич,КРАНЕВО,Superette,Gold,Seasonal,At Home
102503,КАФЕ ЧЕРНО И БЯЛО ЕООД,Търговище,ОМУРТАГ,Local Shop,Gold,Not Seasonal,At Home
102510,Автомивка Оникс ЕООД,Търговище,ОМУРТАГ,Local Shop,Gold,Not Seasonal,At Home
100654,АВТОМИВКА ЛУКСУРИ ЕООД,Търговище,ОМУРТАГ,Supermarket,Bronze,Not Seasonal,At Home
106407,Б-РО МАНДАРИН ЕООД,Бургас,НЕСЕБЪР,Cafe,Silver,Seasonal,At Home
104231,Х-Л БУМЕРАНГ ЕООД,Бургас,ЦАРЕВО,Local Shop,Silver,Seasonal,At Home
103207,ПОЧИВНА БАЗА МИНИСТЕРСКИ САВЕТ ЕООД,Добрич,КАВАРНА,Local Shop,Silver,Not Seasonal,At Home
107079,ПОЛО РИЗОРТ ЕООД,Сливен,СЛИВЕН,Superette,Bronze,Not Seasonal,At Home
107332,КАФЕ ХЮ ЕООД,Варна,ПРОВАДИЯ,Restaurant,Silver,Not Seasonal,Out of Home
100447,Х-Л ЗЕФИР ЕООД,Бургас,НЕСЕБЪР,Supermarket,Gold,Seasonal,At Home
102511,ПЛЕЙ БАР ЕООД,Търговище,ВАРДУН,Local Shop,Silver,Not Seasonal,At Home
106222,КАФЕ ГИНА ЕООД,Варна,ВАРНА,Local Shop,Bronze,Not Seasonal,At Home
100439,ПЛЕЙРУМ ЕООД,Бургас,СВЕТИ ВЛАС,Supermarket,Silver,Seasonal,At Home
102248,КАФЕ ЕООД,Бургас,БАТА,Local Shop,Bronze,Not Seasonal,At Home
102190,КАФЕ ЕООД,Бургас,РУЕН,Local Shop,Gold,Not Seasonal,At Home
100594,POOL BAR ЕООД,Бургас,СЛЪНЧЕВ БРЯГ,Supermarket,Silver,Seasonal,At Home
104597,КАФЕ ЕООД,Варна,ПРОВАДИЯ,Local Shop,Bronze,Not Seasonal,At Home
111869,КАФЕ КАЛИОПА ЕООД,Варна,ЗЛАТНИ ПЯСЪЦИ,Superette,Silver,Seasonal,At Home
103192,КАФЕ ЕООД,Добрич,АЛБЕНА,Local Shop,Bronze,Seasonal,At Home
100593,МАРАК 2 ЕООД,Бургас,СЛЪНЧЕВ БРЯГ,Supermarket,Gold,Seasonal,At Home
100437,КАФЕ НАТАЛИ ЕООД,Бургас,СВЕТИ ВЛАС,Supermarket,Gold,Seasonal,At Home
104564,БОВА КАР ЕООД,Варна,ДОЛНИ ЧИФЛИК,Local Shop,Silver,Not Seasonal,At Home
100461,КАФЕ КОЛЕЖА ЕООД,Бургас,РАВДА,Supermarket,Bronze,Seasonal,At Home
100484,АВТОМИВКА АВТОТРАНСПОРТ ЕООД,Бургас,РАВДА,Supermarket,Gold,Seasonal,At Home
100592,КАРАВАНА ЧАЙКА ЕООД,Бургас,СЛЪНЧЕВ БРЯГ,Supermarket,Silver,Seasonal,At Home
103205,БАР 87 ЕООД,Добрич,КАВАРНА,Local Shop,Bronze,Seasonal,At Home
101282,МЕДИЯ ГРУП ЕООД,Силистра,СТЕФАН КАРАДЖА,Cafe,Bronze,Seasonal,At Home
104348,КАФЕ СТАДИОНА ЕООД,Разград,ЗАВЕТ,Local Shop,Silver,Not Seasonal,At Home
101295,СЪНРАЙЗ ЕООД,Варна,ДОЛНИ ЧИФЛИК,Cafe,Silver,Not Seasonal,At Home
100483,ШИША БАР НАРГОС ЕООД,Бургас,СВЕТИ ВЛАС,Supermarket,Silver,Seasonal,At Home
100482,БАЛАКЛАВА ЕООД,Бургас,СВЕТИ ВЛАС,Supermarket,Silver,Seasonal,At Home
102209,МИСТРАЛ ЕООД,Бургас,ТЪНКОВО,Local Shop,Bronze,Not Seasonal,At Home
100481,КАФЕ НЕРОЛИ ЕООД,Бургас,СВЕТИ ВЛАС,Supermarket,Bronze,Seasonal,At Home
100488,ВИНЕН САЛОН ЕООД,Бургас,СВЕТИ ВЛАС,Supermarket,Silver,Seasonal,At Home
107280,ЛА ЛУНА ЕООД,Бургас,СОЗОПОЛ,Hotels,Gold,Not Seasonal,At Home
103834,ЛОКА ЕООД,Бургас,ПОМОРИЕ,Local Shop,Silver,Seasonal,At Home
111871,ЧАШКАТА ЕООД,Варна,СВ СВ КОНСТАНТИН И ЕЛЕНА,Superette,Gold,Seasonal,At Home
103938,КЪЩА ЗА ГОСТИ НИКИ ЕООД,Бургас,БУРГАС,Local Shop,Bronze,Not Seasonal,At Home
101027,КАФЕ-АПЕР. ЕООД,Бургас,АХТОПОЛ,Supermarket,Bronze,Seasonal,At Home
104228,Х-Л ВЕРСИС ЕООД,Бургас,СОЗОПОЛ,Local Shop,Bronze,Seasonal,At Home
107168,ШИША БАР ЕООД,Бургас,СОЗОПОЛ,Superette,Silver,Seasonal,At Home
100463,РТ РОЯЛ СЪН ЕООД,Бургас,СВЕТИ ВЛАС,Supermarket,Gold,Seasonal,At Home
106316,СЪРЦЕ И МОЗЪК ЕООД,Бургас,АХТОПОЛ,Local Shop,Silver,Seasonal,At Home
103703,КАФЕ ЕООД,Сливен,СЛИВЕН,Local Shop,Gold,Not Seasonal,At Home
103927,РТ СЪМЪР ДРИЙМС ЕООД,Бургас,ЧЕРНОМОРЕЦ,Local Shop,Bronze,Seasonal,At Home
100311,Х СИРЕНА И ДЕЛФИН ЕООД,Силистра,СИЛИСТРА,Supermarket,Gold,Not Seasonal,At Home
100279,КАФЕ ПАИЛИОН ЕООД,Силистра,ДУЛОВО,Local Shop,Bronze,Seasonal,At Home
101285,КОНДОР ЕООД,Силистра,ДУЛОВО,Cafe,Iron,Not Seasonal,At Home
104216,КАФЕ ЕООД,Бургас,ПРИМОРСКО,Local Shop,Bronze,Seasonal,At Home
100805,АВТОМИВКА ДИМАДЖО ЕООД,Сливен,СЛИВЕН,Supermarket,Gold,Not Seasonal,At Home
100886,КАФЕ ПАВИЛИОН ЕООД,Бургас,ЧЕРНОМОРЕЦ,Supermarket,Bronze,Not Seasonal,At Home
101025,ДИАМАНТ ЕООД,Бургас,ПРИМОРСКО,Supermarket,Bronze,Seasonal,At Home
102522,АМЕРИКАНО ЕООД,Търговище,ТЪРГОВИЩЕ,Local Shop,Silver,Not Seasonal,At Home
104318,БИРАРИЯ NO NAME ЕООД,Силистра,СТЕФАН КАРАДЖА,Local Shop,Silver,Not Seasonal,At Home
100582,ЛОС ТОРОС ЕООД,Бургас,СЛЪНЧЕВ БРЯГ,Supermarket,Silver,Seasonal,At Home
100571,КАФЕ СИРИУС ЕООД,Бургас,КОШАРИЦА,Supermarket,Gold,Seasonal,At Home
104224,АВЕНЮ ДЕ ЛУКС ЕООД,Бургас,КИТЕН,Local Shop,Bronze,Seasonal,At Home
100436,КАФЕ ЕООД,Бургас,СВЕТИ ВЛАС,Supermarket,Silver,Seasonal,At Home
100817,ГРАЦИЯ ЕООД,Бургас,ВРАТИЦА,Supermarket,Iron,Not Seasonal,At Home
100443,КАФЕ ХОУМ ЕООД,Бургас,СВЕТИ ВЛАС,Supermarket,Silver,Seasonal,At Home
103534,КАФЕ МАРАЯ ЕООД,Ямбол,ДРАЖЕВО,Local Shop,Silver,Not Seasonal,At Home
100438,кафе Спортна среща ЕООД,Бургас,НЕСЕБЪР,Supermarket,Gold,Seasonal,At Home
100811,КАФЕ ПАРАДАЙЗ ЕООД,Сливен,СЛИВЕН,Supermarket,Silver,Not Seasonal,At Home
100076,СЛАДКАРНИЦА КАСКАДАС ЕООД,Търговище,ВАРДУН,Local Shop,Silver,Not Seasonal,At Home
103691,КАФЕ МАРГАРИТА ЕООД,Сливен,САМУИЛОВО,Local Shop,Gold,Not Seasonal,At Home
100034,ФРЕШОВЕ ЕООД,Добрич,ДОБРИЧ,Local Shop,Bronze,Not Seasonal,At Home
102306,КАФЕ ЕООД,Бургас,ОБЗОР,Local Shop,Bronze,Seasonal,At Home
103219,КАФЕ ОРФЕЙ ЕООД,Добрич,СТОЖЕР,Local Shop,Iron,Not Seasonal,At Home
104233,СЪНРАЙЗ ЕООД,Бургас,КИТЕН,Local Shop,Bronze,Seasonal,At Home
100485,МОНИ И ТОНИ ЕООД,Бургас,НЕСЕБЪР,Supermarket,Bronze,Seasonal,At Home
100440,СЛАДКОМИЕ ЕООД,Бургас,СВЕТИ ВЛАС,Supermarket,Bronze,Seasonal,At Home
111943,БЮФЕТ ЕООД,Бургас,НЕСЕБЪР,Local Shop,Bronze,Not Seasonal,At Home
104565,ШОПОВА ЕООД,Варна,ДОЛНИ ЧИФЛИК,Local Shop,Bronze,Seasonal,At Home
106964,КАРТИНГ ПИСТА ЕООД,Бургас,РАВДА,Superette,Bronze,Seasonal,At Home
104383,СПОРТ КАФЕ ЕООД,Силистра,НОВА ЧЕРНА,Local Shop,Bronze,Not Seasonal,At Home
100579,кафе Аперитив ЕООД,Бургас,НЕСЕБЪР,Supermarket,Bronze,Seasonal,At Home
100578,КАФЕ БАР ЕООД,Бургас,СЛЪНЧЕВ БРЯГ,Supermarket,Gold,Seasonal,At Home
100576,ЧЕРНО И БЯЛО ЕООД,Бургас,СЛЪНЧЕВ БРЯГ,Supermarket,Bronze,Seasonal,At Home
100575,КРАЛЕКС ЕООД,Бургас,СЛЪНЧЕВ БРЯГ,Supermarket,Bronze,Seasonal,At Home
100590,РОК ЕНД РОЛ ЕООД,Бургас,СЛЪНЧЕВ БРЯГ,Supermarket,Silver,Seasonal,At Home
102242,МЛАДОСТ ЕООД,Бургас,КАБЛЕШКОВО,Local Shop,Bronze,Not Seasonal,At Home
100933,МАСАРО ЕООД,Бургас,СОЗОПОЛ,Supermarket,Silver,Seasonal,At Home
102114,ФРЕШ ЕООД,Варна,АКСАКОВО,Local Shop,Silver,Not Seasonal,At Home
103835,АТЛАНТ ЕООД,Бургас,ПОМОРИЕ,Local Shop,Bronze,Seasonal,At Home
107259,КАФЕНЕ ТЕРМИ ЕООД,Русе,ЧЕРВЕНА ВОДА,Hotels,Bronze,Not Seasonal,At Home
100931,БАМБО БАР ЕООД,Бургас,КИТЕН,Supermarket,Bronze,Seasonal,At Home
100945,БЕРЧЕ ЕООД,Бургас,ПРИМОРСКО,Supermarket,Silver,Seasonal,At Home
100377,ДЖУЛИЯНИ 33 ООД ЕООД,Варна,ВАРНА,Supermarket,Iron,Not Seasonal,At Home
100372,Желато ЕООД,Варна,ВАРНА,Supermarket,Gold,Seasonal,At Home
104262,Легаси бар ЕООД,Бургас,ПРИМОРСКО,Local Shop,Bronze,Seasonal,At Home
103540,ГОСИП ЕООД,Ямбол,ЯМБОЛ,Local Shop,Silver,Not Seasonal,At Home
101970,ЛУКСОР ЕООД,Варна,ВАРНА,Local Shop,Silver,Not Seasonal,At Home
100441,БАР ВАЛЕТО ЕООД,Бургас,РАВДА,Supermarket,Silver,Seasonal,At Home
100581,ПАВАЛИ ЕООД,Бургас,СЛЪНЧЕВ БРЯГ,Supermarket,Gold,Seasonal,At Home
104307,ГОСИП БАР ЕООД,Силистра,ГАРВАН,Local Shop,Silver,Not Seasonal,At Home
100442,ДЕЖА ВУ ЕООД,Бургас,СВЕТИ ВЛАС,Supermarket,Bronze,Seasonal,At Home
107143,ПАРК ЕООД,Бургас,БУРГАС,Superette,Silver,Not Seasonal,At Home
100368,JUNGLE ЕООД,Варна,ВАРНА,Supermarket,Gold,Seasonal,At Home
109766,ПОИНТ ЕООД,Варна,ДЪЛГОПОЛ,Hotels,Bronze,Seasonal,Out of Home
102304,ПЕРЛА ЕООД,Бургас,ОБЗОР,Local Shop,Silver,Seasonal,At Home
102244,КАФЕ ЕООД,Бургас,КАБЛЕШКОВО,Local Shop,Bronze,Not Seasonal,At Home
110796,СЕНСО ЕООД,Варна,БЕНКОВСКИ,Restaurant,Silver,Not Seasonal,Out of Home
100803,МАГМА ЕООД,Сливен,СЛИВЕН,Supermarket,Bronze,Not Seasonal,At Home
103845,ВТОРИ КОРПУС ЕООД,Бургас,ПОМОРИЕ,Local Shop,Bronze,Seasonal,At Home
101773,ЕЛЕГАНС ЕООД,Варна,БЕЛОСЛАВ,Local Shop,Silver,Not Seasonal,At Home
103085,КАФЕ ЕООД,Добрич,ТЕРВЕЛ,Local Shop,Bronze,Not Seasonal,At Home
107137,ДЕЖА ВЮ ЕООД,Бургас,ПОМОРИЕ,Superette,Bronze,Not Seasonal,At Home
103898,КАФЕ ПРИ ИВИЛИНА ЕООД,Бургас,ЧЕРНОМОРЕЦ,Local Shop,Silver,Not Seasonal,At Home
103708,ИНСПАЙЕР ЕООД,Бургас,ЧЕРЕША,Local Shop,Silver,Not Seasonal,At Home
102279,ИЗГРЕВ ЕООД,Бургас,ПЕЩЕРСКО,Local Shop,Silver,Not Seasonal,At Home
103196,КУАТРО ЕООД,Добрич,КРАНЕВО,Local Shop,Bronze,Seasonal,At Home
103202,ЛОБИ БАР ЕООД,Добрич,ГУРКОВО,Local Shop,Bronze,Not Seasonal,At Home
100743,ДЕ ЛУКС ЕООД,Добрич,КАРАПЕЛИТ,Supermarket,Bronze,Not Seasonal,At Home
101708,Хуук ЕООД,Варна,ЯГНИЛО,Local Shop,Bronze,Not Seasonal,At Home
102551,ВИЛЮБАР ЕООД,Търговище,ТЪРГОВИЩЕ,Local Shop,Bronze,Not Seasonal,At Home
102963,FLAMES BAR ЕООД,Русе,РУСЕ,Local Shop,Bronze,Not Seasonal,At Home
104362,БАКАРДИ ЕООД,Разград,ЦАР КАЛОЯН,Local Shop,Bronze,Not Seasonal,At Home
101775,КАФЕ ПАРК ЕООД,Варна,КОНСТАНТИНОВО,Local Shop,Gold,Not Seasonal,At Home
102215,МЕРЦЕДЕС ЕООД,Бургас,ГОРИЦА,Local Shop,Bronze,Not Seasonal,At Home
103209,ВАЛЕНТЕ ЕООД,Добрич,ВАКЛИНО,Local Shop,Iron,Not Seasonal,At Home
106676,ИГРАЛНА ЗАЛА ПРОСТОИГРА ЕООД,Добрич,КРАНЕВО,Superette,Gold,Not Seasonal,At Home
102731,ОСКАР ЕООД,Русе,ХОТАНЦА,Local Shop,Silver,Not Seasonal,At Home
104270,КАФЕ ИНБЕТ ЕООД,Бургас,ПРИМОРСКО,Local Shop,Silver,Seasonal,At Home
107083,ВИЕНСКА СЛАДКАРНИЦА ЕООД,Сливен,СЛИВЕН,Superette,Gold,Not Seasonal,At Home
103201,ФРЕШ ЗОНА ЕООД,Добрич,КРАНЕВО,Local Shop,Bronze,Seasonal,At Home
101196,КАФЕ МОНРО ЕООД,Русе,НОВА ЧЕРНА,Cafe,Bronze,Not Seasonal,At Home
103199,МУЛИМЕДИЯ ЕООД,Добрич,ТЮЛЕНОВО,Local Shop,Bronze,Not Seasonal,At Home
101041,HIGH M CLUB ЕООД,Варна,ДОЛНИ ЧИФЛИК,Supermarket,Bronze,Not Seasonal,At Home
100263,МАККО ЕООД,Бургас,БУРГАС,Local Shop,Gold,Not Seasonal,At Home
100791,КАФЕ СЕВЕР ЕООД,Сливен,СЛИВЕН,Supermarket,Gold,Not Seasonal,At Home
102737,ЛАЙМ ЕООД,Русе,СЕНОВО,Local Shop,Bronze,Not Seasonal,At Home
103194,ЯМ ЯМ ЕООД,Добрич,БАЛЧИК,Local Shop,Silver,Not Seasonal,At Home
103254,КАФЕ ЕООД,Добрич,АЛБЕНА,Local Shop,Bronze,Seasonal,At Home
104573,ПЛАТИНИУМ ЕООД,Варна,БЛЪСКОВО,Local Shop,Silver,Not Seasonal,At Home
100943,ДИЕЛ ЕООД,Бургас,ПРИМОРСКО,Supermarket,Bronze,Seasonal,At Home
102985,ЛА ФОРТЕЗА ЕООД,Разград,ИСПЕРИХ,Local Shop,Bronze,Not Seasonal,At Home
104276,ТЕХНОПОЛИ БЮФЕТ ЕООД,Бургас,ПРИМОРСКО,Local Shop,Bronze,Seasonal,At Home
107319,КУЦАРОВА ЕООД,Варна,СУВОРОВО,Restaurant,Gold,Not Seasonal,Out of Home
101619,КАФЕ ЕООД,Силистра,СИЛИСТРА,Local Shop,Bronze,Not Seasonal,At Home
100044,МАДЖО ЕООД,Бургас,НЕСЕБЪР,Local Shop,Bronze,Seasonal,At Home
100808,КЕЙК ЕООД,Сливен,СЛИВЕН,Supermarket,Bronze,Not Seasonal,At Home
100789,МИРА-БАР ЕООД,Сливен,СЛИВЕН,Supermarket,Gold,Not Seasonal,At Home
112092,БЛУС БАР ЕООД,Силистра,ДУЛОВО,Superette,Iron,Not Seasonal,At Home
101283,СИМПЪЛ ЕООД,Силистра,МЕЖДЕН,Cafe,Bronze,Not Seasonal,At Home
103875,ПАШАТА ЕООД,Бургас,ЗИДАРОВО,Local Shop,Silver,Not Seasonal,At Home
100767,Г-Бар ЕООД,Сливен,СЛИВЕН,Supermarket,Bronze,Not Seasonal,At Home
111999,ИНБЕТ ЕООД,Бургас,БУРГАС,Local Shop,Iron,Not Seasonal,At Home
106219,СИЛВЪР ЕООД,Варна,ВАРНА,Local Shop,Silver,Not Seasonal,At Home
104313,КАФЕНЕ ЕООД,Силистра,ЧЕРНОГОР,Local Shop,Silver,Not Seasonal,At Home
103211,СЪНСЕТ ЕООД,Добрич,КАВАРНА,Local Shop,Bronze,Seasonal,At Home
100941,БЛУТО ЕООД,Бургас,ПРИМОРСКО,Supermarket,Bronze,Seasonal,At Home
102648,ПЛАЖЕН БАР ЕООД,Русе,ВЕТОВО,Local Shop,Silver,Not Seasonal,At Home
103679,НАПРЕДЪК ЕООД,Сливен,ГРАДЕЦ,Local Shop,Silver,Not Seasonal,At Home
100347,СЪН ЛАЙТ ЕООД,Варна,КОНСТАНТИНОВО,Supermarket,Bronze,Not Seasonal,At Home
102124,Хранителни стоки ЕООД,Варна,ЛЕВСКИ,Local Shop,Bronze,Not Seasonal,At Home
103704,ФРЕСКО ЕООД,Сливен,СЛИВЕН,Local Shop,Iron,Not Seasonal,At Home
100346,КАСТРО ЕООД,Варна,ВЪЛЧИ ДОЛ,Supermarket,Iron,Not Seasonal,At Home
111866,КОМПЛЕКС ПАНОРАМА ЕООД,Варна,ВАРНА,Superette,Silver,Not Seasonal,At Home
100154,КАФЕ-РЕСТОРАНТ ЕООД,Сливен,СЛИВЕН,Local Shop,Silver,Not Seasonal,At Home
100157,КОМПЛЕКС СЪНИ ДЕЙ 3 ЕООД,Сливен,СЛИВЕН,Local Shop,Gold,Not Seasonal,At Home
103837,КАФЕ СЪНИ ХОЛИДЕЙС ЕООД,Бургас,КАМЕНАР,Local Shop,Bronze,Not Seasonal,At Home
103533,КАФЕ ДИМОС ЕООД,Ямбол,КУКОРЕВО,Local Shop,Silver,Not Seasonal,At Home
103926,КАФЕ ЕООД,Бургас,БУРГАС,Local Shop,Bronze,Not Seasonal,At Home
111171,Х-Л АДМИРАЛ ПЛАЗА ЕООД,Варна,ЗДРАВЕЦ,Hotels,Silver,Not Seasonal,Out of Home
100780,КАФЕ ПАРКА ЕООД,Бургас,РУПЧА,Supermarket,Bronze,Not Seasonal,At Home
106962,ГАЛИЛЕО ЕООД,Бургас,СВЕТИ ВЛАС,Superette,Silver,Not Seasonal,At Home
104165,КАФЕ МЕРИ ЕООД,Бургас,БОЛЯРОВО,Local Shop,Bronze,Not Seasonal,At Home
101968,КАФЕ БАЛКАН ЕООД,Добрич,ДОБРИЧ,Local Shop,Bronze,Not Seasonal,At Home
107266,МИНИ ГОЛФ АМФОРА ЕООД,Добрич,КАВАРНА,Hotels,Iron,Not Seasonal,At Home
100737,ЦЕНТРАЛ ЕООД,Разград,РАЗГРАД,Supermarket,Iron,Not Seasonal,At Home
100745,СЛАДКАРНИЦА DUMI 68 CAKES ЕООД,Разград,РАЗГРАД,Supermarket,Iron,Not Seasonal,At Home
100738,Хотел Лекардо ЕООД,Разград,РАЗГРАД,Supermarket,Iron,Not Seasonal,At Home
102093,аззуро ЕООД,Варна,ВОДИЦА,Local Shop,Bronze,Not Seasonal,At Home
102035,СТОЯНОВА ЕООД,Варна,ВАРНА,Local Shop,Silver,Not Seasonal,At Home
107044,РЕСТОРАНТ АМАРИС ЕООД,Русе,РУСЕ,Superette,Silver,Not Seasonal,At Home
102530,СЛАДКИ МЕЧТИ ЕООД,Търговище,ОВЧАРОВО,Local Shop,Bronze,Not Seasonal,At Home
100976,КАФЕ ЗАРАГАНА ЕООД,Бургас,БУРГАС,Supermarket,Bronze,Not Seasonal,At Home
100091,Какао ЕООД,Русе,РУСЕ,Local Shop,Gold,Not Seasonal,At Home
103532,Х-Л ПЕРУН ЕООД,Ямбол,РОЗА,Local Shop,Iron,Not Seasonal,At Home
101508,КАКАО ЕООД,Шумен,ВЕЛИКИ ПРЕСЛАВ,Local Shop,Gold,Not Seasonal,At Home
100999,МУУД ЕООД,Бургас,СРЕДЕЦ,Supermarket,Iron,Not Seasonal,At Home
107273,МУНИ 93 ЕООД,Варна,ВАРНА,Hotels,Iron,Not Seasonal,At Home
106935,ВАЛЕНСИЯ ДОЛЧЕ ВИТО ЕООД,Варна,ВАРНА,Superette,Iron,Not Seasonal,At Home
101989,ЧЕРНО И БЯЛО ЕООД,Варна,ЗЛАТНИ ПЯСЪЦИ,Local Shop,Silver,Seasonal,At Home
101580,КАФЕ ТЕАТЪРА ЕООД,Силистра,СИЛИСТРА,Local Shop,Silver,Not Seasonal,At Home
103709,ХOTEЛ ТИА МАРИЯ ЕООД,Сливен,ЖЕРАВНА,Local Shop,Bronze,Not Seasonal,At Home
103185,АРОГАНС ЕООД,Разград,РАЗГРАД,Local Shop,Silver,Not Seasonal,At Home
103186,КАФЕ КОРОНА ЕООД,Разград,РАЗГРАД,Local Shop,Bronze,Not Seasonal,At Home
104579,ЛАФЧЕ ЕООД,Варна,ПРОВАДИЯ,Local Shop,Gold,Not Seasonal,At Home
103187,КАФЕ ТРАФИК ЕООД,Разград,ЯСЕНОВЕЦ,Local Shop,Silver,Not Seasonal,At Home
100734,СПЕЙС ЕООД,Разград,ЯСЕНОВЕЦ,Supermarket,Silver,Not Seasonal,At Home
102512,РУДНИК ЕООД,Търговище,КРЕПЧА,Local Shop,Silver,Not Seasonal,At Home
107056,КАФЕ ЛАЙФ ЕООД,Варна,ВАРНА,Superette,Bronze,Not Seasonal,At Home
103816,КАБАНО ЕООД,Варна,ВАРНА,Local Shop,Bronze,Not Seasonal,At Home
106253,КАФЕ ЕООД,Търговище,ТЪРГОВИЩЕ,Local Shop,Silver,Not Seasonal,At Home
104566,ШЕИНГ ЕООД,Варна,ДОЛНИ ЧИФЛИК,Local Shop,Bronze,Not Seasonal,At Home
104544,ФЕЙМЪС ЕООД,Варна,ДЮЛИНО,Local Shop,Bronze,Not Seasonal,At Home
101579,УАЙТ МЕДЖИК ЕООД,Силистра,БРАДВАРИ,Local Shop,Silver,Not Seasonal,At Home
100419,РЕСТОРАНТ ЕООД,Варна,ВАРНА,Supermarket,Bronze,Not Seasonal,At Home
100840,ВПД НЕСЕБЪР БАР ЕООД,Бургас,СОЗОПОЛ,Supermarket,Iron,Not Seasonal,At Home
100752,НОМАД ЕООД,Сливен,КРУШАРИ,Supermarket,Silver,Not Seasonal,At Home
100837,БУЛЕВАРДЛ ЕООД,Бургас,СОЗОПОЛ,Supermarket,Iron,Not Seasonal,At Home
100024,КАФЕ ДЪ ВОЙС ЕООД,Варна,ВАРНА,Local Shop,Silver,Not Seasonal,At Home
103889,ТАНДЕМ ЕООД,Бургас,АТИЯ,Local Shop,Silver,Not Seasonal,At Home
103143,НЕКСТ ЕООД,Разград,БРЕСТОВЕНЕ,Local Shop,Bronze,Not Seasonal,At Home
103839,СЪНИ ДРИМС ЕООД,Бургас,БУРГАС,Local Shop,Bronze,Not Seasonal,At Home
103531,КАФЕДЕУС ЕООД,Ямбол,СИМЕОНОВО,Local Shop,Bronze,Not Seasonal,At Home
102390,БЮТИ ЕООД,Бургас,АЙТОС,Local Shop,Bronze,Not Seasonal,At Home
103583,КАФЕ ЕООД,Бургас,НЕВЕСТИНО,Local Shop,Bronze,Not Seasonal,At Home
102350,Релакс ЕООД,Бургас,АЙТОС,Local Shop,Silver,Not Seasonal,At Home
103541,КАФЕ ЕООД,Ямбол,ЯМБОЛ,Local Shop,Bronze,Not Seasonal,At Home
101077,Автомивка Блясък ЕООД,Варна,ГРОЗДЬОВО,Supermarket,Bronze,Not Seasonal,At Home
103796,КАФЕ ЕООД,Варна,ВАРНА,Local Shop,Bronze,Not Seasonal,At Home
102975,КАФЕ ЕООД,Разград,ЛОВСКО,Local Shop,Bronze,Not Seasonal,At Home
101477,КАФЕ ЕМИ ЕООД,Шумен,СМЯДОВО,Local Shop,Iron,Not Seasonal,At Home
101472,BAR BLACK SEA ЕООД,Шумен,ВЕЛИКИ ПРЕСЛАВ,Local Shop,Silver,Not Seasonal,At Home
102557,ЕНИГМА ЕООД,Търговище,ТЪРГОВИЩЕ,Local Shop,Iron,Not Seasonal,At Home
101565,СМАИЛ ЕООД,Шумен,НОВИ ПАЗАР,Local Shop,Silver,Not Seasonal,At Home
101564,Кафе Кенди ЕООД,Шумен,НОВИ ПАЗАР,Local Shop,Silver,Not Seasonal,At Home
106949,КАФЕТО ЕООД,Варна,ВАРНА,Superette,Bronze,Not Seasonal,At Home
101883,СИНЯ ПЕРЛА ЕООД,Добрич,КРАНЕВО,Local Shop,Bronze,Not Seasonal,At Home
104349,К-с Йоан ЕООД,Разград,ДЕЛЧЕВО,Local Shop,Silver,Not Seasonal,At Home
102509,МИРЧО ЕООД,Търговище,ВЕЛИКДЕНЧЕ,Local Shop,Bronze,Not Seasonal,At Home
102513,Фреш шоп ЕООД,Търговище,ТАЙМИЩЕ,Local Shop,Bronze,Not Seasonal,At Home
107027,ТЕАТЪРА ЕООД,Русе,РУСЕ,Superette,Gold,Not Seasonal,At Home
104343,КАФЕ МЛАДОСТ ЕООД,Силистра,СТЕФАН КАРАДЖА,Local Shop,Silver,Not Seasonal,At Home
101770,КЛУБ 69 ЕООД,Варна,БЕЛОГРАДЕЦ,Local Shop,Gold,Not Seasonal,At Home
104359,АЛФА ДЕМС ЕООД,Разград,ЗАВЕТ,Local Shop,Silver,Not Seasonal,At Home
102506,Детелина ЕООД,Търговище,ОМУРТАГ,Local Shop,Bronze,Not Seasonal,At Home
103888,КАФЕ ЕООД,Бургас,МАЛКО ТЪРНОВО,Local Shop,Bronze,Not Seasonal,At Home
103830,Миша ЕООД,Бургас,БУРГАС,Local Shop,Bronze,Not Seasonal,At Home
102620,ПРИЯТЕЛИ ЕООД,Русе,ДВЕ МОГИЛИ,Local Shop,Bronze,Not Seasonal,At Home
111922,КАФЕ КЛУБ САТЕЛИТ ЕООД,Шумен,ШУМЕН,Local Shop,Bronze,Not Seasonal,At Home
101464,КАФЕ НИКОЛА ЕООД,Шумен,ШУМЕН,Local Shop,Iron,Not Seasonal,At Home
103706,КАФЕ КАЙВЕ ЕООД,Сливен,КОТЕЛ,Local Shop,Gold,Not Seasonal,At Home
104571,КАЛИСТО ЕООД,Варна,АРКОВНА,Local Shop,Bronze,Not Seasonal,At Home
107124,АМАРЕТО ЕООД,Бургас,ПОМОРИЕ,Superette,Bronze,Not Seasonal,At Home
101393,КАФЕ ПРЕГО ЕООД,Шумен,ШУМЕН,Local Shop,Iron,Not Seasonal,At Home
102619,КАФЕ ПОДА ЕООД,Русе,ПИРГОВО,Local Shop,Silver,Not Seasonal,At Home
100706,АЛОХА СТРИЙТ КАФЕ ЕООД,Русе,РУСЕ,Supermarket,Iron,Not Seasonal,At Home
103240,МОРСКО КАЗИНО ЕООД,Варна,ВАРНА,Local Shop,Iron,Not Seasonal,At Home
101777,ОЛАЛА ЕООД,Варна,СТРАШИМИРОВО,Local Shop,Bronze,Not Seasonal,At Home
107005,ФРЕШ БАР БЪБАЛ ЕООД,Русе,РУСЕ,Superette,Gold,Not Seasonal,At Home
104570,КАФЕ ЕООД,Варна,ЦОНЕВО,Local Shop,Bronze,Not Seasonal,At Home
104590,КАФЕ ЕЛКА ЕООД,Варна,ЦОНЕВО,Local Shop,Bronze,Not Seasonal,At Home
102556,КОФИ ШОП ЕООД,Търговище,ТЪРГОВИЩЕ,Local Shop,Iron,Not Seasonal,At Home
102514,КАФЕ ЕРГЕНСКА МЪКА ЕООД,Търговище,ТЪРГОВИЩЕ,Local Shop,Iron,Not Seasonal,At Home
101399,МИМОЗА - НАСТЯ СЕРДАРОВА ЕТ ЕООД,Шумен,ВЕЛИКИ ПРЕСЛАВ,Local Shop,Bronze,Not Seasonal,At Home
100125,КАФЕ ХОТЕЛ ПАНОРАМА ЕООД,Добрич,СТОЖЕР,Local Shop,Bronze,Seasonal,At Home
109222,МАРК-13 - МАРА БЪКЛАРОВА ЕТ ЕООД,Варна,ЯРЕБИЧНА,Bar,Bronze,Not Seasonal,At Home
103542,КАФЕ ЕООД,Ямбол,ЯМБОЛ,Local Shop,Bronze,Not Seasonal,At Home
103190,МИНА ЕООД,Разград,ИСПЕРИХ,Local Shop,Silver,Not Seasonal,At Home
103179,ДОЛЧЕ ЕООД,Разград,ГЕЦОВО,Local Shop,Silver,Not Seasonal,At Home
104660,КАФЕ МАНГОС ЕООД,Силистра,ЧЕРНОЛИК,Local Shop,Silver,Not Seasonal,At Home
102515,КАФЕ ИНФИНИТИТИ/ ВАРНА ЕООД,Търговище,ИЛИЙНО,Local Shop,Bronze,Not Seasonal,At Home
101250,ШАРЕНАТА КЪЩА ЕООД,Бургас,АЙТОС,Cafe,Bronze,Not Seasonal,At Home
103667,ВИЛА ЛЕВАНДИ ЕООД,Бургас,ПИРНЕ,Local Shop,Bronze,Not Seasonal,At Home
101157,БАСЕЙН ФЛОРА ЕООД,Бургас,АЙТОС,Cafe,Bronze,Not Seasonal,At Home
107290,АВТОГАРА ЮГ ЕООД,Силистра,СИЛИСТРА,Supermarket,Iron,Not Seasonal,At Home
102495,КАФЕ ЕООД,Търговище,ИЛИЙНО,Local Shop,Bronze,Not Seasonal,At Home
102392,КАРГО ЕООД,Бургас,АЙТОС,Local Shop,Bronze,Not Seasonal,At Home
107058,БУРГАС ГАРА ЕООД,Варна,ВАРНА,Superette,Gold,Not Seasonal,At Home
103339,КАФЕ МИНА ЕООД,Варна,ВАРНА,Local Shop,Bronze,Not Seasonal,At Home
103147,Кенди  Шоп ЕООД,Разград,РАЗГРАД,Local Shop,Bronze,Not Seasonal,At Home
102986,ПУЛ БАР ЕСКАДА ЕООД,Разград,ЗДРАВЕЦ,Local Shop,Bronze,Not Seasonal,At Home
103747,КАФЕ АПЕРАТИВ БИМ ЕООД,Сливен,МЕДВЕН,Local Shop,Bronze,Not Seasonal,At Home
103711,КАФЕ - КЛУБ КУБА ЕООД,Сливен,ЖЕЛЮ ВОЙВОДА,Local Shop,Silver,Not Seasonal,At Home
104574,БОКАРОСА ЕООД,Варна,ДЪЛГОПОЛ,Local Shop,Silver,Not Seasonal,At Home
107011,КАФЕ ЧИЛАКС ЕООД,Русе,РУСЕ,Superette,Silver,Not Seasonal,At Home
107014,СЛАДКО И СОЛЕНО ЕООД,Русе,РУСЕ,Superette,Gold,Not Seasonal,At Home
106301,КАФЕ С АВТОГРАФ ЕООД,Бургас,БУРГАС,Local Shop,Silver,Not Seasonal,At Home
102739,ЕТНО КАФЕ ЕООД,Русе,ГЛОДЖЕВО,Local Shop,Iron,Not Seasonal,At Home
102602,КАФЕ БАР АЙЛЯК ЕООД,Русе,СЕНОВО,Local Shop,Iron,Not Seasonal,At Home
102601,РОКО ЕООД,Русе,ГОЛЯМО ВРАНОВО,Local Shop,Silver,Not Seasonal,At Home
104367,СВС 7 ЕООД ЕООД,Разград,БИСЕРЦИ,Local Shop,Iron,Not Seasonal,At Home
101882,КАФЕ АЛЕКС ЕООД,Добрич,КАВАРНА,Local Shop,Iron,Not Seasonal,At Home
102241,КАФЕ АРТ ЕООД,Бургас,БАТА,Local Shop,Iron,Not Seasonal,At Home
107145,Автомивка Рефрвш ЕООД,Бургас,БУРГАС,Superette,Gold,Not Seasonal,At Home
101562,ГАРДЕНИЯ ЕООД,Шумен,ШУМЕН,Local Shop,Gold,Not Seasonal,At Home
111923,КРЪЧМА ЕООД,Шумен,ШУМЕН,Local Shop,Bronze,Not Seasonal,At Home
101560,КАФЕ ПОЛАРИС ЕООД,Шумен,ШУМЕН,Local Shop,Bronze,Not Seasonal,At Home
101253,КАФЕНЕ ЕООД,Бургас,БУРГАС,Cafe,Bronze,Not Seasonal,At Home
104448,АВТОМИВКА АУТО ФРЕШ ЕООД,Ямбол,СТРАЛДЖА,Local Shop,Bronze,Not Seasonal,At Home
102380,КАФЕ ЕООД,Бургас,РАВДА,Local Shop,Bronze,Not Seasonal,At Home
100733,КАФЕ ДИАНА ЕООД,Разград,РАЗГРАД,Supermarket,Bronze,Not Seasonal,At Home
100732,ДЖОНИ ЕООД,Разград,РАЗГРАД,Supermarket,Bronze,Not Seasonal,At Home
107257,К.РЕАЛ ЕООД,Варна,ВАРНА,Hotels,Bronze,Not Seasonal,At Home
100710,КАФЕ ЕООД,Русе,РУСЕ,Supermarket,Bronze,Not Seasonal,At Home
103585,КРАСИ - КРАСИМИРА СТОЙКОВА ЕТ ЕООД,Бургас,СУНГУРЛАРЕ,Local Shop,Bronze,Not Seasonal,At Home
101988,КАФЕ ЕООД,Варна,ВАРНА,Local Shop,Silver,Not Seasonal,At Home
101987,ДЕТСКИ КЪТ АРТИ ПАРТИ ЕООД,Варна,ВАРНА,Local Shop,Silver,Not Seasonal,At Home
102858,ЮТОПИЯ КОФИ ШОП ЕООД,Русе,РУСЕ,Local Shop,Bronze,Not Seasonal,At Home
107136,КАФЕ ЛИЯ ЕООД,Бургас,БУРГАС,Superette,Bronze,Not Seasonal,At Home
101486,БОХЕМ ЕООД,Шумен,КАОЛИНОВО,Local Shop,Bronze,Not Seasonal,At Home
102555,ПАРТИ ЦЕНТЪР ПИРАТИ ЕООД,Търговище,БАЯЧЕВО,Local Shop,Bronze,Not Seasonal,At Home
111984,КАФЕ ЕООД,Бургас,ПОМОРИЕ,Local Shop,Bronze,Not Seasonal,At Home
100072,КАФЕ ЕООД,Търговище,ТЪРГОВИЩЕ,Local Shop,Bronze,Not Seasonal,At Home
106927,ФЕНИКС ЕООД,Варна,ВАРНА,Superette,Bronze,Not Seasonal,At Home
102344,ДИСТРИКТ ЕООД,Бургас,АЙТОС,Local Shop,Bronze,Not Seasonal,At Home
106319,РОТОНДА ЕООД,Бургас,СОЗОПОЛ,Local Shop,Iron,Not Seasonal,At Home
100819,КОРАЛ ЕООД,Бургас,БУРГАС,Supermarket,Bronze,Not Seasonal,At Home
106353,КАФЕ ЕООД,Варна,ЕЗЕРОВО,Cafe,Bronze,Not Seasonal,Out of Home
102581,КАФЕ ЕООД,Търговище,ПОПОВО,Local Shop,Bronze,Not Seasonal,At Home
102094,КАФЕ ВЕРГАНО ЕООД,Варна,СЛЪНЧЕВО,Local Shop,Bronze,Not Seasonal,At Home
101578,КАФЕ АПЕРАТИВ ЕООД,Силистра,СИЛИСТРА,Local Shop,Bronze,Not Seasonal,At Home
106295,АВТО ЦЕНТЪР ЕООД,Варна,ВАРНА,Local Shop,Silver,Not Seasonal,At Home
107174,КАФЕ ЕООД,Бургас,БУРГАС,Superette,Bronze,Not Seasonal,At Home
101790,КАФЕ ЕФЕМ ЕООД,Варна,ВАРНА,Local Shop,Iron,Not Seasonal,At Home
106934,БАР ФАЯР ЕООД,Варна,ВАРНА,Superette,Bronze,Not Seasonal,At Home
103317,КАФЕ ЕООД,Добрич,ДОБРИЧ,Local Shop,Bronze,Not Seasonal,At Home
103936,КАФЕ ЕООД,Бургас,БУРГАС,Local Shop,Bronze,Not Seasonal,At Home
101484,КАФЕ ПАРК ЕООД,Шумен,ХЪРСОВО,Local Shop,Bronze,Not Seasonal,At Home
101457,АЛЕКС ЕООД,Сливен,ЯБЛАНОВО,Local Shop,Iron,Not Seasonal,At Home
111870,Б-РО ГЛОРИЯ ЕООД,Добрич,ДОБРИЧ,Superette,Bronze,Not Seasonal,At Home
100036,КАФЕ МОНА ЛИЗА ЕООД,Добрич,БАЛЧИК,Local Shop,Iron,Not Seasonal,At Home
102095,ГОСИП ЕООД,Варна,ПРИПЕК,Local Shop,Iron,Not Seasonal,At Home
101925,КАФЕ ВЕРМОНА ЕООД,Добрич,ЦЪРКВА,Local Shop,Bronze,Not Seasonal,At Home
103137,КАФЕ КАПРИЗ ЕООД,Разград,РАЗГРАД,Local Shop,Bronze,Not Seasonal,At Home
103095,КАФЕ ЕООД,Добрич,ЖЕГЛАРЦИ,Local Shop,Bronze,Not Seasonal,At Home
103688,КРИСТАЛ ПАЛАС ЕООД,Сливен,СЛИВЕН,Local Shop,Bronze,Not Seasonal,At Home
103138,КРИС ЕООД,Разград,ЕЗЕРЧЕ,Local Shop,Bronze,Not Seasonal,At Home
106254,ЧИТАЛИЩЕТО ЕООД,Търговище,ТЪРГОВИЩЕ,Local Shop,Silver,Not Seasonal,At Home
104576,КАФЕ ЕООД,Варна,АСПАРУХОВО,Local Shop,Bronze,Not Seasonal,At Home
103955,КАФЕ БРАДЪРС ЕООД,Варна,ВАРНА,Local Shop,Bronze,Not Seasonal,At Home
101577,КАФЕ АРТ ЕООД,Силистра,СИЛИСТРА,Local Shop,Bronze,Not Seasonal,At Home
106410,ЛАТОЯ ЕООД,Варна,БЛЪСКОВО,Cafe,Bronze,Not Seasonal,Out of Home
101918,КОФИ ШОП ЕООД,Добрич,ДОБРИЧ,Local Shop,Bronze,Not Seasonal,At Home
103319,ТИТУС ЕООД,Добрич,ГЕНЕРАЛ ТОШЕВО,Local Shop,Bronze,Not Seasonal,At Home
101881,КОНЕВРЪЗА ЕООД,Добрич,БАЛЧИК,Local Shop,Bronze,Not Seasonal,At Home
102966,КАФЕ ЕООД,Русе,РУСЕ,Local Shop,Bronze,Not Seasonal,At Home
111962,СОНЯ ЕООД,Ямбол,ЯМБОЛ,Local Shop,Bronze,Not Seasonal,At Home
101917,КАФЕ РАДОСТ ЕООД,Добрич,ПОЛКОВНИК МИНКОВО,Local Shop,Bronze,Not Seasonal,At Home
103310,КАФЕ- БАР КАСА ДЕЛ МАР ЕООД,Добрич,ГЕНЕРАЛ ТОШЕВО,Local Shop,Iron,Not Seasonal,At Home
103139,КАФЕ ДИВА ЕООД,Разград,ТРЪСТИКА,Local Shop,Bronze,Not Seasonal,At Home
103140,Х-Л МЕЛСА КООП ЕООД,Разград,МОРТАГОНОВО,Local Shop,Bronze,Not Seasonal,At Home
102885,КАФЕНЕ АЛФА ЕООД,Русе,РУСЕ,Local Shop,Bronze,Not Seasonal,At Home
100935,КАФЕ ЕВРОПА ЕООД,Бургас,КИТЕН,Supermarket,Bronze,Not Seasonal,At Home
106275,КАФЕ ФЕЙС ЕООД,Разград,ИСПЕРИХ,Local Shop,Bronze,Not Seasonal,At Home
103831,КНЯЗ БОРИЗ 1 ЕООД,Бургас,ПОМОРИЕ,Local Shop,Bronze,Not Seasonal,At Home
103141,КАФЕНЕ РЕЛАКС ЕООД,Разград,РАЗГРАД,Local Shop,Bronze,Not Seasonal,At Home
102938,КАФЕ CHILL OUT ЕООД,Русе,РУСЕ,Local Shop,Bronze,Not Seasonal,At Home
110797,КАФЕ ГРАНД ПЛАЗА ЕООД,Варна,ВЪЛЧИ ДОЛ,Restaurant,Bronze,Not Seasonal,Out of Home
103501,СОЛАРИУМ ЕООД,Ямбол,КАБИЛЕ,Local Shop,Bronze,Not Seasonal,At Home
102941,КАФЕ ЕООД,Русе,РУСЕ,Local Shop,Bronze,Not Seasonal,At Home
100894,КЛАСИК ЕООД,Бургас,БУРГАС,Supermarket,Bronze,Not Seasonal,At Home
103843,КАПРИ ЕООД,Бургас,ПОМОРИЕ,Local Shop,Bronze,Not Seasonal,At Home
103680,ПАЛЕРМО ЕООД,Сливен,СЛИВЕН,Local Shop,Bronze,Not Seasonal,At Home
103142,КОФИ ШОП ЕООД,Разград,ПОРОИЩЕ,Local Shop,Bronze,Not Seasonal,At Home
101694,АЛЕКСИМ ЕООД,Варна,ТРЪСТИКОВО,Local Shop,Bronze,Not Seasonal,At Home
101957,КАФЕ ПАПИНОВ ЕООД,Добрич,ДОБРИЧ,Local Shop,Bronze,Not Seasonal,At Home
100599,ДРАМАТИЧЕН ТЕАТЪР ЕООД,Бургас,СЛЪНЧЕВ БРЯГ,Supermarket,Gold,Seasonal,At Home
104274,МПС АНДРОМЕДА ЕООД,Бургас,ЦАРЕВО,Local Shop,Bronze,Not Seasonal,At Home
102353,АНТУРАЖ ЕООД,Бургас,СВЕТИ ВЛАС,Local Shop,Bronze,Not Seasonal,At Home
101239,ДЖОРДАНО ЕООД,Бургас,КАРНОБАТ,Cafe,Bronze,Not Seasonal,At Home
101391,СТАЯ 308 ЕООД,Шумен,НОВИ ПАЗАР,Local Shop,Bronze,Not Seasonal,At Home
102942,МИЛАНО ЕООД,Русе,РУСЕ,Local Shop,Bronze,Not Seasonal,At Home
102943,МАСЛАРОВ - МИНЧО МАСЛАРОВ ЕТ ЕООД,Русе,РУСЕ,Local Shop,Iron,Not Seasonal,At Home
102954,СЕРВИЗ БОШ ЕООД,Русе,РУСЕ,Local Shop,Iron,Not Seasonal,At Home
102660,Мена ЕООД,Русе,РУСЕ,Local Shop,Bronze,Not Seasonal,At Home
106294,ДЕТСКИ ЦЕНТЪР ЛОКА ЕООД,Варна,ВАРНА,Local Shop,Silver,Not Seasonal,At Home
103197,КОП ЕООД,Добрич,ДОБРИЧ,Local Shop,Bronze,Not Seasonal,At Home
105429,РЕФРЕШ ЕООД,Бургас,ИСКРА,Cafe,Bronze,Not Seasonal,Out of Home
111358,КАФЕ МВ ЕООД,Бургас,СУНГУРЛАРЕ,Fast-food,Bronze,Not Seasonal,Out of Home
108207,КАФЕ ДЕСИ ЕООД,Бургас,СУНГУРЛАРЕ,Restaurant,Bronze,Not Seasonal,Out of Home
102196,ПАВИЛИОН БОЦМАНА ЕООД,Бургас,КАБЛЕШКОВО,Local Shop,Bronze,Not Seasonal,At Home
101154,КАФЕ-АПЕРАТИВ ЕООД,Бургас,ГЪЛЪБЕЦ,Cafe,Bronze,Not Seasonal,At Home
102625,КАФЕ СОАРЕ ЕООД,Русе,ЯСТРЕБОВО,Local Shop,Bronze,Not Seasonal,At Home
102634,Кафе ЕООД,Русе,РУСЕ,Local Shop,Bronze,Not Seasonal,At Home
102367,Бир хаус ЕООД,Бургас,КОШАРИЦА,Local Shop,Bronze,Not Seasonal,At Home
103861,БИРАРИЯ ПАРКА ЕООД,Бургас,БУРГАС,Local Shop,Bronze,Not Seasonal,At Home
106247,БОНА ДЕА ЕООД,Бургас,СЛЪНЧЕВ БРЯГ,Local Shop,Silver,Not Seasonal,At Home
100838,То Кафе ЕООД,Варна,ВАРНА,Supermarket,Bronze,Not Seasonal,At Home
105600,ЖАНЕТ ЕООД,Варна,ОРЕШАК,Bar,Iron,Not Seasonal,Out of Home
107264,КАФЕ-САНДВИЧ ЕООД,Варна,ВАРНА,Hotels,Bronze,Not Seasonal,At Home
106697,КАФЕНЕ НИКОЛОВ ЕООД,Ямбол,ЯМБОЛ,Superette,Silver,Not Seasonal,At Home
102845,ЩАНД ПЛОДОВЕ ЕООД,Русе,РУСЕ,Local Shop,Bronze,Not Seasonal,At Home
107297,Б НЕВИДИШЕВ ЕООД,Бургас,ПОМОРИЕ,Supermarket,Iron,Not Seasonal,At Home
106947,КАФЕНЦЕТО ЕООД,Варна,ВАРНА,Superette,Bronze,Not Seasonal,At Home
106238,ИЛИЕВА-55 - НЕДЯЛКА ИЛИЕВА ЕТ ЕООД,Бургас,СВЕТИ ВЛАС,Local Shop,Silver,Seasonal,At Home
100457,К.ФРОНТОН ЕООД,Бургас,РАВДА,Supermarket,Silver,Seasonal,At Home
101300,КАФЕ ЕООД,Силистра,ДУЛОВО,Cafe,Bronze,Not Seasonal,At Home
104198,АВТОТРАНС ЕООД,Бургас,БУРГАС,Local Shop,Bronze,Not Seasonal,At Home
103774,КАФЕ ФЕНИКС ЕООД,Варна,ВАРНА,Local Shop,Silver,Not Seasonal,At Home
101242,COFFEE SHOP 360 ° ЕООД,Ямбол,ЯМБОЛ,Cafe,Bronze,Not Seasonal,At Home
103530,Кафе Клетката ЕООД,Ямбол,ЯМБОЛ,Local Shop,Bronze,Not Seasonal,At Home
102576,КАФЕ ФРЕНД ЕООД,Търговище,ПАНАЙОТ ХИТОВО,Local Shop,Iron,Not Seasonal,At Home
103094,ПИРАТИТЕ ЕООД,Добрич,ЖЕГЛАРЦИ,Local Shop,Bronze,Not Seasonal,At Home
103699,ПЛАЖЕН БАР НОЙ ЕООД,Сливен,СЛИВЕН,Local Shop,Gold,Not Seasonal,At Home
101959,СПОРТ ПАЛАС ЕООД,Добрич,БРАНИЩЕ,Local Shop,Bronze,Not Seasonal,At Home
101296,СОЦИАЛНА ЧАЙНА ЕООД,Силистра,ТУТРАКАН,Cafe,Bronze,Not Seasonal,At Home
101424,КАФЕ ФЕНИКС ЕООД,Шумен,ШУМЕН,Local Shop,Bronze,Not Seasonal,At Home
100946,БАР EX XY ЕООД,Бургас,КИТЕН,Supermarket,Bronze,Seasonal,At Home
100614,НЕРМО - НЕРМИДИН ЕООД,Бургас,СЛЪНЧЕВ БРЯГ,Supermarket,Bronze,Seasonal,At Home
106945,ГЛОРИЯ-НЕВЕН ПЕХЛИВАНОВ ЕТ ЕООД,Варна,ВАРНА,Superette,Silver,Not Seasonal,At Home
100651,КОМФОРТ КАФЕ ЕООД,Търговище,ТРЕСКАВЕЦ,Supermarket,Iron,Not Seasonal,At Home
101986,АВТОМИВКА ЕООД,Варна,ВАРНА,Local Shop,Silver,Not Seasonal,At Home
104299,КАФЕ ЕООД,Силистра,НОВА ЧЕРНА,Local Shop,Gold,Not Seasonal,At Home
103587,NOA CAFE ЕООД,Бургас,БЕРОНОВО,Local Shop,Bronze,Not Seasonal,At Home
101880,КАФЕ ДЕСИН ЕООД,Добрич,БАЛЧИК,Local Shop,Silver,Not Seasonal,At Home
111891,ХОТЕЛ АЯНОВ ЕООД,Варна,ВАРНА,Superette,Iron,Not Seasonal,At Home
102091,БИСТРО ЕООД,Варна,ВАРНА,Local Shop,Iron,Not Seasonal,At Home
100017,МОНДО КАФЕ ЕООД,Шумен,ШУМЕН,Local Shop,Iron,Not Seasonal,At Home
100002,NEKO ЕООД,Шумен,ШУМЕН,Local Shop,Bronze,Not Seasonal,At Home
101413,МОЛИВЧЕТАТА ЕООД,Шумен,ВЕЛИКИ ПРЕСЛАВ,Local Shop,Iron,Not Seasonal,At Home
103371,ЗАЙЧЕТАТА ЕООД,Добрич,ПЧЕЛАРОВО,Local Shop,Bronze,Not Seasonal,At Home
102577,АТИ 80-ФАТМЕ АХМЕД ЕТ ЕООД,Търговище,ГОЛЯМО НОВО,Local Shop,Bronze,Not Seasonal,At Home
102606,ВИЕНСКИ САЛОН ЕООД,Русе,РУСЕ,Local Shop,Bronze,Not Seasonal,At Home
102641,КАФЕ ГРАНДЕ ЕООД,Русе,РУСЕ,Local Shop,Silver,Not Seasonal,At Home
102554,КАФЕ ЦЕНТРАЛ ЕООД,Търговище,ПОДГОРИЦА,Local Shop,Iron,Not Seasonal,At Home
101493,КОКТЕЙЛИТЕ 2 ЕООД,Шумен,НОВИ ПАЗАР,Local Shop,Silver,Not Seasonal,At Home
101610,СУИТ БОКС ЕООД,Силистра,ПОПИНА,Local Shop,Iron,Not Seasonal,At Home
104598,КУ КУ БАР ЕООД,Варна,ПРОВАДИЯ,Local Shop,Bronze,Not Seasonal,At Home
104588,КАФЕ АМФОРА ЕООД,Варна,ПРОВАДИЯ,Local Shop,Silver,Not Seasonal,At Home
104538,ФРЕШ ЗОНА ЕООД,Варна,РУДНИК,Local Shop,Bronze,Not Seasonal,At Home
101443,ГРАНДЕ КАФЕ ЕООД,Шумен,СМЯДОВО,Local Shop,Iron,Not Seasonal,At Home
102537,СИТИ КАФЕ ЕООД,Търговище,ТЪРГОВИЩЕ,Local Shop,Bronze,Not Seasonal,At Home
101576,КАФЕ ДЖИНДЖЪРС ЕООД,Силистра,СИЛИСТРА,Local Shop,Bronze,Not Seasonal,At Home
101597,ЕССЕЛ ЕООД ЕООД,Силистра,СИЛИСТРА,Local Shop,Silver,Not Seasonal,At Home
101574,КОКТЕЙЛ БАР ТРОПИКАНА ЕООД,Силистра,СИЛИСТРА,Local Shop,Silver,Not Seasonal,At Home
100309,АВТОМИВКА МЪНИ ЕООД,Силистра,КАЛИПЕТРОВО,Supermarket,Silver,Not Seasonal,At Home
101982,КАФЕ ЕНЕРДЖИ ЕООД,Варна,ВАРНА,Local Shop,Silver,Not Seasonal,At Home
103348,КАФЕ ЕООД,Добрич,ДОБРИЧ,Local Shop,Bronze,Not Seasonal,At Home
103351,ХАШТАГ ЕООД,Добрич,ГЕНЕРАЛ ТОШЕВО,Local Shop,Bronze,Not Seasonal,At Home
103788,КАФЕ ЕООД,Варна,ВАРНА,Local Shop,Bronze,Not Seasonal,At Home
101569,УЕЙК ПАРК ЕООД,Шумен,ШУМЕН,Local Shop,Bronze,Not Seasonal,At Home
103368,ХОТЕЛ КАЛИНА ЕООД,Добрич,КРУШАРИ,Local Shop,Bronze,Not Seasonal,At Home
103225,ОПТИМИСТ БУРГАС ЕООД,Добрич,ЛОМНИЦА,Local Shop,Iron,Not Seasonal,At Home
103802,ГАРДЪН БОГОРИДИ ЕООД,Варна,БОЯНА,Local Shop,Bronze,Not Seasonal,At Home
101879,СТЕБО ЕООД,Добрич,КАВАРНА,Local Shop,Iron,Not Seasonal,At Home
107198,Тея ЕООД,Разград,ЦАР КАЛОЯН,Superette,Gold,Not Seasonal,At Home
103326,КАФЕ ЕООД,Варна,ВАРНА,Local Shop,Bronze,Not Seasonal,At Home
103169,КАФЕ ЛАЗУРЕН БРЯГ ЕООД,Разград,РАЗГРАД,Local Shop,Silver,Not Seasonal,At Home
103168,СМОЛ СИТИ ЕООД,Разград,БЛАГОЕВО,Local Shop,Bronze,Not Seasonal,At Home
102564,КАФЕ МОНДО ЕООД,Търговище,ПОПОВО,Local Shop,Silver,Not Seasonal,At Home
104292,КАФЕ-АВТОМИВКА ЕООД,Силистра,ТУТРАКАН,Local Shop,Iron,Not Seasonal,At Home
102428,Р-Т 100 КИЛА ЕООД,Търговище,ПОПОВО,Local Shop,Bronze,Not Seasonal,At Home
103054,КАРАВАНЕН ПАРК ПЛАЖ ВАРНА ЕООД,Разград,ДУХОВЕЦ,Local Shop,Bronze,Not Seasonal,At Home
102640,КОКТЕЛИ 2 ЕООД,Русе,РУСЕ,Local Shop,Silver,Not Seasonal,At Home
107117,ХОТЕЛ МУСАЛА ЕООД,Варна,ВАРНА,Superette,Bronze,Not Seasonal,At Home
102852,ЗОКУМ-ФАТМЕ АЛИ ЕТ ЕООД,Русе,РУСЕ,Local Shop,Bronze,Not Seasonal,At Home
104700,МИРАЖ ЕООД,Силистра,ПАИСИЕВО,Local Shop,Silver,Not Seasonal,At Home
100765,КАФЕНЕ ЕООД,Сливен,СЛИВЕН,Supermarket,Gold,Not Seasonal,At Home
101885,КАФЕ ЕООД,Добрич,ДРОПЛА,Local Shop,Bronze,Not Seasonal,At Home
102089,СВ КАРАГЬОЗПВ ЕООД,Варна,ВАРНА,Local Shop,Bronze,Not Seasonal,At Home
100271,КАФЕ ПАЛМА ЕООД,Бургас,СОЗОПОЛ,Local Shop,Bronze,Seasonal,At Home
107100,Хотел София ЕООД,Варна,ВАРНА,Superette,Bronze,Not Seasonal,At Home
103721,ГАЛАКСИ КОФИ ШОП ЕООД,Сливен,КОТЕЛ,Local Shop,Gold,Not Seasonal,At Home
103719,КАФЕ ЕООД,Сливен,КОТЕЛ,Local Shop,Gold,Not Seasonal,At Home
104531,ХОТЕЛ ЕООД,Варна,ПРОВАДИЯ,Local Shop,Bronze,Not Seasonal,At Home
102072,ЧЕРНОМОРСКО ЗЛАТО ЕООД,Варна,ВАРНА,Local Shop,Silver,Not Seasonal,At Home
104701,КОФИ БИИН ЕООД,Силистра,ГЛАВИНИЦА,Local Shop,Bronze,Not Seasonal,At Home
100019,ДЖОЙ КАФЕ ЕООД,Шумен,ШУМЕН,Local Shop,Bronze,Not Seasonal,At Home
103189,АТРИУМ ЕООД,Разград,БЕЛИ ЛОМ,Local Shop,Bronze,Not Seasonal,At Home
101717,ПРИ ЖОРКАТА ЕООД,Варна,НЕВША,Local Shop,Bronze,Not Seasonal,At Home
103718,БЕНЗИНОСТАНЦИЯ СОКОЛ ЕООД,Сливен,ЖЕРАВНА,Local Shop,Bronze,Not Seasonal,At Home
103726,КАФЕ АКВА ЕООД,Сливен,ГРАДЕЦ,Local Shop,Silver,Not Seasonal,At Home
102846,ФАНДЕУС ЕООД,Русе,РУСЕ,Local Shop,Bronze,Not Seasonal,At Home
107012,КАФЕ-БЕНЗИНОСТАНЦИЯ ЕООД,Русе,РУСЕ,Superette,Gold,Not Seasonal,At Home
106997,ХОТЕЛ РУВАН ЕООД,Русе,РУСЕ,Superette,Gold,Not Seasonal,At Home
111930,ФРЕШ ЕООД,Силистра,СИЛИСТРА,Local Shop,Bronze,Not Seasonal,At Home
100650,КАФЕ МОКАЙ ЕООД,Търговище,ДОЛНА ХУБАВКА,Supermarket,Iron,Not Seasonal,At Home
102578,КАФЕ РЕД КЛУБ ЕООД,Търговище,ОМУРТАГ,Local Shop,Iron,Not Seasonal,At Home
102548,САПФИР ЕООД,Търговище,ЧЕРКОВНА,Local Shop,Silver,Not Seasonal,At Home
103515,ТУНЧ ХАСАН ХОДЖА ЕООД,Ямбол,КУКОРЕВО,Local Shop,Iron,Not Seasonal,At Home
103529,ПАВИЛИОН АВТОГАРА ЗАПАД ЕООД,Ямбол,ГЕНЕРАЛ ИНЗОВО,Local Shop,Silver,Not Seasonal,At Home
103544,ИЛОНА - ИЛИЯНА ЧАКЪРОВА ЕООД,Ямбол,РОЗА,Local Shop,Iron,Not Seasonal,At Home
103093,КАФЕ ПЪРПЪЛ ЕООД,Добрич,ОРЛЯК,Local Shop,Silver,Not Seasonal,At Home
103077,НЕМИ-98-МЕХМЕД ХАЛИЛ ЕТ ЕООД,Разград,РАЗГРАД,Local Shop,Bronze,Not Seasonal,At Home
100085,КАФЕ-АПЕРИТИВ ФРЕШ ЕООД,Русе,РУСЕ,Local Shop,Bronze,Not Seasonal,At Home
102524,ПЕТКОВ ЕООД,Търговище,ТЪРГОВИЩЕ,Local Shop,Iron,Not Seasonal,At Home
100333,КАФЕ ЦЕНТРАЛ ЕООД,Сливен,КОТЕЛ,Supermarket,Iron,Not Seasonal,At Home
102080,КАФЕ ЛАЙФ ХАУС ЕООД,Варна,ВОДИЦА,Local Shop,Bronze,Not Seasonal,At Home
107138,МЪРИ МЪРИ ЕООД,Бургас,БУРГАС,Superette,Bronze,Not Seasonal,At Home
103010,BUDDY ЕООД,Разград,СТУДЕНЕЦ,Local Shop,Bronze,Not Seasonal,At Home
107200,ДЕТСКИ ЦЕНТЪР КАРНОБАТЛИЙЧЕ ЕООД,Разград,КУБРАТ,Superette,Bronze,Not Seasonal,At Home
101465,БЪРЗО КАФЕ ЕООД,Варна,НЕОФИТ РИЛСКИ,Local Shop,Bronze,Not Seasonal,At Home
110447,МАСИВ МАР ЕООД,Бургас,ВРЕСОВО,Fast-food,Bronze,Not Seasonal,Out of Home
102639,B AND N ЕООД,Русе,РУСЕ,Local Shop,Bronze,Not Seasonal,At Home
102082,КАФЕ ЕООД,Варна,ВАРНА,Local Shop,Bronze,Not Seasonal,At Home
102158,КАФЕ ФОНТАНА ЕООД,Варна,БЛЪСКОВО,Local Shop,Bronze,Not Seasonal,At Home
104885,РАЙ ЕООД,Варна,БЛЪСКОВО,Cafe,Iron,Not Seasonal,Out of Home
109224,КАФЕНЕ ЕООД,Варна,ГОРЕН ЧИФЛИК,Bar,Bronze,Not Seasonal,Out of Home
109313,ЧАША КАФЕ-ДЮКЯН ЕООД,Варна,ДОЛНИ ЧИФЛИК,Fast-food,Bronze,Not Seasonal,Out of Home
101930,КАФЕ ЕООД,Добрич,ДОБРИЧ,Local Shop,Bronze,Not Seasonal,At Home
102756,THE CROWN ЕООД,Русе,БЪЗЪН,Local Shop,Bronze,Not Seasonal,At Home
102753,КАФЕ САЛИ ЕООД,Русе,БЪЗЪН,Local Shop,Bronze,Not Seasonal,At Home
103226,МЕДЖИК БАБЪЛС ЕООД,Варна,ВАРНА,Local Shop,Bronze,Not Seasonal,At Home
100025,СЕЗАМ ЕООД,Варна,ВАРНА,Local Shop,Bronze,Not Seasonal,At Home
104664,СИ КАФЕ ЕООД,Силистра,ЯРЕБИЦА,Local Shop,Bronze,Not Seasonal,At Home
103528,КАФЕ ЕООД,Ямбол,ЯМБОЛ,Local Shop,Bronze,Not Seasonal,At Home
102618,КАФЕ АПЕРИТИВ ВЕГА ЕООД,Русе,ДВЕ МОГИЛИ,Local Shop,Bronze,Not Seasonal,At Home
106994,КАФЕ ЕООД,Русе,РУСЕ,Superette,Gold,Not Seasonal,At Home
102617,КАФЕ-АПЕРИТИВ ФЛИРТ ЕООД,Русе,ГОРНО АБЛАНОВО,Local Shop,Iron,Not Seasonal,At Home
104659,THE GARDEN ЕООД,Силистра,БОГДАНЦИ,Local Shop,Silver,Not Seasonal,At Home
104688,ИНБЕТ ЕООД,Силистра,ГЛАВИНИЦА,Local Shop,Bronze,Not Seasonal,At Home
111932,АГРОТЕХНИКИ ЕООД,Силистра,СИЛИСТРА,Local Shop,Iron,Not Seasonal,At Home
100906,АВТОМИВКА ЛУКС ЕООД,Бургас,БУРГАС,Supermarket,Silver,Not Seasonal,At Home
101554,ШЕКЕРОВ ЕООД,Шумен,ЦАРЕВ БРОД,Local Shop,Silver,Not Seasonal,At Home
111985,СПА РЕЗИДЕНЦИЯ ЛАЗУРЕН БРЯГ ЕООД,Бургас,БУРГАС,Local Shop,Iron,Not Seasonal,At Home
102387,КАФЕНЕ ПОРТОАЛЕГРЕ ЕООД,Варна,ПРОВАДИЯ,Local Shop,Silver,Not Seasonal,At Home
100804,КАФЕ КАТАРДЖИЕВ ЕООД,Сливен,СЛИВЕН,Supermarket,Gold,Not Seasonal,At Home
103487,БЪЛГЕРИАН ШИП СЪПЛАЙ КЕТАРИНГ ЕООД,Ямбол,ЯМБОЛ,Local Shop,Iron,Not Seasonal,At Home
104891,КАФЕ NEST ЕООД,Варна,ВЪЛЧИ ДОЛ,Cafe,Gold,Not Seasonal,Out of Home
105718,КАТАЛЕЯ ЕООД,Варна,ДОЛИЩЕ,Fast-food,Silver,Not Seasonal,At Home
101438,РОУЗ ГАРДЪН ЕООД,Варна,КИПРА,Local Shop,Bronze,Not Seasonal,At Home
104394,ЕН БАР ЕООД,Варна,ГОСПОДИНОВО,Local Shop,Silver,Not Seasonal,At Home
100678,Кротиря Грийн Ярд ЕООД,Русе,РУСЕ,Supermarket,Bronze,Not Seasonal,At Home
102565,СТАНИДИ-2010 ООД ЕООД,Търговище,ТЪРГОВИЩЕ,Local Shop,Bronze,Not Seasonal,At Home
103777,COFFEE LOVERS ЕООД,Варна,ВАРНА,Local Shop,Bronze,Not Seasonal,At Home
101481,КАФЕ ЖИВКО ЖЕЛЕВ ЕООД,Шумен,КЛИМЕНТ,Local Shop,Silver,Not Seasonal,At Home
102079,КАФЕ ПАРК ЕООД,Варна,ЛЮБЕН КАРАВЕЛОВО,Local Shop,Bronze,Not Seasonal,At Home
102077,Дежа вю ЕООД,Варна,ЛЮБЕН КАРАВЕЛОВО,Local Shop,Bronze,Not Seasonal,At Home
103588,ДЖЕНА ЕООД,Бургас,СУНГУРЛАРЕ,Local Shop,Bronze,Not Seasonal,At Home
105414,КАФЕ ЕНДЖОЙ ЕООД,Бургас,ПИРНЕ,Cafe,Bronze,Not Seasonal,Out of Home
101527,КАФЕКАШИЧЕВ ЕООД,Шумен,СМЯДОВО,Local Shop,Iron,Not Seasonal,At Home
103589,ПРИ БАЙ ЖЕЛЯЗ ЕООД,Бургас,МАНОЛИЧ,Local Shop,Silver,Not Seasonal,At Home
101480,ХЕПИ ГАРДЕН ЕООД,Шумен,КАПИТАН ПЕТКО,Local Shop,Bronze,Not Seasonal,At Home
103681,КАФЕ МЕРТ ЕООД,Сливен,ЖЕЛЮ ВОЙВОДА,Local Shop,Silver,Not Seasonal,At Home
102385,КАФЕ ВИПС ЕООД,Шумен,ЯНКОВО,Local Shop,Silver,Not Seasonal,At Home
104517,КАФЕ БАРБАРА ЕООД,Варна,ПРОВАДИЯ,Local Shop,Bronze,Not Seasonal,At Home
102203,КАФЕ РЕДЖЕБОВИ ЕООД,Бургас,БИЛКА,Local Shop,Silver,Not Seasonal,At Home
106993,КАФЕ ШАДРАВАНА ЕООД,Русе,РУСЕ,Superette,Gold,Not Seasonal,At Home
107041,GOLD NEST ЕООД,Русе,РУСЕ,Superette,Gold,Not Seasonal,At Home
107020,КАФЕ ЗОРНИЦА ЕООД,Русе,РУСЕ,Superette,Silver,Not Seasonal,At Home
101672,КАФЕНЕ НИНИКА ЕООД,Силистра,СИЛИСТРА,Local Shop,Silver,Not Seasonal,At Home
102567,автомивка ЕООД,Търговище,ТЪРГОВИЩЕ,Local Shop,Bronze,Not Seasonal,At Home
102568,ПОЛО РИЗОРТ ЕООД,Търговище,МИЛАДИНОВЦИ,Local Shop,Bronze,Not Seasonal,At Home
102579,УИНД БАР ЕООД,Търговище,ТЪРГОВИЩЕ,Local Shop,Iron,Not Seasonal,At Home
102561,КАФЕНЕ ИМИДА ЕООД,Търговище,ТЪРГОВИЩЕ,Local Shop,Iron,Not Seasonal,At Home
101432,КАФЕ ЕООД,Варна,КОНСТАНТИНОВО,Local Shop,Iron,Not Seasonal,At Home
102076,СЕЛИ ЕООД,Варна,ВАРНА,Local Shop,Iron,Not Seasonal,At Home
100718,АВТОМИВКА БРИЛЯНТ ЕООД,Варна,ВАРНА,Supermarket,Iron,Not Seasonal,At Home
102362,СЕНЬОР ЧИ ЧИ ЕООД,Бургас,КОШАРИЦА,Local Shop,Iron,Not Seasonal,At Home
102287,ДЖИ ДЖИ ЕООД,Бургас,ТЪНКОВО,Local Shop,Iron,Not Seasonal,At Home
107222,МАНЕВ ЕООД,Варна,БЯЛА,Superette,Bronze,Not Seasonal,At Home
104699,КАФЕ КОДА ЕООД,Силистра,ЗЛАТОКЛАС,Local Shop,Bronze,Not Seasonal,At Home
102382,БИРАРИЯ ЕООД,Бургас,РАВДА,Local Shop,Silver,Seasonal,At Home
104166,АВТОМИВКАТА ЕООД,Бургас,БУРГАС,Local Shop,Silver,Not Seasonal,At Home
104215,Амстердам ЕООД,Бургас,БУРГАС,Local Shop,Bronze,Not Seasonal,At Home
102351,ПЕРСИМОН ООД ЕООД,Бургас,СВЕТИ ВЛАС,Local Shop,Gold,Seasonal,At Home
100092,ШИША ЕООД,Русе,РУСЕ,Local Shop,Bronze,Seasonal,At Home
102757,КАФЕ АПЕРИТИВ ДЕНИ ЕООД,Велико Търново,ЕЛЕНА,Local Shop,Bronze,Not Seasonal,At Home
102572,БАР РУСО ЕООД,Търговище,ТЪРГОВИЩЕ,Local Shop,Bronze,Not Seasonal,At Home
104696,ЧЕРВИЛО ЕООД,Силистра,КОЛАРОВО,Local Shop,Bronze,Not Seasonal,At Home
100615,КАФЕ ЕООД,Бургас,СЛЪНЧЕВ БРЯГ,Supermarket,Gold,Seasonal,At Home
104456,ШУГЪР БАР ЕООД,Ямбол,ЛОЗЕНЕЦ,Local Shop,Bronze,Not Seasonal,At Home
102161,СПОРТ КАФЕ ЕООД,Бургас,АХЕЛОЙ,Local Shop,Bronze,Not Seasonal,At Home
104653,КРИСТАЛ ЕООД,Силистра,БЕЛИЦА,Local Shop,Bronze,Not Seasonal,At Home
107201,РАВИЛМА-БЮФЕТ БАР ЕООД,Разград,КУБРАТ,Superette,Bronze,Not Seasonal,At Home
100613,Айс кафе ЕООД,Бургас,СЛЪНЧЕВ БРЯГ,Supermarket,Bronze,Seasonal,At Home
100813,АВТОМИВКА МОРСКА ГАРА ЕООД,Бургас,БУРГАС,Supermarket,Bronze,Not Seasonal,At Home
106237,ГОСИП БАР ЕООД,Бургас,РАВДА,Local Shop,Bronze,Seasonal,At Home
104662,КАТ ЛАФКА ЕООД,Силистра,БОИЛ,Local Shop,Bronze,Not Seasonal,At Home
103887,ПАРТИ ЦЕНТЪР СЛЪНЧЕВ РАЙ ЕООД,Бургас,БУРГАС,Local Shop,Bronze,Not Seasonal,At Home
101439,ДЖИНДЖЪРС ЕООД,Варна,СУВОРОВО,Local Shop,Bronze,Seasonal,At Home
102150,КИДС ПАРАДАЙС ЕООД,Бургас,ГОРИЦА,Local Shop,Bronze,Not Seasonal,At Home
100814,КАФЕ БОНГО ЕООД,Бургас,БУРГАС,Supermarket,Bronze,Not Seasonal,At Home
107470,ФРЕШОВЕ КАВАЦИ ЕООД,Бургас,БУРГАС,Restaurant,Silver,Not Seasonal,Out of Home
108949,КАФЕ ТОНИ ЕООД,Варна,ЗЛАТНИ ПЯСЪЦИ,Hotels,Silver,Seasonal,Out of Home
104654,ЛАФКА ПСИХОДИСПАНСЕР БУРГАС ЕООД,Силистра,ДУЛОВО,Local Shop,Silver,Not Seasonal,At Home
102408,ПИВНИЦА ЛАВА ЕООД,Търговище,ОМУРТАГ,Local Shop,Gold,Not Seasonal,At Home
101086,КАФЕ КАРАМЕЛ ЕООД,Шумен,ИВАНСКИ,Cafe,Bronze,Not Seasonal,At Home
101504,КАФЕ БРИЗ ЕООД,Шумен,ШУМЕН,Local Shop,Silver,Not Seasonal,At Home
103227,КАФЕ АУРА ЕООД,Добрич,ГЕНЕРАЛ ТОШЕВО,Local Shop,Silver,Not Seasonal,At Home
106895,КАФЕ ТОНУС ЕООД,Силистра,СИЛИСТРА,Superette,Bronze,Not Seasonal,At Home
103120,КАФЕ ФЛОРА ЕООД,Разград,ДЯНКОВО,Local Shop,Iron,Not Seasonal,At Home
102987,УЕЙК ЪП ЕООД,Разград,ИСПЕРИХ,Local Shop,Iron,Not Seasonal,At Home
103228,БИСТРО РЕЛАКС ЕООД,Варна,ВАРНА,Local Shop,Silver,Not Seasonal,At Home
102436,КАФЕ ЦЕНТЪРА ЕООД,Търговище,ПОПОВО,Local Shop,Gold,Not Seasonal,At Home
104381,КЛУБ НА МОРЯКА ЕООД,Разград,БИСЕРЦИ,Local Shop,Bronze,Not Seasonal,At Home
104516,ВЕЛКОВ ЕООД,Варна,ПРОВАДИЯ,Local Shop,Iron,Not Seasonal,At Home
108953,КАФЕ ПАРАДАЙС ЕООД,Варна,ВАРНА,Hotels,Bronze,Seasonal,Out of Home
103234,БИСТРО АЛБАТРОС ЕООД,Добрич,ГЕНЕРАЛ ТОШЕВО,Local Shop,Silver,Not Seasonal,At Home
109229,ИЛИНА ЕООД,Варна,ЧЕРНЕВО,Bar,Bronze,Seasonal,Out of Home
111007,СТЕФКА СТОЕВА ЕООД,Варна,ЗЛАТНИ ПЯСЪЦИ,Hotels,Gold,Seasonal,Out of Home
111008,БАР ШИКОЗО ЕООД,Варна,ЗЛАТНИ ПЯСЪЦИ,Hotels,Silver,Seasonal,Out of Home
111061,КАФЕ КАКАО ЕООД,Варна,ЗЛАТНИ ПЯСЪЦИ,Hotels,Silver,Seasonal,Out of Home
111211,ФРЕШ ЕООД,Варна,ВАРНА,Hotels,Silver,Not Seasonal,Out of Home
111210,КАФЕ ЕООД,Варна,ЗЛАТНИ ПЯСЪЦИ,Hotels,Silver,Seasonal,Out of Home
111213,ПИВОВАРНА МЕТЪЛ ХЕАД ЕООД,Варна,ЗЛАТНИ ПЯСЪЦИ,Hotels,Gold,Seasonal,Out of Home
101915,КАФЕ ХЕЛТ ЕООД,Добрич,СЕНОКОС,Local Shop,Bronze,Not Seasonal,At Home
111212,SDO ЕООД,Варна,ЗЛАТНИ ПЯСЪЦИ,Hotels,Silver,Seasonal,Out of Home
111204,АВТОМИВКА ШАЙН АУТО ЕООД,Варна,ЗЛАТНИ ПЯСЪЦИ,Hotels,Gold,Seasonal,Out of Home
102573,ФЕШЪН КАФЕ СТАР ГРАД ЕООД,Търговище,ТЪРГОВИЩЕ,Local Shop,Bronze,Not Seasonal,At Home
103164,ХОТЕЛ АНДРЕ ЕООД,Разград,КИЧЕНИЦА,Local Shop,Bronze,Not Seasonal,At Home
101304,ЗАМЪКА РАВАДИНОВО ЕООД,Силистра,ДУЛОВО,Cafe,Iron,Not Seasonal,At Home
104805,КАФЕ ФЕШЪН ЕООД,Варна,ВАРНА,Cafe,Silver,Not Seasonal,Out of Home
100022,КАФЕ ЕООД,Шумен,ВЕЛИКИ ПРЕСЛАВ,Local Shop,Bronze,Seasonal,At Home
104794,ВОЕННА БАЗА ЕООД,Велико Търново,КУЦИНА,Local Shop,Iron,Not Seasonal,At Home
101220,КАФЕ СИТИ ЕООД,Разград,ГЕЦОВО,Cafe,Silver,Not Seasonal,At Home
111436,КАФЕ ЕООД,Варна,ЗЛАТНИ ПЯСЪЦИ,Restaurant,Silver,Seasonal,Out of Home
101097,ОБЪРНАТА КЪЩА ЧЕРНОМОРЕЦ ЕООД,Шумен,ШУМЕН,Cafe,Iron,Not Seasonal,At Home
102398,КАФЕ ГРАДИНА ЕООД,Търговище,ТЪРГОВИЩЕ,Local Shop,Silver,Not Seasonal,At Home
100117,ХОТЕЛ АНДРЕ ЕООД,Разград,КАМЕНОВО,Local Shop,Iron,Seasonal,At Home
102435,ОБЕКТ ЗА SDO ЕООД,Търговище,ТЪРГОВИЩЕ,Local Shop,Bronze,Not Seasonal,At Home
101367,СЪНСЕТ АРТ ЕООД,Варна,ВАРНА,Nightclub,Silver,Not Seasonal,Out of Home
107353,Деко бар ЕООД,Варна,ВЪЛЧИ ДОЛ,Restaurant,Silver,Not Seasonal,Out of Home
101940,КАФЕ ШИША ЕООД,Добрич,ДОБРИЧ,Local Shop,Gold,Not Seasonal,At Home
101530,РИБАРНИК МАЛКОТО ЕЗЕРО ЕООД,Шумен,ШУМЕН,Local Shop,Bronze,Not Seasonal,At Home
106892,пацо фреш бар ЕООД,Шумен,ШУМЕН,Superette,Bronze,Not Seasonal,At Home
105728,КАФЕ ЕООД,Варна,ПРОВАДИЯ,Fast-food,Iron,Not Seasonal,Out of Home
100649,КАФЕ БЪЛГАРИЯ ЕООД,Търговище,ДОБРОТИЦА,Supermarket,Bronze,Not Seasonal,At Home
104326,ОБЕКТ ЗА SDO ЕООД,Разград,КУБРАТ,Local Shop,Iron,Not Seasonal,At Home
102990,КАФЕ СПИРКАТА ЕООД,Разград,ИСПЕРИХ,Local Shop,Iron,Not Seasonal,At Home
106907,БИСТРО ОРЕХА ЕООД,Шумен,КАСПИЧАН,Superette,Bronze,Not Seasonal,At Home
100736,СЪРФ УЧИЛИЩЕ ЛЮСИ ЕООД,Разград,ЛОЗНИЦА,Supermarket,Iron,Not Seasonal,At Home
103166,КАФЕ ВЪЛЧЕВ 85 ЕООД,Разград,РАВНО,Local Shop,Iron,Not Seasonal,At Home
101224,КАФЕ ОАЗИС ЕООД,Разград,ЛОЗНИЦА,Cafe,Bronze,Not Seasonal,At Home
101511,ДЕЖА ВЮ ЕООД,Шумен,ТЪКАЧ,Local Shop,Bronze,Not Seasonal,At Home
102426,ПИВНИЦА ЕООД,Търговище,ТЪРГОВИЩЕ,Local Shop,Silver,Not Seasonal,At Home
104341,КОПА КАБАНА ЕООД,Разград,КУБРАТ,Local Shop,Bronze,Not Seasonal,At Home
104604,ДЪ ПЛЕЙС ЕООД,Велико Търново,ВЕЛИКО ТЪРНОВО,Local Shop,Bronze,Not Seasonal,At Home
112032,ВИ ЕС ЕООД,Шумен,ШУМЕН,Superette,Bronze,Not Seasonal,At Home
102752,КАФЕ ЕСПРЕСО ЕООД,Русе,ГЛОДЖЕВО,Local Shop,Gold,Not Seasonal,At Home
101161,КАФЕ ШОКОЛАД ЕООД,Търговище,ТЪРГОВИЩЕ,Cafe,Iron,Not Seasonal,At Home
102616,ДЕЖА ВЮ ЕООД,Русе,БЪЗОВЕЦ,Local Shop,Silver,Not Seasonal,At Home
102976,КАФЕ МОККА ЕООД,Разград,ЛОЗНИЦА,Local Shop,Iron,Not Seasonal,At Home
111878,ХОТЕЛ ВИВАС ЕООД,Търговище,ТЪРГОВИЩЕ,Superette,Silver,Not Seasonal,At Home
104766,КАФЕ ДЕЙЛИ ЕООД,Велико Търново,СТРАЖИЦА,Local Shop,Silver,Not Seasonal,At Home
102445,КАФЕ ЕООД,Търговище,ПОПОВО,Local Shop,Gold,Not Seasonal,At Home
104770,ДАНИ - ДАНИЕЛ ПАНТОВ ЕТ ЕООД,Велико Търново,ВЕЛИКО ТЪРНОВО,Local Shop,Silver,Not Seasonal,At Home
100648,ЗАМАКА В РАВАДИНОВО ЕООД,Търговище,ОМУРТАГ,Supermarket,Silver,Not Seasonal,At Home
101195,СН.Б.РУСАЛКА ЕООД,Велико Търново,ГОРНА ОРЯХОВИЦА,Cafe,Iron,Not Seasonal,At Home
108085,ЯНИС ЕООД,Варна,ВАРНА,Restaurant,Silver,Seasonal,Out of Home
102745,КАФЕНЕ ЕООД,Русе,БРЪШЛЕН,Local Shop,Iron,Not Seasonal,At Home
102642,КАФЕ ЮГ ЕООД,Русе,РУСЕ,Local Shop,Bronze,Not Seasonal,At Home
102750,КАФЕ-ЛАГУНА ИЗТОК ЕООД,Русе,ДОЛНО АБЛАНОВО,Local Shop,Iron,Not Seasonal,At Home
108955,КАФЕ МИХАЕЛА ЕООД,Варна,ВАРНА,Hotels,Silver,Seasonal,Out of Home
108944,КАФЕ ШЕФО ЕООД,Варна,ВАРНА,Hotels,Bronze,Not Seasonal,Out of Home
108943,КАФЕ ПИЕР ЕООД,Варна,ВАРНА,Hotels,Silver,Not Seasonal,Out of Home
103229,КОМПЛЕКС ЗЕЛЕНИКА ЕООД,Варна,ВАРНА,Local Shop,Silver,Not Seasonal,At Home
103241,КАФЕНЕ ЕООД,Варна,ВАРНА,Local Shop,Silver,Not Seasonal,At Home
111983,КАФЕ ЧЕРНО МОРЕ ЕООД,Варна,ВАРНА,Local Shop,Silver,Not Seasonal,At Home
101085,СЕНАТОР ЕООД,Шумен,ШУМЕН,Cafe,Bronze,Not Seasonal,At Home
106525,КАФЕ СМОКИНЯ ЕООД,Варна,ВАРНА,Cafe,Iron,Not Seasonal,Out of Home
104519,ЕМИЛИЯ ЕООД,Варна,ПРОВАДИЯ,Local Shop,Iron,Not Seasonal,At Home
104514,КАФЕ СПИКА ЕООД,Варна,ПРОВАДИЯ,Local Shop,Bronze,Not Seasonal,At Home
106399,АРТ КЛУБ ЕООД,Варна,ВАРНА,Cafe,Silver,Not Seasonal,Out of Home
104655,HOMBRY SHOP - KRAFT BEER AND WINE​ ЕООД,Силистра,ЛЮБЕН,Local Shop,Iron,Not Seasonal,At Home
101664,КАФЕ БРИЗ ЕООД,Силистра,СИЛИСТРА,Local Shop,Bronze,Not Seasonal,At Home
102074,ДИ ВА ЕООД,Варна,ВАРНА,Local Shop,Iron,Not Seasonal,At Home
109777,ГАМБИТ ЕООД,Варна,ВАРНА,Hotels,Bronze,Seasonal,Out of Home
101878,КАФЕ МИЛАНО ЕООД,Добрич,БАЛЧИК,Local Shop,Bronze,Seasonal,At Home
101696,JOHNNY'S ЕООД,Варна,БЕНКОВСКИ,Local Shop,Iron,Not Seasonal,At Home
100378,SPECIALTY COFFEE CENTRE POINT DABOV ЕООД,Варна,ВАРНА,Supermarket,Silver,Seasonal,At Home
108571,THE COFFEE ROOM  ПРЯСНО ИЗПЕЧЕНО КА ЕООД,Варна,КАМЧИЯ,Hotels,Silver,Not Seasonal,Out of Home
106483,КАФЕ АГАЛИНА ЕООД,Варна,ЗЛАТНИ ПЯСЪЦИ,Cafe,Silver,Seasonal,Out of Home
111208,LE CAFE ЕООД,Варна,ЗЛАТНИ ПЯСЪЦИ,Hotels,Gold,Seasonal,Out of Home
103768,КАФЕ СИЛИЦИЯ ЕООД,Варна,ВАРНА,Local Shop,Gold,Not Seasonal,At Home
101423,КАФЕ МАРИНА ЕООД,Шумен,ВЕЛИКИ ПРЕСЛАВ,Local Shop,Iron,Not Seasonal,At Home
101561,БИСТРО ДЪРВЕНОТО ЕООД,Шумен,ШУМЕН,Local Shop,Silver,Not Seasonal,At Home
102849,КАФЕ ТАГИДО ЕООД,Русе,РУСЕ,Local Shop,Silver,Not Seasonal,At Home
107043,КАФЕ ТРОПИКАНА ЕООД,Русе,РУСЕ,Superette,Bronze,Not Seasonal,At Home
102638,ПОРТОКАЛ ЕООД,Русе,РУСЕ,Local Shop,Bronze,Not Seasonal,At Home
100098,СТРЕЛБИЩЕ КАПЧЕТО ЕООД,Русе,РУСЕ,Local Shop,Bronze,Not Seasonal,At Home
102603,КАФЕ АПЕРАТИВ ЕООД,Русе,РЯХОВО,Local Shop,Bronze,Not Seasonal,At Home
102749,АВТОМИВКА ГОЛД АУТО ЕООД,Русе,БАБОВО,Local Shop,Iron,Not Seasonal,At Home
102636,БИСТРО ТРИТЕ СЕСТРИ ЕООД,Русе,РУСЕ,Local Shop,Bronze,Not Seasonal,At Home
102635,ХОТЕЛ СИГМА ЕООД,Русе,РУСЕ,Local Shop,Silver,Not Seasonal,At Home
101191,СВЕТА МИНА ЕООД,Русе,БОРИСОВО,Cafe,Iron,Not Seasonal,At Home
100081,SUMMER BEACH ЕООД,Русе,РУСЕ,Local Shop,Bronze,Not Seasonal,At Home
111230,Г билд Бар ЕООД,Варна,ВАРНА,Hotels,Iron,Seasonal,Out of Home
103304,БИСТРО ЛОНГОЗА ЕООД,Варна,ВАРНА,Local Shop,Bronze,Not Seasonal,At Home
101142,БИСТРО НОМАД ЕООД,Варна,ВАРНА,Cafe,Iron,Not Seasonal,At Home
103224,НИКО БИИЙЧ ЕООД,Варна,ВАРНА,Local Shop,Gold,Not Seasonal,At Home
100898,БАР ПАЯКА ЕООД,Варна,ВАРНА,Supermarket,Iron,Not Seasonal,At Home
101900,Ресторант Класик ЕООД,Добрич,ДОБРИЧ,Local Shop,Gold,Not Seasonal,At Home
104992,BAR ЕООД,Варна,АКСАКОВО,Cafe,Silver,Not Seasonal,Out of Home
101973,САМИ ЕООД,Варна,ВАРНА,Local Shop,Bronze,Not Seasonal,At Home
103791,ДИ ЕНД ДИ БАР ЕООД,Варна,ВАРНА,Local Shop,Iron,Not Seasonal,At Home
109018,ШАМИ БИЙЧ БАР ЕООД,Варна,ВАРНА,Hotels,Bronze,Seasonal,Out of Home
100871,ДЕЙФИОРИ КАФЕ ЕООД,Варна,ВАРНА,Supermarket,Gold,Not Seasonal,At Home
101440,АНГЛИЙСКИ БАР ЕООД,Варна,СУВОРОВО,Local Shop,Gold,Not Seasonal,At Home
111452,ПУЛ БАР ЕООД,Варна,ВАРНА,Restaurant,Iron,Not Seasonal,Out of Home
105765,БАР АЛОХА ЕООД,Варна,ТОПОЛИ,Fast-food,Iron,Not Seasonal,Out of Home
111215,КРЕАТИВ ЕКС ЕООД ЕООД,Варна,ВАРНА,Hotels,Bronze,Not Seasonal,Out of Home
111153,БАР ПАРАДАЙЗ БИЙЧ ЕООД,Варна,ВАРНА,Hotels,Silver,Seasonal,Out of Home
111431,Б-РО АРЕНА ЕООД,Варна,ЗЛАТНИ ПЯСЪЦИ,Restaurant,Silver,Seasonal,Out of Home
109020,АУРА БАР И ГРИЛ ЕООД,Варна,ЗЛАТНИ ПЯСЪЦИ,Hotels,Gold,Seasonal,Out of Home
108083,JK Rollin ЕООД,Варна,ЗЛАТНИ ПЯСЪЦИ,Restaurant,Silver,Not Seasonal,Out of Home
109014,JK Rollin ЕООД,Варна,ЗЛАТНИ ПЯСЪЦИ,Hotels,Silver,Seasonal,Out of Home
106226,ЕЛИТ 3 ЕООД,Варна,ВАРНА,Local Shop,Bronze,Not Seasonal,At Home
109017,ПАКОС БАР И Р-Т ЕООД,Варна,ЗЛАТНИ ПЯСЪЦИ,Hotels,Silver,Seasonal,Out of Home
109721,БИЙЧ БАР ОНИКС ЕООД,Варна,ЗЛАТНИ ПЯСЪЦИ,Superette,Silver,Seasonal,Out of Home
106568,Х-Л СВЕТИ ВАЛЕНТИН ЕООД,Варна,ВАРНА,Cafe,Bronze,Not Seasonal,Out of Home
108091,Бар Престлейс ЕООД,Варна,ВАРНА,Restaurant,Silver,Seasonal,Out of Home
103267,THE VOICE ЕООД,Добрич,ДОБРИЧ,Local Shop,Iron,Not Seasonal,At Home
101128,ДАУН ПАРК ЕООД,Добрич,БАЛЧИК,Cafe,Gold,Not Seasonal,At Home
111252,АРЕНА ЕООД,Варна,ЗЛАТНИ ПЯСЪЦИ,Fast-food,Silver,Seasonal,Out of Home
109019,АЗАРО ЕООД,Варна,ВАРНА,Hotels,Silver,Seasonal,Out of Home
100719,БАР СКАЙ ЕООД,Варна,ВАРНА,Supermarket,Gold,Not Seasonal,At Home
109016,PALAZZO ЕООД,Варна,ВАРНА,Hotels,Silver,Seasonal,Out of Home
109776,ХАБИТС ЕООД,Варна,ВАРНА,Hotels,Silver,Seasonal,Out of Home
106299,ТОРТУГА БИЙЧ ЕООД,Варна,ВАРНА,Local Shop,Silver,Not Seasonal,At Home
102043,БАР ЕООД,Варна,ВАРНА,Local Shop,Iron,Not Seasonal,At Home
110842,Сирена бар басейн ЕООД,Варна,ВАРНА,Restaurant,Silver,Not Seasonal,Out of Home
106465,ПЛАЖ ЛАГУНА ЕООД,Варна,ВАРНА,Cafe,Bronze,Not Seasonal,Out of Home
109022,ЕЙ ДЖЕЙ БАР ЕООД,Варна,ВАРНА,Hotels,Gold,Seasonal,Out of Home
103206,Сирена бар ЕООД,Добрич,ДОБРИЧ,Local Shop,Iron,Not Seasonal,At Home
104656,МАТЕ БРЪНЧ БАР ЕООД,Силистра,ТУТРАКАН,Local Shop,Bronze,Not Seasonal,At Home
102989,СНЕК БАР ЕООД,Разград,ИСПЕРИХ,Local Shop,Silver,Not Seasonal,At Home
102232,ОСКАР БАР ЕООД,Варна,ПРОВАДИЯ,Local Shop,Iron,Not Seasonal,At Home
100054,Джубокс бар ЕООД,Варна,ПРОВАДИЯ,Local Shop,Bronze,Not Seasonal,At Home
103270,БЯЛАТА ДАМА ЕООД,Добрич,ДОБРИЧ,Local Shop,Silver,Not Seasonal,At Home
101984,КАПАНА ЕООД,Варна,ВАРНА,Local Shop,Bronze,Not Seasonal,At Home
101673,ВЕНЕРА ПАЛАС ЕООД,Силистра,ИСКРА,Local Shop,Silver,Not Seasonal,At Home
101642,БАР ХАВАЙ ЕООД,Силистра,ИСКРА,Local Shop,Gold,Not Seasonal,At Home
100653,СЪРФ БАР ЕООД,Търговище,ОМУРТАГ,Supermarket,Bronze,Not Seasonal,At Home
101538,ВИРА ТИКИ БАР ЕООД,Шумен,ШУМЕН,Local Shop,Gold,Not Seasonal,At Home
112065,БИЙЧ БАР МАНИЯ ЕООД,Разград,РАЗГРАД,Superette,Iron,Not Seasonal,At Home
104387,ФЕРЕТИ ЕООД,Разград,СЕСЛАВ,Local Shop,Iron,Not Seasonal,At Home
101164,БАР САУТ БИЙЧ ЕООД,Търговище,ОМУРТАГ,Cafe,Silver,Not Seasonal,At Home
104373,КриптоБар ЕООД,Разград,КУБРАТ,Local Shop,Bronze,Not Seasonal,At Home
104721,ЛАГУНА БУТКА ЕООД,Велико Търново,ВЕЛИКО ТЪРНОВО,Local Shop,Bronze,Not Seasonal,At Home
112016,АЗАРО ЕООД,Велико Търново,ВЕЛИКО ТЪРНОВО,Local Shop,Iron,Not Seasonal,At Home
111952,БОНАЦА БИЙЧ ЕООД,Велико Търново,ГОРНА ОРЯХОВИЦА,Local Shop,Bronze,Not Seasonal,At Home
102397,БАР РИЧ ЕООД,Търговище,ТЪРГОВИЩЕ,Local Shop,Silver,Not Seasonal,At Home
104724,ПУЛ БАР АПОЛОН 3 ЕООД,Велико Търново,САМОВОДЕНЕ,Local Shop,Gold,Not Seasonal,At Home
104372,БАР ЛИМОНЧЕТО ЕООД,Разград,КУБРАТ,Local Shop,Iron,Not Seasonal,At Home
104616,Винарна Месембрия ЕООД,Велико Търново,ВЕЛИКО ТЪРНОВО,Local Shop,Bronze,Seasonal,At Home
100689,МОТО БАР ЕООД,Велико Търново,АРБАНАСИ,Supermarket,Gold,Not Seasonal,At Home
101462,ДЕ ЛА МЕР ЕООД,Шумен,ШУМЕН,Local Shop,Bronze,Not Seasonal,At Home
103096,РЕСТОРАНТ ГАРДА ЕООД,Пловдив,РАКОВСКИ,Local Shop,Iron,Not Seasonal,At Home
102438,РЕСТОРАНТ АРГО ЕООД,Търговище,ВРАНИ КОН,Local Shop,Silver,Not Seasonal,At Home
101537,БАР ДЕЖАВЮ ЕООД,Шумен,ЦАРЕВ БРОД,Local Shop,Silver,Not Seasonal,At Home
101524,РЕСТОРАНТ АМАДИНА ГАРДЪН ЕООД,Шумен,ШУМЕН,Local Shop,Silver,Not Seasonal,At Home
102684,БАР ПОЛЯНИТЕ ЕООД,Велико Търново,ДОЛНА ОРЯХОВИЦА,Local Shop,Silver,Not Seasonal,At Home
107281,ЙОВНОВ ЕООД ЕООД,Разград,КУБРАТ,Hotels,Gold,Not Seasonal,At Home
107513,ГАСТРО БАР ЕООД,Варна,АКСАКОВО,Restaurant,Bronze,Not Seasonal,Out of Home
102111,РЕСТОРАНТ ЛОЗЕНЕЦ ВЮ ЕООД,Варна,АКСАКОВО,Local Shop,Bronze,Not Seasonal,At Home
109021,БИЙЧ БАР АЗУЛ ЕООД,Варна,ВАРНА,Hotels,Bronze,Seasonal,Out of Home
111151,БИЛЯРД КЛУБ ШОТ ЕООД,Варна,СВ СВ КОНСТАНТИН И ЕЛЕНА,Hotels,Gold,Seasonal,Out of Home
102081,ТИКИ БИЙЧ ЕООД ЕООД,Варна,АКСАКОВО,Local Shop,Silver,Not Seasonal,At Home
102439,Пропърти кеър бар ЕООД,Търговище,ОПАКА,Local Shop,Iron,Not Seasonal,At Home
101535,КУБА ЛИБРЕ ЕООД,Шумен,ШУМЕН,Local Shop,Iron,Not Seasonal,At Home
111433,ЕКВИЛИБРИУМ БАР ЕООД,Варна,ЗЛАТНИ ПЯСЪЦИ,Restaurant,Gold,Seasonal,Out of Home
105298,Д баръ ЕООД,Варна,ВАРНА,Cafe,Silver,Not Seasonal,Out of Home
109245,ДЕЖА ВЮ ЕООД,Варна,АКСАКОВО,Bar,Iron,Not Seasonal,Out of Home
109369,БИЙЧ БАР ЕООД,Варна,ВАРНА,Fast-food,Silver,Not Seasonal,Out of Home
100336,Агао ЕООД,Силистра,СИЛИСТРА,Supermarket,Silver,Not Seasonal,At Home
101641,Бийч Бар Ботаник ЕООД,Силистра,СИЛИСТРА,Local Shop,Gold,Not Seasonal,At Home
103274,Бар Магнус ЕООД,Добрич,ДОБРИЧ,Local Shop,Silver,Not Seasonal,At Home
110226,ТИКИ БАР ЕООД,Велико Търново,ГОРНА ОРЯХОВИЦА,Fast-food,Silver,Not Seasonal,At Home
101626,Бар Шикозо ЕООД,Силистра,АЙДЕМИР,Local Shop,Bronze,Not Seasonal,At Home
104657,Бар 34 ЕООД,Силистра,ТУТРАКАН,Local Shop,Silver,Not Seasonal,At Home
104800,РЕТРО БАР РУБИК 84 ЕООД,Добрич,ДУРАНКУЛАК,Cafe,Bronze,Seasonal,At Home
101884,BEACH BAR PRIMORSKO ЕООД,Добрич,БЪЛГАРЕВО,Local Shop,Bronze,Not Seasonal,At Home
109240,БИЙЧ БАР 2 ЕООД,Варна,ВАРНА,Bar,Iron,Not Seasonal,Out of Home
111146,БИЙЧ БАР ЕООД,Варна,ЗЛАТНИ ПЯСЪЦИ,Hotels,Silver,Seasonal,Out of Home
111010,Куба Либре ЕООД,Варна,ЗЛАТНИ ПЯСЪЦИ,Hotels,Gold,Seasonal,Out of Home
102106,БИЙЧ БАР 3 ЕООД,Варна,ВАРНА,Local Shop,Bronze,Not Seasonal,At Home
107207,Куба Либре ЕООД,Велико Търново,ВЕЛИКО ТЪРНОВО,Superette,Iron,Not Seasonal,At Home
104617,БИЙЧ БАР ЕООД,Велико Търново,ВЕЛИКО ТЪРНОВО,Local Shop,Bronze,Not Seasonal,At Home
100700,БАР БУТАМЯТА ЕООД,Русе,РУСЕ,Supermarket,Silver,Not Seasonal,At Home
103167,СЪНИ ДРИЙМС ЕООД,Разград,КИЧЕНИЦА,Local Shop,Bronze,Not Seasonal,At Home
103037,Бар Алиби ЕООД,Добрич,ОБРОЧИЩЕ,Local Shop,Bronze,Seasonal,At Home
101513,Байкал ЕООД,Шумен,СРЕДКОВЕЦ,Local Shop,Iron,Not Seasonal,At Home
103092,БАР МЕРАКИ ЕООД,Добрич,ПОЛКОВНИК САВОВО,Local Shop,Iron,Seasonal,At Home
102403,ПУЛ БАР ДИАМАНТ ЕООД,Търговище,ТЪРГОВИЩЕ,Local Shop,Gold,Not Seasonal,At Home
103275,Пул Бар Съни Дей 6 ЕООД,Добрич,ДОБРИЧ,Local Shop,Gold,Not Seasonal,At Home
109903,САРА ТРАНС ЕООД,Варна,ВАРНА,Cafe,Silver,Not Seasonal,Out of Home
102404,БАРБЕКЮ НЕПТУН ЕООД,Търговище,ТЪРГОВИЩЕ,Local Shop,Bronze,Not Seasonal,At Home
103195,Бар Мун Лайт ЕООД,Добрич,КОРИТЕН,Local Shop,Bronze,Not Seasonal,At Home
110804,НАРГИЛЕ БАР ЕООД,Варна,ЗЛАТНИ ПЯСЪЦИ,Restaurant,Gold,Seasonal,Out of Home
102440,ТЕН ФИНГЪРС ЕООД,Търговище,ОМУРТАГ,Local Shop,Gold,Not Seasonal,At Home
109893,КРИСИ БАР ЕООД,Варна,ЗЛАТНИ ПЯСЪЦИ,Cafe,Gold,Seasonal,Out of Home
104618,БАР КОКО ЕООД,Велико Търново,ВЕЛИКО ТЪРНОВО,Local Shop,Silver,Not Seasonal,At Home
104351,Бар Юпитер ЕООД,Разград,ЗАВЕТ,Local Shop,Silver,Not Seasonal,At Home
111144,КАФЕ ЕМОНА ЕООД,Варна,ЗЛАТНИ ПЯСЪЦИ,Hotels,Gold,Seasonal,Out of Home
111544,Бар ЕООД,Варна,ЗЛАТНИ ПЯСЪЦИ,Restaurant,Silver,Seasonal,Out of Home
111428,СЪРФ УЧИЛИЩЕ ЕООД,Варна,ЗЛАТНИ ПЯСЪЦИ,Restaurant,Gold,Seasonal,Out of Home
100371,ПЛАЖЕН БАР ЕООД,Варна,ЗЛАТНИ ПЯСЪЦИ,Supermarket,Bronze,Seasonal,At Home
110236,БАР ПАЛМЕРО 1 ЕООД,Варна,ЗЛАТНИ ПЯСЪЦИ,Fast-food,Silver,Seasonal,Out of Home
111226,Bar ЕООД,Варна,ЗЛАТНИ ПЯСЪЦИ,Hotels,Gold,Seasonal,Out of Home
109027,КАБАКУМ БИЙЧ ЕООД,Варна,ЗЛАТНИ ПЯСЪЦИ,Hotels,Silver,Seasonal,Out of Home
111140,ПАЛМЕРО 3 ЕООД,Варна,ЗЛАТНИ ПЯСЪЦИ,Hotels,Gold,Seasonal,Out of Home
107344,ФИОРЕ ЕООД,Варна,КАМЧИЯ,Restaurant,Bronze,Seasonal,Out of Home
104558,Бар Куба ЕООД,Варна,КАМЧИЯ,Local Shop,Gold,Seasonal,At Home
109013,АРГИШ БАР ЕООД,Варна,ЗЛАТНИ ПЯСЪЦИ,Hotels,Silver,Seasonal,Out of Home
111157,КУКА БАР ЕООД,Варна,ЗЛАТНИ ПЯСЪЦИ,Hotels,Silver,Not Seasonal,Out of Home
104658,ЛИДЕР ЕООД,Силистра,ВОКИЛ,Local Shop,Iron,Not Seasonal,At Home
101711,БАР ЕООД,Варна,БЕНКОВСКИ,Local Shop,Iron,Not Seasonal,At Home
105735,ПЛАЖЕН БАР 1 ЕООД,Варна,ВАРНА,Fast-food,Gold,Not Seasonal,Out of Home
106567,Бар ЕООД,Варна,ВАРНА,Cafe,Silver,Not Seasonal,Out of Home
100351,ПЛАЖЕН БАР 3 ЕООД,Варна,ЧЕРКОВНА,Supermarket,Bronze,Not Seasonal,At Home
101210,PINK BEACH ЕООД,Добрич,ДОБРИЧ,Cafe,Bronze,Not Seasonal,At Home
101062,ВАНИЛА БИЙЧ ЕООД,Силистра,ЛИСТЕЦ,Supermarket,Iron,Not Seasonal,At Home
100032,СИМПЪЛ ЕООД,Варна,ВАРНА,Local Shop,Silver,Not Seasonal,At Home
107265,ПАЛМЕРО ЖАР ЕООД,Добрич,ДОБРИЧ,Hotels,Gold,Not Seasonal,At Home
106464,ПАЛМЕРО 2 ЕООД,Варна,ВАРНА,Cafe,Iron,Not Seasonal,Out of Home
105568,САМЪР М КОНЦЕСИЯ ЕООД,Варна,ВАРНА,Bar,Silver,Not Seasonal,Out of Home
101058,Лоби бар Вилмар ЕООД,Варна,ПЧЕЛНИК,Supermarket,Iron,Not Seasonal,At Home
100826,МАРИНА КЕЙП ВОДЕН БАР ЕООД,Варна,ВАРНА,Supermarket,Bronze,Seasonal,At Home
109026,СИЙ ГАРДЪН ЕООД,Варна,ВАРНА,Hotels,Bronze,Not Seasonal,Out of Home
109263,БАР ШИРОКАТА ЕООД,Варна,ВАРНА,Bar,Iron,Not Seasonal,Out of Home
109760,ОРФЕЙ БИЙЧ БАР ЕООД,Варна,БЛИЗНАЦИ,Hotels,Bronze,Seasonal,Out of Home
100747,ХОТЕЛ СЪНСЕТ РЕЗОРТ ЕООД,Разград,ИСПЕРИХ,Supermarket,Silver,Not Seasonal,At Home
106629,СИТИ ЕООД,Варна,ВАРНА,Superette,Gold,Not Seasonal,At Home
109301,БУНГАЛО КОКТЕЙЛ БАР ЕООД,Варна,БЕЛОСЛАВ,Fast-food,Bronze,Not Seasonal,Out of Home
101697,УОТЪРЛЕНД ЕООД,Варна,ИЗГРЕВ,Local Shop,Bronze,Not Seasonal,At Home
101109,Бахама мама ЕООД,Шумен,ИВАНСКИ,Cafe,Bronze,Not Seasonal,At Home
100005,БАР ЕООД,Шумен,ШУМЕН,Local Shop,Gold,Not Seasonal,At Home
106650,КОХИ БАР ЕООД,Търговище,ПОПОВО,Superette,Bronze,Not Seasonal,At Home
103163,МОРСКА СРЕЩА ЕООД,Разград,РАЗГРАД,Local Shop,Silver,Not Seasonal,At Home
107254,БАР ЕООД,Варна,ВАРНА,Hotels,Bronze,Not Seasonal,At Home
107010,СОЗОПОЛИ УАЙН ЕНД ФУУД ЕООД,Русе,РУСЕ,Superette,Iron,Not Seasonal,At Home
101135,БАР КОХИ ЕООД,Добрич,КАВАРНА,Cafe,Bronze,Not Seasonal,At Home
104515,РЕСТОРАНТ МАРИНА БЕЙ ЕООД,Варна,ПРОВАДИЯ,Local Shop,Bronze,Not Seasonal,At Home
103220,БАР ЛАС ВЕГАС ЕООД,Варна,ВАРНА,Local Shop,Gold,Not Seasonal,At Home
111440,ДАЛЯН ЧАЙКА ЕООД,Варна,ВАРНА,Restaurant,Silver,Not Seasonal,Out of Home
107359,УЕЙК БАР ЕООД,Варна,ЧЕРНЕВО,Restaurant,Bronze,Seasonal,Out of Home
100845,БАР 7 ЕООД,Варна,ВАРНА,Supermarket,Gold,Not Seasonal,At Home
109319,PAPA BEER CRAFT BEER BAR ЕООД,Варна,ДЕВНЯ,Fast-food,Bronze,Not Seasonal,Out of Home
106350,БАР РЕСТОРАНТ 34 ЕООД,Варна,ВЪЛЧИ ДОЛ,Cafe,Iron,Not Seasonal,Out of Home
101995,КАРЕ ЕООД,Варна,ЗЛАТНИ ПЯСЪЦИ,Local Shop,Silver,Seasonal,At Home
110184,БАШ ТАГ ЕООД,Варна,ВАРНА,Fast-food,Silver,Not Seasonal,Out of Home
106351,КАРГО ЕООД,Варна,СЛЪНЧЕВО,Cafe,Iron,Not Seasonal,Out of Home
109872,MUSIC POINT ЕООД,Варна,ЗЛАТНИ ПЯСЪЦИ,Restaurant,Gold,Seasonal,Out of Home
109772,СТЕЛА ЕООД,Варна,ВАРНА,Hotels,Bronze,Seasonal,Out of Home
105734,ЕЛЕНАЛ ЕООД,Варна,ВАРНА,Fast-food,Bronze,Not Seasonal,Out of Home
105007,БИСТРО АДАТА ЕООД,Варна,ВАРНА,Cafe,Iron,Not Seasonal,Out of Home
111167,СИМА ЕООД,Варна,ЗЛАТНИ ПЯСЪЦИ,Hotels,Gold,Seasonal,Out of Home
104984,ВЕСМАР ЕООД,Варна,ВАРНА,Cafe,Gold,Seasonal,Out of Home
104828,Зоологическа градина Морски Чифлик ЕООД,Варна,ЗЛАТНИ ПЯСЪЦИ,Cafe,Gold,Seasonal,Out of Home
104853,Бърза Закуска Щастие ЕООД,Варна,ЕЗЕРОВО,Cafe,Iron,Not Seasonal,Out of Home
106014,Сладоледена точка ЕООД,Варна,ВАРНА,Fast-food,Silver,Not Seasonal,Out of Home
103048,Смарт фууд ЕООД,Добрич,ДОБРИЧ,Local Shop,Iron,Not Seasonal,At Home
101213,МНО Басейн ЕООД,Добрич,ДОБРИЧ,Cafe,Bronze,Not Seasonal,At Home
106388,СИНИТЕ КАМЪНИ ЕООД,Варна,ВАРНА,Cafe,Silver,Not Seasonal,Out of Home
101455,СТОЛ УПРАВЛЕНИЕТО ЕООД,Шумен,ВЕЛИКИ ПРЕСЛАВ,Local Shop,Silver,Not Seasonal,At Home
106199,БИСТРО ЧУ-ЧУ-РА ЕООД,Шумен,ШУМЕН,Local Shop,Silver,Not Seasonal,At Home
101533,КИТЧЪН ЕООД,Шумен,ШУМЕН,Local Shop,Silver,Not Seasonal,At Home
101090,КАРАВАНА ЕООД,Шумен,ЦАРЕВ БРОД,Cafe,Iron,Not Seasonal,At Home
101091,СОЛНИЧКА ЕООД,Шумен,НОВИ ПАЗАР,Cafe,Iron,Not Seasonal,At Home
101539,ПЕКИН ЕООД,Шумен,ШУМЕН,Local Shop,Bronze,Not Seasonal,At Home
101529,СТОЛ ЕООД,Шумен,ШУМЕН,Local Shop,Gold,Not Seasonal,At Home
101528,Фреш трета буна ЕООД,Шумен,ШУМЕН,Local Shop,Silver,Not Seasonal,At Home
101526,СКАРА ЕООД,Шумен,ШУМЕН,Local Shop,Gold,Not Seasonal,At Home
101470,Рибката ЕООД,Шумен,ШУМЕН,Local Shop,Silver,Not Seasonal,At Home
108950,Заведение за хранене ЕООД,Варна,ВАРНА,Hotels,Gold,Seasonal,Out of Home
108958,Кафе ЕООД,Варна,ЗЛАТНИ ПЯСЪЦИ,Hotels,Gold,Seasonal,Out of Home
106896,МАКАО ЕООД,Шумен,НОВИ ПАЗАР,Superette,Silver,Not Seasonal,At Home
108959,СТОЛ ВМУ ЕООД,Варна,ВАРНА,Hotels,Iron,Not Seasonal,Out of Home
103076,ДО ТЕЦ ДЕВНЯ ЕООД,Добрич,ЗЪРНЕВО,Local Shop,Silver,Not Seasonal,At Home
104357,ВКУСОТИЯТА ЕООД,Разград,ЗАВЕТ,Local Shop,Gold,Not Seasonal,At Home
102693,ПОИСК ЕООД,Велико Търново,ГОРНА ОРЯХОВИЦА,Local Shop,Bronze,Not Seasonal,At Home
112108,ДЮНЕР ЕООД,Варна,ВАРНА,Superette,Iron,Seasonal,Out of Home
101683,Бързо хранене ЕООД,Варна,ЗДРАВЕЦ,Local Shop,Iron,Not Seasonal,At Home
103104,Дюнер ЕООД,Добрич,ТЕРВЕЛ,Local Shop,Bronze,Not Seasonal,At Home
102441,ДЖИДЖИ ПАПА ЕООД,Търговище,АНТОНОВО,Local Shop,Silver,Not Seasonal,At Home
102402,РЕСТОРАНТ ЗА БЪРЗО ХРАНЕНЕ ЕООД,Търговище,ТЪРГОВИЩЕ,Local Shop,Gold,Not Seasonal,At Home
102748,БЪРЗО ХРАНЕНЕ ПРОХЛАДА ЕООД,Русе,ГЛОДЖЕВО,Local Shop,Bronze,Not Seasonal,At Home
102442,Пърженна риба ЕООД,Търговище,ПОПОВО,Local Shop,Silver,Not Seasonal,At Home
102443,БМС – БЪЛГАРСКА КУХНЯ ЕООД,Търговище,ОБИТЕЛ,Local Shop,Silver,Not Seasonal,At Home
102401,СОУ ФРЕШ ЕООД,Търговище,РАЗБОЙНА,Local Shop,Silver,Not Seasonal,At Home
101226,РИБАРНИЦА ЕООД,Разград,САМУИЛ,Cafe,Iron,Not Seasonal,At Home
103102,НЕРАЗДЕЛКИ ЕООД,Разград,БАЛКАНСКИ,Local Shop,Iron,Not Seasonal,At Home
103124,КОФИ КАП ЕООД,Добрич,КОЛАРЦИ,Local Shop,Iron,Not Seasonal,At Home
104687,СЛАДЪК КАРТОФ ЕООД,Силистра,ДУЛОВО,Local Shop,Silver,Not Seasonal,At Home
108105,Сладолед до Веранда ЕООД,Варна,ВАРНА,Restaurant,Bronze,Seasonal,Out of Home
108945,МИСТЪР КАРТОФ ЕООД,Варна,ВАРНА,Hotels,Silver,Seasonal,Out of Home
102444,ВЕРАНДА ФУУД СТЕЙШЪН ЕООД,Търговище,АНТОНОВО,Local Shop,Silver,Not Seasonal,At Home
104854,Р-Т ХОЛИДЕЙ ЕООД,Варна,ДЕВНЯ,Cafe,Iron,Not Seasonal,Out of Home
104677,ДЮНЕР АФТЕР ЕООД,Силистра,ПАИСИЕВО,Local Shop,Silver,Not Seasonal,At Home
111207,СОФРА ЕООД,Варна,ЗЛАТНИ ПЯСЪЦИ,Hotels,Gold,Seasonal,Out of Home
111005,РЕСТОРАНТ ЩРАУС ЕООД,Варна,ЧАЙКА,Hotels,Silver,Seasonal,Out of Home
100643,ЗБХ HOTT ЕООД,Търговище,ОМУРТАГ,Supermarket,Silver,Not Seasonal,At Home
101534,ЗБХ ИРИС ЕООД,Шумен,ШУМЕН,Local Shop,Bronze,Not Seasonal,At Home
101875,БИСТРО КЕЧА ЕООД,Добрич,ТОПОЛА,Local Shop,Silver,Seasonal,At Home
101126,ЗБХ ЕНДЖОЙ ЕООД,Добрич,ГОРУН,Cafe,Silver,Not Seasonal,At Home
104769,БХ КАВКАЗ ЕООД,Велико Търново,ПИСАРЕВО,Local Shop,Gold,Not Seasonal,At Home
102571,ЛАЙФ КАФЕ АВТОГАРА ЕООД,Търговище,ТАЙМИЩЕ,Local Shop,Iron,Not Seasonal,At Home
102982,БАЛКАН ЕООД,Добрич,РОСИЦА,Local Shop,Iron,Not Seasonal,At Home
103273,БЪРЗО ХРАНЕНЕ АВТОГАРА ЗАПАД ЕООД,Добрич,ДОБРИЧ,Local Shop,Gold,Not Seasonal,At Home
103129,ЗБХ ВЕРДИ ЕООД,Добрич,КОЛАРЦИ,Local Shop,Bronze,Not Seasonal,At Home
102400,БЪРЗО ХРАНЕНЕ ВХТИ ЕООД,Търговище,КРАЛЕВО,Local Shop,Silver,Not Seasonal,At Home
111430,ДО САНАТОРИУМА ЕООД,Варна,ЗЛАТНИ ПЯСЪЦИ,Restaurant,Silver,Seasonal,Out of Home
100093,ЗВЕЗДИЧКА АРЕНА ЕООД,Русе,РУСЕ,Local Shop,Silver,Not Seasonal,At Home
103170,ХОТЕЛМИЛАНО ЕООД,Разград,ЙОНКОВО,Local Shop,Bronze,Not Seasonal,At Home
109351,МАНДЖА БАР ЕООД,Търговище,ЧЕРНИ БРЯГ,Fast-food,Iron,Not Seasonal,At Home
101536,ОЛА ЕООД,Шумен,ШУМЕН,Local Shop,Silver,Not Seasonal,At Home
100343,КАРАВАНА ЕООД,Шумен,ШУМЕН,Supermarket,Bronze,Not Seasonal,At Home
102399,АЛЕКС И АЛЕКС ЕООД,Търговище,ТЪРГОВИЩЕ,Local Shop,Gold,Not Seasonal,At Home
102984,ЗБХ ФРЕНДЦ ЕООД,Добрич,ДОБРИЧ,Local Shop,Silver,Not Seasonal,At Home
102694,ЗБХ ОСКАР ЕООД,Велико Търново,ЕЛЕНА,Local Shop,Iron,Not Seasonal,At Home
101540,ФРЕШ БАР ЕООД,Шумен,ШУМЕН,Local Shop,Silver,Not Seasonal,At Home
101751,БХ БАЛОНА ЕООД,Шумен,НОВИ ПАЗАР,Local Shop,Iron,Not Seasonal,At Home
101639,СЛАДОЛЕД ЕООД,Силистра,СИЛИСТРА,Local Shop,Bronze,Not Seasonal,At Home
104785,БУРГЕР НАД ЕООД,Велико Търново,КЛИМЕНТОВО,Local Shop,Bronze,Not Seasonal,At Home
103082,ЗБХ РОБУСТА ЕООД,Добрич,ЗЪРНЕВО,Local Shop,Silver,Not Seasonal,At Home
103017,БЪРЗО ХРАНЕНЕ МЕДИКЪТ ЕООД,Добрич,ДОБРИЧ,Local Shop,Iron,Not Seasonal,At Home
102437,ЗБХ ВЕНИМАР ЕООД,Търговище,ПОПОВО,Local Shop,Silver,Not Seasonal,At Home
103125,РЕПИЙТ ЕООД,Добрич,КОЛАРЦИ,Local Shop,Bronze,Not Seasonal,At Home
104366,БИ ДЖЕЙ ПАРТНЕРС ЕООД ЕООД,Разград,ГОРИЧЕВО,Local Shop,Iron,Not Seasonal,At Home
101292,СЛАДКАРНИЦА ЕООД,Силистра,ДУЛОВО,Cafe,Bronze,Not Seasonal,At Home
102970,Рай-ресторантъ ЕООД,Разград,ЛОВСКО,Local Shop,Bronze,Not Seasonal,At Home
104765,М ДЖИ ЕООД,Велико Търново,ПОЛИКРАИЩЕ,Local Shop,Gold,Not Seasonal,At Home
101807,М ДЖИ ЕООД,Варна,ЯРЕБИЧНА,Local Shop,Silver,Seasonal,At Home
107386,МОНТИМЕС ЕООД,Варна,ЗЛАТНИ ПЯСЪЦИ,Restaurant,Silver,Seasonal,Out of Home
106656,М ДЖИ ЕООД,Търговище,ПОПОВО,Superette,Bronze,Not Seasonal,At Home
104324,СТОЛ ОЛ ИНКЛУЗИВ ЕООД,Силистра,НОВА ЧЕРНА,Local Shop,Bronze,Not Seasonal,At Home
104818,ТОПАЛОВИ ЕООД,Варна,ВАРНА,Cafe,Iron,Not Seasonal,Out of Home
108107,МАКАО ЕООД,Варна,ВАРНА,Restaurant,Bronze,Not Seasonal,Out of Home
102680,ФКУСЛА ЕООД,Велико Търново,ЕЛЕНА,Local Shop,Silver,Not Seasonal,At Home
105572,АКСАКОВО ЕООД,Варна,ЗЛАТНИ ПЯСЪЦИ,Bar,Silver,Seasonal,Out of Home
111437,РОСИТО ЕООД,Варна,ЗЛАТНИ ПЯСЪЦИ,Restaurant,Silver,Seasonal,Out of Home
109902,ГЮРЛА ЕООД,Варна,ВАРНА,Cafe,Bronze,Not Seasonal,Out of Home
108111,ЧОЧО ЕООД,Варна,ВАРНА,Restaurant,Silver,Seasonal,Out of Home
110998,УЕСТ САЙД ЕООД,Варна,ДРУЖБА,Hotels,Gold,Seasonal,Out of Home
102666,ТОПАЛОВИ ЕООД,Велико Търново,ГОРНА ОРЯХОВИЦА,Local Shop,Gold,Not Seasonal,At Home
104797,ГЮРЛАТА ЕООД,Варна,ВАРНА,Local Shop,Silver,Seasonal,Out of Home
109750,ПОДЛЕЗ КАТЕДРАЛА ЕООД,Добрич,ШАБЛА,Hotels,Silver,Seasonal,At Home
103062,ДЮНИ ЕООД,Разград,ИСПЕРИХ,Local Shop,Iron,Not Seasonal,At Home
101874,БЪРЗА ЗАКУСКА РАЙ 2 ПРИ КАКИТЕ ЕООД,Добрич,СЕПТЕМВРИЙЦИ,Local Shop,Bronze,Not Seasonal,At Home
100334,РЕСТО БАР КОНТИНЕНТАЛ ЕООД,Силистра,СИЛИСТРА,Supermarket,Bronze,Not Seasonal,At Home
106383,ЧИКО ЕООД,Варна,ВАРНА,Cafe,Silver,Seasonal,Out of Home
106752,ГЮРЛАТА ЕООД,Варна,ЗЛАТНИ ПЯСЪЦИ,Nightclub,Gold,Seasonal,Out of Home
104819,ФКУСЛА ЕООД,Варна,ЗЛАТНИ ПЯСЪЦИ,Cafe,Gold,Seasonal,Out of Home
111004,СТОЛ ЕООД,Варна,ЗЛАТНИ ПЯСЪЦИ,Hotels,Silver,Seasonal,Out of Home
101804,ЦВЕТНОТО ЕООД,Варна,АКСАКОВО,Local Shop,Bronze,Not Seasonal,At Home
106518,КО ШИ ЯМ ЕООД,Варна,ВАРНА,Cafe,Bronze,Not Seasonal,Out of Home
104539,ХЪШОВЕ ЕООД,Варна,АВРЕН,Local Shop,Silver,Not Seasonal,At Home
109269,ФКУСЛА ЕООД,Варна,ВАРНА,Bar,Iron,Not Seasonal,Out of Home
101805,ДИМЯТ ЕООД,Варна,ВАРНА,Local Shop,Gold,Not Seasonal,At Home
108889,МАКАО ЕООД,Варна,ВАРНА,Hotels,Gold,Seasonal,Out of Home
108113,ГОСТИЛНИЦА НЕПТУН ЕООД,Варна,ВАРНА,Restaurant,Bronze,Seasonal,Out of Home
106217,ТИХИЯ КЪТ 2 ЕООД,Варна,ВАРНА,Local Shop,Iron,Not Seasonal,At Home
107255,МАНДЖЕРА ЕООД,Варна,ВАРНА,Hotels,Silver,Not Seasonal,At Home
111055,ХЪШОВЕ ЕООД,Варна,ЗЛАТНИ ПЯСЪЦИ,Hotels,Gold,Seasonal,Out of Home
105009,РЕТРОТО ЕООД,Варна,ВАРНА,Cafe,Iron,Not Seasonal,Out of Home
104999,На мегдана ЕООД,Варна,ВАРНА,Cafe,Bronze,Not Seasonal,Out of Home
103236,НИДА ЕООД,Варна,ВАРНА,Local Shop,Iron,Not Seasonal,At Home
111049,ЯНИС ЕООД,Варна,ДРУЖБА,Hotels,Gold,Not Seasonal,Out of Home
108081,ХРАНИСИМО ЕООД,Варна,ВАРНА,Restaurant,Silver,Seasonal,Out of Home
106349,АКАДЕМИКА ЕООД,Варна,ВАРНА,Cafe,Bronze,Not Seasonal,Out of Home
109775,КОЗА НОСТРА ЕООД,Варна,ВАРНА,Hotels,Bronze,Seasonal,Out of Home
107410,ЯН ЗИ ЕООД,Варна,БЕЛОГРАДЕЦ,Restaurant,Silver,Not Seasonal,Out of Home
104852,ТИХИЯ КЪТ ЕООД,Варна,ЦАРЕВЦИ,Cafe,Bronze,Seasonal,Out of Home
100353,ХРУПКАВИЯ РАК ЕООД,Варна,ВЕТРИНО,Supermarket,Bronze,Not Seasonal,At Home
103766,ОЛ СТАР ЕООД,Варна,ВАРНА,Local Shop,Iron,Not Seasonal,At Home
101850,ГЮРЛА ЕООД,Варна,ВАРНА,Local Shop,Iron,Not Seasonal,At Home
100041,ГЮРЛА ЕООД,Варна,ВАРНА,Local Shop,Gold,Not Seasonal,At Home
108900,ФУДЛАЙН ЕООД,Варна,ВАРНА,Hotels,Gold,Seasonal,Out of Home
109227,SUSHI HOUSE ЕООД,Варна,ВАРНА,Bar,Iron,Not Seasonal,Out of Home
111429,МБЕТ ЕООД,Варна,ВАРНА,Restaurant,Silver,Not Seasonal,Out of Home
108901,РАТАТУЙ ЕООД,Варна,ВАРНА,Hotels,Iron,Not Seasonal,Out of Home
111217,ГЮРЛАТА младост ЕООД,Варна,ЗЛАТНИ ПЯСЪЦИ,Hotels,Gold,Seasonal,Out of Home
106402,МОНТИМЕС ЕООД,Варна,ВАРНА,Cafe,Silver,Not Seasonal,Out of Home
101822,КЕНДЪЛС ЕООД,Варна,ВАРНА,Local Shop,Iron,Not Seasonal,At Home
108902,СУШИ МАСТЕРЯС ЕООД,Варна,ЗЛАТНИ ПЯСЪЦИ,Hotels,Silver,Seasonal,Out of Home
109307,ФКУСЛА ЕООД,Варна,ВАРНА,Fast-food,Gold,Not Seasonal,Out of Home
108089,ДРАГСИ ЕООД,Варна,ВАРНА,Restaurant,Gold,Seasonal,Out of Home
108897,АЛМЕРА ЕООД,Варна,ЗЛАТНИ ПЯСЪЦИ,Hotels,Gold,Seasonal,Out of Home
106933,32140 ЕООД,Добрич,ДУРАНКУЛАК,Superette,Bronze,Not Seasonal,At Home
109798,ДОМ ИЗГРЕВ ЕООД,Варна,ВАРНА,Hotels,Bronze,Seasonal,Out of Home
111045,БЪРЗО ХРАНЕНЕ ВАЛЕНСИЯ ЕООД,Варна,ЗЛАТНИ ПЯСЪЦИ,Hotels,Gold,Seasonal,Out of Home
103237,СУШИ БАР АВТОГАРА ЕООД,Варна,ВАРНА,Local Shop,Bronze,Not Seasonal,At Home
111438,БЪРЗО ХРАНЕНЕ РИБАРЧЕТО ЕООД,Варна,ВАРНА,Restaurant,Iron,Not Seasonal,Out of Home
109762,БИСТРО СЛЪНЧЕВ БРЯГ ЕООД,Варна,ДЕВНЯ,Hotels,Bronze,Seasonal,Out of Home
106635,БЪРЗО ХРАНЕНЕ КАЗИНО ЕООД,Добрич,БАЛЧИК,Superette,Gold,Not Seasonal,At Home
104619,РИБАТА НА БУРГАС ЕООД,Велико Търново,ВЕЛИКО ТЪРНОВО,Local Shop,Bronze,Not Seasonal,At Home
100670,КАБЕЛКОМЕРС ЕООД,Велико Търново,ГОРНА ОРЯХОВИЦА,Supermarket,Bronze,Not Seasonal,At Home
104620,Хотел Фантастико ЕООД,Велико Търново,ВЕЛИКО ТЪРНОВО,Local Shop,Bronze,Not Seasonal,At Home
101172,СКАРА ЗА ДОМА ЕООД,Велико Търново,ЕЛЕНА,Cafe,Silver,Not Seasonal,At Home
102682,БХ ВИРА ТИКИ ЕООД,Велико Търново,ГОРНА ОРЯХОВИЦА,Local Shop,Bronze,Not Seasonal,At Home
107262,ЙОГИ ЕООД,Велико Търново,ГОРНА ОРЯХОВИЦА,Hotels,Iron,Not Seasonal,At Home
102683,Автосервиз делив ЕООД,Велико Търново,ГОРНА ОРЯХОВИЦА,Local Shop,Silver,Not Seasonal,At Home
104621,МЕМОРИ ЕООД,Велико Търново,ВЕЛИКО ТЪРНОВО,Local Shop,Bronze,Not Seasonal,At Home
104763,МИСТРАЛ ЕООД,Велико Търново,СТРАЖИЦА,Local Shop,Gold,Not Seasonal,At Home
104622,МИСТРАЛ ЕООД,Велико Търново,ВЕЛИКО ТЪРНОВО,Local Shop,Silver,Not Seasonal,At Home
104759,БЪРЗО ХРАНЕНЕ ЕООД,Велико Търново,СТРАЖИЦА,Local Shop,Silver,Not Seasonal,At Home
102678,БАБЕНИ ГОЗБИ ЕООД,Велико Търново,ДОЛНА ОРЯХОВИЦА,Local Shop,Iron,Not Seasonal,At Home
101709,БЪРЗО ХРАНЕНЕ ЕООД,Шумен,НОВИ ПАЗАР,Local Shop,Silver,Not Seasonal,At Home
101604,БХ ЛАЗУР ЕООД,Шумен,НОВИ ПАЗАР,Local Shop,Gold,Not Seasonal,At Home
100001,БИСТРО ДЖОЙ ЕООД,Шумен,НОВИ ПАЗАР,Local Shop,Bronze,Not Seasonal,At Home
106894,PRONTO PIZZA & PASTA ЕООД,Шумен,ШУМЕН,Superette,Bronze,Not Seasonal,At Home
103266,БЪРЗО ХРАНЕНЕ ЕООД,Добрич,ДОБРИЧ,Local Shop,Silver,Not Seasonal,At Home
101948,БХ БЪЧВАТА ЕООД,Добрич,ШАБЛА,Local Shop,Gold,Not Seasonal,At Home
106754,НОВА АЗИЯ ЕООД,Варна,ЗЛАТНИ ПЯСЪЦИ,Nightclub,Silver,Seasonal,Out of Home
108887,Къща за гости Стоянов ЕООД,Варна,ВАРНА,Hotels,Iron,Not Seasonal,Out of Home
103015,КУХНЯТА ЕООД,Добрич,ПАСКАЛЕВО,Local Shop,Silver,Not Seasonal,At Home
105054,СТАРИЯТ ОРДЕЙ ЕООД,Добрич,ОДРИНЦИ,Cafe,Silver,Not Seasonal,At Home
107394,ДА БОДНЕМ ПРИ ЖОРО ЕООД,Варна,ВЪЛЧИ ДОЛ,Restaurant,Bronze,Not Seasonal,Out of Home
107362,РЕСТОРАНТ АУРЕЛИЯ ЕООД,Варна,ВАРНА,Restaurant,Bronze,Not Seasonal,Out of Home
111293,Валенсия ЕООД,Варна,ВАРНА,Fast-food,Gold,Not Seasonal,Out of Home
107392,ТОМСИ ЕООД,Варна,ДОБРОПЛОДНО,Restaurant,Iron,Not Seasonal,Out of Home
101630,ДЕТЕЛИНА ЕООД,Силистра,СИЛИСТРА,Local Shop,Silver,Not Seasonal,At Home
109756,БЪРЗО ХРАНЕНЕ ЕООД,Варна,СУВОРОВО,Hotels,Bronze,Not Seasonal,Out of Home
101950,Златни ЕООД,Добрич,ШАБЛА,Local Shop,Bronze,Seasonal,At Home
101877,БЪРЗО ХРАНЕНЕ ЕООД,Добрич,КАВАРНА,Local Shop,Gold,Not Seasonal,At Home
103059,БИСТРО ЕООД,Добрич,ДОБРИЧ,Local Shop,Silver,Not Seasonal,At Home
105742,КИТАЙСКО БЪРЗО ХРАНЕНЕ ЕООД,Варна,ВАРНА,Fast-food,Gold,Not Seasonal,Out of Home
106434,БЪРЗО ХРАНЕНЕ ДЕТЕЛИНА ЕООД,Варна,ВАРНА,Cafe,Iron,Not Seasonal,Out of Home
104832,БИСТРО ЕООД,Варна,ВАРНА,Cafe,Silver,Not Seasonal,Out of Home
107221,БИСТРО ЕООД,Силистра,ТУТРАКАН,Superette,Gold,Not Seasonal,At Home
107388,ЙОЗАЛП ООД ЕООД,Варна,КАМЧИЯ,Restaurant,Bronze,Seasonal,Out of Home
100285,БИСТРО ПЕПЪРС ЕООД,Силистра,ТУТРАКАН,Local Shop,Bronze,Not Seasonal,At Home
103049,БИСТРО ЕООД,Разград,ИСПЕРИХ,Local Shop,Gold,Not Seasonal,At Home
101520,ПЪРЖЕНА РИБА ЕООД,Шумен,ВЪРБАК,Local Shop,Bronze,Not Seasonal,At Home
101088,Бриз черноморец ЕООД,Шумен,ВЕЛИКИ ПРЕСЛАВ,Cafe,Bronze,Not Seasonal,At Home
108893,КАПАН ТАЛЯНА ЕООД,Варна,ВАРНА,Hotels,Silver,Seasonal,Out of Home
101605,Надя и наньо ЕООД,Шумен,ПЛИСКА,Local Shop,Iron,Not Seasonal,At Home
105816,БИСТРО ЕООД,Варна,ВАРНА,Fast-food,Gold,Not Seasonal,Out of Home
101557,ЕЛ ТОРО БАРБЕКЮ ЕНД БУРГЕР ЕООД,Шумен,НАУМ,Local Shop,Iron,Not Seasonal,At Home
105804,Хапка и Халба ЕООД,Варна,АКСАКОВО,Fast-food,Silver,Not Seasonal,Out of Home
104702,МОРСКИ ДАР ЕООД,Силистра,ОВЕН,Local Shop,Bronze,Not Seasonal,At Home
103836,БЪРЗО ХРАНЕНЕ КОТВАТА ЕООД,Разград,КАМЕНАР,Local Shop,Silver,Not Seasonal,At Home
108885,БИСТРО ЕООД,Варна,ВАРНА,Hotels,Iron,Not Seasonal,Out of Home
106756,БЪРЗО ХРАНЕНЕ ЕООД,Варна,ЗЛАТНИ ПЯСЪЦИ,Nightclub,Silver,Seasonal,Out of Home
108884,БЪРЗО ХРАНЕНЕ ЕООД,Варна,ВАРНА,Hotels,Gold,Seasonal,Out of Home
108561,БИСТРО ГАРАНТ СЕРВИЗ ЕООД,Варна,ВЕНЕЛИН,Hotels,Bronze,Seasonal,Out of Home
111847,БЪРЗО ХРАНЕН КРЗ ЕООД,Варна,ВАРНА,Restaurant,Gold,Not Seasonal,Out of Home
101454,ДЕТЕЛИНА ЕООД,Шумен,СУШИНА,Local Shop,Gold,Not Seasonal,At Home
104335,СТОЛОВА МЕТРО ЕООД,Разград,ЗАВЕТ,Local Shop,Silver,Not Seasonal,At Home
103248,ЗБХ ВЕЛЕКА ЕООД,Търговище,КАРДАМ,Local Shop,Silver,Not Seasonal,At Home
100123,ТАНЕ- БЪРЗО ХРАНЕНЕ ЕООД,Добрич,ДОБРИЧ,Local Shop,Iron,Not Seasonal,At Home
101459,БЪРЗО ХРАНЕНЕ ЕООД,Шумен,КАСПИЧАН,Local Shop,Bronze,Not Seasonal,At Home
101637,БЪРЗО ХРАНЕНЕ ИЗГРЕВ ЕООД,Силистра,СИЛИСТРА,Local Shop,Gold,Not Seasonal,At Home
101643,Малчовци ЕООД,Силистра,СИЛИСТРА,Local Shop,Gold,Not Seasonal,At Home
100026,ЛОДКИ ЕООД,Варна,ЗЛАТНИ ПЯСЪЦИ,Local Shop,Bronze,Seasonal,At Home
108883,СКАРА РИБА ЕООД,Варна,ВАРНА,Hotels,Iron,Not Seasonal,Out of Home
103271,БИСТРО ДЪГА ЕООД,Добрич,ДОБРИЧ,Local Shop,Iron,Not Seasonal,At Home
101148,АХТОПОЛ 2001 ЕООД ЕООД,Добрич,ШАБЛА,Cafe,Iron,Not Seasonal,At Home
108880,Унидринк ЕООД ЕООД,Варна,ВАРНА,Hotels,Iron,Not Seasonal,Out of Home
109779,БЪРЗО ХРАНЕНЕ ЗА ВСЕКИ ЕООД,Варна,ВАРНА,Hotels,Bronze,Seasonal,Out of Home
106018,ПОДЕЛЕНИЕ 32-890 ЕООД,Варна,ВАРНА,Fast-food,Gold,Not Seasonal,Out of Home
109751,Черно море ЕООД,Варна,КАМЧИЯ,Hotels,Bronze,Seasonal,Out of Home
111420,БЪРЗО ХРАНЕНЕ ЕООД,Варна,ЗЛАТНИ ПЯСЪЦИ,Restaurant,Silver,Seasonal,Out of Home
106498,Бързо Хранене ЕООД,Варна,ВАРНА,Cafe,Silver,Not Seasonal,Out of Home
109390,ПАЛАЧИНКИ ЕООД,Варна,ВАРНА,Fast-food,Silver,Not Seasonal,Out of Home
106387,ПЕКАРНА ВКУСНО ЕООД,Варна,ВАРНА,Cafe,Silver,Not Seasonal,Out of Home
101802,Бързо хранене Ориндж ЕООД,Варна,КИЧЕВО,Local Shop,Gold,Not Seasonal,At Home
104378,Караваната ЕООД,Разград,ЗАВЕТ,Local Shop,Silver,Not Seasonal,At Home
101636,БИСТРО СТЕСИ ЕООД,Силистра,КАЛИПЕТРОВО,Local Shop,Silver,Not Seasonal,At Home
101446,БЪРЗО ХРАНЕНЕ ЕООД,Шумен,ВЪРБИЦА,Local Shop,Iron,Not Seasonal,At Home
101635,Автомивка Влас ЕООД,Силистра,БРАДВАРИ,Local Shop,Iron,Not Seasonal,At Home
104504,ЗБХ ПИЦИ И ПАЛАЧИНКИ КОКАЛУ ЕООД,Варна,ГРАДИНАРОВО,Local Shop,Bronze,Not Seasonal,At Home
102177,БЪРЗО ХРАНЕНЕ ЕООД,Русе,КРИВНЯ,Local Shop,Bronze,Not Seasonal,At Home
101117,БОН АПЕТИ ЕООД,Шумен,ГУСЛА,Cafe,Iron,Not Seasonal,At Home
110067,СТОЛ ПРИСТАНИЩЕ ЕООД,Варна,ВАРНА,Cafe,Gold,Not Seasonal,Out of Home
104689,ЗБХ БРАТЯ СЪРБОВИ ЕООД,Силистра,ОКОРШ,Local Shop,Iron,Not Seasonal,At Home
104355,БЪРЗО ХРАНЕНЕ ЕООД,Разград,ТОДОРОВО,Local Shop,Bronze,Not Seasonal,At Home
103334,БЪРЗО ХРАНЕНЕ ЕООД,Добрич,ТЕЛЕРИГ,Local Shop,Bronze,Not Seasonal,At Home
103265,ВОДОПАД ЕООД,Добрич,ЗМЕЕВО,Local Shop,Bronze,Not Seasonal,At Home
104821,БХ МАГ ДАК ЕООД,Варна,ВАРНА,Cafe,Bronze,Not Seasonal,Out of Home
103087,РЕСТОРАНТ ЗЛАТНА РИБКА ЕООД,Добрич,ОРЛЯК,Local Shop,Iron,Not Seasonal,At Home
101608,ПОДВИЗ ЕООД,Шумен,НОВИ ПАЗАР,Local Shop,Silver,Not Seasonal,At Home
103238,Бързо хранене ЕООД,Варна,ВАРНА,Local Shop,Gold,Not Seasonal,At Home
102028,БХ ВОДЕН ДУХ ЕООД,Варна,ВАРНА,Local Shop,Silver,Not Seasonal,At Home
101450,МОРЧЕВ ЕООД,Шумен,ШУМЕН,Local Shop,Silver,Not Seasonal,At Home
107204,БЪРЗО ХРАНЕНЕ ЛЕРМОНТОВ ЕООД,Варна,ПРОВАДИЯ,Superette,Silver,Not Seasonal,At Home
105819,БЪРЗО ХРАНЕНЕ ПАНОРАМА ЕООД,Варна,ВАРНА,Fast-food,Bronze,Not Seasonal,Out of Home
101634,УНИВЕРСАЛ БЪРЗО ХРАНЕНЕ ЕООД,Силистра,АЛФАТАР,Local Shop,Silver,Not Seasonal,At Home
101857,КРАКЕН ЕООД,Варна,ИГНАТИЕВО,Local Shop,Gold,Not Seasonal,At Home
105670,Павильон ЕООД,Варна,ВАРНА,Bar,Silver,Seasonal,Out of Home
101294,РАФИ ЕООД,Силистра,ТУТРАКАН,Cafe,Bronze,Not Seasonal,At Home
111051,ГОСТИЛНИЦА БЛАЖЕНЦИ ЕООД,Варна,ЗЛАТНИ ПЯСЪЦИ,Hotels,Silver,Seasonal,Out of Home
103086,СУПА ЕООД,Добрич,ЖЕГЛАРЦИ,Local Shop,Bronze,Not Seasonal,At Home
105297,ДЕЛФИН КАПАН ЕООД,Варна,ВАРНА,Cafe,Gold,Not Seasonal,Out of Home
101326,БЪРЗО ХРАНЕНЕ ЕНИГМА ЕООД,Варна,ЗЛАТНИ ПЯСЪЦИ,Nightclub,Silver,Seasonal,Out of Home
111228,ТАБЛА ЕООД,Добрич,КРАНЕВО,Hotels,Silver,Seasonal,Out of Home
104980,ТАБЛА ЕООД,Варна,ВАРНА,Cafe,Iron,Not Seasonal,Out of Home
101204,БРАВО ЕООД,Добрич,ДОБРИЧ,Cafe,Bronze,Not Seasonal,At Home
101207,ДЖЪМБО ЕООД,Добрич,ДОБРИЧ,Cafe,Bronze,Not Seasonal,At Home
101319,ТАБЛА ЕООД,Варна,ЗЛАТНИ ПЯСЪЦИ,Nightclub,Silver,Seasonal,Out of Home
100399,КАРАВАНА ПАРК ЕООД,Варна,ВАРНА,Supermarket,Silver,Not Seasonal,At Home
103239,ПАСТА ДЖИЛИ ЕООД,Варна,ВАРНА,Local Shop,Silver,Not Seasonal,At Home
106006,СЕМЕЙСТВО И ПРИЯТЕЛИ ЕООД,Варна,ВАРНА,Fast-food,Bronze,Not Seasonal,Out of Home
101141,БИСТРО ТОПОЛИТЕ ЕООД,Добрич,АЛБЕНА,Cafe,Bronze,Seasonal,At Home
101299,НАТАЛИ ЕООД,Варна,ПРОВАДИЯ,Cafe,Bronze,Not Seasonal,At Home
111127,ТРАХАНА ЕООД,Добрич,БАЛЧИК,Hotels,Silver,Seasonal,Out of Home
108948,ПАВИЛИОН ЗА РИБА ЕООД,Варна,СВ СВ КОНСТАНТИН И ЕЛЕНА,Hotels,Gold,Seasonal,Out of Home
106215,КАФЕ ЕООД,Шумен,ШУМЕН,Local Shop,Gold,Not Seasonal,At Home
109373,БЪРЗО ХРАНЕНЕ ЕНИГМА ЕООД,Варна,ВАРНА,Fast-food,Silver,Not Seasonal,Out of Home
102041,САЛАМАР ЕООД,Варна,ВАРНА,Local Shop,Silver,Not Seasonal,At Home
101953,БЪРЗО ХРАНЕНЕ БРИЗ ЕООД,Добрич,АЛБЕНА,Local Shop,Silver,Seasonal,At Home
101499,БЪРЗО ХРАНЕНЕ АВТОГАРА ЕООД,Шумен,ПРИСТОЕ,Local Shop,Silver,Not Seasonal,At Home
108922,ХЕПИ ГАРДЪН ЕООД,Варна,ЗЛАТНИ ПЯСЪЦИ,Hotels,Silver,Seasonal,Out of Home
101952,БАСЕЙН ЕООД,Добрич,КАВАРНА,Local Shop,Bronze,Seasonal,At Home
103269,ТЕНИС КЛУБ АВЕНЮ ЕООД,Добрич,ДОБРИЧ,Local Shop,Iron,Not Seasonal,At Home
101453,БМС БЪЛГАРСКА КУХНЯ ЕООД,Шумен,МАДАРА,Local Shop,Silver,Not Seasonal,At Home
103013,ОНУР УМУТ ЕООД ЕООД,Добрич,ДОБРИЧ,Local Shop,Silver,Not Seasonal,At Home
102024,БЪРЗО ХРАНЕНЕ ФОТИ ЕООД,Варна,ВАРНА,Local Shop,Silver,Not Seasonal,At Home
101609,БЪРЗО ХРАНЕНЕ ЕООД,Шумен,ШУМЕН,Local Shop,Silver,Not Seasonal,At Home
103088,АТЛАНТИК БЪРЗО ХРАНЕНЕ ЕООД,Добрич,ТЕРВЕЛ,Local Shop,Silver,Not Seasonal,At Home
104691,Палачинки ЕООД,Силистра,ДУЛОВО,Local Shop,Silver,Not Seasonal,At Home
102487,БЪРЗО ХРАНЕНЕ ПИРИН ЕООД,Шумен,ШУМЕН,Local Shop,Silver,Not Seasonal,At Home
107531,ХРУПКАВИЯ РАК ЕООД,Варна,ВАРНА,Restaurant,Bronze,Not Seasonal,Out of Home
106802,ПАВИЛЬОН БЪРЗО ХРАНЕНЕ ЕООД,Варна,ВАРНА,Nightclub,Iron,Not Seasonal,Out of Home
101623,Sweets group ЕООД,Шумен,НОВИ ПАЗАР,Local Shop,Gold,Not Seasonal,At Home
103370,КОРНЪР ЕООД,Варна,ВАРНА,Local Shop,Gold,Not Seasonal,At Home
106901,КАФЕ В ОБЩИНАТА ЕООД,Шумен,СМЯДОВО,Superette,Iron,Not Seasonal,At Home
106912,Кафе сладкарница ЕООД,Варна,ВАРНА,Superette,Iron,Not Seasonal,At Home
112025,СЛАДОЛЕД НЕСТЛЕ ЕООД,Варна,ПРОВАДИЯ,Local Shop,Silver,Not Seasonal,At Home
101094,КИТАЙСКА ХРАНА ТРОЙКАТА ЕООД,Варна,ДЕВНЯ,Cafe,Silver,Not Seasonal,At Home
101522,ФИШ И ЧИПС ЕООД,Шумен,ПРИСТОЕ,Local Shop,Iron,Not Seasonal,At Home
109835,БЪРЗО ХРАНЕНЕ ТОНИ И СТОЯН ЕООД,Варна,ВАРНА,Cafe,Gold,Not Seasonal,Out of Home
108878,БЪРЗО ХРАНЕНЕ ОЛИМПИЯ ЕООД,Варна,ЗЛАТНИ ПЯСЪЦИ,Hotels,Gold,Seasonal,Out of Home
101666,БЪРЗО ХРАНЕНЕ АВТОГАРА ЕООД,Шумен,ПЛИСКА,Local Shop,Silver,Not Seasonal,At Home
101445,МИШ МАШ ЕООД,Варна,БЕЛОСЛАВ,Local Shop,Gold,Not Seasonal,At Home
101435,БЪРЗО ХРАНЕНЕ НОВАТА БОРСА ЕООД,Варна,БЕЛОСЛАВ,Local Shop,Iron,Not Seasonal,At Home
103084,КАЛНИ МОМИЧЕТА ЕООД,Добрич,ТЕРВЕЛ,Local Shop,Bronze,Not Seasonal,At Home
107519,ГОЛДИ ЕООД,Варна,ВАРНА,Restaurant,Bronze,Seasonal,Out of Home
107520,ОКТОПОД ГРУП ЕООД,Варна,ВАРНА,Restaurant,Bronze,Not Seasonal,Out of Home
102025,Чайка ЕООД,Варна,ВАРНА,Local Shop,Silver,Not Seasonal,At Home
100421,БЛЕК СИЙ ФУУД ЕООД,Варна,ВАРНА,Supermarket,Bronze,Not Seasonal,At Home
105820,ОЛА ЕООД,Варна,ВАРНА,Fast-food,Silver,Not Seasonal,Out of Home
103021,ОЛА ЕООД,Разград,ИСПЕРИХ,Local Shop,Silver,Not Seasonal,At Home
101212,ЧИКО ЕООД,Добрич,ДОБРИЧ,Cafe,Bronze,Not Seasonal,At Home
106368,СУШИ ЕООД,Варна,ВАРНА,Cafe,Gold,Not Seasonal,Out of Home
101977,ВЕРОНА ЕООД,Варна,ВАРНА,Local Shop,Silver,Not Seasonal,At Home
106447,СЛАДЪК КАРТОФ ПАЗАР ЧАТАЛДЖА ЕООД,Варна,БЛЪСКОВО,Cafe,Iron,Not Seasonal,At Home
109659,ЛАФКА КАТ ЕООД,Варна,ВАРНА,Fast-food,Silver,Not Seasonal,Out of Home
101633,РИПИЙТ ЕООД,Силистра,СИЛИСТРА,Local Shop,Iron,Not Seasonal,At Home
106437,ТОНИ ЕООД,Варна,ВАРНА,Cafe,Iron,Not Seasonal,Out of Home
105805,ВКУСЛА ЕООД,Варна,ВАРНА,Fast-food,Silver,Not Seasonal,Out of Home
105000,ТОП ХАП ЕООД,Варна,ВАРНА,Cafe,Gold,Seasonal,Out of Home
101646,ИЛИЕВ ФУУД ЕООД,Силистра,СИЛИСТРА,Local Shop,Gold,Not Seasonal,At Home
103268,БОН АПЕТИТ ЕООД,Добрич,ДОБРИЧ,Local Shop,Silver,Not Seasonal,At Home
102016,СУШИ БОКС ЕООД,Варна,ВАРНА,Local Shop,Gold,Not Seasonal,At Home
101631,ГРИЛ КОКО ЕООД,Силистра,СРЕБЪРНА,Local Shop,Gold,Not Seasonal,At Home
111042,ЛЕ КЕФ ЕООД,Варна,ЗЛАТНИ ПЯСЪЦИ,Hotels,Gold,Not Seasonal,Out of Home
111864,ГЕРАКА ЕООД,Шумен,ШУМЕН,Superette,Iron,Not Seasonal,At Home
111032,ТАБЛАТА ЕООД,Варна,ЗЛАТНИ ПЯСЪЦИ,Hotels,Gold,Seasonal,Out of Home
101737,ХЪШОВЕ ЕООД,Шумен,ВЪРБИЦА,Local Shop,Silver,Not Seasonal,At Home
101573,SUGAR FREE HEALTHY FAST FOOD ЕООД,Шумен,НОВИ ПАЗАР,Local Shop,Iron,Not Seasonal,At Home
103060,ПАНТАСТИК ЕООД,Добрич,ЛОЗЕНЕЦ,Local Shop,Bronze,Not Seasonal,At Home
106218,ГОСТИЛНИЦА ПРИ ТОШКО ЕООД,Варна,ЗЛАТНИ ПЯСЪЦИ,Local Shop,Bronze,Seasonal,At Home
103028,OISHII SUSHI ЕООД,Добрич,ДОБРИЧ,Local Shop,Silver,Not Seasonal,At Home
111434,NUTRIO BAR - KNYAZ BORIS I BOULEVAR ЕООД,Варна,ЗЛАТНИ ПЯСЪЦИ,Restaurant,Bronze,Seasonal,Out of Home
103020,М ДЖИ ЕООД,Търговище,КАРДАМ,Local Shop,Silver,Not Seasonal,At Home
109317,ЗУЗИ ПЕКАРНА ЕООД,Варна,БЕЛОСЛАВ,Fast-food,Bronze,Not Seasonal,Out of Home
101568,TASTY BOX ТЕЙСТИ БОКС ЕООД,Шумен,ОСМАР,Local Shop,Iron,Not Seasonal,At Home
101617,КУХНЯ ЕООД,Шумен,ТРОИЦА,Local Shop,Bronze,Not Seasonal,At Home
109668,МЕНЮ ЕООД,Варна,ВАРНА,Fast-food,Bronze,Seasonal,Out of Home
103031,КИТАЙСКО БЪРЗО ХАПВАНЕ ЕООД,Добрич,ДОБРИЧ,Local Shop,Iron,Not Seasonal,At Home
111047,ВИКТРОЛА ФУУД ЕООД,Варна,ВАРНА,Hotels,Silver,Seasonal,Out of Home
100127,Дюнер Дружба ЕООД,Добрич,ДОБРИЧ,Local Shop,Bronze,Not Seasonal,At Home
108954,ВЕСИ ЕООД,Варна,ВАРНА,Hotels,Bronze,Seasonal,Out of Home
108886,ХРАНА ЗА ДОМА НА ПЕЧЕНО ЕООД,Варна,ЗЛАТНИ ПЯСЪЦИ,Hotels,Silver,Seasonal,Out of Home
102015,Суши ЕООД,Варна,ВАРНА,Local Shop,Gold,Not Seasonal,At Home
111219,ДАУЛДЖИЯТА ЕООД ЕООД,Варна,ВАРНА,Hotels,Silver,Seasonal,Out of Home
101653,РЕПИЙТ ЕООД,Силистра,АЙДЕМИР,Local Shop,Gold,Not Seasonal,At Home
109958,Краси ЕООД,Варна,ВАРНА,Cafe,Silver,Not Seasonal,Out of Home
106915,ХРАНА ЗА ДОМА ЕООД,Варна,ВАРНА,Superette,Iron,Not Seasonal,At Home
100379,ХРАНА ЗА ДОМА ЕООД,Добрич,БАЛЧИК,Supermarket,Gold,Seasonal,At Home
104855,Рибна лавка Гларус ЕООД,Варна,ПРОВАДИЯ,Cafe,Gold,Not Seasonal,Out of Home
104870,М ДЖИ ЕООД,Варна,ПРОВАДИЯ,Cafe,Gold,Not Seasonal,Out of Home
104824,МИКИ ЕООД,Варна,ПРОВАДИЯ,Cafe,Silver,Not Seasonal,Out of Home
111937,РИПИЙТ ЕООД,Варна,ВАРНА,Local Shop,Iron,Seasonal,At Home
111961,FOODHUB ЕООД,Добрич,ДОБРИЧ,Local Shop,Silver,Not Seasonal,At Home
101648,ВЕЛВЕТ фреш бар ЕООД,Силистра,СМИЛЕЦ,Local Shop,Silver,Not Seasonal,At Home
111863,ПП Успех ЕООД,Шумен,НОВИ ПАЗАР,Superette,Silver,Not Seasonal,At Home
101447,ТАЙЛАНДСКИ СЛАДОЛЕД ТУТИ ФРУТИ ЕООД,Варна,БЕЛОСЛАВ,Local Shop,Gold,Not Seasonal,At Home
111883,КЛАС ФУУД ЕООД,Добрич,ДОБРИЧ,Superette,Iron,Not Seasonal,At Home
105001,СТАР ПАУЪР ЕООД,Варна,ВАРНА,Cafe,Bronze,Not Seasonal,Out of Home
101132,HUNGRY BOYS ДЕЛТА МОЛ ЕООД,Варна,ВАРНА,Cafe,Silver,Not Seasonal,At Home
105810,БМКЦ ЕООД ЕООД,Варна,ВАРНА,Fast-food,Bronze,Not Seasonal,Out of Home
106527,МАНДЖЕРА ЕООД,Варна,ВАРНА,Cafe,Bronze,Not Seasonal,Out of Home
100320,ГОСТИЛНИЦА ХАПКАТА ЕООД,Шумен,БРАНИЧЕВО,Supermarket,Silver,Not Seasonal,At Home
101448,БЪРЗО ХРАНЕНЕ ЕООД,Варна,ТОПОЛИ,Local Shop,Silver,Not Seasonal,At Home
110212,MELLS KITCHEN ЕООД,Варна,ВАРНА,Fast-food,Iron,Not Seasonal,Out of Home
107373,GUSTO DEL MARE ЕООД,Варна,ВАРНА,Restaurant,Iron,Not Seasonal,Out of Home
101449,БАБИНИТЕ ГОЗБИ ЕООД,Варна,РАЗДЕЛНА,Local Shop,Bronze,Seasonal,At Home
111613,СКАРА КОЛЕДЕН БАЗАР ЕООД,Варна,ВАРНА,Fast-food,Iron,Seasonal,Out of Home
105003,КУЛИНАР ММ ЕООД,Варна,ВАРНА,Cafe,Bronze,Not Seasonal,Out of Home
105294,РЕПИЙТ ЕООД,Варна,ВАРНА,Cafe,Bronze,Not Seasonal,Out of Home
112043,МАНДЖИ ПИ АНДЖИ ЕООД,Добрич,КАВАРНА,Superette,Iron,Seasonal,At Home
102026,КЕБАПА ПАПА ГЕЙМ ХАУС ЕООД,Варна,ВАРНА,Local Shop,Silver,Not Seasonal,At Home
101832,ГРАНДЕ ПИЦА ЕООД,Варна,ВАРНА,Local Shop,Gold,Not Seasonal,At Home
107052,ТРАФИК ЕООД,Добрич,ДОБРИЧ,Superette,Silver,Not Seasonal,At Home
102014,Мариана 25 ЕООД,Варна,ВАРНА,Local Shop,Gold,Not Seasonal,At Home
104511,БИСТРО ЕООД,Варна,ПРОВАДИЯ,Local Shop,Silver,Not Seasonal,At Home
103330,БИСТРО ЕООД,Добрич,ДОБРИЧ,Local Shop,Silver,Not Seasonal,At Home
111122,БИСТРО ЕООД,Добрич,ТОПОЛА,Hotels,Gold,Seasonal,Out of Home
101847,БИСТРО ЕООД,Варна,ВАРНА,Local Shop,Gold,Not Seasonal,At Home
104540,Палачинки ЕООД,Варна,КАМЧИЯ,Local Shop,Bronze,Seasonal,At Home
111924,БИСТРО ЕООД,Шумен,ШУМЕН,Local Shop,Gold,Not Seasonal,At Home
109904,БИСТРО ЕООД,Варна,ВАРНА,Cafe,Silver,Not Seasonal,Out of Home
104877,БИСТРО АЛБАТРОС ЕООД,Варна,СУВОРОВО,Cafe,Silver,Not Seasonal,Out of Home
102027,БИСТРО ЕООД,Варна,ВАРНА,Local Shop,Gold,Not Seasonal,At Home
105806,НАПОЛИ ЕООД,Варна,ВАРНА,Fast-food,Bronze,Not Seasonal,Out of Home
111521,ЛОГАТЕРО ЕООД,Варна,ВАРНА,Restaurant,Iron,Not Seasonal,Out of Home
108572,БИСТРО КРИСТИНА ЕООД,Варна,ПРОВАДИЯ,Hotels,Iron,Not Seasonal,Out of Home
104513,БИСТРО ЕООД,Варна,ПРОВАДИЯ,Local Shop,Silver,Not Seasonal,At Home
100060,БИСТРО КАПАНА ЕООД,Варна,ПРОВАДИЯ,Local Shop,Silver,Not Seasonal,At Home
100348,БИСТРО ЕООД,Варна,ЕЗЕРОВО,Supermarket,Bronze,Not Seasonal,At Home
102034,КАПАН ПРИ МИТКО ЕООД,Варна,ВАРНА,Local Shop,Iron,Not Seasonal,At Home
105721,CooKing-градина ЕООД,Варна,ПРИСЕЛЦИ,Fast-food,Bronze,Seasonal,Out of Home
107333,Палачинки Весела уличка ЕООД,Варна,БЛИЗНАЦИ,Restaurant,Iron,Not Seasonal,Out of Home
106744,Яките палачинки ЕООД,Варна,ЗЛАТНИ ПЯСЪЦИ,Nightclub,Gold,Seasonal,Out of Home
105963,БИСТРО ЕООД,Варна,ВАРНА,Fast-food,Silver,Not Seasonal,Out of Home
103232,БИСТРО ЕООД,Варна,ВАРНА,Local Shop,Silver,Not Seasonal,At Home
103230,БИСТРО ЕООД,Варна,ВАРНА,Local Shop,Silver,Not Seasonal,At Home
111786,БИСТРО ЕООД,Варна,ЗЛАТНИ ПЯСЪЦИ,Bar,Gold,Seasonal,Out of Home
103090,БИСТРО ЕООД,Добрич,ТЕРВЕЛ,Local Shop,Iron,Not Seasonal,At Home
101599,БИСТРО ЕООД,Силистра,СИЛИСТРА,Local Shop,Bronze,Not Seasonal,At Home
101951,БИСТО ЕООД,Добрич,КАВАРНА,Local Shop,Silver,Not Seasonal,At Home
101928,БИСТРО ЕООД,Добрич,ШАБЛА,Local Shop,Gold,Not Seasonal,At Home
108020,БИСТРО ЕООД,Варна,ВАРНА,Restaurant,Silver,Seasonal,Out of Home
104541,БИСТРО ЕООД,Варна,КАМЧИЯ,Local Shop,Bronze,Seasonal,At Home
102247,Рибко ЕООД,Варна,ПРОВАДИЯ,Local Shop,Bronze,Not Seasonal,At Home
106749,БИСТРО ЕООД,Варна,ЗЛАТНИ ПЯСЪЦИ,Nightclub,Gold,Seasonal,Out of Home
100409,БИСТРО ЕООД,Варна,ВАРНА,Supermarket,Bronze,Seasonal,At Home
107057,МОРСКА КОТКА ЕООД,Варна,ВАРНА,Superette,Bronze,Not Seasonal,At Home
106436,БИСТРО ЕООД,Варна,ВАРНА,Cafe,Iron,Not Seasonal,Out of Home
106747,БИСТРО ЕООД,Варна,ЗЛАТНИ ПЯСЪЦИ,Nightclub,Silver,Seasonal,Out of Home
101419,БИСТРО ЕООД,Шумен,ШУМЕН,Local Shop,Gold,Not Seasonal,At Home
111249,БИСТРО ЕООД,Варна,ВАРНА,Fast-food,Silver,Not Seasonal,Out of Home
101316,БИСТРО ЕООД,Варна,ЗЛАТНИ ПЯСЪЦИ,Nightclub,Silver,Seasonal,Out of Home
102029,БИСТРО ЕООД,Варна,ВАРНА,Local Shop,Silver,Not Seasonal,At Home
101451,ОБЕКТ ЗА SDO ЕООД,Варна,ДЕВНЯ,Local Shop,Gold,Not Seasonal,At Home
104353,БЪРЗО ХРАНЕНЕ БУРГАСКИ ПАЗАРИ ЕООД,Разград,ЗАВЕТ,Local Shop,Bronze,Not Seasonal,At Home
106007,ФИШ ЕКСПРЕС ЕООД,Варна,ВАРНА,Fast-food,Silver,Not Seasonal,Out of Home
104317,КАПАНА ЕООД,Силистра,ЦАР САМУИЛ,Local Shop,Bronze,Not Seasonal,At Home
104419,БИСТРО ЕООД,Търговище,ВЕСЕЛЕЦ,Local Shop,Silver,Not Seasonal,At Home
104875,БИСТРО ЕООД,Варна,ДЕВНЯ,Cafe,Bronze,Seasonal,Out of Home
102023,МЕХАНА ДАРСИ ЕООД,Варна,ВАРНА,Local Shop,Gold,Not Seasonal,At Home
111593,БЪРЗО ХРАНЕНЕ ЕООД,Бургас,СВЕТИ ВЛАС,Fast-food,Silver,Seasonal,Out of Home
101949,ЛОЗЕНЕЦ ИНВЕСТ ЕООД,Добрич,ДУРАНКУЛАК,Local Shop,Silver,Not Seasonal,At Home
102013,БИСТРО ЕООД,Варна,ВАРНА,Local Shop,Gold,Not Seasonal,At Home
101954,АСТЕРИКС ЕООД,Добрич,КРАПЕЦ,Local Shop,Silver,Not Seasonal,At Home
101618,ПЕЧЕН КАРТОФ ЕООД,Шумен,ШУМЕН,Local Shop,Bronze,Not Seasonal,At Home
101676,БИСТРО ЕООД,Шумен,ШУМЕН,Local Shop,Bronze,Not Seasonal,At Home
111418,БИСТРО ЕООД,Варна,ЗЛАТНИ ПЯСЪЦИ,Restaurant,Silver,Seasonal,Out of Home
101217,БИСТРО ЕООД,Добрич,ДОБРИЧ,Cafe,Bronze,Seasonal,At Home
103360,БИСТРО ПРИЯТЕЛИ ЕООД,Варна,ВАРНА,Local Shop,Bronze,Not Seasonal,At Home
107518,БИСТРО ЕООД,Варна,ВАРНА,Restaurant,Silver,Not Seasonal,Out of Home
108946,ЕГО ЕООД,Варна,ВАРНА,Hotels,Bronze,Seasonal,Out of Home
100815,БИСТРО ЕООД,Варна,ВАРНА,Supermarket,Gold,Not Seasonal,At Home
103051,БЪРЗО ХРАНЕНЕ НОВ ГРАД ЕООД,Разград,ИСПЕРИХ,Local Shop,Silver,Not Seasonal,At Home
103349,ОБЕКТ ЗА SDO ЕООД,Варна,ВАРНА,Local Shop,Iron,Not Seasonal,At Home
101848,БЪРЗО ХРАНЕНЕ ЕООД,Варна,ВАРНА,Local Shop,Silver,Not Seasonal,At Home
101625,ЗЛАТНА РИБКА 2 ЕООД,Шумен,ШУМЕН,Local Shop,Gold,Not Seasonal,At Home
105838,АВТОБОРСА БЪРЗО ХРАНЕНЕ ЕООД,Варна,ВАРНА,Fast-food,Gold,Not Seasonal,Out of Home
101584,ТЪРТЪЛ ЕООД,Шумен,ВЪРБИЦА,Local Shop,Gold,Not Seasonal,At Home
101452,БИСТРО НАШЕНЦИ ЕООД,Варна,СУВОРОВО,Local Shop,Silver,Not Seasonal,At Home
111052,БИСТРО ЕООД,Варна,СВ СВ КОНСТАНТИН И ЕЛЕНА,Hotels,Gold,Seasonal,Out of Home
109666,СВЕТИ НИКОЛА ЕООД,Варна,ВАРНА,Fast-food,Gold,Not Seasonal,Out of Home
101600,ЗАВЕДЕНИЕ ЕООД,Шумен,ШУМЕН,Local Shop,Silver,Not Seasonal,At Home
105290,СТОЛА НА ТРАНСПОРТА-СОФИЯ ЕООД,Варна,ВАРНА,Cafe,Silver,Not Seasonal,Out of Home
100349,БИСТРО ЕООД,Варна,ДЕВНЯ,Supermarket,Silver,Not Seasonal,At Home
109837,АРГОНАФТ ЕООД,Варна,ВАРНА,Cafe,Iron,Not Seasonal,Out of Home
100040,РЕСТОРАНТ КСАНТАНА ЕООД,Варна,ВАРНА,Local Shop,Gold,Not Seasonal,At Home
101202,БИСТРО ЕООД,Добрич,ДОБРИЧ,Cafe,Iron,Not Seasonal,At Home
101203,БИСТРО ЕООД,Добрич,ДОБРИЧ,Cafe,Iron,Not Seasonal,At Home
100600,БИСТРО ЕООД,Бургас,СЛЪНЧЕВ БРЯГ,Supermarket,Gold,Seasonal,At Home
107492,БИСТРО ЕООД,Бургас,СВЕТИ ВЛАС,Restaurant,Silver,Seasonal,Out of Home
100417,ПРИ БАТ ДИНКО ЕООД,Варна,ВАРНА,Supermarket,Silver,Not Seasonal,At Home
105852,БИСТРО ЕООД,Варна,ВАРНА,Fast-food,Bronze,Not Seasonal,Out of Home
106811,БИСТРО ЕООД,Варна,ВАРНА,Nightclub,Bronze,Not Seasonal,Out of Home
109945,БИРАРИЯ МОРЕНИ ЕООД,Варна,ВАРНА,Cafe,Gold,Not Seasonal,Out of Home
108938,БИСТРО ЕООД,Варна,ВАРНА,Hotels,Gold,Seasonal,Out of Home
103130,БИСТРО ЕООД,Добрич,ТЕРВЕЛ,Local Shop,Gold,Not Seasonal,At Home
101433,ЙОВИ ЕООД,Варна,ВЕТРИНО,Local Shop,Gold,Not Seasonal,At Home
105815,ГОЛДЪН ФИШ ЕООД,Варна,ВАРНА,Fast-food,Silver,Not Seasonal,Out of Home
100889,БИСТРОТО ЕООД,Варна,ВАРНА,Supermarket,Iron,Not Seasonal,At Home
109397,БЛЕК СИЙ ЕООД,Варна,ВАРНА,Fast-food,Bronze,Not Seasonal,Out of Home
109664,БИСТРО ЕООД,Варна,ВАРНА,Fast-food,Iron,Not Seasonal,Out of Home
106008,БИСТРО ЕООД,Варна,ВАРНА,Fast-food,Silver,Not Seasonal,Out of Home
105004,МАГ ДАГ ЕООД,Варна,ВАРНА,Cafe,Iron,Not Seasonal,Out of Home
109669,Бързо хранене до рибко (срещу лидл) ЕООД,Варна,ВАРНА,Fast-food,Silver,Not Seasonal,Out of Home
100407,БИСТРО ЕООД,Варна,ВАРНА,Supermarket,Iron,Not Seasonal,At Home
109873,ДЮНЕР ЕООД,Варна,ЗЛАТНИ ПЯСЪЦИ,Restaurant,Gold,Seasonal,Out of Home
100414,БИСТРО НИКИ ЕООД,Варна,ЗЛАТНИ ПЯСЪЦИ,Supermarket,Gold,Seasonal,At Home
100410,БЛЕК СИЙ СТАР ЕООД,Варна,ЗЛАТНИ ПЯСЪЦИ,Supermarket,Gold,Seasonal,At Home
111057,БИСТРО ЕООД,Варна,СВ СВ КОНСТАНТИН И ЕЛЕНА,Hotels,Gold,Seasonal,Out of Home
111058,КРЪСТ ЕООД,Варна,СВ СВ КОНСТАНТИН И ЕЛЕНА,Hotels,Silver,Seasonal,Out of Home
111033,БИСТРО ЗДРАВЕЦ ЕООД,Варна,ВАРНА,Hotels,Silver,Not Seasonal,Out of Home
109874,ГОСТОПРИЕМНИЦА КОВАЧ ЕООД,Варна,ЗЛАТНИ ПЯСЪЦИ,Restaurant,Gold,Seasonal,Out of Home
111041,ПАЛАЧИНКИ ЕООД,Варна,ЗЛАТНИ ПЯСЪЦИ,Hotels,Silver,Seasonal,Out of Home
106209,СВЕТА АНАСТАСИЯ ЕООД,Силистра,СИЛИСТРА,Local Shop,Iron,Seasonal,At Home
103759,ОП ТУРИЗЪМ ЕООД,Варна,ВАРНА,Local Shop,Bronze,Not Seasonal,At Home
108027,ДУДЕНСКОТО ХАНЧЕ ЕООД,Варна,ВАРНА,Restaurant,Bronze,Not Seasonal,Out of Home
111072,БЪРЗО ХРАНЕНЕ АЛБАТРОС ЕООД,Бургас,ЦАРЕВО,Hotels,Gold,Seasonal,Out of Home
105288,БЪРЗО ХРАНЕНЕ ЕООД,Варна,ВАРНА,Cafe,Silver,Seasonal,Out of Home
101317,АНДЕЛА СТОЛ ЕООД,Варна,ВАРНА,Nightclub,Iron,Not Seasonal,Out of Home
108942,ПРИ БАЙ КОЛЬО ЕООД,Варна,ВАРНА,Hotels,Bronze,Seasonal,Out of Home
105005,БИРАРИЯ КРУШЕВЕЦ ЕООД,Варна,ВАРНА,Cafe,Bronze,Seasonal,Out of Home
101549,РИБАРНИЦА ЕООД,Шумен,ХИТРИНО,Local Shop,Gold,Not Seasonal,At Home
109767,Р-Т БЪРЗО ХРАНЕНЕ ЕООД,Варна,ПАДИНА,Hotels,Iron,Not Seasonal,Out of Home
100870,БУНГАЛА КАЗА МИА ЕООД,Варна,ВАРНА,Supermarket,Bronze,Not Seasonal,At Home
103332,БИСТРО БОРУНА ЕООД,Добрич,ДОБРИЧ,Local Shop,Silver,Not Seasonal,At Home
101969,ЗБХ ЗОИ ЕООД,Добрич,ДОБРИЧ,Local Shop,Silver,Not Seasonal,At Home
101947,ИЛМАР ПЪРЖЕНА РИБА ЕООД,Добрич,КРАНЕВО,Local Shop,Bronze,Seasonal,At Home
104817,К-М 11 ЕООД,Варна,БЕЛОСЛАВ,Cafe,Gold,Not Seasonal,Out of Home
106198,БЪРЗО ХРАНЕНЕ ЕООД,Шумен,ШУМЕН,Local Shop,Gold,Not Seasonal,At Home
102031,ПЪРЖЕНА РИБА ЕООД,Варна,ВАРНА,Local Shop,Gold,Not Seasonal,At Home
100042,ЗБХ ЕООД,Добрич,СТОЖЕР,Local Shop,Silver,Not Seasonal,At Home
106359,БЪРЗО ХРАНЕНЕ ГРОШ ЕООД,Варна,ВАРНА,Cafe,Bronze,Not Seasonal,Out of Home
107376,КАФЕ ВАЯ ЕООД,Варна,ВАРНА,Restaurant,Gold,Not Seasonal,Out of Home
101748,БИСТРО ТРИТЕ БОРА ЕООД,Шумен,ВЕЛИКИ ПРЕСЛАВ,Local Shop,Bronze,Not Seasonal,At Home
112040,БЪРЗО ХРАНЕНЕ ВКУСНО ЕООД,Варна,ВАРНА,Superette,Bronze,Not Seasonal,At Home
102017,БИСТРО КОНДОСКА ЕООД,Варна,ВАРНА,Local Shop,Bronze,Not Seasonal,At Home
112044,ЗБХ ДО МАГНУС ЕООД,Варна,ВАРНА,Superette,Bronze,Not Seasonal,At Home
103272,Б-РО КАМЕЯ ЕООД,Добрич,БАТОВО,Local Shop,Bronze,Seasonal,At Home
103295,ЗБХ АНДЕЛА ЕООД,Добрич,БАТОВО,Local Shop,Gold,Not Seasonal,At Home
103367,МАРИОС ЕООД,Варна,ВАРНА,Local Shop,Bronze,Not Seasonal,At Home
103758,НОН СТОП 21 МАГ 3 ЕООД,Варна,ВАРНА,Local Shop,Gold,Not Seasonal,At Home
103763,КРАЛЕВ ЕООД,Варна,ВАРНА,Local Shop,Silver,Not Seasonal,At Home
100723,ДОМЕН БОЯР ЕООД,Добрич,ОБРОЧИЩЕ,Supermarket,Silver,Not Seasonal,At Home
101136,НОН СТОП 21 МАГ5 ЕООД,Добрич,БАЛЧИК,Cafe,Silver,Not Seasonal,At Home
100020,ЙОРУС 6 ЕООД,Шумен,ШУМЕН,Local Shop,Bronze,Not Seasonal,At Home
106232,ЕЛИСЪОР ЕООД,Добрич,ДУРАНКУЛАК,Local Shop,Gold,Not Seasonal,At Home
100821,Табак бутик ЕООД,Варна,ВАРНА,Supermarket,Gold,Not Seasonal,At Home
103844,ШЕНАЙ ЕООД,Варна,ВАРНА,Local Shop,Bronze,Not Seasonal,At Home
103299,ЙОРУС 2 ЕООД,Добрич,ДОБРИЧ,Local Shop,Silver,Not Seasonal,At Home
106203,ЕСТЕРА ГРУП ЕООД,Шумен,ШУМЕН,Local Shop,Silver,Not Seasonal,At Home
105823,МАГАТ АЛКОХОЛ ЕООД,Варна,ВАРНА,Fast-food,Silver,Not Seasonal,Out of Home
105454,МАРТИБО ЕООД,Варна,ВАРНА,Cafe,Gold,Seasonal,Out of Home
101550,ПИДИ ЕООД,Шумен,ВЕНЕЦ,Local Shop,Gold,Not Seasonal,At Home
101845,КАСК РЕЗЕРВ ЕООД,Добрич,ПРЕСЕЛЕНЦИ,Local Shop,Bronze,Not Seasonal,At Home
103356,МАГАЗИН ЕООД,Варна,ВАРНА,Local Shop,Bronze,Not Seasonal,At Home
101318,ТАБАКО БУТИК ЕООД,Варна,ЗЛАТНИ ПЯСЪЦИ,Nightclub,Silver,Seasonal,Out of Home
111435,МАГАЗИН ПИНКО ЕООД,Варна,ЗЛАТНИ ПЯСЪЦИ,Restaurant,Silver,Seasonal,Out of Home
107528,ЙОРУС 1 ЕООД,Варна,ИГНАТИЕВО,Restaurant,Gold,Not Seasonal,Out of Home
106759,ARARAT ЕООД,Варна,ЗЛАТНИ ПЯСЪЦИ,Nightclub,Silver,Seasonal,Out of Home
106745,СОНИТА ЕООД,Варна,ЗЛАТНИ ПЯСЪЦИ,Nightclub,Silver,Seasonal,Out of Home
110636,МХС ЕООД,Варна,ЗЛАТНИ ПЯСЪЦИ,Restaurant,Gold,Seasonal,Out of Home
110634,АЛКОХОЛ И ЦИГАРИ ЕООД,Варна,ЗЛАТНИ ПЯСЪЦИ,Restaurant,Gold,Seasonal,Out of Home
111783,МАГАЗИН ЛУЧАНО ЕООД,Варна,ЗЛАТНИ ПЯСЪЦИ,Bar,Gold,Seasonal,Out of Home
103301,АКАПУЛКО ЕООД,Добрич,ДОБРИЧ,Local Shop,Bronze,Not Seasonal,At Home
104692,ИНФИНИТИ ШОП ЕООД,Силистра,ТУТРАКАН,Local Shop,Gold,Not Seasonal,At Home
109395,МАКС ШОПС ЕООД,Варна,ВАРНА,Fast-food,Silver,Not Seasonal,Out of Home
104551,МАГАЗИН ЕООД,Варна,ПРИСЕЛЦИ,Local Shop,Gold,Not Seasonal,At Home
111037,ДЕЛФИН ЕООД,Варна,ЗЛАТНИ ПЯСЪЦИ,Hotels,Silver,Seasonal,Out of Home
101463,МАГАЗИН ЕООД,Варна,ВЪЛЧИ ДОЛ,Local Shop,Gold,Not Seasonal,At Home
109232,ГРАНТС ЕООД,Варна,ВАРНА,Bar,Silver,Seasonal,Out of Home
102011,МАГАЗИН ЕООД,Варна,ВАРНА,Local Shop,Gold,Seasonal,At Home
108024,МАГАЗИН ЗА АЛКОХОЛ И ЦИГАРИ ЕООД,Варна,ВАРНА,Restaurant,Silver,Seasonal,Out of Home
100039,ШОП ЕООД,Добрич,СТОЖЕР,Local Shop,Silver,Not Seasonal,At Home
103292,М-Н ЗА АЛКОХОЛ ДЖЕМА ЕООД,Добрич,ПОЛКОВНИК СВЕЩАРОВО,Local Shop,Bronze,Not Seasonal,At Home
102256,ДЕЛФИНА ЕООД,Варна,ПРОВАДИЯ,Local Shop,Silver,Not Seasonal,At Home
101478,ХР СТОКИ ЕООД,Варна,БЕЛОСЛАВ,Local Shop,Bronze,Not Seasonal,At Home
101466,"АЛКОХОЛ, ЦИГАРИ,КАФЕ ЕООД",Варна,БЕЛОСЛАВ,Local Shop,Gold,Not Seasonal,At Home
110107,ОДИСЕЙ ЕООД,Варна,ЗЛАТНИ ПЯСЪЦИ,Fast-food,Gold,Seasonal,At Home
107522,АЛКОХОЛ И ЦИГАРИ ЕООД,Варна,ВАРНА,Restaurant,Iron,Not Seasonal,Out of Home
102010,ВИНЕН МАГАЗИН ЕООД,Варна,ЗЛАТНИ ПЯСЪЦИ,Local Shop,Gold,Seasonal,At Home
101858,МАГАЗИН АМБРОЗИА МАРИНА ДИНЕВИ ЕООД,Варна,ОСЕНОВО,Local Shop,Iron,Not Seasonal,At Home
107313,МПС ЕООД,Варна,ЗДРАВЕЦ,Restaurant,Bronze,Not Seasonal,Out of Home
100397,СМ ЖУЛИЕТА ЕООД,Варна,ВАРНА,Supermarket,Iron,Not Seasonal,At Home
111038,БИЛЯНА ДЕЛУКС ЕООД,Варна,ЗЛАТНИ ПЯСЪЦИ,Hotels,Gold,Seasonal,Out of Home
104820,МАГАЗИН ЕООД,Варна,ЗЛАТНИ ПЯСЪЦИ,Cafe,Silver,Seasonal,Out of Home
109937,МПС ЕООД,Варна,ВАРНА,Cafe,Bronze,Not Seasonal,Out of Home
104986,МАГАЗИН ФАИВ ЕООД,Варна,ВАРНА,Cafe,Silver,Not Seasonal,Out of Home
108892,МХС МАРИНА ЕООД,Варна,ВАРНА,Hotels,Silver,Seasonal,Out of Home
106948,МАГАЗИН ЗА ХР СТОКИ АМФОРА ЕООД,Добрич,ПОЛКОВНИК ДЯКОВО,Superette,Bronze,Not Seasonal,At Home
104801,АЛКОХОЛЕН МАГАЗИН АВЕНЮ ЦЕНТЪР ЕООД,Варна,КИЧЕВО,Cafe,Silver,Not Seasonal,At Home
108957,МПС Йоана ЕООД,Варна,ВАРНА,Hotels,Bronze,Not Seasonal,Out of Home
108939,ТО БО ООД ЕООД,Варна,ВАРНА,Hotels,Gold,Seasonal,Out of Home
101327,ТО БО ЕООД,Варна,ЗЛАТНИ ПЯСЪЦИ,Nightclub,Silver,Seasonal,Out of Home
109774,САНИ М БГ ЕООД ЕООД,Варна,ВАРНА,Hotels,Bronze,Seasonal,Out of Home
102020,ДАРК ДРИНКС ЕООД,Варна,ВАРНА,Local Shop,Silver,Not Seasonal,At Home
101271,ГРАНДЕ ЕООД,Бургас,СОЗОПОЛ,Cafe,Silver,Seasonal,At Home
108506,БЕНСТА ЕООД,Бургас,ПРИМОРСКО,Restaurant,Gold,Seasonal,Out of Home
111808,ЛАЙТС ООД ЕООД,Варна,ВАРНА,Bar,Iron,Not Seasonal,Out of Home
106366,МАГАЗИН ЕООД,Варна,ВАРНА,Cafe,Silver,Not Seasonal,Out of Home
101098,ФУЕГО ЕООД,Шумен,МАДАРА,Cafe,Iron,Not Seasonal,At Home
102009,КИН 67 ЕООД,Варна,ЗЛАТНИ ПЯСЪЦИ,Local Shop,Silver,Seasonal,At Home
101468,ТРАФИК ЕООД,Варна,ТРЪСТИКОВО,Local Shop,Silver,Not Seasonal,At Home
101946,ЛАЙТС ООД ЕООД,Добрич,БЕЛГУН,Local Shop,Bronze,Not Seasonal,At Home
101996,ТО БО ООД ЕООД,Варна,ВАРНА,Local Shop,Silver,Not Seasonal,At Home
105285,ЛАЙТС ООД ЕООД,Варна,ВАРНА,Cafe,Silver,Not Seasonal,Out of Home
103804,Coffee shop Centro ЕООД,Варна,БОТЕВО,Local Shop,Bronze,Not Seasonal,At Home
101837,Ф ШОП ЕООД,Добрич,СПАСОВО,Local Shop,Iron,Not Seasonal,At Home
105801,ЛАЙТС ЕООД,Варна,ВАРНА,Fast-food,Silver,Not Seasonal,Out of Home
105809,ЛАЙТС БОРДО ЕООД,Варна,ВАРНА,Fast-food,Silver,Not Seasonal,Out of Home
101469,TFS RUSE DANUBE BRIDGE ЕООД,Варна,ПАДИНА,Local Shop,Gold,Not Seasonal,At Home
106380,МАГАЗИН ИЗБА ПИРГОВО ЕООД,Варна,ВАРНА,Cafe,Silver,Not Seasonal,Out of Home
103290,СУПЕРМАРКЕТ 24/7 ЕООД,Добрич,ПЛАЧИДОЛ,Local Shop,Silver,Not Seasonal,At Home
102007,ЛАЙТС ЕООД,Варна,ВАРНА,Local Shop,Gold,Not Seasonal,At Home
101945,ДЕНОНОЩЕН МАГАЗИН ЕВОМАГ РИЛА ЕООД,Добрич,БАЛЧИК,Local Shop,Gold,Not Seasonal,At Home
101547,ГО ШОП ЕООД,Шумен,НОВИ ПАЗАР,Local Shop,Iron,Not Seasonal,At Home
105799,ТАБАКО ЕООД,Варна,ВАРНА,Fast-food,Silver,Not Seasonal,Out of Home
109828,ВИНЕЯ ЕООД,Варна,ВАРНА,Cafe,Silver,Seasonal,Out of Home
101471,КАФЕ ЦИГАРИ АЛКОХОЛ ЕООД,Варна,ТОПОЛИ,Local Shop,Silver,Not Seasonal,At Home
101809,МАГАЗИН ЕООД,Варна,ВАРНА,Local Shop,Gold,Not Seasonal,At Home
109631,МПС САНИ ЕООД,Варна,ВАРНА,Fast-food,Iron,Not Seasonal,Out of Home
110532,ТАБАКО ШОП ЕООД,Варна,ВАРНА,Fast-food,Silver,Not Seasonal,Out of Home
109376,МХС ПЕРЛА-АМФИТЕАТЪР ЕООД,Варна,ВАРНА,Fast-food,Gold,Not Seasonal,Out of Home
100411,МИО АМИКО ЕООД,Варна,ВАРНА,Supermarket,Gold,Not Seasonal,At Home
101652,АЙВА 2020 ЕООД,Силистра,СИЛИСТРА,Local Shop,Iron,Not Seasonal,At Home
105286,ПАКО ЕООД,Варна,ВАРНА,Cafe,Iron,Not Seasonal,Out of Home
104872,ХАРЕМ ЕООД,Варна,ЧЕРНЕВО,Cafe,Silver,Not Seasonal,Out of Home
107338,НИКОТИН ЕООД,Варна,ДЕВНЯ,Restaurant,Bronze,Seasonal,Out of Home
106476,ТАБАК ЕООД,Варна,БЕЛОСЛАВ,Cafe,Bronze,Not Seasonal,Out of Home
104829,ТАБАКО ШОП ЕООД,Варна,ВАРНА,Cafe,Gold,Not Seasonal,Out of Home
111421,РОС 52 ЕООД ЕООД,Варна,ВАРНА,Restaurant,Gold,Seasonal,Out of Home
111423,РОМА 2014 ЕООД ЕООД,Варна,ЗЛАТНИ ПЯСЪЦИ,Restaurant,Gold,Seasonal,Out of Home
101836,МАГАЗИН ЗА АЛКОХОЛ И ЦИГАРИ АЙВА ЕООД,Добрич,ДОБРИЧ,Local Shop,Gold,Not Seasonal,At Home
101835,ТРАВЕЛ ШОП ЕООД,Добрич,СПАСОВО,Local Shop,Bronze,Not Seasonal,At Home
101087,ЕНОТЕКА ЕООД,Шумен,НОВИ ПАЗАР,Cafe,Gold,Not Seasonal,At Home
106633,Б Б ПРЕМИЕР ЕООД,Варна,ВАРНА,Superette,Silver,Not Seasonal,At Home
101752,ПЛОД ЗЕЛЕНЧУК ЕООД,Шумен,САЛМАНОВО,Local Shop,Bronze,Seasonal,At Home
101762,АЛКОХОЛ И ЦИГАРИ ЕООД,Шумен,ДИБИЧ,Local Shop,Silver,Not Seasonal,At Home
101840,DIFFERENT TABACCO AND LIQUOR ЕООД,Добрич,КРУШАРИ,Local Shop,Bronze,Not Seasonal,At Home
102238,КАРОЛИНА ЕООД,Варна,БЪРЗИЦА,Local Shop,Iron,Not Seasonal,At Home
102008,МАГАЗИН ЕООД,Варна,ЗЛАТНИ ПЯСЪЦИ,Local Shop,Bronze,Seasonal,At Home
101754,ПЕНЕЛОПА ЕООД,Шумен,ИЛИЯ БЛЪСКОВО,Local Shop,Silver,Not Seasonal,At Home
101651,ОВИОН ЕООД,Силистра,ПРОФЕСОР ИШИРКОВО,Local Shop,Gold,Not Seasonal,At Home
101650,М-Н ЗА АЛКОХОЛ ЕООД,Силистра,ПРОФЕСОР ИШИРКОВО,Local Shop,Gold,Not Seasonal,At Home
106208,МПС ЕООД,Шумен,ВЪРБИЦА,Local Shop,Silver,Not Seasonal,At Home
111787,СКЛАД НА ЕДРО ЕООД,Варна,ЗЛАТНИ ПЯСЪЦИ,Bar,Gold,Seasonal,Out of Home
104977,М-Н АРАЛИЯ 2 ЕООД,Варна,ВАРНА,Cafe,Silver,Not Seasonal,Out of Home
104997,М-Н ЗА АЛКОХОЛ ЕООД,Варна,ВАРНА,Cafe,Gold,Seasonal,Out of Home
106741,ПРОФИ ЕООД,Варна,ЗЛАТНИ ПЯСЪЦИ,Nightclub,Gold,Seasonal,Out of Home
106746,СПЕЦИАЛИЗИРАН МАГАЗИН ЕООД,Варна,ЗЛАТНИ ПЯСЪЦИ,Nightclub,Gold,Seasonal,Out of Home
101434,DUTY FREE SHOP ЕООД,Варна,ВЕТРИНО,Local Shop,Gold,Not Seasonal,At Home
111015,ТЕД ШОП ЕООД,Варна,СВ СВ КОНСТАНТИН И ЕЛЕНА,Hotels,Silver,Seasonal,Out of Home
101756,МХС ЕООД,Шумен,ШУМЕН,Local Shop,Bronze,Not Seasonal,At Home
108888,МПС ЕООД,Варна,ВАРНА,Hotels,Silver,Seasonal,Out of Home
111612,МПС ЕООД,Варна,ВАРНА,Fast-food,Iron,Not Seasonal,Out of Home
106921,РИБЕН МАГАЗИН ЕООД,Варна,ВАРНА,Superette,Gold,Not Seasonal,At Home
103250,МПС ЕООД,Добрич,ДОБРИЧ,Local Shop,Bronze,Not Seasonal,At Home
102250,МПС ЕООД,Варна,БЛЪСКОВО,Local Shop,Silver,Not Seasonal,At Home
101806,МПС ЕООД,Варна,ВАРНА,Local Shop,Iron,Not Seasonal,At Home
103853,ЛУМИНАРИ ЕООД,Варна,ВАРНА,Local Shop,Bronze,Not Seasonal,At Home
110638,ГАЛА ТРЕЙД ЕООД,Варна,ЗЛАТНИ ПЯСЪЦИ,Restaurant,Gold,Seasonal,Out of Home
107051,ЦЕНТРАЛ 4 ЕООД,Добрич,ДОБРИЧ,Superette,Bronze,Not Seasonal,At Home
100016,ЛОТОС ЕООД,Шумен,ШУМЕН,Local Shop,Bronze,Not Seasonal,At Home
109881,МПС ТОНИ ЕООД,Варна,ВАРНА,Restaurant,Gold,Seasonal,Out of Home
101914,СТОП ШОП ЕООД,Добрич,АЛБЕНА,Local Shop,Gold,Seasonal,At Home
101108,МАГАЗИН АБСОЛЮТ ЕООД,Шумен,ХИТРИНО,Cafe,Silver,Not Seasonal,At Home
107391,КОРНЕР ШОП ЕООД,Варна,ЗЛАТНИ ПЯСЪЦИ,Restaurant,Gold,Seasonal,Out of Home
111011,ЕС ВИКТОР ООД ЕООД,Варна,ВАРНА,Hotels,Silver,Seasonal,Out of Home
103354,ШОК ШОП ЕООД,Варна,ВАРНА,Local Shop,Iron,Not Seasonal,At Home
102113,ТЪРГОВСКИ ЦЕНТЪР БИЛЯНА ЕООД,Варна,ВАРНА,Local Shop,Gold,Not Seasonal,At Home
104329,МПС ЕООД,Разград,ПРЕЛЕЗ,Local Shop,Bronze,Not Seasonal,At Home
109378,НАЙС 09 ЕООД,Варна,ВАРНА,Fast-food,Gold,Not Seasonal,Out of Home
107352,ИНОНА ЕООД,Варна,КАМЧИЯ,Restaurant,Bronze,Seasonal,Out of Home
111014,ПАКЕТИРАНИ СТОКИ ЕООД,Варна,ВАРНА,Hotels,Silver,Seasonal,Out of Home
109834,АЛЕКС ПЛОД ЕООД,Варна,ВАРНА,Cafe,Iron,Not Seasonal,Out of Home
100053,МПС ЕООД,Варна,РОЯК,Local Shop,Bronze,Not Seasonal,At Home
101139,МАГАЗИН-СТАН ЕООД,Варна,ВАРНА,Cafe,Bronze,Not Seasonal,At Home
104371,ХР СТОКИ ЕООД,Разград,ЮПЕР,Local Shop,Gold,Not Seasonal,At Home
106013,ПАК. СТОКИ СРЕЩУ ЧЕРНО МОРЕ ЕООД,Варна,ВАРНА,Fast-food,Silver,Not Seasonal,Out of Home
104857,МАГАЗИН ГАЛА ТРЕЙД ЕООД,Варна,ДОБРОПЛОДНО,Cafe,Silver,Not Seasonal,Out of Home
111515,МЕРИ ЕООД,Варна,ВАРНА,Restaurant,Silver,Not Seasonal,Out of Home
103171,ЕНЕРДЖИ БОКС ЕООД,Разград,ГОЛЯМ ПОРОВЕЦ,Local Shop,Gold,Not Seasonal,At Home
101871,ЕНЕРДЖИ БОКС 2 ЕООД,Добрич,КРАПЕЦ,Local Shop,Silver,Seasonal,At Home
106411,МАГАЗИН ЕООД,Варна,ВАРНА,Cafe,Bronze,Not Seasonal,Out of Home
109890,ПЪРВИ ПЕТЛИ ЕООД,Варна,ВАРНА,Cafe,Silver,Not Seasonal,Out of Home
108034,АБСОЛЮТ ЕООД,Варна,ВАРНА,Restaurant,Bronze,Seasonal,Out of Home
108890,ПЪРВИ ПЕТЛИ ЕООД,Варна,ВАРНА,Hotels,Bronze,Seasonal,Out of Home
101107,ПЪРВИ ПЕТЛИ ЕООД,Шумен,ВЪРБИЦА,Cafe,Gold,Not Seasonal,At Home
111289,ВАЙС ШОП ЕООД,Варна,ВАРНА,Fast-food,Silver,Not Seasonal,Out of Home
106202,АЛКОХОЛ И ЦИГАРИ ЕООД,Шумен,ШУМЕН,Local Shop,Gold,Not Seasonal,At Home
101757,ДОН ДЖОЛАН ЕООД,Шумен,СМЯДОВО,Local Shop,Iron,Not Seasonal,At Home
109765,Делфинариум ЕООД,Варна,БАНОВО,Hotels,Bronze,Seasonal,Out of Home
104693,РЕСТОРАНТ ЕООД,Силистра,ОВЕН,Local Shop,Silver,Not Seasonal,At Home
105818,СТОЛОВА ЕООД,Варна,ВАРНА,Fast-food,Bronze,Seasonal,Out of Home
111018,ЖАР ЕООД,Варна,ВАРНА,Hotels,Gold,Seasonal,Out of Home
109223,СТОПАНСКИ ДВОР ЕООД,Варна,КИЧЕВО,Bar,Bronze,Seasonal,At Home
105720,ЛАФКА ЕООД,Варна,ДЕВНЯ,Fast-food,Silver,Not Seasonal,Out of Home
111827,СИЙСТАР ЕООД,Варна,ДЕВНЯ,Restaurant,Gold,Not Seasonal,Out of Home
103251,КАФЕ АРИЕС ЕООД,Добрич,ДОБРИЧ,Local Shop,Silver,Not Seasonal,At Home
104880,КАФЕ МАДЖУРОВ ЕООД,Варна,ПРОВАДИЯ,Cafe,Silver,Not Seasonal,Out of Home
101474,СТОЛ СЛАДКАР ЕООД,Варна,БЕЛОСЛАВ,Local Shop,Iron,Seasonal,At Home
101649,СЕРВИЗ ЕООД,Силистра,СИЛИСТРА,Local Shop,Silver,Not Seasonal,At Home
103223,ВИСТА ЕООД,Варна,ВАРНА,Local Shop,Gold,Not Seasonal,At Home
100728,БЮФЕТ ЕООД,Варна,ВАРНА,Supermarket,Silver,Not Seasonal,At Home
104866,ШАЙН ЕООД,Варна,ПРОВАДИЯ,Cafe,Gold,Not Seasonal,Out of Home
106911,РАЙ КАФЕ ЕООД,Варна,ВАРНА,Superette,Silver,Not Seasonal,At Home
101144,СТОЛ ЕООД,Добрич,ДОБРИЧ,Cafe,Iron,Not Seasonal,At Home
106201,КЛУБ ВУНДЕРКИН ЕООД,Шумен,ШУМЕН,Local Shop,Silver,Not Seasonal,At Home
111939,БЮФЕТ ЕООД,Варна,ВАРНА,Local Shop,Gold,Not Seasonal,At Home
103795,ИНТЕРКОМ ЕООД,Варна,ВАРНА,Local Shop,Silver,Not Seasonal,At Home
111912,АЛЕК СПОРТ ЕООД,Варна,ДЕВНЯ,Superette,Iron,Not Seasonal,At Home
109768,СТОЛ ЕООД,Варна,ПРОВАДИЯ,Hotels,Bronze,Not Seasonal,Out of Home
100416,МЕГАЛАН ЕООД,Варна,ВАРНА,Supermarket,Gold,Not Seasonal,At Home
101768,ИНТЕРАУТО ЕООД,Шумен,ИВАНСКИ,Local Shop,Bronze,Not Seasonal,At Home
104979,ПАНОРАМА ДРИЙМС ЕООД,Варна,ВАРНА,Cafe,Bronze,Not Seasonal,Out of Home
102611,СЕТРАЛ ПАРК СТОР ЕООД,Русе,СМИРНЕНСКИ,Local Shop,Gold,Not Seasonal,At Home
103363,ДЕНМАР ЕООД,Варна,ВАРНА,Local Shop,Gold,Not Seasonal,At Home
101975,АВТОЦЕНТЪР ЕООД,Варна,ВАРНА,Local Shop,Gold,Not Seasonal,At Home
112107,СИТРОЕН ЕООД,Варна,ВАРНА,Superette,Iron,Not Seasonal,Out of Home
111940,СЕРВИЗ АУТОКОМ ЕООД,Варна,ВАРНА,Local Shop,Gold,Not Seasonal,At Home
103213,БУРГАС КОМЕРС ЕООД,Добрич,ДОБРИЧ,Local Shop,Silver,Not Seasonal,At Home
110836,БЪРЗО ХРАНЕНЕ ЛУКОЙЛ ЕООД,Варна,ВАРНА,Restaurant,Gold,Not Seasonal,Out of Home
101475,ЩАБ НА ФЛОТА ЕООД,Варна,БРЕСТАК,Local Shop,Iron,Not Seasonal,At Home
112041,СТОЛ ВИК ЕООД,Варна,ВАРНА,Superette,Iron,Not Seasonal,At Home
112036,ОФИС МАКС ТРАНС ЕООД,Шумен,ВЪЛНАРИ,Superette,Bronze,Not Seasonal,At Home
100328,АКЦЕНТ ЕООД,Шумен,ПРИСТОЕ,Supermarket,Silver,Not Seasonal,At Home
101553,ВСУ ЧЕРНОРИЗЕЦ ХРАБЪР ЕООД,Шумен,КЛИМЕНТ,Local Shop,Silver,Not Seasonal,At Home
104976,КРЪГЛАТА БАНКА ЕООД,Варна,ВАРНА,Cafe,Iron,Seasonal,Out of Home
104694,МОСТРЕНА ЗАЛА ЛИВ СИСТЕМС ЕООД,Силистра,ПРАВДА,Local Shop,Iron,Not Seasonal,At Home
101974,ДЕНТА ПРАЙМ ЕООД,Варна,ВАРНА,Local Shop,Silver,Not Seasonal,At Home
104695,АУТОМОТОР ЕООД,Силистра,ЗАФИРОВО,Local Shop,Bronze,Not Seasonal,At Home
101288,ПОДЕЛЕНИЕ ЕООД,Силистра,ОКОРШ,Cafe,Iron,Not Seasonal,At Home
106228,ОФИС ЕООД,Варна,ВАРНА,Local Shop,Bronze,Not Seasonal,At Home
107515,ГАЛИН ХРИСТОВ ЕООД,Варна,ВАРНА,Restaurant,Bronze,Not Seasonal,Out of Home
104374,ВЕНДИНГ МАШИНА ЕООД,Разград,СЕВАР,Local Shop,Silver,Not Seasonal,At Home
104846,ПАЛ ОИЛ БЕНЗИНОСТАНЦИЯ ЕООД,Варна,ВЕТРИНО,Cafe,Silver,Not Seasonal,Out of Home
104830,Авточасти ЕООД,Варна,ЗЛАТНИ ПЯСЪЦИ,Cafe,Silver,Seasonal,Out of Home
104827,ТРИМАТА МУСКЕТАРИ ЕООД,Варна,ЗЛАТНИ ПЯСЪЦИ,Cafe,Gold,Seasonal,Out of Home
101201,АУТО ЕООД,Добрич,ДОБРИЧ,Cafe,Bronze,Not Seasonal,At Home
111427,КАРМЕЛА ЕООД,Варна,ЗЛАТНИ ПЯСЪЦИ,Restaurant,Silver,Seasonal,Out of Home
106743,КОРАБОРЕМОНТ ЕООД,Варна,ЗЛАТНИ ПЯСЪЦИ,Nightclub,Silver,Seasonal,Out of Home
111020,Кухня Льо Шеф ЕООД,Варна,ВАРНА,Hotels,Gold,Seasonal,Out of Home
101758,КУХНЯ СТОЛ ЕООД,Шумен,ШУМЕН,Local Shop,Silver,Not Seasonal,At Home
104823,СТОРИС ЕООД,Варна,ЗЛАТНИ ПЯСЪЦИ,Cafe,Silver,Seasonal,Out of Home
110926,АВТОМИВКА ЕООД,Варна,ЗЛАТНИ ПЯСЪЦИ,Hotels,Gold,Seasonal,Out of Home
109400,ДЕЧО ЕООД,Варна,ВАРНА,Fast-food,Gold,Not Seasonal,Out of Home
110805,БЮФЕТ ЕООД,Варна,ЗЛАТНИ ПЯСЪЦИ,Restaurant,Gold,Seasonal,Out of Home
104420,ТЕНИС НА МАСА ЕООД,Търговище,ПОРОЙНО,Local Shop,Bronze,Not Seasonal,At Home
102006,Х-л Ориос ЕООД,Варна,ВАРНА,Local Shop,Silver,Not Seasonal,At Home
108029,ФЕОНЕКС ЕООД,Варна,ВАРНА,Restaurant,Bronze,Seasonal,Out of Home
104698,ЛЮЦКАНОВ02 ЕООД ЕООД,Силистра,СУХОДОЛ,Local Shop,Bronze,Not Seasonal,At Home
111574,СИ ГРУП КОМЕРС ЕООД ЕООД,Варна,ЗЛАТНИ ПЯСЪЦИ,Fast-food,Gold,Seasonal,Out of Home
101130,КАРИ 2012 ЕООД ЕООД,Добрич,КРАНЕВО,Cafe,Silver,Not Seasonal,At Home
102569,СТРОИТЕЛНИ МАТЕРЯЛИ ЕООД,Търговище,СЪЕДИНЕНИЕ,Local Shop,Iron,Not Seasonal,At Home
106515,АВТОМИВКА ЕООД,Варна,ВАРНА,Cafe,Bronze,Not Seasonal,Out of Home
101476,МЕБЕЛНА ФАБРИКА ЕООД,Варна,ЗВЕЗДИЦА,Local Shop,Silver,Not Seasonal,At Home
106939,БУТИК РОМА ПАЛАС ЕООД,Варна,ЗЛАТНИ ПЯСЪЦИ,Superette,Silver,Seasonal,At Home
101783,АУТО СПА ЕООД,Шумен,НОВИ ПАЗАР,Local Shop,Gold,Not Seasonal,At Home
101907,ЙОРУС ООД ЕООД,Добрич,БАЛЧИК,Local Shop,Bronze,Seasonal,At Home
105031,ГЕОРГИЕВ - ИВАНОВ 2 ЕООД,Варна,ВАРНА,Cafe,Bronze,Not Seasonal,Out of Home
104972,АВТОЧИСТСЕ ЕООД,Варна,ВАРНА,Cafe,Silver,Not Seasonal,Out of Home
104825,Пит Стоп ЕООД,Варна,ВАРНА,Cafe,Silver,Not Seasonal,Out of Home
101324,АВТО ЕООД,Варна,ЗЛАТНИ ПЯСЪЦИ,Nightclub,Silver,Seasonal,Out of Home
101810,ФРЕШ ЕООД,Варна,АКСАКОВО,Local Shop,Bronze,Not Seasonal,At Home
111218,МЕЛИСИМА ЕООД,Варна,ЗЛАТНИ ПЯСЪЦИ,Hotels,Silver,Seasonal,Out of Home
107399,АВТОМИВКА КОЛЕЛОТО ЕООД,Варна,ЗЛАТНИ ПЯСЪЦИ,Restaurant,Silver,Seasonal,Out of Home
102110,АВТОМИВКА ЕООД,Варна,ВАРНА,Local Shop,Bronze,Not Seasonal,At Home
101042,СВЕЖЕСТ ЕООД,Силистра,ДУЛОВО,Supermarket,Iron,Not Seasonal,At Home
103128,СПОНДЖ ЕООД,Добрич,ТЕРВЕЛ,Local Shop,Gold,Not Seasonal,At Home
102575,СТОЛ МЕТРО ЕООД,Търговище,БИСТРА,Local Shop,Iron,Not Seasonal,At Home
101826,АВТОМИВКА ЕООД,Добрич,КОЗЛОДУЙЦИ,Local Shop,Iron,Not Seasonal,At Home
110884,АУТОФРЕШ ЕООД,Варна,ВАРНА,Restaurant,Gold,Not Seasonal,Out of Home
101816,ФРИЗЬОРСКИ САЛОН ЕООД,Варна,ВАРНА,Local Shop,Silver,Not Seasonal,At Home
101230,МИН ЕООД,Разград,ЛОЗНИЦА,Cafe,Iron,Not Seasonal,At Home
100744,АВТО ЕООД,Добрич,ТЕРВЕЛ,Supermarket,Silver,Not Seasonal,At Home
101819,ДУБРОВНИК ЕООД,Варна,АКСАКОВО,Local Shop,Silver,Not Seasonal,At Home
110219,ТРИФТИ ЕООД,Варна,ВАРНА,Fast-food,Silver,Not Seasonal,Out of Home
104370,АВТОРЕЙД ЕООД,Разград,КУБРАТ,Local Shop,Silver,Not Seasonal,At Home
101759,АВТО-КАФЕ ЕООД,Шумен,ВЕЛИКИ ПРЕСЛАВ,Local Shop,Silver,Not Seasonal,At Home
106657,МОТОБУМ ЕООД,Търговище,ОМУРТАГ,Superette,Silver,Not Seasonal,At Home
101467,А ЕМ ДЖИ ЕООД,Варна,ВЪЛЧИ ДОЛ,Local Shop,Gold,Not Seasonal,At Home
105962,АВТОМИВКАТА ЕООД,Варна,ВАРНА,Fast-food,Gold,Not Seasonal,Out of Home
102137,АВТОМИВКА ЕООД,Варна,БЛЪСКОВО,Local Shop,Iron,Not Seasonal,At Home
111463,Плод Зеленчук ЕООД,Варна,ВАРНА,Restaurant,Gold,Seasonal,Out of Home
103109,ВУЛКАНИЗАТОР ЕООД,Добрич,ТЕРВЕЛ,Local Shop,Gold,Not Seasonal,At Home
106427,АВТОМИВКА БУРГАС ПЛАЗА ЕООД,Варна,ВАРНА,Cafe,Bronze,Not Seasonal,Out of Home
104360,КОЛЕВ ЕООД,Разград,СЕВАР,Local Shop,Silver,Not Seasonal,At Home
106358,БЪРЗО ХРАНЕНЕ ЕООД,Търговище,ОПАКА,Cafe,Silver,Not Seasonal,At Home
103252,РИБАРСКИ МАГАЗИН ЕООД,Добрич,СТЕФАНОВО,Local Shop,Bronze,Not Seasonal,At Home
108102,МАГИ ЕООД,Варна,ВАРНА,Restaurant,Gold,Not Seasonal,Out of Home
101684,СТРОИТЕЛНИ МАТЕРИАЛИ ЕООД,Шумен,СТУДЕНИЦА,Local Shop,Bronze,Not Seasonal,At Home
105741,ПЯСЪЧКО ЕООД,Варна,ВАРНА,Fast-food,Gold,Seasonal,Out of Home
101444,ИКЕА ЕООД,Варна,ВЪЛЧИ ДОЛ,Local Shop,Gold,Not Seasonal,At Home
100422,POTATOGO ЕООД,Варна,ВАРНА,Supermarket,Iron,Not Seasonal,At Home
101555,МАСТЪР ХАУС ЕООД,Шумен,ВЪЛНАРИ,Local Shop,Bronze,Not Seasonal,At Home
102253,ИКЕА МОЛ ГАЛЕРИЯ ЕООД,Варна,ПРОВАДИЯ,Local Shop,Iron,Not Seasonal,At Home
102580,КЛИНИКА АНАКИЕВСКИ ЕООД,Търговище,ОБИТЕЛ,Local Shop,Silver,Not Seasonal,At Home
109901,АВТОМАТИЧНА АВТОМИВКА ЕООД,Варна,ВАРНА,Cafe,Bronze,Not Seasonal,Out of Home
100010,АИКО РЕСТОРАНТ ЕООД,Шумен,ШУМЕН,Local Shop,Bronze,Not Seasonal,At Home
106010,АВТОМИВКА ЕООД,Варна,ВАРНА,Fast-food,Silver,Not Seasonal,Out of Home
102560,Avto ЕООД,Търговище,ЛОМЦИ,Local Shop,Bronze,Not Seasonal,At Home
102614,БУБИШКА БОРСА ЕООД,Русе,СМИРНЕНСКИ,Local Shop,Silver,Not Seasonal,At Home
101473,АВТОМИВКА ЕООД,Варна,ЗВЕЗДИЦА,Local Shop,Silver,Not Seasonal,At Home
104697,АВТОМИВКА ЕООД,Силистра,ТУТРАКАН,Local Shop,Gold,Not Seasonal,At Home
102971,ЮЛИНЕЛ ЦЕХ ЕООД,Разград,ТРАПИЩЕ,Local Shop,Iron,Not Seasonal,At Home
102526,КАРАТ ЕООД,Търговище,ПРОБУДА,Local Shop,Silver,Not Seasonal,At Home
105281,Нерон ЕООД,Силистра,ГЛАВИНИЦА,Cafe,Iron,Not Seasonal,At Home
101437,ЕКЗОТИК ЕООД,Варна,ТОПОЛИ,Local Shop,Silver,Not Seasonal,At Home
104873,ДООМ ЕООД,Варна,ДЕВНЯ,Cafe,Gold,Not Seasonal,Out of Home
101760,БУЛБЕТ СТАРО ОРЯХОВО ЕООД,Шумен,СМЯДОВО,Local Shop,Silver,Not Seasonal,At Home
104543,GOLD BET ЕООД,Варна,БЛИЗНАЦИ,Local Shop,Gold,Not Seasonal,At Home
100844,КАЗИНО БУЛБЕТ ЕООД,Варна,ВАРНА,Supermarket,Silver,Not Seasonal,At Home
102033,ИМБЕТ ЕООД,Варна,ВАРНА,Local Shop,Silver,Not Seasonal,At Home
106905,КАЗИНО БУЛ БЕТ ЕООД,Силистра,СИЛИСТРА,Superette,Iron,Not Seasonal,At Home
103309,Х-л Ефбет ЕООД,Варна,АСПАРУХОВО,Local Shop,Gold,Not Seasonal,At Home
111893,КОМПЛЕКС ИВА ЕООД,Варна,ВАРНА,Superette,Bronze,Not Seasonal,At Home
106235,ЛЪКИ БЕТ ЕООД,Варна,ВАРНА,Local Shop,Gold,Not Seasonal,At Home
101761,Игрална зала Рио ЕООД,Шумен,ВЪРБИЦА,Local Shop,Bronze,Not Seasonal,At Home
111121,ВЕНЕЦИЯ КАЗИНО ЕООД,Добрич,КРАНЕВО,Hotels,Gold,Not Seasonal,Out of Home
106404,КАЗИНО ЕООД,Варна,ВАРНА,Cafe,Iron,Not Seasonal,Out of Home
110223,КАЗИНО ЕООД,Варна,ВАРНА,Fast-food,Silver,Not Seasonal,Out of Home
103218,УИН БЕТ ЕООД,Варна,ВАРНА,Local Shop,Gold,Not Seasonal,At Home
109660,КАЗИНО ЕООД,Варна,ВАРНА,Fast-food,Iron,Not Seasonal,Out of Home
100035,МИРАЖ ЕООД,Варна,ВАРНА,Local Shop,Silver,Not Seasonal,At Home
104811,ЕФБЕТ КАЗИНО ЕООД,Варна,БЕЛОСЛАВ,Cafe,Gold,Not Seasonal,Out of Home
102042,МБЕТ ЕООД,Варна,ВАРНА,Local Shop,Bronze,Not Seasonal,At Home
101647,ХЛ ХАВАНА-ЛБ ЕООД,Силистра,СИЛИСТРА,Local Shop,Gold,Not Seasonal,At Home
110388,ОФИС ДОСИКО ЕООД,Варна,ВАРНА,Fast-food,Silver,Seasonal,Out of Home
109626,ИГРАЛНА ЗАЛА ЛАРЖ ЕООД,Варна,ВАРНА,Fast-food,Silver,Not Seasonal,Out of Home
101479,УАН БЕТ СЛАВЕЙКОВ ЕООД,Шумен,МИРОВЦИ,Local Shop,Iron,Not Seasonal,At Home
111259,ИГРАЛНА ЗАЛА 555 ЕООД,Варна,ЗЛАТНИ ПЯСЪЦИ,Fast-food,Gold,Seasonal,Out of Home
100692,КАЗИНО ИМПЕРИЯ ЕООД,Русе,ЮДЕЛНИК,Supermarket,Bronze,Not Seasonal,At Home
109651,КАЗИНО ЦЕНТРАЛ ЕООД,Варна,ВАРНА,Fast-food,Silver,Not Seasonal,Out of Home
110110,ЛАС ВЕГАС ЕООД,Варна,ПРОВАДИЯ,Fast-food,Gold,Not Seasonal,Out of Home
104368,МЕДЖИК БЕТ ЕООД,Разград,КУБРАТ,Local Shop,Gold,Not Seasonal,At Home
101219,ВЛАС ВЕГАС ЕООД,Добрич,КАРАПЕЛИТ,Cafe,Silver,Not Seasonal,At Home
100027,КАЗИНО ЕООД,Варна,ВАРНА,Local Shop,Silver,Seasonal,At Home
110838,КОФБЕТ ЕООД,Варна,ВАРНА,Restaurant,Bronze,Seasonal,Out of Home
101876,КОФБЕТ ЕООД,Добрич,КРАНЕВО,Local Shop,Silver,Seasonal,At Home
105043,КАЗИНО ЕООД,Варна,ВАРНА,Cafe,Silver,Not Seasonal,Out of Home
101902,КАЗИНО ЕООД,Добрич,КРАНЕВО,Local Shop,Silver,Seasonal,At Home
101405,КАЗИНО ЕООД,Шумен,ШУМЕН,Local Shop,Gold,Not Seasonal,At Home
101833,КАЗИНО ЕООД,Добрич,ГЕНЕРАЛ ТОШЕВО,Local Shop,Bronze,Not Seasonal,At Home
107371,РЕД БЕТ ЕООД,Варна,НЕОФИТ РИЛСКИ,Restaurant,Bronze,Seasonal,Out of Home
106653,КАЗИНО ЕООД,Търговище,ПОПОВО,Superette,Silver,Not Seasonal,At Home
107525,КАЗИНО ЕООД,Варна,ВАРНА,Restaurant,Bronze,Seasonal,Out of Home
105719,КАЗИНО ЕООД,Варна,ДЕВНЯ,Fast-food,Iron,Not Seasonal,Out of Home
101137,КАЗИНО ЕООД,Добрич,ПАСКАЛЕВО,Cafe,Iron,Not Seasonal,At Home
102527,ДЕСПЕРАДО ЕООД,Търговище,ТЪРГОВИЩЕ,Local Shop,Bronze,Not Seasonal,At Home
111141,КАЗИНО ЕООД,Варна,ВАРНА,Hotels,Silver,Not Seasonal,Out of Home
103333,КАЗИНО ЕООД,Силистра,СИЛИСТРА,Local Shop,Silver,Not Seasonal,At Home
101645,ЛА КАФЕ ЕООД,Силистра,СИЛИСТРА,Local Shop,Gold,Not Seasonal,At Home
111982,7777 ЕООД,Варна,ВАРНА,Local Shop,Gold,Not Seasonal,At Home
108891,УИНБЕТ ЕООД,Варна,ВАРНА,Hotels,Iron,Not Seasonal,Out of Home
107499,УИНБЕТ ЕООД,Варна,АКСАКОВО,Restaurant,Silver,Not Seasonal,Out of Home
107270,СЪРКЪЛ ЕООД,Варна,ВАРНА,Hotels,Bronze,Not Seasonal,At Home
101831,ЯН ПАЛАХ ЕООД,Добрич,ДОБРИЧ,Local Shop,Iron,Not Seasonal,At Home
103826,ИНБЕТ КАЗИНО ЕООД,Варна,ВАРНА,Local Shop,Silver,Not Seasonal,At Home
101873,ЕЛИТНЕТ ЕООД,Добрич,ШАБЛА,Local Shop,Silver,Not Seasonal,At Home
108096,ИГРАЛНА ЗАЛА ЕООД,Варна,ВАРНА,Restaurant,Gold,Not Seasonal,Out of Home
111231,КАЗИНО ЕФБЕТ ЕООД,Варна,ЗЛАТНИ ПЯСЪЦИ,Hotels,Gold,Seasonal,Out of Home
107055,ЕВРОФУТБОЛ ЕООД,Варна,ВАРНА,Superette,Gold,Not Seasonal,At Home
107091,КАЗИНО ЕООД,Варна,ВАРНА,Superette,Bronze,Not Seasonal,At Home
100905,ПАЛМСБЕТ ЕООД,Варна,ВАРНА,Supermarket,Gold,Not Seasonal,At Home
111921,БОУЛИНГ ЕООД,Шумен,ШУМЕН,Local Shop,Bronze,Not Seasonal,At Home
107498,ИГРАЛНА ЗАЛА ЕООД,Варна,ВАРНА,Restaurant,Bronze,Not Seasonal,Out of Home
101741,КАЗИНО ЕООД,Шумен,ШУМЕН,Local Shop,Bronze,Not Seasonal,At Home
101797,ИНБЕТ ЕООД,Варна,ВАРНА,Local Shop,Silver,Not Seasonal,At Home
101461,БЕТ БЕТ ЕООД,Сливен,ЯБЛАНОВО,Local Shop,Silver,Not Seasonal,At Home
109663,ПАЛМС БЕТ ЕООД,Варна,ВАРНА,Fast-food,Bronze,Not Seasonal,Out of Home
101495,МЕРИЛИН КАЗИНО ЕООД,Варна,ДЕВНЯ,Local Shop,Gold,Not Seasonal,At Home
110633,БУЛБЕТ ЕООД,Варна,ВАРНА,Restaurant,Bronze,Not Seasonal,Out of Home
103256,БУКМЕЙКЪРСКИ ПУНКТ СЕЗАМ ЕООД,Добрич,ДРОПЛА,Local Shop,Iron,Not Seasonal,At Home
101796,КОЛЕВ ЕООД,Варна,АКСАКОВО,Local Shop,Gold,Not Seasonal,At Home
101798,ИГРАЛНА ЗАЛА ЕООД,Варна,АКСАКОВО,Local Shop,Bronze,Not Seasonal,At Home
104947,CASINO EFBET ЕООД,Бургас,СЛЪНЧЕВ БРЯГ,Cafe,Silver,Not Seasonal,Out of Home
103258,ИНБЕТ ЕООД,Добрич,ДОБРИЧ,Local Shop,Silver,Not Seasonal,At Home
102539,НЮ БЕТ ЕООД,Търговище,ТЪРГОВИЩЕ,Local Shop,Gold,Not Seasonal,At Home
101223,КАЗИНО ЕООД,Добрич,СЛАВЕЕВО,Cafe,Silver,Not Seasonal,At Home
111131,ЧАУШ ЕООД,Варна,ВАРНА,Hotels,Gold,Seasonal,Out of Home
101106,КАЗИНО ЛАРЖ ЕООД,Силистра,СИЛИСТРА,Cafe,Iron,Seasonal,At Home
100006,ИМПЕРИЯ ЕООД,Шумен,ШУМЕН,Local Shop,Iron,Not Seasonal,At Home
106904,ИНБЕТ ЕООД,Шумен,ШУМЕН,Superette,Iron,Not Seasonal,At Home
102531,СПОРТЕН БАР ИНБЕТ ЕООД,Търговище,ТЪРГОВИЩЕ,Local Shop,Bronze,Not Seasonal,At Home
102429,Казино Платинум ЕООД,Търговище,ПОПОВО,Local Shop,Bronze,Not Seasonal,At Home
101120,НЕРОН ЕООД,Варна,ВАРНА,Cafe,Bronze,Not Seasonal,At Home
106221,НЕРОН ЕООД,Варна,ВАРНА,Local Shop,Iron,Not Seasonal,At Home
106296,ИН БЕТ ЕООД,Варна,ВАРНА,Local Shop,Iron,Not Seasonal,At Home
107380,КАЗИНО ЕООД,Варна,ПРОВАДИЯ,Restaurant,Silver,Seasonal,Out of Home
110225,КАЗИНО УИН БЕТ ЕООД,Варна,ВАРНА,Fast-food,Silver,Seasonal,Out of Home
101913,КАЗИНО МОНТЕ ЕООД,Добрич,ДУРАНКУЛАК,Local Shop,Silver,Not Seasonal,At Home
102533,КАЗИНО КИНГ ЕООД,Търговище,ПОДГОРИЦА,Local Shop,Bronze,Not Seasonal,At Home
102098,ДИСКОТЕКА ХИТ ЕООД,Варна,КИЧЕВО,Local Shop,Silver,Not Seasonal,At Home
112024,КАЗИНО ЛАРЖ ЕООД,Силистра,ТУТРАКАН,Local Shop,Silver,Not Seasonal,At Home
101787,Игрална зала Кинг ЕООД,Шумен,ДИБИЧ,Local Shop,Silver,Not Seasonal,At Home
109621,КАЗИНО ВЕРСАЙ ЕООД,Варна,ВАРНА,Fast-food,Gold,Not Seasonal,Out of Home
111426,КАЗИНО ЕООД,Варна,ЗЛАТНИ ПЯСЪЦИ,Restaurant,Silver,Seasonal,Out of Home
102246,КАЗИНО ЕФБЕТ ЕООД,Варна,БОЗВЕЛИЙСКО,Local Shop,Silver,Not Seasonal,At Home
103262,КАЗИНО ЕООД,Добрич,ДОБРИЧ,Local Shop,Silver,Not Seasonal,At Home
101912,КАЗИНО РОЯЛ БЕТ ЕООД,Добрич,АЛБЕНА,Local Shop,Bronze,Seasonal,At Home
102534,ГЛАДИАТОР ЕООД,Търговище,ПРОБУДА,Local Shop,Gold,Not Seasonal,At Home
101830,КАЗИНО 7777 ЕООД,Добрич,БОЖУРОВО,Local Shop,Bronze,Not Seasonal,At Home
101786,АУРОРА ЕООД,Шумен,СМЯДОВО,Local Shop,Silver,Not Seasonal,At Home
101828,КАЗИНО МАРАКЕШ ЕООД,Добрич,БОЖУРОВО,Local Shop,Iron,Not Seasonal,At Home
105676,ГЛАДИАТОР ЕООД,Варна,ВАРНА,Bar,Gold,Seasonal,Out of Home
104363,КАЗИНО КУЙНС ЕООД,Разград,СЕВАР,Local Shop,Iron,Not Seasonal,At Home
105722,СТАРИЯ ЕВРОФУТБОЛ ЕООД,Варна,ДЕВНЯ,Fast-food,Bronze,Not Seasonal,Out of Home
111111,КАЗИНО УАРЖ ЕООД,Варна,ВАРНА,Hotels,Silver,Seasonal,Out of Home
102588,КАЗИНО ШАНС ЕООД,Търговище,ВАРДУН,Local Shop,Silver,Not Seasonal,At Home
111216,КАЗИНО 7777 ЕООД,Варна,ВАРНА,Hotels,Silver,Not Seasonal,Out of Home
102237,ЛАС ВЕГАС ЕООД,Варна,ПРОВАДИЯ,Local Shop,Silver,Not Seasonal,At Home
101911,3V BET ЕООД,Добрич,ЕЗЕРЕЦ,Local Shop,Silver,Not Seasonal,At Home
108989,МЕЛТЕМ 2009 ЕООД,Варна,ЗЛАТНИ ПЯСЪЦИ,Hotels,Gold,Seasonal,Out of Home
103249,Инбет лазур ЕООД,Добрич,ДОБРИЧ,Local Shop,Silver,Not Seasonal,At Home
101690,БИЛЯРД КЛУБ ЕООД,Шумен,ШУМЕН,Local Shop,Gold,Not Seasonal,At Home
106389,КАЗИНО ЛАС ВЕГАС ЕООД,Варна,ВАРНА,Cafe,Iron,Not Seasonal,Out of Home
101827,Букмейкърски клуб ЕООД,Добрич,ГЕНЕРАЛ ТОШЕВО,Local Shop,Silver,Not Seasonal,At Home
103221,ИГРАЛНА ЗАЛА ЕООД,Варна,ВАРНА,Local Shop,Gold,Not Seasonal,At Home
103222,NERON ЕООД,Варна,ВАРНА,Local Shop,Gold,Not Seasonal,At Home
104671,РУСКА ТОДОРОВА ЕООД,Силистра,ДОБРОТИЦА,Local Shop,Silver,Not Seasonal,At Home
103825,ДЖЕЙ ЕМ ПРО ЕООД ЕООД,Варна,ВАРНА,Local Shop,Gold,Not Seasonal,At Home
101785,VIP ROOM BURGAS ЕООД,Шумен,КАСПИЧАН,Local Shop,Gold,Not Seasonal,At Home
110510,ИНТЕРГЕЙМ 2009 ООД ЕООД,Варна,ВАРНА,Fast-food,Gold,Not Seasonal,Out of Home
109354,Сезам ЕООД,Варна,ВАРНА,Fast-food,Bronze,Seasonal,Out of Home
102535,УАН БЕТ МАКЕДОНИЯ ЕООД,Търговище,ТЪРГОВИЩЕ,Local Shop,Bronze,Not Seasonal,At Home
101556,INBET ЕООД,Шумен,ЗАГОРИЧЕ,Local Shop,Iron,Not Seasonal,At Home
102559,КАЗИНО ЕООД,Търговище,ТЪРГОВИЩЕ,Local Shop,Gold,Not Seasonal,At Home
100902,СПОРТ ТОТО ЕООД,Варна,ВАРНА,Supermarket,Bronze,Not Seasonal,At Home
101849,РОЯЛ БЕТ ЕООД,Добрич,ПАСКАЛЕВО,Local Shop,Silver,Not Seasonal,At Home
105961,тошев ЕООД,Варна,ВАРНА,Fast-food,Gold,Not Seasonal,Out of Home
105960,КАЗИНО ЕООД,Варна,ВАРНА,Fast-food,Gold,Not Seasonal,Out of Home
110218,ИНБЕТ ЕООД,Варна,ВАРНА,Fast-food,Bronze,Not Seasonal,Out of Home
100404,КАЗИНО СПОЛАЙ ЕООД,Варна,ВАРНА,Supermarket,Gold,Not Seasonal,At Home
111112,КАЗИНО МИСТРАЛ ЕООД,Варна,ВАРНА,Hotels,Silver,Seasonal,Out of Home
100306,ЕВРОФУТБОЛ ЕООД,Шумен,ВЪРБИЦА,Supermarket,Iron,Not Seasonal,At Home
104848,Бет ЕООД,Варна,БЕЛОГРАДЕЦ,Cafe,Silver,Not Seasonal,Out of Home
103757,3V BET ЕООД,Варна,ВАРНА,Local Shop,Silver,Not Seasonal,At Home
101999,ЕВРОПА БЕТ КАЗИНО 2 ЕООД,Варна,АКСАКОВО,Local Shop,Silver,Not Seasonal,At Home
112053,КАЗИНО СЕЗАМ ЕООД,Търговище,ОМУРТАГ,Superette,Iron,Not Seasonal,At Home
109899,ДИСКОТЕКА ХЕЛП ЕООД,Варна,ЕЗЕРОВО,Cafe,Silver,Not Seasonal,Out of Home
101644,КАЗИНО ФАЙЪР ЕООД,Силистра,СИЛИСТРА,Local Shop,Silver,Not Seasonal,At Home
112064,КАЗИНО ЕФБЕТ ЕООД,Разград,ИСПЕРИХ,Superette,Iron,Not Seasonal,At Home
102167,БУКМЕЙКЪРСКИ ПУНКТ ИНБЕТ ЕООД,Варна,ПРОВАДИЯ,Local Shop,Iron,Not Seasonal,At Home
101856,CASINO EFBET ЕООД,Добрич,ДОБРИЧ,Local Shop,Silver,Not Seasonal,At Home
109406,ЕВРОФУТБОЛ ЕООД,Варна,ВАРНА,Fast-food,Gold,Not Seasonal,At Home
110840,КААЗИНО 777 ЕООД,Варна,ВАРНА,Restaurant,Gold,Not Seasonal,Out of Home
107495,КАЗИНО КЛУБ 21 ЕООД,Варна,ВАРНА,Restaurant,Silver,Not Seasonal,Out of Home
106024,КАЗИНО РОЯЛ БЕТ ЕООД,Варна,ВАРНА,Fast-food,Bronze,Not Seasonal,Out of Home
105821,КАЗИНО ЦЕНТРАЛ ЕООД,Варна,ВАРНА,Fast-food,Silver,Not Seasonal,Out of Home
102073,ИГРАЛНА ЗАЛА ЦГД ЕООД,Варна,ЗОРНИЦА,Local Shop,Bronze,Not Seasonal,At Home
106302,КАЗИНО 21 БЕТ ЕООД,Варна,ВАРНА,Local Shop,Iron,Not Seasonal,At Home
108208,ДИСКОТЕКА ЕООД,Бургас,АЙТОС,Restaurant,Gold,Not Seasonal,Out of Home
103765,КАЗИНО МОСТА ЕООД,Варна,ВАРНА,Local Shop,Silver,Not Seasonal,At Home
109877,КАЗИНО 777 ЕООД,Варна,ВАРНА,Restaurant,Gold,Not Seasonal,Out of Home
100899,КАЗИНО ГЕЙМИНГ ВЕГАС ЕООД,Варна,ВАРНА,Supermarket,Gold,Not Seasonal,At Home
102743,ДИСКОТЕКА ЕООД,Русе,СМИРНЕНСКИ,Local Shop,Iron,Not Seasonal,At Home
103172,КАЗИНО ВЕГАС ЕООД,Разград,ДЯНКОВО,Local Shop,Silver,Not Seasonal,At Home
104845,ДИСКОТЕКА СИТИ ЕООД,Варна,ТРЪСТИКОВО,Cafe,Silver,Not Seasonal,Out of Home
112075,ДИСКОТЕКА ЕООД,Варна,ВАРНА,Superette,Bronze,Not Seasonal,At Home
101740,КАЗИНО КЛУБ 21 ЕООД,Варна,ДОБРОПЛОДНО,Local Shop,Bronze,Not Seasonal,At Home
111113,ИГРАЛНА ЗАЛА ИМПЕРИЯ ЕООД,Варна,ВАРНА,Hotels,Silver,Seasonal,Out of Home
102586,ЕВРОФУТБОЛ ЕООД,Търговище,ОПАКА,Local Shop,Silver,Not Seasonal,At Home
109880,Лятно кино и бар ЕООД,Варна,ВАРНА,Restaurant,Gold,Seasonal,Out of Home
106940,МУЛТИПЛЕКС ЕООД,Варна,ЗЛАТНИ ПЯСЪЦИ,Superette,Gold,Seasonal,At Home
110787,СИНЕМА СИТИ ЕООД,Варна,ВАРНА,Fast-food,Gold,Not Seasonal,Out of Home
111223,СИНЕМА СИТИ МОЛ ГАЛЕРИЯ ЕООД,Варна,ЗЛАТНИ ПЯСЪЦИ,Hotels,Silver,Seasonal,Out of Home
109362,СКАРФЕЙС ЕООД,Варна,ВАРНА,Fast-food,Bronze,Not Seasonal,Out of Home
103769,ЛЯТНО КИНО ПОМОРИЕ ЕООД,Варна,ВАРНА,Local Shop,Silver,Not Seasonal,At Home
103823,КИНО ЦАРЕВО ЕООД,Варна,ВАРНА,Local Shop,Silver,Not Seasonal,At Home
101910,ЛЯТНО КИНО ЕООД,Добрич,КАВАРНА,Local Shop,Bronze,Not Seasonal,At Home
101726,ЛЯТНО КИНО ЕООД,Варна,ЕЗЕРОВО,Local Shop,Gold,Not Seasonal,At Home
102585,ЖИВИС ЕООД,Търговище,ТЪРГОВИЩЕ,Local Shop,Silver,Not Seasonal,At Home
100014,СУПЕРМАРКЕТ 5 ЕООД,Шумен,ШУМЕН,Local Shop,Gold,Not Seasonal,At Home
109322,ТОП МАРКЕТ ЕООД,Варна,ДЕВНЯ,Fast-food,Silver,Not Seasonal,Out of Home
111439,ЕСЕБРИЛ ЕООД,Варна,ПРОВАДИЯ,Restaurant,Silver,Not Seasonal,Out of Home
111725,ДЖАМБО ЕООД,Варна,ВАРНА,Fast-food,Bronze,Seasonal,Out of Home
106382,ЧИНАРИТЕ ЕООД,Варна,ВАРНА,Cafe,Bronze,Not Seasonal,Out of Home
101558,СУПЕРМАРКЕТ ЕООД,Шумен,ПЕТ МОГИЛИ,Local Shop,Iron,Not Seasonal,At Home
100748,АКВИЛОН ЕООД,Разград,ИСПЕРИХ,Supermarket,Bronze,Not Seasonal,At Home
108565,ДЖАЗА ЕООД,Варна,ДОБРИ ДОЛ,Hotels,Bronze,Seasonal,Out of Home
111103,МХС ДАР ЕООД,Варна,ВАРНА,Hotels,Silver,Seasonal,Out of Home
111109,РОУЗ МАРКЕТ СУПЕРМАРКЕТ ЕООД,Варна,ВАРНА,Hotels,Silver,Seasonal,Out of Home
105828,SUPERMARKET “ММ” NEW WHS ЕООД,Варна,ВАРНА,Fast-food,Gold,Not Seasonal,Out of Home
104536,M.M. MARKET - METRO ЕООД,Варна,ВАРНА,Local Shop,Gold,Not Seasonal,At Home
102102,МАГАЗИН ПЕРЛА ЕООД,Варна,ВАРНА,Local Shop,Silver,Not Seasonal,At Home
107125,ДИАМАНТ ЕООД,Варна,ВАРНА,Superette,Gold,Not Seasonal,At Home
109830,СУПЕРМАРКЕТ “MARCHÉ+” ЕООД,Варна,ВАРНА,Cafe,Iron,Not Seasonal,Out of Home
101563,МЕРКАДО-М.С. ЕООД,Шумен,КАМЕНЯК,Local Shop,Iron,Not Seasonal,At Home
110775,СУПЕРМАРКЕТ ЛЬО ПЕТИ МАРШЕ МВР ЕООД,Варна,ВАРНА,Fast-food,Gold,Seasonal,Out of Home
111425,СУПЕРМАРКЕТ ЛЬО ПЕТИ МАРШЕ СВЕЖЕС ЕООД,Варна,ЗЛАТНИ ПЯСЪЦИ,Restaurant,Gold,Seasonal,Out of Home
106742,SUPERMARKET “M.M.” NEW МЕTRO ЕООД,Варна,ЗЛАТНИ ПЯСЪЦИ,Nightclub,Silver,Seasonal,Out of Home
100305,М. М. МАRKET ЕООД,Шумен,ШУМЕН,Supermarket,Bronze,Not Seasonal,At Home
111130,МЕДИМЕД ЕООД,Варна,ВАРНА,Hotels,Gold,Seasonal,Out of Home
100424,ПЛАМКО 2 ЕООД,Варна,ЗЛАТНИ ПЯСЪЦИ,Supermarket,Gold,Seasonal,At Home
110764,РОЯЛ 1 ЕООД,Варна,ВАРНА,Fast-food,Gold,Not Seasonal,Out of Home
102574,ТЕО ВИТА ЕООД,Търговище,ПОПОВО,Local Shop,Silver,Not Seasonal,At Home
100043,ПЛАМКО 3 ЕООД,Добрич,ДОБРИЧ,Local Shop,Gold,Not Seasonal,At Home
103173,ГУЖЕР КОМЕРС ЕООД,Разград,ОСТРОВО,Local Shop,Iron,Not Seasonal,At Home
111152,ЕРТАН 1 ЕООД,Варна,ЗЛАТНИ ПЯСЪЦИ,Hotels,Silver,Not Seasonal,Out of Home
106931,ПЛАМКО 1 ЕООД,Варна,ЗЛАТНИ ПЯСЪЦИ,Superette,Gold,Seasonal,At Home
109527,РОЯЛ 2 ЕООД,Варна,ВАРНА,Fast-food,Bronze,Not Seasonal,Out of Home
104376,ЕСАШ ЕООД,Разград,КУБРАТ,Local Shop,Gold,Not Seasonal,At Home
102528,БОНСС ЕООД,Търговище,ТЪРГОВИЩЕ,Local Shop,Gold,Not Seasonal,At Home
103829,РКС КООП ЕООД,Варна,ВАРНА,Local Shop,Gold,Not Seasonal,At Home
101887,ЦАРИЦА ЕЛЕНА МАГАЗИН ЕВРОПА ЕООД,Добрич,АЛБЕНА,Local Shop,Gold,Seasonal,At Home
109243,ФАСТ МАРКЕТ ЕООД,Варна,ВАРНА,Bar,Bronze,Not Seasonal,Out of Home
101483,БЯЛА МАРКЕТ ПАЗАР ЕООД,Шумен,ТЪКАЧ,Local Shop,Bronze,Not Seasonal,At Home
102130,ЗАФИРА МАРКЕТ ЕООД,Варна,ПРОВАДИЯ,Local Shop,Gold,Not Seasonal,At Home
111120,РАДИ - ЕМ МАРКЕТ ЕООД,Добрич,КРАНЕВО,Hotels,Gold,Not Seasonal,Out of Home
108923,ХРАНИТЕЛЕН МАГАЗИН КАРАИВАНОВИ ЕООД,Варна,СВ СВ КОНСТАНТИН И ЕЛЕНА,Hotels,Gold,Seasonal,Out of Home
112095,АЙС МАРКЕТ 5 ЕООД,Разград,КУБРАТ,Superette,Iron,Not Seasonal,At Home
110136,ТЕРА МАРКЕТ ЕООД,Варна,ЗЛАТНИ ПЯСЪЦИ,Fast-food,Gold,Seasonal,Out of Home
109763,КАМИ ЕООД,Варна,КРИВИНИ,Hotels,Bronze,Seasonal,Out of Home
106748,ТЕРАМАРКЕТ ЕООД,Варна,ЗЛАТНИ ПЯСЪЦИ,Nightclub,Silver,Seasonal,Out of Home
103174,КАМИ ЕООД,Разград,РАЗГРАД,Local Shop,Gold,Not Seasonal,At Home
106273,КАМИ ЕООД,Варна,ВАРНА,Local Shop,Bronze,Not Seasonal,At Home
107070,ВИНИТРЕЙД ЕООД,Варна,ВАРНА,Superette,Iron,Not Seasonal,At Home
101985,ДРУЖБА ЕООД,Варна,ВАРНА,Local Shop,Gold,Not Seasonal,At Home
105036,ROSE MARKET ЕООД,Варна,ВАРНА,Cafe,Bronze,Not Seasonal,Out of Home
102121,РОУЗ МАРКЕТ ЕООД,Варна,ВАРНА,Local Shop,Iron,Not Seasonal,At Home
101712,ХР МН ЕООД,Варна,СУВОРОВО,Local Shop,Silver,Not Seasonal,At Home
101211,ТОП МАРКЕТ ЕООД,Варна,ВАРНА,Cafe,Gold,Not Seasonal,At Home
101908,ЮТА КОМЕРС ЕООД,Добрич,ТОПОЛА,Local Shop,Gold,Seasonal,At Home
103841,ДЕТЕЛИНА ЕООД,Варна,ВАРНА,Local Shop,Silver,Not Seasonal,At Home
102107,СУПЕРМАРКЕТ ГИГИ 2 ЕООД,Варна,ВАРНА,Local Shop,Gold,Not Seasonal,At Home
106758,МАГАЗИН 3 ЕООД,Варна,ЗЛАТНИ ПЯСЪЦИ,Nightclub,Gold,Seasonal,Out of Home
106807,МАГНИТ ЕООД,Варна,ЗЛАТНИ ПЯСЪЦИ,Nightclub,Gold,Seasonal,Out of Home
109363,СУПЕРМАРКЕТ ГИГИ 3 ЕООД,Варна,ВАРНА,Fast-food,Silver,Not Seasonal,Out of Home
101552,БРИЗ 11 ЕООД,Шумен,НАУМ,Local Shop,Bronze,Not Seasonal,At Home
109781,СУПЕРМАРКЕТ 24/7 ЕООД,Варна,ВАРНА,Hotels,Bronze,Seasonal,Out of Home
102521,МАГАЗИН ТЕЯ ЕООД,Търговище,ТЪРГОВИЩЕ,Local Shop,Gold,Not Seasonal,At Home
101162,АДАМОВ 2 ЕООД,Търговище,ТЪРГОВИЩЕ,Cafe,Gold,Not Seasonal,At Home
101123,КАРАНОВА ЕООД,Добрич,ГЕНЕРАЛ ТОШЕВО,Cafe,Bronze,Not Seasonal,At Home
102747,МАГНИТ ЕООД,Русе,ГЛОДЖЕВО,Local Shop,Gold,Not Seasonal,At Home
101076,МАГАЗИН 4 ЕООД,Силистра,ТУТРАКАН,Supermarket,Gold,Not Seasonal,At Home
101418,КОНТИНЕНТАЛ ГОЛЯМ ЕООД,Шумен,ШУМЕН,Local Shop,Bronze,Not Seasonal,At Home
110666,СУПЕРМАРКЕТ МАГНИТ ЕООД,Варна,ЗЛАТНИ ПЯСЪЦИ,Restaurant,Silver,Seasonal,Out of Home
101221,ДИДОН 1 ЕООД,Разград,РАЗГРАД,Cafe,Iron,Not Seasonal,At Home
103359,МОМЧЕВИ ЕООД,Варна,ВАРНА,Local Shop,Gold,Not Seasonal,At Home
108924,ЕЛИТ ЕООД,Варна,АЛЕН МАК,Hotels,Silver,Seasonal,Out of Home
105836,ЕФИР МАРКЕТ ЕООД,Варна,ВАРНА,Fast-food,Iron,Not Seasonal,Out of Home
106984,ЕГЕЯ ЕООД,Търговище,ТЪРГОВИЩЕ,Superette,Iron,Not Seasonal,At Home
103789,МЕГА МАРКЕТ ЕООД,Варна,ВАРНА,Local Shop,Silver,Not Seasonal,At Home
103819,МАГАЗИН ХРАНИТЕЛНИ СТОКИ ЕООД,Варна,ВАРНА,Local Shop,Gold,Not Seasonal,At Home
110211,ПК ИЗГРЕВ ЕООД,Варна,ВАРНА,Fast-food,Bronze,Not Seasonal,Out of Home
102488,ЕВРОПА ЕООД,Шумен,НОВИ ПАЗАР,Local Shop,Silver,Not Seasonal,At Home
111447,Магазин ЕООД,Варна,ЗЛАТНИ ПЯСЪЦИ,Restaurant,Silver,Seasonal,Out of Home
100342,МАГАЗИН ЕООД,Силистра,СИЛИСТРА,Supermarket,Silver,Not Seasonal,At Home
105795,ВАРНА МАРКЕТ ЕООД,Варна,ВАРНА,Fast-food,Silver,Not Seasonal,Out of Home
103264,ФРЕШ ЕООД,Добрич,ДОБРИЧ,Local Shop,Silver,Not Seasonal,At Home
107527,ХРИСИ ЕООД,Варна,АКСАКОВО,Restaurant,Bronze,Not Seasonal,Out of Home
104365,ЛЪКИ МАРКЕТ ЕООД,Разград,КУБРАТ,Local Shop,Iron,Not Seasonal,At Home
103175,СУПЕРМАРКЕТ ОПА ЕООД,Разград,ЛУДОГОРЦИ,Local Shop,Bronze,Not Seasonal,At Home
101096,МХС ЕООД,Шумен,ШУМЕН,Cafe,Iron,Not Seasonal,At Home
101728,Супермаркет ЕООД,Варна,ТОПОЛИ,Local Shop,Silver,Not Seasonal,At Home
104545,СУПЕРМАРКЕТ ПРИЗМА ЕООД,Варна,ЗДРАВЕЦ,Local Shop,Gold,Not Seasonal,At Home
101755,СУПЕРМАРКЕТ ЕКВАТОР ЕООД,Шумен,СМЯДОВО,Local Shop,Silver,Not Seasonal,At Home
110070,МХС ДИАНА ЕООД,Варна,ВАРНА,Cafe,Silver,Not Seasonal,Out of Home
103302,ДИМОВИ ЕООД,Добрич,БАТОВО,Local Shop,Gold,Not Seasonal,At Home
111159,КОМФОРТ ЕООД,Варна,ЧАЙКА,Hotels,Gold,Seasonal,Out of Home
106422,МАРС ЕООД,Варна,ВАРНА,Cafe,Bronze,Not Seasonal,Out of Home
103053,СУПЕРМАРКЕТ ПРИЗ ЕООД,Разград,ЛЪВИНО,Local Shop,Silver,Not Seasonal,At Home
102582,НАТАЛИ ЕООД,Търговище,ЛОВЕЦ,Local Shop,Gold,Not Seasonal,At Home
111919,МАГАЗИН ЧИЧО ТОМ ЕООД,Силистра,СИЛИСТРА,Local Shop,Iron,Not Seasonal,At Home
106406,ХЕРА 2 ЕООД,Добрич,БАЛЧИК,Cafe,Bronze,Not Seasonal,At Home
101665,МХС ВОКАЛ ЕООД,Силистра,ИСКРА,Local Shop,Silver,Not Seasonal,At Home
106705,ДИМАГ ЕООД,Варна,ВАРНА,Superette,Silver,Not Seasonal,At Home
102746,ХРАНИТЕЛЕН МАГАЗИН ЕООД,Русе,СВАЛЕНИК,Local Shop,Gold,Not Seasonal,At Home
105027,ДРУЖБА ЕООД,Варна,БЕЛОСЛАВ,Cafe,Silver,Not Seasonal,Out of Home
102171,ХИПЕРМАРКЕТ ЦЕНТРАЛ ЕООД,Шумен,ДРУМЕВО,Local Shop,Silver,Not Seasonal,At Home
100065,МАГАЗИН РУВЕР ЕООД,Варна,ВАРНА,Local Shop,Gold,Not Seasonal,Out of Home
104364,ХРАНИТЕЛЕН МАГАЗИН ЕООД,Разград,ЦАР КАЛОЯН,Local Shop,Silver,Not Seasonal,At Home
105026,СУПЕРМАРКЕТ ВИНАРИ ЕООД,Варна,ВАРНА,Cafe,Gold,Not Seasonal,Out of Home
110497,ХИПЕРМАРКЕТ ЦЕНТРАЛ ЕООД,Варна,ВАРНА,Fast-food,Gold,Not Seasonal,Out of Home
107094,СТИЛБО ЕООД,Варна,ВАРНА,Superette,Iron,Not Seasonal,At Home
110496,БРАТЯ БЪЧВАРОВИ ЕООД,Варна,ВАРНА,Fast-food,Gold,Not Seasonal,Out of Home
102480,ГРАДСКИ ХАЛИ ЕООД,Шумен,ШУМЕН,Local Shop,Silver,Not Seasonal,At Home
106636,ЛИА МАГАЗИН ЕООД,Добрич,КАВАРНА,Superette,Gold,Not Seasonal,At Home
101160,ОХРИД МАКС ЕООД,Търговище,ТЪРГОВИЩЕ,Cafe,Silver,Not Seasonal,At Home
111926,ХРАНИТЕЛЕН МАГАЗИН ЕООД,Силистра,КАЛИПЕТРОВО,Local Shop,Iron,Not Seasonal,At Home
103818,ХАДЖИРАДЕВИ ЕООД,Варна,ВАРНА,Local Shop,Gold,Not Seasonal,At Home
112058,СТИВИ ЕООД,Варна,ВАРНА,Superette,Iron,Not Seasonal,Out of Home
111946,Надин магазин Царевец ЕООД,Шумен,ШУМЕН,Local Shop,Bronze,Not Seasonal,At Home
102583,ПОРТО КРАПЕЦ ЕООД,Търговище,ЗАРАЕВО,Local Shop,Iron,Not Seasonal,At Home
105008,КАФЕ ПАРИЖ ЕООД,Варна,ВАРНА,Cafe,Silver,Seasonal,Out of Home
111948,ЕКЗОТИК ЕООД,Шумен,ШУМЕН,Local Shop,Bronze,Not Seasonal,At Home
102485,КАФЕ БАР ТЕРАСА ЕООД,Шумен,ШУМЕН,Local Shop,Gold,Not Seasonal,At Home
100070,БАР БАСЕЙН ЕООД,Шумен,ШУМЕН,Local Shop,Silver,Not Seasonal,At Home
101729,БАР РОЛБА ЕООД,Варна,СУВОРОВО,Local Shop,Bronze,Not Seasonal,At Home
101730,КЛУБ БИЗАРО ЕООД,Варна,СУВОРОВО,Local Shop,Silver,Not Seasonal,At Home
106211,КЛУБ КОКТЕЙЛИТЕ ЕООД,Силистра,СИЛИСТРА,Local Shop,Iron,Not Seasonal,At Home
103376,ПЛАЖЕН БАР ЕООД,Варна,ВАРНА,Local Shop,Gold,Not Seasonal,At Home
102123,БАР АДМИРАЛА ЕООД,Варна,АКСАКОВО,Local Shop,Bronze,Not Seasonal,At Home
103352,ИНСОМНИЯ ЕООД,Варна,ВАРНА,Local Shop,Gold,Not Seasonal,At Home
105315,ОПИУМ ЕООД,Варна,ВАРНА,Cafe,Gold,Not Seasonal,Out of Home
101127,К-КС СИРЕНА-БАСЕЙНА ЕООД,Добрич,БАЛЧИК,Cafe,Gold,Not Seasonal,At Home
103855,БАР ЕООД,Варна,ВАРНА,Local Shop,Gold,Not Seasonal,At Home
101739,ДИСКОТЕКА МАЛИБУ ЕООД,Варна,БЕЛОГРАДЕЦ,Local Shop,Silver,Not Seasonal,At Home
111158,СНААКС БАР ЕООД,Варна,ВАРНА,Hotels,Gold,Seasonal,Out of Home
111165,БИЙЧ БАР ЕООД,Варна,ВАРНА,Hotels,Gold,Seasonal,Out of Home
103817,БАР КЛИФ ЕООД,Варна,ВАРНА,Local Shop,Iron,Not Seasonal,At Home
102484,ПАРАДИЗО СПОТ ЕООД,Шумен,НОВИ ПАЗАР,Local Shop,Bronze,Not Seasonal,At Home
105011,БАР БАСЕИЙБ ЕООД,Варна,ЗЛАТНИ ПЯСЪЦИ,Cafe,Gold,Seasonal,Out of Home
111105,КОМПЛЕКС БЯЛАТА ПАНОРАМА РИЗОРТ ЕООД,Варна,ВАРНА,Hotels,Silver,Seasonal,Out of Home
105023,БАКАРО ЕООД,Варна,ЗЛАТНИ ПЯСЪЦИ,Cafe,Gold,Seasonal,Out of Home
101343,БАР ВИЖЪН ЕООД,Варна,ЗЛАТНИ ПЯСЪЦИ,Nightclub,Gold,Seasonal,Out of Home
101169,OPEN SEA RESIDENCE ЕООД,Търговище,ОМУРТАГ,Cafe,Silver,Not Seasonal,At Home
101742,АЛИБИ ЕООД,Шумен,МАРАШ,Local Shop,Bronze,Not Seasonal,At Home
102609,БИЙЧ БАР МАНИЯ ЕООД,Русе,ТЕТОВО,Local Shop,Silver,Not Seasonal,At Home
111458,БАР Х ЕООД,Варна,ВАРНА,Restaurant,Silver,Not Seasonal,Out of Home
101168,СОЛ Е МАР ЕООД,Търговище,ТЪРГОВИЩЕ,Cafe,Silver,Not Seasonal,At Home
103361,ДО THE ONE ЕООД,Варна,ВАРНА,Local Shop,Silver,Not Seasonal,At Home
109630,ШИША БАР ЕООД,Варна,ВАРНА,Fast-food,Silver,Not Seasonal,Out of Home
101906,БИЙЧ БАР КИМБО ЕООД,Добрич,РОГАЧЕВО,Local Shop,Bronze,Not Seasonal,At Home
102128,КОКО БИЙЧ ЕООД,Варна,ВАРНА,Local Shop,Bronze,Not Seasonal,At Home
101719,РЕСТОРАНТ ВИКИ ЕООД,Варна,БЕЛОСЛАВ,Local Shop,Gold,Not Seasonal,At Home
104981,ЛОБИ БАР ЕООД,Варна,ВАРНА,Cafe,Gold,Not Seasonal,Out of Home
110214,DUCK BAR ЕООД,Варна,ВАРНА,Fast-food,Silver,Not Seasonal,Out of Home
110035,ПУУЛ БАР КОЛИЗЕУМ ЕООД,Варна,ВАРНА,Cafe,Gold,Not Seasonal,Out of Home
106942,БИЙЧ БАР ФИЕСТА ЕООД,Варна,ЗЛАТНИ ПЯСЪЦИ,Superette,Silver,Seasonal,At Home
102045,БАР ЕООД,Варна,ВАРНА,Local Shop,Bronze,Not Seasonal,At Home
104672,БАР ПЛАЗА ЕООД,Силистра,ТУТРАКАН,Local Shop,Iron,Not Seasonal,At Home
111168,СПОРТЕН БАР ЕООД,Варна,ВАРНА,Hotels,Gold,Seasonal,Out of Home
111288,ПУЛ БАР ЕООД,Варна,ВАРНА,Fast-food,Iron,Seasonal,Out of Home
101284,ПУУЛ БАР ДИАМАНТ ЕООД,Разград,КУБРАТ,Cafe,Silver,Not Seasonal,At Home
109279,СПОРТЕН БАР ЕООД,Варна,ВАРНА,Bar,Bronze,Not Seasonal,Out of Home
106392,РОУЗ ВИЛИЧ ЕООД,Варна,ВАРНА,Cafe,Gold,Not Seasonal,Out of Home
103113,БАР МОТО ЕООД,Добрич,ТЕРВЕЛ,Local Shop,Gold,Not Seasonal,At Home
103191,БАР Х ЕООД,Разград,РАЗГРАД,Local Shop,Bronze,Not Seasonal,At Home
112097,БАР ЧИЛЛ ЕООД,Силистра,ДУЛОВО,Superette,Iron,Not Seasonal,At Home
105853,БАР БАКАРДИ ЕООД,Варна,ВАРНА,Fast-food,Gold,Not Seasonal,At Home
101905,БАР БАСЕЙН ЕООД,Добрич,КРАНЕВО,Local Shop,Bronze,Seasonal,At Home
102405,БАР БАСЕЙН ВЕНЕРА ПАЛАС ЕООД,Търговище,ДРАЛФА,Local Shop,Silver,Not Seasonal,At Home
106509,БАР ПЛАЯ ЕООД,Варна,ВАРНА,Cafe,Silver,Not Seasonal,Out of Home
102461,БАР МАЛИБУ ЕООД,Търговище,СЛАВЯНОВО,Local Shop,Iron,Not Seasonal,At Home
101632,БАР ФИЕСТА ЕООД,Силистра,АЛФАТАР,Local Shop,Silver,Not Seasonal,At Home
111154,ЛОБИ-БАР ЕООД,Варна,ВАРНА,Hotels,Gold,Seasonal,Out of Home
109225,БАР ЕООД,Варна,ПРОВАДИЯ,Bar,Bronze,Not Seasonal,Out of Home
104867,БАР ФИЕСТА ЕООД,Варна,ПРОВАДИЯ,Cafe,Silver,Not Seasonal,Out of Home
101904,БАР СТЕЛА 1 ЕООД,Добрич,КАВАРНА,Local Shop,Gold,Not Seasonal,At Home
101551,БАР ЕООД,Шумен,ХИТРИНО,Local Shop,Gold,Not Seasonal,At Home
106913,БАР БАСЕЙН КАМЕЛИЯ ГАРДЪН ЕООД,Варна,ЗЛАТНИ ПЯСЪЦИ,Superette,Gold,Seasonal,At Home
106925,БИЙЧ БАР ЕООД,Варна,ЗЛАТНИ ПЯСЪЦИ,Superette,Gold,Seasonal,At Home
100403,Клуб 28 ЕООД,Варна,ЗЛАТНИ ПЯСЪЦИ,Supermarket,Silver,Not Seasonal,At Home
100392,ДЖУБОКС ЕООД,Варна,ЗЛАТНИ ПЯСЪЦИ,Supermarket,Gold,Seasonal,At Home
101503,СОЛВ ЕООД,Шумен,ТИМАРЕВО,Local Shop,Iron,Not Seasonal,At Home
102066,АЙ ПИ СИ БЪЛГАРИЯ ООД ЕООД,Варна,ВАРНА,Local Shop,Silver,Not Seasonal,At Home
109620,ЧЕРИ БАР ЗЛ.ПЯСЪЦИ ЕООД,Варна,ВАРНА,Fast-food,Bronze,Not Seasonal,Out of Home
110495,БАР ЕООД,Варна,ВАРНА,Fast-food,Gold,Not Seasonal,Out of Home
105018,ПУЛ БАР БЕНДИТА ЕООД,Варна,ВАРНА,Cafe,Silver,Not Seasonal,Out of Home
111292,ШИША БАР ЕООД,Варна,ЗЛАТНИ ПЯСЪЦИ,Fast-food,Silver,Seasonal,Out of Home
110220,ПЛАЖ ЛАГУНА ЕООД,Варна,ЗЛАТНИ ПЯСЪЦИ,Fast-food,Silver,Seasonal,Out of Home
109879,ФЕЙМ ЕООД,Варна,ЗЛАТНИ ПЯСЪЦИ,Restaurant,Silver,Seasonal,Out of Home
104673,БАР ЦЕПЕЛИН ЕООД,Силистра,ДОБРОТИЦА,Local Shop,Iron,Not Seasonal,At Home
103337,ГЕЙМС СПИИТ ЕООД,Варна,ВАРНА,Local Shop,Gold,Not Seasonal,At Home
104336,ВИНЕН САЛОН ЕООД,Разград,ЦАР КАЛОЯН,Local Shop,Gold,Not Seasonal,At Home
100386,БАР ОРО ЕООД,Варна,ЗЛАТНИ ПЯСЪЦИ,Supermarket,Bronze,Seasonal,At Home
103111,БАР ГЛАРУС ЕООД,Добрич,ОРЛЯК,Local Shop,Bronze,Not Seasonal,At Home
110209,БАР ГЪЛИВЕР ЕООД,Варна,ВАРНА,Fast-food,Silver,Not Seasonal,Out of Home
102589,КИКИ БИЙЧ ЕООД,Търговище,ДАВИДОВО,Local Shop,Bronze,Not Seasonal,At Home
111381,БАР МУУН ЛАЙТ БИЙЧ ЕООД,Варна,ВАРНА,Fast-food,Silver,Not Seasonal,Out of Home
112055,БАР КАКУУН ЕООД,Търговище,ПОПОВО,Superette,Iron,Not Seasonal,At Home
112056,СИНЬО ЛЯТО ЕООД,Търговище,ПОПОВО,Superette,Iron,Not Seasonal,At Home
102126,БАР БАСЕЙН ТУНДЖА ЕООД,Варна,ВАРНА,Local Shop,Gold,Not Seasonal,At Home
102587,БАР КОКО ЕООД,Търговище,ТЪРГОВИЩЕ,Local Shop,Bronze,Not Seasonal,At Home
105800,БИЙЧ БАР МАНИЯ ЕООД,Варна,ВАРНА,Fast-food,Silver,Not Seasonal,Out of Home
110124,БАР СЪНИ ВИКТОРИЯ ЕООД,Варна,ДЕВНЯ,Fast-food,Bronze,Seasonal,Out of Home
102125,ФАМАГУСТА ЕООД,Варна,ИЗГРЕВ,Local Shop,Gold,Not Seasonal,At Home
107309,ДИНО БАР ЕООД,Варна,ДЕВНЯ,Restaurant,Bronze,Not Seasonal,Out of Home
107232,КОНТИНЕНТАЛ ЛОБИ БАР ЕООД,Шумен,ШУМЕН,Supermarket,Gold,Not Seasonal,At Home
106225,НАРГИЛЕ БАР ЕООД,Варна,ЗЛАТНИ ПЯСЪЦИ,Local Shop,Silver,Seasonal,At Home
102069,БАР ГАЛЕОН ЕООД,Варна,ДОЛИЩЕ,Local Shop,Silver,Not Seasonal,At Home
111156,НАРГИЛЕ ЕООД,Варна,ВАРНА,Hotels,Gold,Seasonal,Out of Home
108997,ОПЕРА ДИ МАРЕ ЕООД,Варна,ВАРНА,Hotels,Bronze,Not Seasonal,Out of Home
109823,БАР ФАРА ЕООД,Варна,ВАРНА,Cafe,Gold,Not Seasonal,Out of Home
102122,ЕКС ЧАЛИНДЖ ПАРК ЕООД,Варна,АКСАКОВО,Local Shop,Bronze,Not Seasonal,At Home
111164,ГРАНДЕ ЕООД,Варна,ВАРНА,Hotels,Gold,Seasonal,Out of Home
101732,АГАТОПОЛИС ЕООД,Варна,ЕЗЕРОВО,Local Shop,Gold,Not Seasonal,At Home
102104,СКРИТИЯ МЪЖ ЕООД,Варна,ИГНАТИЕВО,Local Shop,Gold,Not Seasonal,At Home
111453,СИЛИ ТУР БУНГАЛА ЕООД,Варна,ЗЛАТНИ ПЯСЪЦИ,Restaurant,Silver,Seasonal,Out of Home
104546,БУНГАЛА КАЛИНА ЕООД,Варна,КАМЧИЯ,Local Shop,Bronze,Seasonal,At Home
100323,БАР EQUILIBRIUM ЕООД,Силистра,КАЙНАРДЖА,Supermarket,Bronze,Not Seasonal,At Home
101671,БАР ДО БУНАТА ЕООД,Силистра,АЙДЕМИР,Local Shop,Gold,Not Seasonal,At Home
106363,ДИСКОТЕКА КУЛТ ЕООД,Варна,ВАРНА,Cafe,Bronze,Not Seasonal,Out of Home
104822,КОНТИНЕНТАЛ ЕООД,Варна,СУВОРОВО,Cafe,Bronze,Not Seasonal,Out of Home
112054,Дюнер ЕООД,Търговище,ПОПОВО,Superette,Iron,Not Seasonal,At Home
112052,Дискотека Афтър Плейс ЕООД,Търговище,ПОПОВО,Superette,Iron,Not Seasonal,At Home
106365,КУБА ЛИБРЕ ЕООД,Варна,ВАРНА,Cafe,Silver,Not Seasonal,Out of Home
112050,МАНХАТЪН ЕООД,Търговище,ПОПОВО,Superette,Iron,Not Seasonal,At Home
103177,КОЛОР БИЙЧ ЕООД ЕООД,Разград,ХЪРСОВО,Local Shop,Iron,Not Seasonal,At Home
105798,ЛА МАР ЕООД,Варна,ВАРНА,Fast-food,Silver,Not Seasonal,Out of Home
105841,БАР ДЮВЕ ЕООД,Варна,ВАРНА,Fast-food,Silver,Not Seasonal,Out of Home
110765,ФРЕШ БАР ЕООД,Варна,ВАРНА,Fast-food,Bronze,Not Seasonal,Out of Home
102483,БИЙЧ БАР АХЕЛОЙ ЕООД,Шумен,ШУМЕН,Local Shop,Bronze,Not Seasonal,At Home
107059,НОЩЕН БАР Ю ЕООД,Разград,РАЗГРАД,Superette,Iron,Not Seasonal,At Home
101695,"ФРЕШ БАР, Х-Л МИРАЖ ЕООД",Варна,БДИНЦИ,Local Shop,Iron,Not Seasonal,At Home
101670,ЕЙС БАР ЕООД,Силистра,СИТОВО,Local Shop,Gold,Not Seasonal,At Home
111988,ПУУЛ БАР ВЕНИЯРДС ЕООД,Варна,ВАРНА,Local Shop,Bronze,Seasonal,At Home
105827,Бар Спароу ЕООД,Варна,ВАРНА,Fast-food,Gold,Not Seasonal,Out of Home
109946,НАРГИЛЕ БАР ЕООД,Варна,ВАРНА,Cafe,Silver,Not Seasonal,Out of Home
110210,БАР КУБА ЕООД,Варна,ВАРНА,Fast-food,Bronze,Not Seasonal,Out of Home
101408,РЕД БАР ЕООД,Сливен,ТИЧА,Local Shop,Bronze,Not Seasonal,At Home
106249,БИЙЧ БАР ОРО ЕООД,Търговище,ТЪРГОВИЩЕ,Local Shop,Silver,Not Seasonal,At Home
109931,БАР ЕООД,Варна,ВАРНА,Cafe,Iron,Not Seasonal,Out of Home
106426,Автомивка Мейсън ЕООД,Варна,ВАРНА,Cafe,Iron,Not Seasonal,Out of Home
109628,БАР ХАМЕЛЕОН ЕООД,Варна,ВАРНА,Fast-food,Bronze,Not Seasonal,Out of Home
102751,КРАМ ИНС ООД ЕООД,Русе,СЕНОВО,Local Shop,Bronze,Not Seasonal,At Home
104358,МОТО КЛУБ ЕООД,Разград,ЦАР КАЛОЯН,Local Shop,Iron,Not Seasonal,At Home
108926,ДЖЕНЕЗИС ЕООД,Варна,СВ СВ КОНСТАНТИН И ЕЛЕНА,Hotels,Bronze,Not Seasonal,Out of Home
103814,Honor ЕООД,Варна,ВАРНА,Local Shop,Silver,Not Seasonal,At Home
106425,БУДА БАР ЕООД,Варна,ВАРНА,Cafe,Bronze,Not Seasonal,Out of Home
103347,ФРЕШ БАР ЕООД,Варна,ВАРНА,Local Shop,Gold,Not Seasonal,At Home
102185,БАР АДАМ И ЕВА НОВИ ЕООД,Варна,ПРОВАДИЯ,Local Shop,Gold,Not Seasonal,At Home
103112,БАР АХТОПОЛ ЕООД,Добрич,БОЖАН,Local Shop,Bronze,Not Seasonal,At Home
106670,СПЕЙС ЕООД,Разград,РАЗГРАД,Superette,Bronze,Not Seasonal,At Home
103815,СЪРФ ХАУС ЕООД,Варна,ВАРНА,Local Shop,Silver,Not Seasonal,At Home
102228,БАР ЛАМБОРГИНИ ЕООД,Варна,ЖИТНИЦА,Local Shop,Bronze,Not Seasonal,At Home
106423,ПЛАЖ ЕООД,Варна,ВАРНА,Cafe,Iron,Not Seasonal,Out of Home
101781,СЪРФ ХАУС ЕООД,Шумен,СМЯДОВО,Local Shop,Iron,Not Seasonal,At Home
107053,ВОКАЛ ЕООД,Варна,ВАРНА,Superette,Iron,Not Seasonal,At Home
103149,ФРЕШ БАР ЕООД,Разград,РАЗГРАД,Local Shop,Gold,Not Seasonal,At Home
106920,Н КЛУБ ЛИПСТИК ЕООД,Добрич,БАЛЧИК,Superette,Bronze,Seasonal,At Home
103780,КУБА ЛИБРЕ ЕООД,Варна,ВАРНА,Local Shop,Gold,Not Seasonal,At Home
101591,НАРГИЛЕ БАР СМОУК ЕООД,Силистра,СТЕФАН КАРАДЖА,Local Shop,Bronze,Not Seasonal,At Home
104674,БАР ХАВАНА ЕООД,Силистра,ПРЕСЛАВЦИ,Local Shop,Iron,Not Seasonal,At Home
110883,БАР КРЕМИКОВЦИ ЕООД,Варна,ВАРНА,Restaurant,Bronze,Not Seasonal,Out of Home
109926,ШЕЙК ИТ ЕООД,Варна,ВАРНА,Cafe,Silver,Not Seasonal,Out of Home
111119,Кафе Ди Ва ЕООД,Добрич,КРАНЕВО,Hotels,Silver,Seasonal,Out of Home
104518,БАР СИКС ЕООД,Варна,ПРОВАДИЯ,Local Shop,Silver,Not Seasonal,At Home
106679,БАР АДАМ И ЕВА ЕООД,Разград,РАЗГРАД,Superette,Silver,Not Seasonal,At Home
106360,БИКИНИ ЕООД,Варна,ВАРНА,Cafe,Bronze,Not Seasonal,Out of Home
101346,БАР АЛОХА ЕООД,Варна,ЗЛАТНИ ПЯСЪЦИ,Nightclub,Silver,Seasonal,Out of Home
109741,ВРОМОС ЕООД,Варна,ВАРНА,Superette,Gold,Seasonal,Out of Home
102570,БЕРБЕР ШОП БИЛИОНАРЕС КЛУБ ЕООД,Търговище,СЛАВЯНОВО,Local Shop,Silver,Not Seasonal,At Home
111614,Мерцедес ЕООД,Варна,ВАРНА,Fast-food,Bronze,Not Seasonal,Out of Home
104969,ИВ МЕС ЕООД,Търговище,ОПАКА,Cafe,Bronze,Not Seasonal,At Home
102119,ФИРМЕН МАГАЗИН ЕООД,Варна,ЛЮБЕН КАРАВЕЛОВО,Local Shop,Gold,Not Seasonal,At Home
107224,ВАКОМ ЕООД,Варна,СВ СВ КОНСТАНТИН И ЕЛЕНА,Superette,Bronze,Seasonal,Out of Home
102118,АКТУАЛ ЦЕНТЪР ЕООД,Варна,ВАРНА,Local Shop,Silver,Not Seasonal,At Home
108931,КАМАДЖИЕВ МИЛК ЕООД,Варна,АЛЕН МАК,Hotels,Bronze,Seasonal,Out of Home
101724,ДЕА ЕООД,Варна,ДЕВНЯ,Local Shop,Iron,Not Seasonal,At Home
106508,МАГАЗИН БОРСА КРЕБС ЕООД,Варна,ВАРНА,Cafe,Silver,Not Seasonal,Out of Home
103306,НИКМЕС ЕООД,Варна,ВАРНА,Local Shop,Gold,Not Seasonal,At Home
104502,Плод и зеленчук Крис ЕООД,Варна,БОЗВЕЛИЙСКО,Local Shop,Silver,Not Seasonal,At Home
106429,ПЛОД И ЗЕЛЕНЧУК ЕООД,Варна,ВАРНА,Cafe,Iron,Not Seasonal,Out of Home
100891,МЕСО ОТ ФЕРМАТА ЕООД,Варна,ВАРНА,Supermarket,Bronze,Not Seasonal,At Home
104547,МАГАЗИН ЗА МЕСО ЕООД,Варна,БЛИЗНАЦИ,Local Shop,Bronze,Not Seasonal,At Home
100833,МАГАЗИН ЗА МЕСО ЕООД,Варна,ВАРНА,Supermarket,Iron,Not Seasonal,At Home
104675,АКТУАЛ ДАП ЕООД,Силистра,КАЛУГЕРЕНЕ,Local Shop,Bronze,Not Seasonal,At Home
108995,МЕСАРНИЦА ЕООД,Варна,ЗЛАТНИ ПЯСЪЦИ,Hotels,Gold,Seasonal,Out of Home
110841,МОЯТ МАГАЗИН ЕООД,Варна,ВАРНА,Restaurant,Bronze,Not Seasonal,Out of Home
108928,ГОФРЕТИ ДОЛЧЕ ВИТА ЕООД,Варна,СВ СВ КОНСТАНТИН И ЕЛЕНА,Hotels,Bronze,Not Seasonal,Out of Home
100219,ПЛОДЧЕТО ЕООД,Варна,ВАРНА,Local Shop,Bronze,Not Seasonal,At Home
102973,МАГАЗИН БЕРЬОЗКА ЕООД,Разград,ЛОЗНИЦА,Local Shop,Gold,Not Seasonal,At Home
110835,ТРАНЖ ЕООД,Варна,ВАРНА,Restaurant,Gold,Not Seasonal,Out of Home
111162,МЕСО ЕООД,Варна,ВАРНА,Hotels,Gold,Seasonal,Out of Home
105849,ВАЛДИ ЕООД,Варна,ВАРНА,Fast-food,Gold,Not Seasonal,Out of Home
106944,ХРАНИТЕЛНИ СТОКИ ЕООД,Варна,ЗЛАТНИ ПЯСЪЦИ,Superette,Gold,Seasonal,At Home
102994,ПЛОД И ЗЕЛЕНЧУК ЕООД,Разград,РАЗГРАД,Local Shop,Iron,Not Seasonal,At Home
101903,МХС ЕООД,Добрич,БАЛЧИК,Local Shop,Bronze,Seasonal,At Home
104991,ПЛОДОВЕ И ЗЕЛЕНЧУЦИ ЕООД,Варна,ВАРНА,Cafe,Silver,Not Seasonal,Out of Home
102995,ФРЕШ ЕООД,Разград,ЯСЕНОВЕЦ,Local Shop,Iron,Not Seasonal,At Home
109886,ПЛОДОВЕ ЕООД,Варна,ДЕВНЯ,Cafe,Bronze,Not Seasonal,Out of Home
102482,ТАНУЗА ЕООД,Шумен,ПАМУКЧИИ,Local Shop,Silver,Not Seasonal,At Home
102064,МАГАЗИН ЗА ЯДКИ ЕООД,Варна,ВАРНА,Local Shop,Silver,Not Seasonal,At Home
102996,МАГАЗИН ЕООД,Разград,ХУМА,Local Shop,Iron,Not Seasonal,At Home
102997,МХС ЕООД,Разград,БОГОМИЛЦИ,Local Shop,Bronze,Not Seasonal,At Home
106500,Магазин ЕООД,Варна,ВАРНА,Cafe,Gold,Not Seasonal,Out of Home
101206,ВАЛДИ ЕООД,Разград,ОСЕНЕЦ,Cafe,Gold,Not Seasonal,At Home
102117,М-Н КОМ ЕООД,Варна,ИЗВОРСКО,Local Shop,Gold,Not Seasonal,At Home
106983,ПЛОДОВЕ И ЗЕЛЕНЧУЦИ ЕООД,Търговище,ПОПОВО,Superette,Gold,Not Seasonal,At Home
111161,БУЛ РЕПУБЛИКА 15 ЕООД,Варна,ВАРНА,Hotels,Silver,Seasonal,Out of Home
102998,Магазин ЕООД,Разград,РАЗГРАД,Local Shop,Iron,Not Seasonal,At Home
108903,ДОБРОТИЦА ЕООД,Варна,ВАРНА,Hotels,Iron,Not Seasonal,Out of Home
106305,МАГАЗИН АМФОРА ЕООД,Варна,ВАРНА,Local Shop,Bronze,Not Seasonal,At Home
112105,ВАЛДИ ВИСТА МАР ЕООД,Варна,ВАРНА,Superette,Bronze,Not Seasonal,Out of Home
104548,ЗКПУ ЕООД,Варна,БЕНКОВСКИ,Local Shop,Silver,Not Seasonal,At Home
101734,МАГАЗИН ЕООД,Варна,ТОПОЛИ,Local Shop,Gold,Not Seasonal,At Home
102406,СТОКИ ЗА ДОМА ЕООД,Търговище,ТЪРГОВИЩЕ,Local Shop,Bronze,Not Seasonal,At Home
102974,ФИРМЕН МАГАЗИН ДОБРОТИЦА ЕООД,Разград,ЛОЗНИЦА,Local Shop,Bronze,Not Seasonal,At Home
111115,ФИРМЕН МАГАЗИН ЕООД,Добрич,КАВАРНА,Hotels,Gold,Not Seasonal,Out of Home
106227,ФИРМЕН МАГАЗИН ДОБРОТИЦА ЕООД,Варна,ВАРНА,Local Shop,Bronze,Not Seasonal,At Home
101865,МАГАЗИН ЕООД,Добрич,РОГАЧЕВО,Local Shop,Silver,Not Seasonal,At Home
111455,МАГАЗИН ЛЪКИ ЕООД,Варна,ВАРНА,Restaurant,Gold,Not Seasonal,Out of Home
105822,МАГАЗИН ЕООД,Варна,ВАРНА,Fast-food,Silver,Not Seasonal,Out of Home
101855,ВАЛДИ ЕООД,Добрич,ДОБРИЧ,Local Shop,Gold,Not Seasonal,At Home
101747,МХС ЕООД,Шумен,ШУМЕН,Local Shop,Bronze,Not Seasonal,At Home
104993,ВАЛДИ ЕРМА ЕООД,Варна,ВАРНА,Cafe,Gold,Not Seasonal,Out of Home
100913,МАГАЗИН РЕФРЕШ ЕООД,Варна,ВАРНА,Supermarket,Bronze,Not Seasonal,At Home
106023,ОТ ФЕРМАТА ЕООД,Варна,ВАРНА,Fast-food,Gold,Not Seasonal,Out of Home
103314,ПЛОД И ЗЕЛЕНЧУК ЕООД,Варна,ВАРНА,Local Shop,Gold,Not Seasonal,At Home
103773,МАРТИ ЕООД,Варна,ВАРНА,Local Shop,Gold,Not Seasonal,At Home
100038,НАТАЛИ ЕООД,Варна,ВАРНА,Local Shop,Silver,Not Seasonal,At Home
104892,ПЛОД-ЗЕЛЕНЧУК ЕООД,Варна,ПЕТРОВ ДОЛ,Cafe,Gold,Not Seasonal,Out of Home
102481,МПС ЕООД,Шумен,НОВИ ПАЗАР,Local Shop,Silver,Not Seasonal,At Home
106419,ИВЕН 2226 ЕООД ЕООД,Варна,ВАРНА,Cafe,Bronze,Not Seasonal,Out of Home
105955,ПЛОД-ЗЕЛЕНЧУК ЖИМИКС ЕООД,Варна,ВАРНА,Fast-food,Gold,Not Seasonal,Out of Home
110121,МПС ЕООД,Варна,ПРОВАДИЯ,Fast-food,Silver,Not Seasonal,Out of Home
111133,МПС КРАУН ЕООД,Варна,ВАРНА,Hotels,Gold,Seasonal,Out of Home
111166,ПЛОД И ЗЕЛЕНЧУК ЕООД,Варна,ВАРНА,Hotels,Silver,Seasonal,Out of Home
101867,ПАВИЛИОН ЗА ЦИГАРИ ЕООД,Добрич,БАЛЧИК,Local Shop,Silver,Not Seasonal,At Home
100308,МПС ЕООД,Силистра,СИЛИСТРА,Supermarket,Silver,Not Seasonal,At Home
100315,МПС ЕООД,Силистра,СИТОВО,Supermarket,Iron,Not Seasonal,At Home
102566,МАГАЗИН ЕООД,Търговище,ТЪРГОВИЩЕ,Local Shop,Bronze,Not Seasonal,At Home
101745,ПЛОД И ЗЕЛЕНЧУК ЕООД,Шумен,ТУШОВИЦА,Local Shop,Iron,Not Seasonal,At Home
102479,ПЛОД-ЗЕЛЕНЧУКМ-ТРЕЙД ЕООД,Шумен,ШУМЕН,Local Shop,Bronze,Not Seasonal,At Home
100107,ПЛОД ЗЕЛЕНЧУК ЕООД,Добрич,ДОБРИЧ,Local Shop,Silver,Not Seasonal,At Home
100109,ПЛОД И ЗЕЛЕНЧУК С/У АПОЛОН ЕООД,Добрич,ДОБРИЧ,Local Shop,Bronze,Not Seasonal,At Home
100110,Зеленчуков магазин ЕООД,Добрич,ДОБРИЧ,Local Shop,Bronze,Not Seasonal,At Home
100111,Мария плод ЕООД ЕООД,Добрич,ДОБРИЧ,Local Shop,Silver,Not Seasonal,At Home
101033,МПС ЕООД,Разград,КУБРАТ,Supermarket,Gold,Not Seasonal,At Home
109773,ПЛОД-ЗЕЛЕНЧУК ЛЮБИМ ФРУКТ ЕООД,Варна,ВАРНА,Hotels,Bronze,Seasonal,Out of Home
107139,МПС ЕООД,Варна,ВАРНА,Superette,Silver,Not Seasonal,At Home
100071,КАЧУЛКОВ 93 ЕООД ЕООД,Шумен,ШУМЕН,Local Shop,Bronze,Not Seasonal,At Home
101735,МПС ЕООД,Варна,БЕЛОСЛАВ,Local Shop,Gold,Not Seasonal,At Home
103772,ПЛОД И ЗЕЛЕНЧУК С/У АПОЛОН ЕООД,Варна,ВАРНА,Local Shop,Gold,Not Seasonal,At Home
101341,ОКЕАНИДИ - НЕСЕБЪР ООД ЕООД,Варна,ВАРНА,Nightclub,Iron,Not Seasonal,Out of Home
103372,ПЛОД ЗЕЛЕНЧУК ЕООД,Варна,ГЕНЕРАЛ КАНТАРДЖИЕВО,Local Shop,Gold,Not Seasonal,At Home
104322,“FRESH BOX” ЕООД,Разград,ЦАР КАЛОЯН,Local Shop,Bronze,Not Seasonal,At Home
101746,ТОДОФРУКТ ЕООД,Шумен,КАСПИЧАН,Local Shop,Gold,Not Seasonal,At Home
101290,Сладолед ЕООД,Варна,ПРОВАДИЯ,Cafe,Bronze,Not Seasonal,At Home
106418,ИЛЕВИ 2014 ЕООД,Варна,ВАРНА,Cafe,Iron,Not Seasonal,Out of Home
106396,ХРАНИТЕЛЕН МАГАЗИН МЕЛИСА ЕООД,Варна,ВАРНА,Cafe,Bronze,Not Seasonal,Out of Home
111448,ЮМИТО ЮМГЮЛ ИСЛЯМОВА ЕТ ЕООД,Варна,ЗЛАТНИ ПЯСЪЦИ,Restaurant,Silver,Seasonal,Out of Home
105019,ЕЛЕЯ ЕООД,Варна,ВАРНА,Cafe,Silver,Not Seasonal,Out of Home
104527,ХАРМАН ЕООД,Варна,ПРОВАДИЯ,Local Shop,Gold,Not Seasonal,At Home
105817,НАДЕЖДА М ЕООД,Варна,ВАРНА,Fast-food,Silver,Not Seasonal,Out of Home
100121,МАМС 2016 ООД ЕООД,Добрич,ДОБРИЧ,Local Shop,Bronze,Not Seasonal,At Home
100113,ПТИЦЕФЕРМА ЕООД,Добрич,ДОБРИЧ,Local Shop,Iron,Not Seasonal,At Home
109723,СУИТ ФРУТ НК ЕООД,Варна,РАВНА ГОРА,Superette,Silver,Not Seasonal,Out of Home
106809,ЛОРИ МЕС ЕООД,Варна,ЗЛАТНИ ПЯСЪЦИ,Nightclub,Gold,Seasonal,Out of Home
110673,ИЕМ ЖИ ЕООД ЕООД,Варна,ЗЛАТНИ ПЯСЪЦИ,Restaurant,Silver,Seasonal,Out of Home
111608,НАДЕЖДА ЕМ ЕООД,Варна,ЗЛАТНИ ПЯСЪЦИ,Fast-food,Gold,Seasonal,Out of Home
101750,ЖЕЛЯЗ - ИРЕНА ЙОРДАНОВА ЕТ ЕООД,Шумен,ВЕСЕЛИНОВО,Local Shop,Bronze,Not Seasonal,At Home
106030,МАГАЗИН ЗА ХЛЕБНИ ИЗДЕЛИЯ ЕООД,Варна,ВАРНА,Fast-food,Gold,Not Seasonal,Out of Home
105797,ГАНЕВИ БЕЙКЪРИ ООД ЕООД,Варна,ВАРНА,Fast-food,Bronze,Not Seasonal,Out of Home
109955,МАГАЗИН ЗА ХЛЕБНИ ИЗДЕЛИЯ ЕООД,Варна,ВАРНА,Cafe,Silver,Not Seasonal,Out of Home
111123,МАГАЗИН ЗА ПЛОДОВЕ И ЗЕЛЕНЧУЦИ ЕООД,Варна,ВАРНА,Hotels,Silver,Not Seasonal,Out of Home
110122,СМЕСЕН МАГАЗИН ЕООД,Варна,ДЕВНЯ,Fast-food,Gold,Not Seasonal,Out of Home
106982,ПЛОД ЗЕЛЕНЧУК ЕООД,Шумен,ШУМЕН,Superette,Gold,Not Seasonal,At Home
101909,МАГАЗИН ЗА ХЛЕБНИ ИЗДЕЛИЯ ЕООД,Добрич,АЛБЕНА,Local Shop,Gold,Seasonal,At Home
111520,ПЛОД ЗЕЛЕНЧУК ЕООД,Варна,ВАРНА,Restaurant,Gold,Not Seasonal,Out of Home
111136,БОРИМЕС ЕООД,Варна,ВАРНА,Hotels,Silver,Seasonal,Out of Home
111125,АЙМЕ ЕООД,Варна,ВАРНА,Hotels,Silver,Seasonal,Out of Home
105796,Плод-зеленчук ЕООД,Варна,ВАРНА,Fast-food,Gold,Not Seasonal,Out of Home
100903,ПЛОД И ЗЕЛЕНЧУК ЕООД,Варна,ВАРНА,Supermarket,Iron,Not Seasonal,At Home
102116,МАГАЗИН ЗА ХЛЕБНИ ИЗДЕЛИЯ ЕООД,Варна,ВАРНА,Local Shop,Iron,Not Seasonal,At Home
105803,БОБИ ЕООД,Варна,ВАРНА,Fast-food,Silver,Not Seasonal,Out of Home
105678,ПЛОД-ЗЕЛЕНЧУК ЕООД,Варна,ВАРНА,Bar,Bronze,Seasonal,Out of Home
102478,АНИТАВАЛ ЕООД,Шумен,НОВИ ПАЗАР,Local Shop,Bronze,Not Seasonal,At Home
101165,ПЛОДОВЕ И ЗЕЛЕНЧУЦИ ЕООД,Търговище,ПОПОВО,Cafe,Silver,Not Seasonal,At Home
106220,МЕТИКА-2000 ООД ЕООД,Варна,ВАРНА,Local Shop,Bronze,Not Seasonal,At Home
101997,ПЛОД-ЗЕЛЕНЧУК ЕООД,Варна,ВАРНА,Local Shop,Iron,Not Seasonal,At Home
106926,ПЛОД И ЗЕЛЕНЧУК ЕООД,Добрич,АЛБЕНА,Superette,Silver,Seasonal,At Home
104894,МАГАЗИН ЗА ХЛЕБНИ ИЗДЕЛИЯ ЕООД,Варна,ПРОВАДИЯ,Cafe,Iron,Not Seasonal,Out of Home
105338,МАГАЗИН ЗА ХЛЕБНИ ИЗДЕЛИЯ ЕООД,Варна,ВАРНА,Cafe,Iron,Not Seasonal,Out of Home
106297,ПЛОДОВЕ И ЗЕЛЕНЧУЦИ ЕООД,Варна,ВАРНА,Local Shop,Silver,Seasonal,At Home
106941,МАГАЗИН ЗА ХЛЕБНИ ИЗДЕЛИЯ ЕООД,Варна,ЗЛАТНИ ПЯСЪЦИ,Superette,Bronze,Seasonal,At Home
102563,НАДЕЖДА М ПАЗАР ЕООД,Търговище,ТЪРГОВИЩЕ,Local Shop,Gold,Not Seasonal,At Home
103849,ФУРНА ШОГУН ЕООД,Варна,ВАРНА,Local Shop,Gold,Not Seasonal,At Home
102599,ПЛОД И ЗЕЛЕНЧУК ЕООД,Русе,ТЕТОВО,Local Shop,Gold,Not Seasonal,At Home
101736,ПЛОД-ЗЕЛЕНУК ЕООД,Варна,БЕЛОГРАДЕЦ,Local Shop,Gold,Not Seasonal,At Home
102063,НАДЕЖДА М  ЦЕНТЪР ЕООД,Варна,ВАРНА,Local Shop,Gold,Not Seasonal,At Home
102550,МАГАЗИН ЗА ХЛЕБНИ ИЗДЕЛИЯ ЕООД,Търговище,ТЪРГОВИЩЕ,Local Shop,Silver,Not Seasonal,At Home
109518,"БОРСА НАЦИОНАЛ МЕСО,РИБА,ЗЕЛЕНЧУЦИ ЕООД",Варна,ВАРНА,Fast-food,Gold,Not Seasonal,Out of Home
101872,ХРАНИТЕЛНИ СТОКИ ЕООД,Добрич,БАЛЧИК,Local Shop,Bronze,Seasonal,At Home
103116,НАДЕЖДА М ТИР СПИРКА ЕООД,Добрич,ТЕРВЕЛ,Local Shop,Bronze,Not Seasonal,At Home
111114,ПЛОД-ЗЕЛЕНЧУК ТЕРИ ЕООД,Варна,ВАРНА,Hotels,Silver,Not Seasonal,Out of Home
111473,НАДЕЖДА М БЛОК ЕООД,Варна,ЗЛАТНИ ПЯСЪЦИ,Restaurant,Silver,Seasonal,Out of Home
109241,НАДЕЖДА-М ЕООД,Варна,ВАРНА,Bar,Bronze,Not Seasonal,Out of Home
106417,МАГАЗИН ПЛОД И ЗЕЛЕНЧУК ЕООД,Варна,ВАРНА,Cafe,Bronze,Not Seasonal,Out of Home
101163,БОЗМОВ ЕООД,Шумен,ШУМЕН,Cafe,Silver,Not Seasonal,At Home
101674,МЕТИСКА ЕООД,Силистра,СИЛИСТРА,Local Shop,Bronze,Not Seasonal,At Home
101607,КУЛИНАРЕН МАГАЗИН МАРИНОВИ ЕООД,Шумен,СМЯДОВО,Local Shop,Iron,Not Seasonal,At Home
109944,КУЛИНАРЕН МАГАЗИН ЕООД,Варна,ВАРНА,Cafe,Iron,Not Seasonal,Out of Home
106031,НАДЕЖДА-М ЕООД,Варна,ВАРНА,Fast-food,Iron,Not Seasonal,Out of Home
101602,МАГАЗИН ЗА ХЛЕБНИ ИЗДЕЛИЯ ЕООД,Шумен,СМЯДОВО,Local Shop,Bronze,Not Seasonal,At Home
112015,ЕМИС ФРУКТ ЕООД,Разград,КУБРАТ,Local Shop,Iron,Not Seasonal,At Home
101601,ПИВНИЦА НИНО ЕООД,Варна,БЕЛОСЛАВ,Local Shop,Silver,Not Seasonal,At Home
102120,МАГАЗИН ПЛАМЪЧЕ ЕООД,Варна,ИГНАТИЕВО,Local Shop,Gold,Not Seasonal,At Home
102999,НАДЕЖДА-М ЕООД,Разград,ДЯНКОВО,Local Shop,Gold,Not Seasonal,At Home
107288,СЛАДКАРНИЦА ЕООД,Варна,ВАРНА,Cafe,Iron,Seasonal,Out of Home
105802,МОЯТ МАГАЗИН ЕООД,Варна,ВАРНА,Fast-food,Bronze,Not Seasonal,Out of Home
110788,ПЛОДОВЕ И ЗЕЛЕНЧУЦИ ХЕЛИ ЕООД,Варна,ВАРНА,Fast-food,Gold,Not Seasonal,Out of Home
111370,МАГАЗИН ЗА ХЛЕБНИ ИЗДЕЛИЯ ЕООД,Варна,ВАРНА,Fast-food,Bronze,Not Seasonal,Out of Home
104375,БОРИМЕС ЕООД,Разград,БЕЛОВЕЦ,Local Shop,Bronze,Not Seasonal,At Home
101603,СОЛЕТИ СЛАДКЕТИ ЕООД,Шумен,ШУМЕН,Local Shop,Bronze,Not Seasonal,At Home
102451,МАГАЗИН ЗА ПЛОДОВЕ И ЗЕЛЕНЧУЦИ ЕООД,Търговище,ТРЕСКАВЕЦ,Local Shop,Bronze,Not Seasonal,At Home
112035,ЗЕЛЕНЧУКОВ МАГАЗИН ЕООД,Шумен,КАСПИЧАН,Superette,Iron,Not Seasonal,At Home
109524,МАГАЗИН НИКИС ЕООД,Варна,ВАРНА,Fast-food,Silver,Not Seasonal,Out of Home
106918,ЕЛЕНСКИ МАГАЗИНИ МЕСО ЕООД,Варна,ВАРНА,Superette,Bronze,Not Seasonal,At Home
102416,МЕСНИ И МЛЕЧНИ ПРОДУКТИ ЕООД,Търговище,АПРИЛОВО,Local Shop,Iron,Not Seasonal,At Home
111128,НЕДКО МИТЕВ ЕООД,Варна,КРАНЕВО,Hotels,Silver,Not Seasonal,Out of Home
100402,НЕДКО МИТКОВ ЕООД,Варна,ВАРНА,Supermarket,Bronze,Not Seasonal,At Home
100300,АЛ-БО ЕООД,Варна,ВАРНА,Local Shop,Gold,Seasonal,Out of Home
105010,ТОНИ ЕООД,Варна,ВАРНА,Cafe,Gold,Not Seasonal,Out of Home
101592,ТОРТИ ЕООД,Силистра,СЕКУЛОВО,Local Shop,Silver,Not Seasonal,At Home
103838,МАГАЗИН РОДОПА МИЛК ЕООД,Варна,ВАРНА,Local Shop,Gold,Not Seasonal,At Home
112039,МЛЕЧЕН МАГАЗИН ЕООД,Шумен,РАДКО ДИМИТРИЕВО,Superette,Bronze,Not Seasonal,At Home
105006,МЕСАРНИЦА ЕООД,Варна,ВАРНА,Cafe,Silver,Not Seasonal,Out of Home
100361,НЕЛИ ЕООД,Варна,ВАРНА,Supermarket,Gold,Not Seasonal,At Home
101738,ПЛОД ЗЕЛЕНЧУК ЕООД,Варна,ВЪЛЧИ ДОЛ,Local Shop,Gold,Not Seasonal,At Home
106628,ЮЛСИ ЕООД,Шумен,ШУМЕН,Superette,Gold,Not Seasonal,At Home
105451,МЛЕЧЕН МАГАЗИН ВИТОША ЕООД,Варна,ВАРНА,Cafe,Bronze,Not Seasonal,Out of Home
105038,МАГАЗИН ПРОМИШЛЕНИ СТОКИ 11 ЕООД,Варна,ВАРНА,Cafe,Silver,Not Seasonal,Out of Home
100369,ПЛОД И ЗЕЛЕНЧУК ЕООД,Варна,ЗЛАТНИ ПЯСЪЦИ,Supermarket,Gold,Seasonal,At Home
100427,ПЛОД ЗЕЛЕНЧУК ЕООД,Варна,ЗЛАТНИ ПЯСЪЦИ,Supermarket,Gold,Seasonal,At Home
106034,НЕДКО МИТЕВ ЕООД,Варна,ВАРНА,Fast-food,Iron,Not Seasonal,Out of Home
106420,СЛАВОВ ЕООД,Варна,ВАРНА,Cafe,Iron,Not Seasonal,Out of Home
100912,КРАЛСКА ИЗБА ЕООД,Варна,ВАРНА,Supermarket,Silver,Not Seasonal,At Home
109237,ПАВИЛИОН 8 ЕООД,Варна,ВАРНА,Bar,Bronze,Not Seasonal,Out of Home
100367,ДМК ЕООД,Варна,ЗЛАТНИ ПЯСЪЦИ,Supermarket,Silver,Seasonal,At Home
100366,БИОМАГАЗИН ЖОСИ ЕООД,Варна,ЗЛАТНИ ПЯСЪЦИ,Supermarket,Gold,Seasonal,At Home
106055,ДЖЕРОНИМО ЕООД,Варна,ВАРНА,Fast-food,Silver,Not Seasonal,Out of Home
106671,МЛЕЧЕН ИЗВОР ЕООД,Разград,РАЗГРАД,Superette,Silver,Not Seasonal,At Home
103000,ХРАНИТЕЛЕН МАГАЗИН ФАМИЛИЯ ЕООД,Разград,РАЗГРАД,Local Shop,Silver,Not Seasonal,At Home
102992,МАГАЗИН 1 ЕООД,Разград,РАЗГРАД,Local Shop,Silver,Not Seasonal,At Home
101668,ЗЕЛЕНЧУЦИ БГ ЕООД,Силистра,СИЛИСТРА,Local Shop,Silver,Not Seasonal,At Home
101131,ЗЕЛЕНЧУКОВ МХС ЕООД,Добрич,БАЛЧИК,Cafe,Silver,Not Seasonal,At Home
102562,МАГАЗИН ЕООД,Търговище,ТЪРГОВИЩЕ,Local Shop,Silver,Not Seasonal,At Home
112033,ЗЕЛЕНЧУЦИ ЕООД,Силистра,СИЛИСТРА,Superette,Bronze,Not Seasonal,At Home
111571,Магазин за кафе и цигари ЕООД,Варна,ДЪЛГОПОЛ,Fast-food,Bronze,Not Seasonal,Out of Home
103313,ЗЕЛЕНЧУКОВ МАГАЗИН ЕООД,Варна,ВАРНА,Local Shop,Iron,Not Seasonal,At Home
102972,Плод Зеленчук ЕООД,Разград,ДУХОВЕЦ,Local Shop,Bronze,Not Seasonal,At Home
103002,МЕСАРСКИ МАГАЗИН ЕООД,Разград,КИЧЕНИЦА,Local Shop,Silver,Not Seasonal,At Home
103003,НИКОМС ЕООД,Разград,КИЧЕНИЦА,Local Shop,Gold,Not Seasonal,At Home
106424,МИРКО ЕООД,Варна,ВАРНА,Cafe,Bronze,Not Seasonal,Out of Home
101682,СПЕЦИАЛИЗИРАН МАГАЗИН ЕООД,Силистра,АЙДЕМИР,Local Shop,Bronze,Not Seasonal,At Home
110221,АНИДА ЕООД,Варна,ВАРНА,Fast-food,Silver,Not Seasonal,Out of Home
104282,МХС ЕКАТЕРИНА ЕООД,Разград,КУБРАТ,Local Shop,Bronze,Not Seasonal,At Home
103623,МАГАЗИН ЕЛИТ ЕООД,Шумен,ДРУМЕВО,Local Shop,Bronze,Not Seasonal,At Home
100018,ПЛОД И ЗЕЛЕНЧУК ЕООД,Силистра,СИЛИСТРА,Local Shop,Gold,Seasonal,At Home
106517,МЕЛМАК 2 ЕООД,Варна,ВАРНА,Cafe,Bronze,Not Seasonal,Out of Home
102005,МИНИМАРКЕТ ЕООД,Варна,СЛЪНЧЕВО,Local Shop,Bronze,Seasonal,At Home
111611,ХРАНИТЕЛНИ СТОКИ ЕООД,Варна,ВАРНА,Fast-food,Bronze,Not Seasonal,Out of Home
105300,ПЛОД И ЗЕЛЕНЧУК НЕНО ЕООД,Варна,СВ СВ КОНСТАНТИН И ЕЛЕНА,Cafe,Silver,Seasonal,Out of Home
104996,ПЛОД И ЗЕЛЕНЧУК ЕООД,Варна,ВАРНА,Cafe,Bronze,Not Seasonal,Out of Home
106047,ДЖЕРОНИМО ЕООД,Варна,ВАРНА,Fast-food,Silver,Not Seasonal,Out of Home
100647,ХРАНИТЕЛЕН МАГАЗИН ЕООД,Търговище,ПРЕСЕЛЕЦ,Supermarket,Silver,Not Seasonal,At Home
101853,ДЕТЕЛИНА ЕООД,Добрич,КОЗЛОДУЙЦИ,Local Shop,Bronze,Not Seasonal,At Home
109349,МАГАЗИН ПАКЕТИРАНИ СТОКИ ЕООД,Търговище,ВАРДУН,Fast-food,Bronze,Seasonal,At Home
111108,ПЛОД И ЗЕЛЕНЧУК ЕООД,Варна,ВАРНА,Hotels,Gold,Seasonal,Out of Home
101571,МИКС МАРКЕТ ЕООД,Шумен,ТРЕМ,Local Shop,Silver,Not Seasonal,At Home
105324,ПЛОД И ЗЕЛЕНЧУК ЕООД,Варна,ВАРНА,Cafe,Gold,Not Seasonal,Out of Home
100890,ПЛОД И ЗЕЛЕНЧУК ЕООД,Варна,ВАРНА,Supermarket,Iron,Not Seasonal,At Home
111129,МАГАЗИН ЗА МЛЕЧНИ И МЕСНИ ПРОДУКТИ ЕООД,Варна,ВАРНА,Hotels,Silver,Seasonal,Out of Home
110833,МАГАЗИН ДОРЕТИ ЕООД,Варна,ВАРНА,Restaurant,Gold,Not Seasonal,Out of Home
108036,МХС ЕООД,Варна,ВАРНА,Restaurant,Gold,Not Seasonal,Out of Home
102431,ПЛОД И ЗЕЛЕНЧУК ЕООД,Търговище,ОВЧАРОВО,Local Shop,Bronze,Not Seasonal,At Home
111565,ПЛОД И ЗЕЛЕНЧУК ЕООД,Шумен,БЛИЗНАЦИ,Fast-food,Silver,Not Seasonal,At Home
100910,ХР СТОКИ ЕООД,Варна,ВАРНА,Supermarket,Gold,Not Seasonal,At Home
102584,ПЛОД-ЗЕЛЕНЧУК ЕООД,Шумен,ПАМУКЧИИ,Local Shop,Bronze,Not Seasonal,At Home
105002,НАР ЕООД,Варна,ВАРНА,Cafe,Gold,Not Seasonal,Out of Home
112077,МАГАЗИН ЕООД,Варна,ВАРНА,Superette,Bronze,Not Seasonal,At Home
101505,ПЛОД ЗЕЛЕНЧУК ЕООД,Шумен,ТИМАРЕВО,Local Shop,Iron,Not Seasonal,At Home
109948,МАГАЗИН ХРАНИТЕЛНИ СТОКИ ЕООД,Варна,ВАРНА,Cafe,Gold,Not Seasonal,Out of Home
101640,ПЛОД И ЗЕЛЕНЧУК ЕООД,Шумен,ЕНЕВО,Local Shop,Iron,Not Seasonal,At Home
101718,ДОБРОТИЦА ЕООД,Варна,МЛАДА ГВАРДИЯ,Local Shop,Silver,Not Seasonal,At Home
104285,ПЛОД И ЗЕЛЕНЧУК ЕООД,Разград,САВИН,Local Shop,Iron,Not Seasonal,At Home
109244,ПЛОД И ЗЕЛЕНЧУК ЕООД,Варна,ВАРНА,Bar,Bronze,Not Seasonal,Out of Home
101655,ХРАНИТЕЛНИ СТОКИ ЕООД,Шумен,ЕДИНАКОВЦИ,Local Shop,Iron,Not Seasonal,At Home
100879,ПЛОД И ЗЕЛЕНЧУК ЕООД,Варна,ВАРНА,Supermarket,Bronze,Not Seasonal,At Home
110832,ПЛОД И ЗЕЛЕНЧУК ЕООД,Варна,ВАРНА,Restaurant,Gold,Not Seasonal,Out of Home
104535,ПРИ НАБОРА ЕООД,Варна,ЦОНЕВО,Local Shop,Bronze,Not Seasonal,At Home
107095,МАГАЗИН ПОНТЕКО ЕООД,Варна,ВАРНА,Superette,Silver,Not Seasonal,At Home
110831,МПС ЕООД,Варна,ВАРНА,Restaurant,Gold,Not Seasonal,Out of Home
104634,МАГАЗИН ПАКЕТИРАНИ СТОКИ ЕООД,Силистра,КАЛУГЕРЕНЕ,Local Shop,Bronze,Not Seasonal,At Home
101611,ЗЕЛЕНЧУКОВ МАГАЗИН ЕООД,Шумен,КАСПИЧАН,Local Shop,Iron,Not Seasonal,At Home
101606,ХР СТОКИ ЕООД,Шумен,КАСПИЧАН,Local Shop,Bronze,Not Seasonal,At Home
101886,МХС ЕООД,Добрич,БАЛЧИК,Local Shop,Gold,Seasonal,At Home
106272,ПЛОД И ЗЕЛЕНЧУК ЕООД,Варна,ВАРНА,Local Shop,Bronze,Not Seasonal,At Home
101103,ПЛОД И ЗЕЛЕНЧУК ЕООД,Силистра,СИЛИСТРА,Cafe,Bronze,Not Seasonal,At Home
102060,ХЛАДИЛНИ ВИТРИНИ ЕООД,Варна,ВАРНА,Local Shop,Silver,Not Seasonal,At Home
102432,ФЕРМЕРСКИ МАГАЗИН ЕООД,Търговище,МАКАРИОПОЛСКО,Local Shop,Bronze,Not Seasonal,At Home
101870,ПЛОД И ЗЕЛЕНЧУК ЕООД,Добрич,БЪЛГАРЕВО,Local Shop,Silver,Seasonal,At Home
109925,АМАДЕУС ЕООД,Варна,ВАРНА,Cafe,Bronze,Not Seasonal,Out of Home
104303,МХС ДОНИТА ЕООД,Силистра,СТАРО СЕЛО,Local Shop,Iron,Not Seasonal,At Home
104998,ПЛОД И ЗЕЛЕНЧУК ЕООД,Варна,ВАРНА,Cafe,Gold,Not Seasonal,Out of Home
105674,ХРАНИТЕЛНИ СТОКИ ЕООД,Варна,ЗЛАТНИ ПЯСЪЦИ,Bar,Silver,Seasonal,Out of Home
101841,УАН ГИФТ ЕООД,Добрич,ПАСКАЛЕВО,Local Shop,Silver,Not Seasonal,At Home
111572,ПРИ ЕЛИ ЕООД,Варна,СУВОРОВО,Fast-food,Bronze,Not Seasonal,Out of Home
100364,ДЕГА ЕООД,Варна,ЗЛАТНИ ПЯСЪЦИ,Supermarket,Silver,Seasonal,At Home
101523,МАКС ГО ЕООД,Шумен,БЛИЗНАЦИ,Local Shop,Iron,Not Seasonal,At Home
101515,Магазин пакетирани стоки ЕООД,Шумен,ЯСЕНКОВО,Local Shop,Silver,Not Seasonal,At Home
111124,ДИДИ ПЛОД ЕООД,Варна,КРАНЕВО,Hotels,Silver,Seasonal,Out of Home
107514,ПЛОД И ЗЕЛЕНЧУК ЕООД,Варна,ВАРНА,Restaurant,Gold,Not Seasonal,Out of Home
110233,ПЛОДОВЕ И ЗЕЛЕНЧУЦИ ЕООД,Варна,ВАРНА,Fast-food,Bronze,Not Seasonal,Out of Home
107132,ЖЕЛЕВИ ЕООД,Бургас,БУРГАС,Superette,Silver,Not Seasonal,At Home
104669,МАГАЗИН ЗА МЛЕЧНИ ПРОДУКТИ ЕООД,Силистра,ЛЮБЕН,Local Shop,Bronze,Not Seasonal,At Home
111285,МПС ЕООД,Варна,ВАРНА,Fast-food,Silver,Not Seasonal,Out of Home
101733,ПЛОД И ЗЕЛЕНЧУК ЕООД,Варна,ВЪЛЧИ ДОЛ,Local Shop,Silver,Not Seasonal,At Home
106669,СКЛАД ЗА ПЛОДОВЕ И ЗЕЛЕНЧУЦИ ЕООД,Разград,РАЗГРАД,Superette,Silver,Not Seasonal,At Home
103019,ТРИОС ЕООД,Разград,РАЗГРАД,Local Shop,Silver,Not Seasonal,At Home
107295,РОУД МАРКЕТ ЕООД,Разград,РАЗГРАД,Supermarket,Bronze,Not Seasonal,At Home
100099,ПЛОД ЗЕЛЕНЧУК ЕООД,Добрич,ДОБРИЧ,Local Shop,Silver,Seasonal,At Home
111384,АВТОМИВКА АУТОФРЕШ ЕООД,Варна,ВАРНА,Fast-food,Gold,Not Seasonal,Out of Home
111238,ПАКИТАЖ АЛКОХОЛ И ЦИГАРИ ЕООД,Варна,ЗЛАТНИ ПЯСЪЦИ,Hotels,Gold,Seasonal,Out of Home
110130,МПС ЕООД,Варна,СУВОРОВО,Fast-food,Iron,Not Seasonal,Out of Home
111104,МХС ЕООД,Варна,ВАРНА,Hotels,Gold,Not Seasonal,Out of Home
101518,МПС-СОЗОС ЕООД,Шумен,ЯСЕНКОВО,Local Shop,Bronze,Not Seasonal,At Home
101496,ПЛОД ЕООД,Шумен,ТЪКАЧ,Local Shop,Silver,Not Seasonal,At Home
100033,МИНИ МАРКЕТ АЛЕКС ЕООД,Добрич,ДОБРИЧ,Local Shop,Silver,Not Seasonal,At Home
101125,ЧИЙП ШОП ЕООД,Варна,ВАРНА,Cafe,Bronze,Not Seasonal,At Home
110204,ПАКЕТИРАНИ СТОКИ ЕООД,Варна,ВАРНА,Fast-food,Silver,Not Seasonal,Out of Home
110562,ТАБАКО ЕООД,Бургас,СОЗОПОЛ,Fast-food,Bronze,Seasonal,Out of Home
105307,ПЛОД И ЗЕЛЕНЧУК ЕООД,Варна,ВАРНА,Cafe,Iron,Not Seasonal,Out of Home
108006,ПЛОД И ЗЕЛЕНЧУК ЕООД,Бургас,НЕСЕБЪР,Restaurant,Gold,Seasonal,Out of Home
109495,ПЛОД И ЗЕЛЕНЧУК ЕООД,Бургас,НЕСЕБЪР,Fast-food,Silver,Not Seasonal,Out of Home
105472,МПС ГРАНД ХОТЕЛ ЕООД,Бургас,СОЗОПОЛ,Cafe,Silver,Seasonal,Out of Home
108978,МАГАЗИН ЗА МЕСО ЕООД,Бургас,КИТЕН,Hotels,Silver,Seasonal,Out of Home
107666,МИНИ МАРКЕТ ДАВИД ЕООД,Бургас,ЦАРЕВО,Restaurant,Bronze,Not Seasonal,Out of Home
108921,МПС ЕООД,Бургас,ОБЗОР,Hotels,Bronze,Seasonal,Out of Home
111665,ДЕЛИКАТЕСЕН МАГАЗИН ЕООД,Бургас,РАВДА,Fast-food,Bronze,Seasonal,Out of Home
105983,СЛАДКАРНИЦА ЕООД,Бургас,ПОМОРИЕ,Fast-food,Silver,Seasonal,Out of Home
108530,ПЛОД И ЗЕЛЕНЧУК ЕООД,Бургас,ПРИМОРСКО,Restaurant,Silver,Seasonal,Out of Home
108202,ПЛОД И ЗЕЛЕНЧУК ЕООД,Бургас,ПОМОРИЕ,Restaurant,Silver,Seasonal,Out of Home
107479,МАГАЗИН ЕООД,Бургас,СВЕТИ ВЛАС,Restaurant,Gold,Seasonal,Out of Home
106792,МАРКЕТ БАМБИ ЕООД,Бургас,СВЕТИ ВЛАС,Nightclub,Silver,Seasonal,Out of Home
100213,Желирани бонбони ЕООД,Варна,ВАРНА,Local Shop,Silver,Not Seasonal,At Home
104268,ФИРМЕН МАГАЗИН МИЛЕНА ЕООД,Бургас,ПРИМОРСКО,Local Shop,Gold,Seasonal,At Home
105582,МАГАЗИН 1 ЕООД,Бургас,ЕЛЕНИТЕ,Bar,Bronze,Seasonal,Out of Home
104277,МАГАЗИН ПЛОД И ЗЕЛЕНЧУК ЕООД,Бургас,ПРИМОРСКО,Local Shop,Gold,Seasonal,At Home
108631,ШОП АСОРТИМЕНТ ЕООД,Бургас,СЛЪНЧЕВ БРЯГ,Hotels,Gold,Seasonal,Out of Home
111132,ПАКЕТИРАНИ СТОКИ ЕООД,Варна,ВАРНА,Hotels,Gold,Seasonal,Out of Home
104160,МАГАЗИН ХРАНИТЕЛНИ СТОКИ ТАТЯНА ЕООД,Бургас,СОЗОПОЛ,Local Shop,Silver,Seasonal,At Home
111275,ПАКЕТИРАНИ СТОКИ ЕООД,Бургас,СЛЪНЧЕВ БРЯГ,Fast-food,Bronze,Seasonal,Out of Home
105165,МАГАЗИН СМОКИНЯ ЕООД,Бургас,ЦАРЕВО,Cafe,Bronze,Seasonal,Out of Home
108106,МАГАЗИН КАФЕ ЕООД,Бургас,ОБЗОР,Restaurant,Gold,Seasonal,Out of Home
105934,ПЛОД И ЗЕЛЕНЧУК ЕООД,Бургас,НЕСЕБЪР,Fast-food,Silver,Seasonal,Out of Home
100052,МПС ЕООД,Бургас,НЕСЕБЪР,Local Shop,Gold,Not Seasonal,At Home
105941,СЕРГИЯ СЛАДОЛЕД ЕООД,Бургас,НЕСЕБЪР,Fast-food,Gold,Seasonal,Out of Home
107456,МАГАЗИН КУМ КАШЛА ЕООД,Бургас,СЛЪНЧЕВ БРЯГ,Restaurant,Silver,Seasonal,Out of Home
105501,МХС БЕЛЛА ВИСТА ЕООД,Бургас,СРЕДЕЦ,Cafe,Bronze,Seasonal,Out of Home
110171,МПС- ТАГАНРОГ ЕООД,Бургас,БУРГАС,Fast-food,Silver,Seasonal,Out of Home
106852,ПЛОДОВЕ И ЗЕЛЕНЧУЦИ ЕООД,Бургас,НЕСЕБЪР,Nightclub,Bronze,Seasonal,Out of Home
111290,МИНИМАРКЕТ ДЕЛФИН ЕООД,Варна,ВАРНА,Fast-food,Iron,Not Seasonal,Out of Home
111360,МАГАЗИН ЕООД,Бургас,АЙТОС,Fast-food,Silver,Not Seasonal,Out of Home
107735,АЛЕКС ПЛОД ЕООД,Бургас,СИНЕМОРЕЦ,Restaurant,Bronze,Seasonal,Out of Home
107129,МАГАЗИН ХРИСИ ЕООД,Бургас,ПОМОРИЕ,Superette,Silver,Not Seasonal,At Home
109500,МПС ЕООД,Бургас,БУРГАС,Fast-food,Iron,Not Seasonal,Out of Home
111331,Пекарната на Ники ЕООД,Бургас,БУРГАС,Fast-food,Iron,Not Seasonal,Out of Home
111656,ХРАНИТЕЛНИ СТОКИ ЕООД,Бургас,БУРГАС,Fast-food,Iron,Not Seasonal,Out of Home
107345,МАГАЗИНЧЕ ЗА СЛАДКИ ЕООД,Варна,ШКОРПИЛОВЦИ,Restaurant,Silver,Seasonal,Out of Home
106883,МАГАЗИН ЗА ПЛОДОВЕ И ЗЕЛЕНЧУЦИ ЕООД,Бургас,ПРИМОРСКО,Nightclub,Silver,Seasonal,Out of Home
111469,СМЕСЕН МАГАЗИН ЕООД,Варна,ВАРНА,Restaurant,Silver,Seasonal,Out of Home
109394,СЕСКО ЕООД,Варна,ВАРНА,Fast-food,Bronze,Not Seasonal,Out of Home
105224,ЕМ-ЕЛ ЕООД,Бургас,НЕСЕБЪР,Cafe,Gold,Seasonal,Out of Home
108590,РАДИМА ЕООД,Бургас,СЛЪНЧЕВ БРЯГ,Hotels,Gold,Seasonal,Out of Home
110155,МАГАЗИН ЕООД,Бургас,СЛЪНЧЕВ БРЯГ,Fast-food,Silver,Seasonal,Out of Home
107230,ДИМИТЪР СТАМОВ 55 ЕООД ЕООД,Бургас,СЛЪНЧЕВ БРЯГ,Supermarket,Gold,Seasonal,At Home
101384,ЧЕХ ЕООД,Бургас,КИТЕН,Nightclub,Bronze,Seasonal,Out of Home
108288,МАГАЗИН ЕЛИТ МЕСТА ЕООД,Бургас,СОЗОПОЛ,Restaurant,Silver,Seasonal,Out of Home
111336,ХРАНИТЕЛНИ СТОКИ ЕООД,Бургас,БУРГАС,Fast-food,Silver,Seasonal,Out of Home
104939,МАГАЗИН ЗА МЕСО ЕООД,Бургас,СЛЪНЧЕВ БРЯГ,Cafe,Silver,Seasonal,Out of Home
111332,БАР БАСЕЙН ЛОНГ БИЙЧ ЕООД,Бургас,НЕСЕБЪР,Fast-food,Gold,Seasonal,Out of Home
105418,СОЛ ЛУНА ЕООД,Бургас,АЙТОС,Cafe,Iron,Not Seasonal,Out of Home
111558,ПИТ СТОП ГАЛЕЯ ЕООД,Бургас,БУРГАС,Restaurant,Silver,Not Seasonal,Out of Home
100218,ЗЕЛЕНЧУКОВОТО МАГАЗИНЧЕ БОБЕВ ЕООД,Бургас,БУРГАС,Local Shop,Silver,Not Seasonal,At Home
109807,КУЛИНАРЕН МАГАЗИН ЕООД,Бургас,ПОМОРИЕ,Hotels,Bronze,Seasonal,Out of Home
106507,ВЕГИТАРИАНА ЕООД,Варна,ВАРНА,Cafe,Silver,Not Seasonal,Out of Home
106528,НАТ ЕКО ФРУИТ ЕООД,Варна,ВАРНА,Cafe,Bronze,Not Seasonal,Out of Home
105597,ХРАНА ЗА В КЪЩИ ЕООД,Варна,ВАРНА,Bar,Iron,Seasonal,Out of Home
106519,ЦАРИЦА ЕЛЕНА ЕООД,Варна,ВАРНА,Cafe,Silver,Not Seasonal,Out of Home
106523,МЕСАРСКИ МАГАЗИН ЕООД,Варна,ВАРНА,Cafe,Silver,Not Seasonal,Out of Home
102324,ЕДРИНА ЕООД,Бургас,ОБЗОР,Local Shop,Gold,Seasonal,At Home
106470,МАГАЗИН ЗА МЕСО БРАТЯТА ЕООД,Варна,ПРОВАДИЯ,Cafe,Gold,Not Seasonal,Out of Home
109455,СУШИ ЕООД,Бургас,БУРГАС,Fast-food,Bronze,Seasonal,Out of Home
111250,ХОТЕЛ ГЕОЛОГ ЕООД,Варна,ПРОВАДИЯ,Fast-food,Silver,Not Seasonal,Out of Home
108993,СУПЕРМАРКЕТ МЕРКУРИЙ ЕООД,Варна,ВАРНА,Hotels,Silver,Seasonal,Out of Home
108936,ЛЬО ПЕТИ МАРШЕ ЕООД,Варна,ВАРНА,Hotels,Bronze,Seasonal,Out of Home
101869,МЛАДОСТ ЕООД,Добрич,КАВАРНА,Local Shop,Bronze,Not Seasonal,At Home
107409,МПС ЗОРНИЦА ЕООД,Варна,ПРОВАДИЯ,Restaurant,Silver,Not Seasonal,Out of Home
101868,МПС ЕМОНА ЕООД,Добрич,ШАБЛА,Local Shop,Gold,Not Seasonal,At Home
104195,СУПЕРМАРКЕТ БРИЗ ЕООД,Бургас,РАВАДИНОВО,Local Shop,Bronze,Not Seasonal,At Home
111383,М2728 ЕООД,Варна,ВАРНА,Fast-food,Silver,Not Seasonal,Out of Home
100639,ЕШРЕШОГЛУ ЕООД,Търговище,БЕЛОМОРЦИ,Supermarket,Iron,Not Seasonal,At Home
109992,ВАЛДИ ЕООД,Бургас,ЦАРЕВО,Cafe,Iron,Not Seasonal,Out of Home
111174,НИК МАРКЕТ ЕООД,Бургас,СЛЪНЧЕВ БРЯГ,Hotels,Silver,Seasonal,Out of Home
111382,ВАЛДИ ЕООД,Варна,ВАРНА,Fast-food,Silver,Not Seasonal,Out of Home
110440,ВАЛДИ ЕООД,Бургас,СУНГУРЛАРЕ,Fast-food,Silver,Not Seasonal,Out of Home
112085,ВАЛДИ ЕООД,Бургас,СРЕДЕЦ,Superette,Iron,Not Seasonal,At Home
107906,ВАЛДИ ЕООД,Бургас,КАМЕНО,Restaurant,Bronze,Not Seasonal,Out of Home
101842,СУПЕРМАРКЕТ ГИГИ 1 ЕООД,Добрич,ГЕНЕРАЛ ТОШЕВО,Local Shop,Gold,Not Seasonal,At Home
106367,МЕРКУРИЙ-99 ООД ЕООД,Варна,ВАРНА,Cafe,Iron,Not Seasonal,Out of Home
105832,МАГАЗИН КАВАЦИТЕ ЕООД,Варна,ВАРНА,Fast-food,Bronze,Not Seasonal,Out of Home
101731,ПЕТРУЦИ МАРКЕТ 2 ЕООД,Варна,ДОБРОПЛОДНО,Local Shop,Silver,Not Seasonal,At Home
104525,МХС ЕООД,Варна,ПРОВАДИЯ,Local Shop,Iron,Not Seasonal,At Home
104278,МЕРКАДО ЕООД,Разград,КУБРАТ,Local Shop,Iron,Not Seasonal,At Home
100007,МАГАЗИН ЕООД,Варна,ВЪЛЧИ ДОЛ,Local Shop,Iron,Not Seasonal,At Home
100721,СУПЕРМАРКЕТ АРИСТИДОВ ЕООД,Добрич,ДОБРИЧ,Supermarket,Silver,Not Seasonal,At Home
100363,СУПЕРМАРКЕТ ЕООД,Варна,ВАРНА,Supermarket,Gold,Not Seasonal,At Home
106932,ДИАНА ЕООД,Варна,ЗЛАТНИ ПЯСЪЦИ,Superette,Gold,Seasonal,At Home
103126,МХС ВАНЧЕТО СТАР ГРАД ЕООД,Добрич,КАРАПЕЛИТ,Local Shop,Bronze,Not Seasonal,At Home
100106,ЦЕНТРАЛ ЕООД,Варна,ВАРНА,Local Shop,Silver,Not Seasonal,At Home
106042,СУПЕРМАРКЕТ СТИВИ ЕООД,Варна,ВАРНА,Fast-food,Gold,Not Seasonal,Out of Home
102991,АТЕШ ЕООД,Разград,РАЗГРАД,Local Shop,Silver,Not Seasonal,At Home
101860,МАГАЗИН ЕООД,Добрич,ШАБЛА,Local Shop,Gold,Not Seasonal,At Home
101713,МАГАЗИН ЕООД,Варна,ВЪЛЧИ ДОЛ,Local Shop,Iron,Not Seasonal,At Home
109396,МАГАЗИН ЕООД,Варна,ВАРНА,Fast-food,Iron,Not Seasonal,Out of Home
102421,МАГАЗИН ЕООД,Търговище,ПАНАЙОТ ХИТОВО,Local Shop,Iron,Not Seasonal,At Home
101667,АПТЕКА ЕООД,Шумен,ПРАВЕНЦИ,Local Shop,Iron,Not Seasonal,At Home
112034,МАГАЗИН ЕЗЕРОТО ЕООД,Силистра,СИЛИСТРА,Superette,Iron,Not Seasonal,At Home
102993,ЗООМАГАЗИН ЗООЛАНДИЯ ЕООД,Разград,ТОПЧИИ,Local Shop,Bronze,Not Seasonal,At Home
105824,TÜRK MARKETI ЕООД,Варна,ВАРНА,Fast-food,Gold,Not Seasonal,Out of Home
107407,Кафе магазин ЕООД,Варна,СУВОРОВО,Restaurant,Bronze,Not Seasonal,Out of Home
104291,ДОБРО УТРО ЕООД,Разград,ЦАР КАЛОЯН,Local Shop,Gold,Not Seasonal,At Home
100434,ДЕСИНА ЕООД,Варна,ЗЛАТНИ ПЯСЪЦИ,Supermarket,Gold,Seasonal,At Home
110319,МАГАЗИН ЗА ЯДКИ ЕООД,Бургас,БУРГАС,Fast-food,Gold,Not Seasonal,Out of Home
107491,НАРКООП ЕООД,Бургас,БУРГАС,Restaurant,Silver,Not Seasonal,Out of Home
101369,НАТУРАЛ ЕООД,Варна,ВАРНА,Nightclub,Bronze,Not Seasonal,Out of Home
104487,МАГАЗИН ЕООД,Варна,ГРОЗДЬОВО,Local Shop,Gold,Not Seasonal,At Home
110201,ПЛОД И ЗЕЛЕНЧУК ЕООД,Варна,ВАРНА,Fast-food,Silver,Not Seasonal,Out of Home
109343,ЕЛ РОЙ ЕООД,Бургас,СЛЪНЧЕВ БРЯГ,Fast-food,Silver,Not Seasonal,Out of Home
110830,ЯДКИ ТОРНАДО ЕООД,Варна,ВАРНА,Restaurant,Gold,Not Seasonal,Out of Home
104177,МАГАЗИН ЕООД,Бургас,ЛОЗЕНЕЦ,Local Shop,Gold,Not Seasonal,At Home
105322,ПЛОД И ЗЕЛЕНЧУК ЕООД,Варна,ВАРНА,Cafe,Gold,Not Seasonal,Out of Home
106456,МАГАЗИН ЕООД,Варна,ВАРНА,Cafe,Iron,Not Seasonal,Out of Home
104890,ХОРЕМАГ ЕООД,Варна,ЛОПУШНА,Cafe,Bronze,Not Seasonal,Out of Home
105168,РОЗМАРИН ЕООД,Бургас,БУРГАС,Cafe,Silver,Not Seasonal,Out of Home
108123,БИО МАГАЗИН ЕООД,Бургас,БУРГАС,Restaurant,Silver,Not Seasonal,Out of Home
103764,ФРУКТЕА ЕООД,Бургас,БУРГАС,Local Shop,Gold,Not Seasonal,At Home
100003,Плод зеленчук ЕООД,Шумен,ШУМЕН,Local Shop,Silver,Not Seasonal,At Home
110839,Плод зеленчук ЕООД,Варна,ВАРНА,Restaurant,Gold,Not Seasonal,Out of Home
111270,МАГАЗИН ЗА СЛАДКИ И ЯДКИ ЕООД,Бургас,СЛЪНЧЕВ БРЯГ,Fast-food,Iron,Not Seasonal,Out of Home
106428,НАРКООП ЕООД,Варна,ВАРНА,Cafe,Iron,Not Seasonal,Out of Home
106207,ДИВИСИЛ МАРКЕТ ЕООД,Шумен,СТРУИНО,Local Shop,Gold,Not Seasonal,At Home
105707,БУКЕТ ЕООД,Бургас,СОЗОПОЛ,Bar,Gold,Seasonal,Out of Home
102298,ПАКЕТИРАНИ СТОКИ ЕООД,Бургас,ОБЗОР,Local Shop,Bronze,Seasonal,At Home
106978,ОБЛАСТНА ДИРЕКЦИЯ ЕООД,Бургас,ОБЗОР,Superette,Bronze,Seasonal,At Home
104188,БАКЛАВА КОЛЕДЕН БАЗАР ТРОЙКАТА ЕООД,Бургас,ПРИМОРСКО,Local Shop,Silver,Not Seasonal,At Home
104889,СТУДЕНТСКИ СТОЛ МУ-ВАРНА QUANTUM SA ЕООД,Варна,МЛАДА ГВАРДИЯ,Cafe,Bronze,Not Seasonal,Out of Home
108195,ЛАФКА ЕООД,Бургас,ПОМОРИЕ,Restaurant,Gold,Seasonal,Out of Home
105682,ЙОРУС ООД ЕООД,Варна,ВАРНА,Bar,Silver,Seasonal,Out of Home
106617,ЛЪКИ МАРКЕТ ЕООД,Бургас,МАЛКО ТЪРНОВО,Cafe,Silver,Not Seasonal,Out of Home
105689,ЦЕНТРАЛЕН СКЛАД ЕООД,Варна,ВАРНА,Bar,Silver,Seasonal,Out of Home
110049,СКЛАД ФАВОРИТ ЕООД,Бургас,ПОМОРИЕ,Cafe,Silver,Seasonal,Out of Home
104189,СКЛАД ЕООД,Бургас,ПРИМОРСКО,Local Shop,Gold,Seasonal,At Home
109246,ПЕЦИ СКЛАД ЕООД,Варна,ВАРНА,Bar,Silver,Not Seasonal,Out of Home
108213,СКЛАД МИДИЯ ЕООД,Бургас,ПОМОРИЕ,Restaurant,Gold,Seasonal,Out of Home
101298,ЦЕНТРАЛЕН СКЛАД ЕООД,Варна,СТАРО ОРЯХОВО,Cafe,Bronze,Not Seasonal,At Home
108524,SNG ЕООД,Бургас,КИТЕН,Restaurant,Gold,Seasonal,Out of Home
109399,1-БЪЛГАРИЯ ЕООД ЕООД,Варна,ВАРНА,Fast-food,Silver,Not Seasonal,Out of Home
110152,ФИОРЕ СКЛАД ЕООД,Бургас,СЛЪНЧЕВ БРЯГ,Fast-food,Gold,Seasonal,Out of Home
105431,БЪРЗИ ЗАКУСКИ ЕООД,Бургас,АЙТОС,Cafe,Bronze,Not Seasonal,Out of Home
110025,УЧЕНИЧЕСКИ СТОЛ ЕООД,Варна,ВАРНА,Cafe,Gold,Not Seasonal,Out of Home
107698,ОФИС АРКУС И ТАКСИ 1 ЕООД,Бургас,БУРГАС,Restaurant,Bronze,Seasonal,Out of Home
110006,ВАСЕТО ЕООД,Бургас,БУРГАС,Cafe,Silver,Not Seasonal,Out of Home
106386,ИЛИЕВИ ЕООД,Варна,ВАРНА,Cafe,Iron,Not Seasonal,Out of Home
111081,ПП СЕК ЕООД,Бургас,СОЗОПОЛ,Hotels,Gold,Seasonal,Out of Home
110026,АВТОМИВКА ШЕЛ ЕООД,Варна,ВАРНА,Cafe,Silver,Seasonal,Out of Home
111019,На брега ЕООД,Бургас,ОБЗОР,Hotels,Gold,Seasonal,Out of Home
106401,РЕСТОРАНТЧЕТО ЕФЕ ЕООД,Варна,ВАРНА,Cafe,Silver,Not Seasonal,Out of Home
101083,ГОСТИЛНИЦА МАРЦИАНА ЕООД,Варна,ВАРНА,Supermarket,Gold,Not Seasonal,Out of Home
111450,ГЛОБУС ЕООД,Варна,ВАРНА,Restaurant,Silver,Not Seasonal,Out of Home
111169,КРЪЧМАТА ЕООД,Бургас,РАВАДИНОВО,Hotels,Gold,Seasonal,Out of Home
110991,БИСТРО ЕРАТО ЕООД,Бургас,ОБЗОР,Hotels,Gold,Seasonal,Out of Home
105223,МЕХАНА БОНКЪРС ЕООД,Бургас,КАМЕНО,Cafe,Gold,Not Seasonal,Out of Home
105423,ГОСТИЛНИЦА ПРИ КАМЕН ЕООД,Бургас,БУРГАС,Cafe,Gold,Not Seasonal,Out of Home
103886,Рибарски кът ЕООД,Бургас,ЗВЕЗДЕЦ,Local Shop,Silver,Not Seasonal,At Home
102847,Р-Т ТЕРАСАТА ЕООД,Русе,ИВАНОВО,Local Shop,Bronze,Not Seasonal,At Home
110197,БИСТРО РУСАЛКА ЕООД,Варна,ВАРНА,Fast-food,Silver,Not Seasonal,Out of Home
110670,Ресторант Панорама ЕООД,Варна,ВАРНА,Restaurant,Iron,Not Seasonal,Out of Home
103110,МЕХАНА ПРЕСТИЖ ЕООД,Добрич,БЕНКОВСКИ,Local Shop,Iron,Not Seasonal,At Home
104352,БИСТРО ДРАКОН ЕООД,Разград,ЗАВЕТ,Local Shop,Bronze,Not Seasonal,At Home
104342,КОПИТОТО ЕООД,Разград,ЗАВЕТ,Local Shop,Bronze,Not Seasonal,At Home
109404,Шерлок ЕООД,Варна,ВАРНА,Fast-food,Silver,Not Seasonal,Out of Home
106346,р-т София ЕООД,Варна,СВ СВ КОНСТАНТИН И ЕЛЕНА,Local Shop,Silver,Seasonal,Out of Home
105479,РЕСТОРАНТ ВОДЕНИЦА ЕООД,Бургас,БУРГАС,Cafe,Bronze,Seasonal,Out of Home
103303,СНЕК БАР КАПИТАНА ЕООД,Добрич,ДОБРИЧ,Local Shop,Silver,Not Seasonal,At Home
111960,МЕХАНА ЕООД,Добрич,ДОБРИЧ,Local Shop,Silver,Not Seasonal,At Home
111959,БРАКОНИЕРСКИ СПОМЕНИ ЕООД,Добрич,ДОБРИЧ,Local Shop,Silver,Not Seasonal,At Home
111721,БИСТРО ДЕНИЦА ЕООД,Варна,ВАРНА,Fast-food,Gold,Not Seasonal,Out of Home
103300,МОНДО ЕООД,Добрич,ДОБРИЧ,Local Shop,Silver,Not Seasonal,At Home
110149,Механа ЕООД,Бургас,СВЕТИ ВЛАС,Fast-food,Gold,Seasonal,Out of Home
104141,ДЪ БИЙЧ ЕООД,Бургас,БУРГАС,Local Shop,Bronze,Not Seasonal,At Home
110711,БАР ЕООД,Варна,ВАРНА,Restaurant,Silver,Not Seasonal,Out of Home
109403,ПЕТРАТА ЕООД,Варна,ВАРНА,Fast-food,Silver,Not Seasonal,Out of Home
102349,Конак ЕООД,Бургас,НЕСЕБЪР,Local Shop,Gold,Seasonal,At Home
101866,Р-Т ПОДА ЕООД,Добрич,КАВАРНА,Local Shop,Bronze,Not Seasonal,At Home
102348,РИБКАТА ЕООД,Бургас,ЕЛЕНИТЕ,Local Shop,Silver,Seasonal,At Home
112057,ТРИМАТА МУСКЕТАРИ ЕООД,Варна,ВАРНА,Superette,Iron,Not Seasonal,Out of Home
101859,ГАРАНТ ЕООД,Добрич,КАВАРНА,Local Shop,Bronze,Not Seasonal,At Home
101864,ГАМЗИШ ЕООД,Добрич,КАВАРНА,Local Shop,Silver,Not Seasonal,At Home
102299,Ресторант Перла ЕООД,Бургас,ОБЗОР,Local Shop,Bronze,Not Seasonal,At Home
111609,РИБАРНИКА ЕООД,Варна,ВАРНА,Fast-food,Iron,Not Seasonal,Out of Home
105432,БАР КУБА ЛИБРЕ ЕООД,Бургас,ПОМОРИЕ,Cafe,Silver,Seasonal,Out of Home
100115,Кошарата ЕООД,Добрич,ДОБРИЧ,Local Shop,Bronze,Not Seasonal,At Home
102621,МЕХАНА ЗАХАРЧЕТО ЕООД,Русе,БАТИШНИЦА,Local Shop,Silver,Not Seasonal,At Home
110434,БИСТРО МИРАЖ ЕООД,Бургас,ПОМОРИЕ,Fast-food,Bronze,Seasonal,Out of Home
105468,СТАРА КЪЩА ЕООД,Бургас,ОРЛИНЦИ,Cafe,Silver,Not Seasonal,Out of Home
110022,ЧУКАТА ЕООД,Варна,ВАРНА,Cafe,Gold,Seasonal,Out of Home
110207,РОМАНТИКА ЕООД,Варна,ГАЛАТА,Fast-food,Silver,Not Seasonal,Out of Home
101863,Питер Хотел ЕООД,Добрич,БАЛЧИК,Local Shop,Silver,Seasonal,At Home
105971,ИЗВОРИТЕ ЕООД,Бургас,ПОМОРИЕ,Fast-food,Silver,Seasonal,Out of Home
107402,БИРАРИЯ АТОЛ ЕООД,Варна,БЯЛА,Restaurant,Silver,Seasonal,Out of Home
105420,СТАРАТА ЛОДКА ЕООД,Бургас,ПРИЛЕП,Cafe,Silver,Not Seasonal,Out of Home
108242,АНАМ ЕООД,Бургас,ЧЕРНОМОРЕЦ,Restaurant,Bronze,Seasonal,Out of Home
105623,ХАЛБАТА ЕООД,Бургас,ЦАРЕВО,Bar,Silver,Seasonal,Out of Home
108260,Р-Т СИРЕНА ЕООД,Бургас,ЧЕРНОМОРЕЦ,Restaurant,Bronze,Seasonal,Out of Home
107904,СТАРАТА ДЮЛЯ ЕООД,Бургас,НЕСЕБЪР,Restaurant,Gold,Seasonal,Out of Home
109441,МЕХАНА БОХЕМИ ЕООД,Бургас,СИНЕМОРЕЦ,Fast-food,Bronze,Seasonal,Out of Home
105222,ЧИНАРА ЕООД,Бургас,РАВДА,Cafe,Bronze,Seasonal,Out of Home
108525,БАРИТЕ ЕООД,Бургас,КИТЕН,Restaurant,Silver,Seasonal,Out of Home
110574,РЕСТОРАНТ ДЕВНЯ ЕООД,Бургас,ЧЕРНОМОРЕЦ,Fast-food,Bronze,Seasonal,Out of Home
108559,МЕХАНА ОРХИДЕЯ ЕООД,Варна,БЯЛА,Hotels,Bronze,Seasonal,Out of Home
108212,ТИЛИЛЕЙ ЕООД,Бургас,БУРГАС,Restaurant,Silver,Not Seasonal,Out of Home
102608,Р-Т ДАНТОН ЕООД,Русе,СМИРНЕНСКИ,Local Shop,Gold,Not Seasonal,At Home
101344,КЪЩАТА НА ВИ ЕООД,Варна,ВАРНА,Nightclub,Iron,Not Seasonal,Out of Home
103543,ДОМЪТ НА СТРОИТЕЛЯ ЕООД,Плевен,КОМАРЕВО,Local Shop,Bronze,Not Seasonal,At Home
100877,Р-Т БИЖУ ЕООД,Варна,ВАРНА,Supermarket,Gold,Not Seasonal,At Home
102004,К.ГОР.КЪТ ЕООД,Варна,ВАРНА,Local Shop,Silver,Not Seasonal,At Home
111255,БИСТРО ОБЗОР ЕООД,Варна,ПРОВАДИЯ,Fast-food,Iron,Not Seasonal,Out of Home
104524,МЕХАНА ГЕРАНА ЕООД,Варна,ХРАБРОВО,Local Shop,Bronze,Not Seasonal,At Home
100881,Механа ЕООД,Варна,ВАРНА,Supermarket,Iron,Not Seasonal,At Home
104476,НЕОЛИТНО СЕЛИЩЕ ЕООД,Варна,ДЪЛГОПОЛ,Local Shop,Silver,Not Seasonal,At Home
104522,Р-Т ПЕР МАРЕ ЕООД,Варна,ДЪЛГОПОЛ,Local Shop,Silver,Not Seasonal,At Home
111720,ПАЛМАС ЕООД,Варна,ВАРНА,Fast-food,Silver,Not Seasonal,Out of Home
103298,МЕХАНА ПЕТТЕ КЬОШЕТА ЕООД,Добрич,ДОБРИЧ,Local Shop,Silver,Not Seasonal,At Home
105452,СТАНИМАКА ЕООД,Варна,ВАРНА,Cafe,Bronze,Not Seasonal,Out of Home
106039,ДЪРВЕНОТО ЕООД,Варна,ВАРНА,Fast-food,Bronze,Not Seasonal,Out of Home
111134,Р-Т ХОРОТО ЕООД,Варна,ВАРНА,Hotels,Silver,Seasonal,Out of Home
102433,БИРАРИЯ АЛБА ЕООД,Търговище,ТЪРГОВИЩЕ,Local Shop,Silver,Not Seasonal,At Home
102419,СНЕК БАР ДРЕЙК ЕООД,Търговище,ТЪРГОВИЩЕ,Local Shop,Silver,Not Seasonal,At Home
100888,РЕСТОРАНТ ОВЕЧ ЕООД,Варна,ВАРНА,Supermarket,Gold,Not Seasonal,At Home
101293,Р-Т МИРО ЕООД,Силистра,КОЛАРОВО,Cafe,Bronze,Not Seasonal,At Home
106038,ХАРАМИЯТА ЕООД,Варна,ВАРНА,Fast-food,Silver,Not Seasonal,Out of Home
111135,Х-Л АКВА ВЮ ЕООД,Варна,ВАРНА,Hotels,Silver,Not Seasonal,Out of Home
105590,Ресторант Дани ЕООД,Варна,ЗЛАТНИ ПЯСЪЦИ,Bar,Silver,Seasonal,Out of Home
106805,ЕКО КОМПЛЕКС ИЗВОРИТЕ ЕООД,Варна,ЗЛАТНИ ПЯСЪЦИ,Nightclub,Silver,Seasonal,Out of Home
103308,СБ ПРЪСТЕНА ЕООД,Варна,ВАРНА,Local Shop,Silver,Not Seasonal,At Home
104895,ВИЛА БУРОВ ЕООД,Варна,ПРОВАДИЯ,Cafe,Silver,Not Seasonal,Out of Home
105850,НИМФА ЕООД,Варна,ВАРНА,Fast-food,Silver,Not Seasonal,Out of Home
109588,Алба ЕООД,Варна,ВАРНА,Fast-food,Bronze,Not Seasonal,Out of Home
109942,Златна рибка ЕООД,Варна,ВАРНА,Cafe,Silver,Not Seasonal,Out of Home
101407,РЕСТОРАНТ НЕПТУН ЕООД,Сливен,ТИЧА,Local Shop,Gold,Not Seasonal,At Home
104893,МЕХАНА ЕООД,Варна,ЕЗЕРОВО,Cafe,Gold,Not Seasonal,Out of Home
102003,МЕХАНА ЧУЧУРИТЕ ЕООД,Варна,ВАРНА,Local Shop,Iron,Not Seasonal,At Home
109884,КАФЕ ЕООД,Варна,ДЕВНЯ,Cafe,Iron,Not Seasonal,Out of Home
103297,РИБАРСКА ШАТРА ЕООД,Добрич,ПОБЕДА,Local Shop,Bronze,Not Seasonal,At Home
103327,Механа воводи ЕООД,Варна,ВАРНА,Local Shop,Gold,Not Seasonal,At Home
102061,СНЕК БАР ЕЛА ЕООД,Варна,ВАРНА,Local Shop,Gold,Not Seasonal,At Home
106394,МЕХАНА МАРИНА ЕООД,Варна,ВАРНА,Cafe,Gold,Not Seasonal,Out of Home
111338,БИИР ХАУС ЕООД,Варна,ВАРНА,Fast-food,Bronze,Not Seasonal,Out of Home
105014,БИСТРО БЯЛА ПЕРЛА ЕООД,Варна,ВАРНА,Cafe,Gold,Not Seasonal,Out of Home
103296,ПРИ БРАТЧЕДА ЕООД,Добрич,ДОБРИЧ,Local Shop,Silver,Not Seasonal,At Home
100331,ОКОТО ЕООД,Сливен,ФИЛАРЕТОВО,Supermarket,Silver,Not Seasonal,At Home
101104,Р-Т КИПАРИС ЕООД,Силистра,СРЕДИЩЕ,Cafe,Silver,Not Seasonal,At Home
104686,ХАНОВЕ ЕООД,Силистра,ШУМЕНЦИ,Local Shop,Bronze,Not Seasonal,At Home
101037,Снек бар ЕООД,Разград,ЦАР КАЛОЯН,Supermarket,Bronze,Not Seasonal,At Home
111723,ПРИСТАНА ЕООД,Варна,ВАРНА,Fast-food,Gold,Not Seasonal,Out of Home
110198,УЛИВЕРИТЕ ЕООД,Варна,ВАРНА,Fast-food,Gold,Not Seasonal,Out of Home
109393,КОРАЛ КОНАК ЕООД,Варна,ВАРНА,Fast-food,Gold,Not Seasonal,Out of Home
111163,МЕХАНА ВОЙВОДИ ЕООД,Добрич,КРАНЕВО,Hotels,Gold,Seasonal,Out of Home
111379,СНЕК БАР ЕООД,Варна,ВАРНА,Fast-food,Gold,Not Seasonal,Out of Home
102062,ГОЛДЪН БИЙЧ ЕООД,Варна,ВАРНА,Local Shop,Gold,Not Seasonal,At Home
100882,ВЕНЕЦИЯ ЕООД,Варна,ВАРНА,Supermarket,Gold,Not Seasonal,At Home
111126,РЕСТОРАНТ ОРИЕНТ ЕООД,Варна,ЗЛАТНИ ПЯСЪЦИ,Hotels,Gold,Seasonal,Out of Home
102430,РЕСТОРАНТ ЕООД,Търговище,КАРДАМ,Local Shop,Gold,Not Seasonal,At Home
109405,КОЛОНЕЛ ЕООД,Варна,ВАРНА,Fast-food,Silver,Not Seasonal,Out of Home
105851,Р-т Емона ЕООД,Варна,ВАРНА,Fast-food,Silver,Not Seasonal,Out of Home
102022,ТЕНЬОВА КЪЩА ЕООД,Варна,ВАРНА,Local Shop,Bronze,Not Seasonal,At Home
103756,GIN ЕООД,Варна,ВАРНА,Local Shop,Gold,Not Seasonal,At Home
111280,ОРЕХА ЕООД,Варна,ВАРНА,Fast-food,Gold,Seasonal,Out of Home
103007,БХ КАРИЗМА ЕООД,Разград,РАЗГРАД,Local Shop,Gold,Not Seasonal,At Home
104520,АЛЕКС БИЙЧ ЕООД,Варна,ПРОВАДИЯ,Local Shop,Gold,Not Seasonal,At Home
100406,МАРИНА ЕООД,Варна,ЗЛАТНИ ПЯСЪЦИ,Supermarket,Gold,Not Seasonal,At Home
105681,МЕМОРИ ЕООД,Варна,ВАРНА,Bar,Silver,Seasonal,Out of Home
105688,ХАРМЪНИ СЮИТС 20 ЕООД,Варна,ВАРНА,Bar,Gold,Seasonal,Out of Home
109508,БОЖЕНСКО ХАНЧЕ ЕООД,Варна,СВ СВ КОНСТАНТИН И ЕЛЕНА,Fast-food,Gold,Seasonal,Out of Home
107350,ГАЛЕОН ЕООД,Варна,ДЕВНЯ,Restaurant,Gold,Not Seasonal,Out of Home
100433,ПАНОРАМА Р-Т К/С ЕООД,Добрич,БАЛЧИК,Supermarket,Silver,Seasonal,At Home
106908,Кактус Джак ЕООД,Варна,СВ СВ КОНСТАНТИН И ЕЛЕНА,Superette,Silver,Seasonal,At Home
101862,РЕСТОРАНТ ПАРДОН ЕООД,Добрич,АЛБЕНА,Local Shop,Silver,Seasonal,At Home
105686,РЕСТОРАНТ МАРСКИ ДАР ЕООД,Варна,АЛЕН МАК,Bar,Silver,Seasonal,Out of Home
107348,РИВИЕРА ЕООД,Варна,КАМЧИЯ,Restaurant,Gold,Seasonal,Out of Home
106362,БИРАРИЯ ПАПИ ДЖАН ЕООД,Варна,ВАРНА,Cafe,Iron,Not Seasonal,Out of Home
104528,БИСТРО ЛИЛИЯ ЕООД,Варна,ПРОВАДИЯ,Local Shop,Bronze,Not Seasonal,At Home
100883,Ресторант Воденицата ЕООД,Варна,ВАРНА,Supermarket,Gold,Not Seasonal,At Home
101227,Х-Л СРЕДЕЦ Р-НТ ЕООД,Варна,ВАРНА,Cafe,Bronze,Not Seasonal,At Home
112074,РЕСТОРАНТ ЕООД,Варна,ВАРНА,Superette,Iron,Not Seasonal,At Home
106504,БОЛЕРО ЕООД,Варна,ВАРНА,Cafe,Silver,Not Seasonal,Out of Home
106455,Р-Т ОРЕХА ЕООД,Варна,ВАРНА,Cafe,Gold,Not Seasonal,Out of Home
100722,АЙЛЪНД ЕООД,Добрич,ДОБРИЧ,Supermarket,Silver,Not Seasonal,At Home
104297,ИТАЛИАНСКИ РЕСТОРАНТ ЕООД,Разград,ЗВЪНАРЦИ,Local Shop,Iron,Not Seasonal,At Home
112031,РЕСТОРАНТ БЯЛАТА КЪЩА ЕООД,Силистра,СИЛИСТРА,Superette,Bronze,Not Seasonal,At Home
111570,СЛЪНЦЕ И МОРЕ БИСТРО ЕООД,Варна,ПРОВАДИЯ,Fast-food,Bronze,Not Seasonal,Out of Home
110773,СТЕК ХАУС МАРВЕЛ ЕООД,Варна,ВАРНА,Fast-food,Iron,Not Seasonal,Out of Home
100885,ВЕНЕРА ЕООД,Варна,ВАРНА,Supermarket,Gold,Not Seasonal,At Home
111780,БИСТРО КОТВА ЕООД,Бургас,ПРИМОРСКО,Fast-food,Silver,Seasonal,Out of Home
105012,ДЖАК СПАРАУ ЕООД,Варна,ВАРНА,Cafe,Iron,Not Seasonal,Out of Home
107902,БЪРЗО ХРАНЕНЕ ЕЛЕКТРА ЕООД,Бургас,НЕСЕБЪР,Restaurant,Gold,Seasonal,Out of Home
107449,МИСТРАЛ ЕООД,Бургас,СЛЪНЧЕВ БРЯГ,Restaurant,Gold,Seasonal,Out of Home
105514,Х-Л ХЕВЪН Р-Т И БАР ЕООД,Бургас,КИТЕН,Cafe,Silver,Seasonal,Out of Home
104915,РЕСТОРАНТ КАВАЛДЖИЕВ ЕООД,Бургас,СЛЪНЧЕВ БРЯГ,Cafe,Silver,Seasonal,Out of Home
107480,ЕТ БАЛКАН-1 - ИСМАИЛ ЧАКЪР ЕООД,Бургас,СЛЪНЧЕВ БРЯГ,Restaurant,Gold,Not Seasonal,Out of Home
108014,"СТЕК ХАУС ,ДЪ ХАРП ЕООД",Бургас,ЛЪКА,Restaurant,Bronze,Seasonal,Out of Home
108528,Р-Т БРИГАНТИНА ЕООД,Бургас,ПРИМОРСКО,Restaurant,Gold,Seasonal,Out of Home
109589,БИСТРО 100% ЕООД,Варна,ВАРНА,Fast-food,Gold,Not Seasonal,Out of Home
109486,Р-Т ЕМОНА ЕООД,Бургас,НЕСЕБЪР,Fast-food,Bronze,Seasonal,Out of Home
106452,Р-Т ВЕНЕРА ЕООД,Бургас,БУРГАС,Cafe,Iron,Not Seasonal,Out of Home
111282,Р-Т АНДЕРСЪН ЕООД,Варна,ВАРНА,Fast-food,Silver,Not Seasonal,Out of Home
110479,РЕАЛ ЕООД,Варна,ВАРНА,Fast-food,Gold,Not Seasonal,Out of Home
104881,Р-Т КОРАБА ЕООД,Варна,ПРОВАДИЯ,Cafe,Gold,Not Seasonal,Out of Home
100887,ЧИФЛИКА ЕООД,Варна,ВАРНА,Supermarket,Gold,Not Seasonal,At Home
102475,Б-РО ОСТРОВА ЕООД,Търговище,ДЪЛГАЧ,Local Shop,Iron,Not Seasonal,At Home
106521,БАР ХАВАЙ ЕООД,Варна,ЗЛАТНИ ПЯСЪЦИ,Cafe,Silver,Seasonal,Out of Home
111726,СТЕК ХАУС ЕООД,Варна,ВАРНА,Fast-food,Gold,Not Seasonal,Out of Home
109587,БАРБЕКЮ АЛМОНД ХИЛ ЕООД,Варна,ВАРНА,Fast-food,Gold,Not Seasonal,Out of Home
109780,РЕСТОРАНТ ЕООД,Варна,ВАРНА,Hotels,Silver,Seasonal,Out of Home
106566,"Б,41 ЕООД",Варна,ВАРНА,Cafe,Silver,Not Seasonal,Out of Home
110785,СЕЗОНИ ЕООД,Варна,ВАРНА,Fast-food,Gold,Not Seasonal,Out of Home
111107,ЦЕНТРАЛ ЕООД,Варна,ВАРНА,Hotels,Gold,Seasonal,Out of Home
101089,Р-Т ТАБИЕТИ ЕООД,Шумен,ШУМЕН,Cafe,Bronze,Not Seasonal,At Home
100345,ТРОПИКАНА ЕООД,Варна,СУВОРОВО,Supermarket,Bronze,Not Seasonal,At Home
103798,РЕСТОРАНТ ЛАПА ЛАПА ЕООД,Варна,ВАРНА,Local Shop,Iron,Not Seasonal,At Home
110391,ПАСИФИК 3 ЕООД,Варна,ВАРНА,Fast-food,Silver,Not Seasonal,Out of Home
110151,Р-Т РУБИН ЕООД,Бургас,БУРГАС,Fast-food,Gold,Seasonal,Out of Home
104407,Р-Т РИВИЕРА ЕООД,Варна,СТАРО ОРЯХОВО,Local Shop,Gold,Not Seasonal,At Home
111849,БИСТРО СЪНИ ЕООД,Бургас,БУРГАС,Restaurant,Bronze,Not Seasonal,Out of Home
108299,КУБЪТ ЕООД,Бургас,ЧЕРНОМОРЕЦ,Restaurant,Bronze,Seasonal,Out of Home
106503,РЕСТОРАНТ ЛОТОС ЕООД,Варна,ВАРНА,Cafe,Silver,Not Seasonal,Out of Home
106502,РЕСТОРАНТ СТАР ДРИЙМС ЕООД,Варна,ВАРНА,Cafe,Silver,Not Seasonal,Out of Home
106506,Р-Т АЙРЯКИ ЕООД,Варна,ВАРНА,Cafe,Silver,Not Seasonal,Out of Home
106501,БИСТРО ДАНИ ЕООД,Варна,ВАРНА,Cafe,Iron,Not Seasonal,Out of Home
106505,КАСА БРАВА ЕООД,Варна,ВАРНА,Cafe,Silver,Not Seasonal,Out of Home
106493,Р-Т ДИАМАНТ ЕООД,Варна,ВАРНА,Cafe,Silver,Not Seasonal,Out of Home
111610,КАФЕ ЕКО. ЕООД,Варна,ВАРНА,Fast-food,Silver,Not Seasonal,Out of Home
105786,СТАРАТА КРЪЧМА ЕООД,Бургас,СЛЪНЧЕВ БРЯГ,Fast-food,Bronze,Seasonal,Out of Home
104920,Р-Т СТАРА ПЛАНИНА ЕООД,Бургас,ПРОСЕНИК,Cafe,Silver,Not Seasonal,Out of Home
109860,Р-Т ФАНТАЗИЯ ЕООД,Бургас,БУРГАС,Cafe,Silver,Not Seasonal,Out of Home
106499,Р-Т МАЯМИ ЕООД,Варна,ВАРНА,Cafe,Bronze,Not Seasonal,Out of Home
109386,РЕСТОРАНТ МАВЕРИК ЕООД,Варна,ВАРНА,Fast-food,Gold,Not Seasonal,Out of Home
110117,СНЕК-БАР НА КРЪСТОПЪТ ЕООД,Варна,НОВО ОРЯХОВО,Fast-food,Bronze,Seasonal,Out of Home
105050,Р-Т ВЕНУС ЕООД,Варна,ВАРНА,Cafe,Bronze,Not Seasonal,Out of Home
110196,ЛАЙК ЕООД,Варна,ВАРНА,Fast-food,Silver,Not Seasonal,Out of Home
105684,РЕСТОРАНТ КРИС ЕООД,Варна,ВАРНА,Bar,Bronze,Seasonal,Out of Home
101073,РЕСТОРАНТ ХЕЛИЯ ЕООД,Варна,ДОЛНИ ЧИФЛИК,Supermarket,Iron,Not Seasonal,At Home
108877,ТЕФЕРИЧ ЕООД,Шумен,ЧЕРНИ ВРЪХ,Hotels,Bronze,Not Seasonal,Out of Home
108255,ХЪШОВЕ ЕООД,Бургас,СОЗОПОЛ,Restaurant,Silver,Seasonal,Out of Home
105424,ОХИДЕЯ ЕООД,Бургас,МЪДРИНО,Cafe,Silver,Not Seasonal,Out of Home
105355,ДЕНИ ЕООД,Бургас,ПРИЛЕП,Cafe,Iron,Not Seasonal,Out of Home
110806,КАПИТАНА ЕООД,Варна,ДЕВНЯ,Restaurant,Gold,Not Seasonal,Out of Home
109384,БОЛЕРО ЕООД,Варна,ВАРНА,Fast-food,Iron,Not Seasonal,Out of Home
105969,Прима до Адмирал ЕООД,Бургас,ПОМОРИЕ,Fast-food,Silver,Seasonal,Out of Home
109401,БИСТРО СИНЕВА ЕООД,Варна,ВАРНА,Fast-food,Silver,Not Seasonal,Out of Home
110763,ТИ ХАУС ЕООД,Бургас,БУРГАС,Fast-food,Silver,Not Seasonal,Out of Home
108984,ИВАНОВА ВОДЕНИЦА ЕООД,Бургас,ПОМОРИЕ,Hotels,Bronze,Seasonal,Out of Home
111829,КОРАБА ЕООД,Бургас,СЛЪНЧЕВ БРЯГ,Restaurant,Silver,Not Seasonal,Out of Home
103260,АТАЛЕЛВЕ ООД ЕООД,Добрич,ОБРОЧИЩЕ,Local Shop,Silver,Not Seasonal,At Home
110158,МАКЕДОНИЯ ЕООД,Бургас,БУРГАС,Fast-food,Iron,Not Seasonal,Out of Home
111692,ВКЪЩИ ЕООД,Бургас,ПОМОРИЕ,Fast-food,Silver,Seasonal,Out of Home
111606,ДЕЛВИТЕ ЕООД,Варна,ВАРНА,Fast-food,Gold,Not Seasonal,Out of Home
100616,ДАЛЯНА ЕООД,Бургас,СЛЪНЧЕВ БРЯГ,Supermarket,Gold,Seasonal,At Home
102222,КАМЕЛИЯ ЕООД,Бургас,СЛЪНЧЕВ БРЯГ,Local Shop,Gold,Not Seasonal,At Home
105784,МОРСКА ЗВЕЗДА ЕООД,Бургас,СЛЪНЧЕВ БРЯГ,Fast-food,Bronze,Seasonal,Out of Home
100606,БИСТРО ОФИСА ЕООД,Бургас,СЛЪНЧЕВ БРЯГ,Supermarket,Gold,Seasonal,At Home
105303,ПАНОРАМА ЕООД,Варна,ВАРНА,Cafe,Gold,Seasonal,Out of Home
106632,ВИХРЕН ЕООД,Варна,ЗЛАТНИ ПЯСЪЦИ,Superette,Silver,Not Seasonal,At Home
108529,КАМЕН БРЯГ ЕООД,Бургас,ПРИМОРСКО,Restaurant,Gold,Seasonal,Out of Home
111661,ЕМОЦИЯ ЕООД,Бургас,РАВДА,Fast-food,Bronze,Seasonal,Out of Home
108017,БИРАРИЯ ВИКИНГ ЕООД,Бургас,НЕСЕБЪР,Restaurant,Gold,Seasonal,Out of Home
108906,РЕАНА ЕООД,Варна,СВ СВ КОНСТАНТИН И ЕЛЕНА,Hotels,Silver,Seasonal,Out of Home
106130,ЙОЛЕК ЕООД,Бургас,СОЗОПОЛ,Fast-food,Silver,Seasonal,Out of Home
104190,ДОБРЕВ ЕООД,Бургас,СОЗОПОЛ,Local Shop,Silver,Seasonal,At Home
107490,ДЕМИРА 68 ООД ЕООД,Бургас,СЛЪНЧЕВ БРЯГ,Restaurant,Gold,Seasonal,Out of Home
109449,КАПРИЗ ЕООД,Бургас,ЛОЗЕНЕЦ,Fast-food,Bronze,Seasonal,Out of Home
106787,ГОСТИЛНИЦА НЕПТУН ЕООД,Бургас,СЛЪНЧЕВ БРЯГ,Nightclub,Gold,Seasonal,Out of Home
109388,КАЛИМАНСКИ ХАН ЕООД,Варна,ВАРНА,Fast-food,Silver,Not Seasonal,Out of Home
101331,ЛАГУНА ЕООД,Бургас,СЛЪНЧЕВ БРЯГ,Nightclub,Bronze,Seasonal,Out of Home
108016,БАРБОСА ЕООД,Бургас,НЕСЕБЪР,Restaurant,Bronze,Seasonal,Out of Home
108367,БОЛЕРО ЕООД,Бургас,СОЗОПОЛ,Restaurant,Bronze,Seasonal,Out of Home
105304,МЕХАНА ЕООД,Варна,ВАРНА,Cafe,Bronze,Not Seasonal,Out of Home
109440,ЩАСТЛИВАТА КЪЩА ЕООД,Бургас,БУРГАС,Fast-food,Gold,Seasonal,Out of Home
107699,ГИБРАЛТАР ЕООД,Бургас,ЛОЗЕНЕЦ,Restaurant,Gold,Seasonal,Out of Home
111676,ДОМ НА АРХИТЕКТА ЕООД,Варна,ВАРНА,Fast-food,Gold,Not Seasonal,Out of Home
108015,ПИЦИНИ ЕООД,Бургас,БУРГАС,Restaurant,Silver,Not Seasonal,Out of Home
108294,ТИП ТОП РЕСТОРАНТ ЕООД,Бургас,ЧЕРНОМОРЕЦ,Restaurant,Silver,Seasonal,Out of Home
105219,ГЮРЛАТА ЕООД,Бургас,БУРГАС,Cafe,Silver,Not Seasonal,Out of Home
107126,БИСТРО ПАНЧО ЕООД,Бургас,ПОМОРИЕ,Superette,Silver,Seasonal,At Home
108295,БИСТРО СЕДЛОТО ЕООД,Бургас,СРЕДЕЦ,Restaurant,Bronze,Seasonal,Out of Home
110620,ЛОБИ-БАР АВЕСТА ЕООД,Бургас,БУРГАС,Fast-food,Bronze,Not Seasonal,Out of Home
106243,ЗЛАТНА ВАРНА ЕООД,Бургас,НЕСЕБЪР,Local Shop,Gold,Seasonal,At Home
112109,ПРИ ПАНЧО ЕООД,Варна,ВАРНА,Superette,Iron,Not Seasonal,Out of Home
105356,МОРСКИ КЪТ ЕООД,Бургас,БУРГАС,Cafe,Silver,Not Seasonal,Out of Home
108296,РИБАРСКА СРЕЩА ЕООД,Бургас,БУРГАС,Restaurant,Gold,Not Seasonal,Out of Home
106135,РЕСТОРАНТ ОРЕХА ЕООД,Бургас,РАВАДИНОВО,Fast-food,Bronze,Seasonal,Out of Home
109067,ПРИ ЮЛИ ЕООД,Бургас,СОЗОПОЛ,Hotels,Gold,Seasonal,Out of Home
100230,БАР ЕООД,Бургас,ЛОЗЕНЕЦ,Local Shop,Silver,Seasonal,At Home
100459,РЕСТОРАНТ ФАНТАСТИКО ЕООД,Бургас,НЕСЕБЪР,Supermarket,Gold,Seasonal,At Home
106740,Тренд ЕООД,Добрич,КРАПЕЦ,Nightclub,Silver,Seasonal,At Home
108214,РОБИНЗОН ЕООД,Бургас,БУРГАС,Restaurant,Gold,Not Seasonal,Out of Home
105048,Бистро Елизабет ЕООД,Варна,АКСАКОВО,Cafe,Silver,Not Seasonal,Out of Home
105679,ПЕРСАНИ ЕООД,Варна,ВАРНА,Bar,Silver,Seasonal,Out of Home
108023,АНДРОМЕДА ЕООД,Варна,ВАРНА,Restaurant,Gold,Seasonal,Out of Home
106630,МАКЕДОНИЯ ЕООД,Добрич,КРАНЕВО,Superette,Gold,Not Seasonal,At Home
105680,ПЪРЗАЛКАТА ЕООД,Варна,ВАРНА,Bar,Iron,Not Seasonal,Out of Home
110300,Р-Т ЕЛЕНИТЕ ЕООД,Бургас,ЛОЗЕНЕЦ,Fast-food,Bronze,Seasonal,Out of Home
105976,ХОТЕЛ БЕРЛИН ЕООД,Бургас,АЙТОС,Fast-food,Bronze,Not Seasonal,Out of Home
106385,СЕЛЦЕТО ЕООД,Варна,ВАРНА,Cafe,Silver,Not Seasonal,Out of Home
107718,ХОТЕЛ ЕЛИРИ М/У РАВДА И НЕСЕБЪР ЕООД,Бургас,ЦАРЕВО,Restaurant,Bronze,Seasonal,Out of Home
110073,БИСТРО СОФИЯ ЕООД,Бургас,СОЗОПОЛ,Cafe,Silver,Seasonal,Out of Home
109991,ПОНТОС ЕООД,Бургас,ЦАРЕВО,Cafe,Bronze,Seasonal,Out of Home
108930,ПРИНЦ КИРИЛ ЕООД,Бургас,ОБЗОР,Hotels,Silver,Seasonal,Out of Home
104990,ХОТЕЛ И РЕСТОРАНТ ПРОВАНС ЕООД,Варна,ВАРНА,Cafe,Gold,Not Seasonal,Out of Home
105982,РЕСТОРАНТ КАПРИЗ ЕООД,Бургас,БУРГАС,Fast-food,Gold,Not Seasonal,Out of Home
108038,МЕХАНА ПЕРЛА ЕООД,Варна,ВАРНА,Restaurant,Silver,Not Seasonal,Out of Home
107720,БИСТРО ТИХИЯ ЗАЛИВ ЕООД,Бургас,СИНЕМОРЕЦ,Restaurant,Bronze,Seasonal,Out of Home
108292,РЕСТОРАНТ МАРБЕЯ ЕООД,Бургас,ЧЕРНОМОРЕЦ,Restaurant,Silver,Seasonal,Out of Home
105783,ГИЛЗАТА ЕООД,Бургас,СЛЪНЧЕВ БРЯГ,Fast-food,Silver,Seasonal,Out of Home
108312,МЕКСИКАНО ЕООД,Бургас,ЧЕРНОМОРЕЦ,Restaurant,Bronze,Seasonal,Out of Home
109382,ХОА ЛОНГ ЕООД,Варна,ВАРНА,Fast-food,Bronze,Not Seasonal,Out of Home
111110,ВЕНЕЦИЯ ЕООД,Варна,ВАРНА,Hotels,Gold,Seasonal,Out of Home
100192,КАРЕЛ ЕООД,Бургас,ПОМОРИЕ,Local Shop,Silver,Seasonal,At Home
106898,САКРЕ ЕООД,Шумен,ШУМЕН,Superette,Iron,Seasonal,At Home
111106,Ресторант М’узо ЕООД,Варна,ВАРНА,Hotels,Gold,Seasonal,Out of Home
100612,ЖЕГА ЕООД,Бургас,СЛЪНЧЕВ БРЯГ,Supermarket,Gold,Seasonal,At Home
111998,Р-т Бриз ЕООД,Варна,ВАРНА,Local Shop,Gold,Not Seasonal,At Home
105745,РЕСТОРАНТ АЛТА МАРЕА ЕООД,Варна,ДОЛИЩЕ,Fast-food,Silver,Not Seasonal,Out of Home
105032,РОБИНЗОН ЕООД,Варна,ВАРНА,Cafe,Bronze,Not Seasonal,Out of Home
107721,РЕСТОРАНТ И ХОТЕЛ МАИСТРО ЕООД,Бургас,СИНЕМОРЕЦ,Restaurant,Bronze,Seasonal,Out of Home
105576,ТОНЧО ЕООД,Бургас,СЛЪНЧЕВ БРЯГ,Bar,Gold,Seasonal,Out of Home
105144,МОРСКА ГАРА ЕООД,Бургас,АХТОПОЛ,Cafe,Bronze,Seasonal,Out of Home
106909,ХЕМИНГУЕЙ ЕООД,Варна,ВАРНА,Superette,Silver,Seasonal,At Home
105047,Р-НТ РОБИНЗОН ЕООД,Варна,ВАРНА,Cafe,Bronze,Not Seasonal,Out of Home
109444,Х-Л ДЕЛФИН РАВДА ЕООД,Бургас,БУРГАС,Fast-food,Gold,Seasonal,Out of Home
108261,ХАРМОНИ БИЙЧ ЕООД,Бургас,СОЗОПОЛ,Restaurant,Gold,Seasonal,Out of Home
106433,БАР БРИЗ ЕООД,Варна,ВАРНА,Cafe,Iron,Not Seasonal,Out of Home
105152,МАЛИНА ЕООД,Бургас,БУРГАС,Cafe,Silver,Not Seasonal,Out of Home
100275,Х-Л ВИЕНА ПАРК ЕООД,Бургас,СОЗОПОЛ,Local Shop,Silver,Seasonal,At Home
108982,БИСТРО СВЕТИ ИЛИЯ ЕООД,Бургас,ПОМОРИЕ,Hotels,Silver,Seasonal,Out of Home
111102,ХОТЕЛ КАНТИЛЕНА ЕООД,Варна,ВАРНА,Hotels,Gold,Seasonal,Out of Home
107717,ХОТЕЛ ДЕСИСЛАВА ЕООД,Бургас,АХТОПОЛ,Restaurant,Bronze,Seasonal,Out of Home
104192,Еос ЕООД,Бургас,ПРИМОРСКО,Local Shop,Gold,Seasonal,At Home
110371,БИСТРО ПЕТРОВ ЕООД,Бургас,НЕСЕБЪР,Fast-food,Silver,Seasonal,Out of Home
104913,БИСТРО КРЕМИ ЕООД,Бургас,ПОРОЙ,Cafe,Silver,Not Seasonal,Out of Home
109526,ЗАКУСВАЛНЯ ПОСЕЙДОН ЕООД,Бургас,ОБЗОР,Fast-food,Bronze,Seasonal,Out of Home
109198,АВОКАДО ЕООД,Бургас,ПРИМОРСКО,Hotels,Silver,Seasonal,Out of Home
108596,БИСТРО ХАВАЙ ЕООД,Бургас,СЛЪНЧЕВ БРЯГ,Hotels,Gold,Seasonal,Out of Home
108262,БИСТРО НАПОЛИ ЕООД,Бургас,СОЗОПОЛ,Restaurant,Gold,Seasonal,Out of Home
110101,РАНДЕВУ ЕООД,Бургас,КИТЕН,Cafe,Silver,Seasonal,Out of Home
104186,РЕСТОРАНТ ЛУКСОР ЕООД,Бургас,КИТЕН,Local Shop,Gold,Seasonal,At Home
108703,БАЛОНА ЕООД,Бургас,ВАРВАРА,Hotels,Bronze,Seasonal,Out of Home
111192,РЕКАТА ЕООД,Бургас,ЛОЗЕНЕЦ,Hotels,Gold,Seasonal,Out of Home
106806,НОРВЕЖКО СЕЛИЩЕ 1 ЕООД,Варна,ВАРНА,Nightclub,Silver,Seasonal,Out of Home
102373,НОРВЕЖКО СЕЛИЩЕ 2 ЕООД,Бургас,СВЕТИ ВЛАС,Local Shop,Silver,Seasonal,At Home
108263,ХОТЕЛ И РЕСТОРАНТ ЛЪКИ ЕООД,Бургас,СОЗОПОЛ,Restaurant,Silver,Seasonal,Out of Home
108264,Р-Т ФРЕГАТА ЕООД,Бургас,СОЗОПОЛ,Restaurant,Gold,Seasonal,Out of Home
108265,КАРАВАНА ЧАЙКА ЕООД,Бургас,СОЗОПОЛ,Restaurant,Silver,Seasonal,Out of Home
108232,РЕСТОРАНТ КАПРИЗ ЕООД,Бургас,СОЗОПОЛ,Restaurant,Silver,Seasonal,Out of Home
107317,ХОТЕЛ ЕЛИТ ЕООД,Варна,ШКОРПИЛОВЦИ,Restaurant,Bronze,Seasonal,Out of Home
111451,БИСТРО МОРИС ЕООД,Варна,ВАРНА,Restaurant,Gold,Seasonal,Out of Home
102336,ИВАНОФФ ЕООД,Бургас,СВЕТИ ВЛАС,Local Shop,Bronze,Seasonal,At Home
111327,КРИМ ЕООД,Бургас,БУРГАС,Fast-food,Silver,Not Seasonal,Out of Home
108231,ЗЛАТНОТО РУНО ЕООД,Бургас,СОЗОПОЛ,Restaurant,Gold,Seasonal,Out of Home
108233,ОАЗИС ЕООД,Бургас,ЧЕРНОМОРЕЦ,Restaurant,Bronze,Seasonal,Out of Home
108237,Р-НТ СЕВИНА ЕООД,Бургас,СОЗОПОЛ,Restaurant,Silver,Seasonal,Out of Home
107723,ПОНТОС ЕООД,Бургас,БУРГАС,Restaurant,Bronze,Seasonal,Out of Home
108446,ПЛАЖЕН РЕСТОРАНТ ЕООД,Бургас,ПРИМОРСКО,Restaurant,Silver,Seasonal,Out of Home
105049,СЕЗОНИ ЕООД,Варна,ВАРНА,Cafe,Gold,Not Seasonal,Out of Home
105350,Р-НТ КРИСТАЛ ЕООД,Бургас,БУРГАС,Cafe,Iron,Not Seasonal,Out of Home
100216,БИСТРО СОФИЯ ЕООД,Бургас,БУРГАС,Local Shop,Bronze,Not Seasonal,At Home
104391,БИСТРО ЗОРНИЦА ЕООД,Варна,ШКОРПИЛОВЦИ,Local Shop,Bronze,Seasonal,At Home
106335,БАЛКАНСКА СРЕЩА ЕООД,Бургас,СОЗОПОЛ,Local Shop,Gold,Seasonal,At Home
104905,РЕСТОРАНТ ЕООД,Бургас,СЛЪНЧЕВ БРЯГ,Cafe,Gold,Seasonal,Out of Home
108445,МИШ МАШ ЕООД,Бургас,ЗАБЕРНОВО,Restaurant,Bronze,Seasonal,Out of Home
107328,ПРИ КОЦЕ И МАТЮ ЕООД,Варна,ДЪЛГОПОЛ,Restaurant,Bronze,Not Seasonal,Out of Home
104887,БИСТРО ФАВОРИТ ЕООД,Варна,РОЯК,Cafe,Iron,Not Seasonal,Out of Home
105296,БИСТРО АСТРА ЕООД,Шумен,ЯНКОВО,Cafe,Silver,Not Seasonal,Out of Home
106850,СТАРАТА КЪЩА ЕООД,Бургас,АХЕЛОЙ,Nightclub,Bronze,Seasonal,Out of Home
105789,РЕСТОРАНТ ХАНСКА ШАТРА ЕООД,Бургас,СЛЪНЧЕВ БРЯГ,Fast-food,Silver,Not Seasonal,Out of Home
105813,Р-Т НЕПТУН ЕООД,Варна,ВАРНА,Fast-food,Iron,Not Seasonal,Out of Home
105269,РЕСТОРАНТ ДЕЙКИН ЕООД,Бургас,БУРГАС,Cafe,Bronze,Seasonal,Out of Home
111781,КОНТИНЕНТАЛ ЕООД,Бургас,БУРГАС,Fast-food,Bronze,Not Seasonal,Out of Home
104582,МЕХАНА ЕООД,Варна,ШКОРПИЛОВЦИ,Local Shop,Bronze,Seasonal,At Home
108234,Р-Т КИТА ЕООД,Бургас,СОЗОПОЛ,Restaurant,Silver,Seasonal,Out of Home
110027,БОБ-ТОНИ - КРАСИМИР ТЕРЗИЕВ ЕТ ЕООД,Варна,ВАРНА,Cafe,Silver,Seasonal,Out of Home
111915,ЗЛАТНА ПОДКОВА-90-Д.ДОЙЧЕВ ЕТ ЕООД,Бургас,БУРГАС,Superette,Iron,Not Seasonal,Out of Home
110591,ИРИС ЕООД,Бургас,МАРИНКА,Fast-food,Silver,Not Seasonal,Out of Home
104194,МЕХАНА ИВАЙЛО ЕООД,Бургас,СОЗОПОЛ,Local Shop,Gold,Seasonal,At Home
108186,БИСТРО ВАЛЕНТИНА ЕООД,Бургас,БУРГАС,Restaurant,Gold,Not Seasonal,Out of Home
108963,ЛАС ПАЛМАС ЕООД,Бургас,ПОМОРИЕ,Hotels,Silver,Seasonal,Out of Home
101714,РОУЗ ВИЛИЧ ЕООД,Варна,ДОБРОПЛОДНО,Local Shop,Gold,Not Seasonal,At Home
105135,МАНДАРИН ЕООД,Бургас,ЛОЗЕНЕЦ,Cafe,Bronze,Seasonal,Out of Home
110021,Р-Т МАГНОЛИЯ ЕООД,Бургас,НЕСЕБЪР,Cafe,Gold,Seasonal,Out of Home
104553,Р-Т ПИРАТИТЕ ЕООД,Варна,ШКОРПИЛОВЦИ,Local Shop,Bronze,Seasonal,At Home
100233,РЕСТОРАНТ ФАРА ЕООД,Бургас,ПРИМОРСКО,Local Shop,Silver,Seasonal,At Home
110414,Р-Т СВЕТИ ГЕОРГИ ЕООД,Бургас,ДЪСКОТНА,Fast-food,Silver,Not Seasonal,Out of Home
102054,Р-Т ДЖАКС ЕООД,Варна,ВАРНА,Local Shop,Silver,Not Seasonal,At Home
105332,Р-Т РОЯЛ ДРИЙМС ЕООД,Варна,СВ СВ КОНСТАНТИН И ЕЛЕНА,Cafe,Silver,Not Seasonal,Out of Home
110793,РЕСТОРАНТ ВИКТОРИО ЕООД,Бургас,БУРГАС,Fast-food,Silver,Not Seasonal,Out of Home
107939,СКАЙ ДРИЙМС ЕООД,Бургас,РАВДА,Restaurant,Silver,Seasonal,Out of Home
101376,РЕСТОРАНТ КОНДОР ЕООД,Бургас,ПРИМОРСКО,Nightclub,Gold,Seasonal,Out of Home
101377,КОЛХИДА Р-Т ЕООД,Бургас,ПРИМОРСКО,Nightclub,Silver,Seasonal,Out of Home
105344,Р-Т АДМИРАЛ ЕООД,Бургас,БУРГАС,Cafe,Silver,Not Seasonal,Out of Home
105337,БАР ЕНД ДИНАР СИНЕВА ЕООД,Варна,ВАРНА,Cafe,Gold,Not Seasonal,Out of Home
106148,Р-Т СИАНА ЕООД,Бургас,БУРГАС,Fast-food,Silver,Not Seasonal,Out of Home
100603,Бистро Дюн ЕООД,Бургас,СЛЪНЧЕВ БРЯГ,Supermarket,Gold,Seasonal,At Home
106117,Морска звезда ЕООД,Бургас,РУСОКАСТРО,Fast-food,Silver,Not Seasonal,Out of Home
110752,ПОЦА И ГРИЛ ХУГОС ЕООД,Бургас,БУРГАС,Fast-food,Bronze,Not Seasonal,Out of Home
111398,ТАЙМ БАР ЕООД,Бургас,БУРГАС,Fast-food,Gold,Not Seasonal,Out of Home
104922,КРЪЧМАТА ЕООД,Бургас,БУРГАС,Cafe,Silver,Seasonal,Out of Home
110216,РЕСТОРАНТ СЕЗОНИ ЕООД,Варна,ЗЛАТНИ ПЯСЪЦИ,Fast-food,Gold,Seasonal,Out of Home
103276,РЕСТОРАНТ ПЪНЧЕТАТА ЕООД,Добрич,СЕНОКОС,Local Shop,Silver,Not Seasonal,At Home
109121,БИСТРО БУЗУКИ ЕООД,Бургас,КИТЕН,Hotels,Silver,Seasonal,Out of Home
109827,КАПИТАН НИКО ЕООД,Варна,ВАРНА,Cafe,Silver,Not Seasonal,Out of Home
109770,при Художниците ЕООД,Бургас,СВЕТИ ВЛАС,Hotels,Bronze,Seasonal,Out of Home
109098,БИСТРО ЛИЛАВИЯ САЛОН ЕООД,Бургас,ЧЕРНОМОРЕЦ,Hotels,Bronze,Seasonal,Out of Home
104056,Старфиш ЕООД,Бургас,КИТЕН,Local Shop,Gold,Seasonal,At Home
100141,АХТОПОЛ СТАНЦИИТЕ ЕООД,Бургас,КАРНОБАТ,Local Shop,Iron,Not Seasonal,At Home
105456,ФЛОРА ЕООД,Бургас,СРЕДЕЦ,Cafe,Bronze,Seasonal,Out of Home
108994,БИСТРО НИКОС ЕООД,Варна,ВАРНА,Hotels,Gold,Seasonal,Out of Home
109012,БИСТРО МИДАТА ЕООД,Варна,ВАРНА,Hotels,Gold,Seasonal,Out of Home
111272,ДЖЕЛАТИ ЕООД ЕООД,Бургас,БУРГАС,Fast-food,Iron,Not Seasonal,Out of Home
107900,Нептун ЕООД,Бургас,РАВДА,Restaurant,Bronze,Seasonal,Out of Home
107901,РЕСТОРАНТ БАЙ ДЖИ ЕООД,Бургас,РАВДА,Restaurant,Bronze,Seasonal,Out of Home
108824,ОКТОПОДА ЕООД,Бургас,РАВДА,Hotels,Silver,Seasonal,Out of Home
106466,Стария моряк ЕООД,Варна,СТАРО ОРЯХОВО,Cafe,Silver,Not Seasonal,Out of Home
106468,МЕХАНА СТРАНДЖА ЕООД,Варна,ДОЛНИ ЧИФЛИК,Cafe,Gold,Not Seasonal,Out of Home
111831,РЕСТОРАНТ ГЕНЕЗИС ЕООД,Варна,ВАРНА,Restaurant,Silver,Not Seasonal,Out of Home
102969,Ресторант ивет ЕООД,Разград,КРОЯЧ,Local Shop,Bronze,Not Seasonal,At Home
107726,БИСТРО СИНЕМОРСКО ЛЯТО ЕООД,Бургас,БУРГАС,Restaurant,Silver,Not Seasonal,Out of Home
106384,БИРАРИЯ ЕООД,Варна,ВАРНА,Cafe,Silver,Not Seasonal,Out of Home
105360,ПРИ КУША ЕООД,Бургас,БУРГАС,Cafe,Silver,Not Seasonal,Out of Home
100009,БИРАРИЯ ВДЯСНО ОТ РЕД ХОЛ ЕООД,Шумен,НОВИ ПАЗАР,Local Shop,Iron,Not Seasonal,At Home
111191,БИСТРО ЕООД,Бургас,БУРГАС,Hotels,Bronze,Not Seasonal,Out of Home
108444,ПИЦАРИЯ ВАСИЛИКО ЕООД,Бургас,БУРГАС,Restaurant,Silver,Not Seasonal,Out of Home
109370,БИСТРО ТРИУМФ ЕООД,Варна,ВАРНА,Fast-food,Silver,Not Seasonal,Out of Home
105814,БИРАРИЯ ШВЕЙК ЕООД,Варна,ВАРНА,Fast-food,Silver,Not Seasonal,Out of Home
105030,РЕСТОРАНТ КАМПО ЕООД,Варна,ВАРНА,Cafe,Silver,Not Seasonal,Out of Home
108022,Заведение ЕООД,Варна,ВАРНА,Restaurant,Gold,Seasonal,Out of Home
109829,ВЕРАНДА ЕООД,Варна,ВАРНА,Cafe,Iron,Not Seasonal,Out of Home
108443,РЕСТОРАНТ ЗАФО ЕООД,Бургас,ПРИМОРСКО,Restaurant,Bronze,Not Seasonal,Out of Home
104554,КАФЕ ПРИ БАЙ ПЛАМЕН ЕООД,Варна,ГРОЗДЬОВО,Local Shop,Silver,Not Seasonal,At Home
109341,МОРСКА СИРЕНА ЕООД,Бургас,БУРГАС,Fast-food,Silver,Not Seasonal,Out of Home
105292,СИНЯ АКУЛА ЕООД,Бургас,БИЛКА,Cafe,Silver,Not Seasonal,Out of Home
106460,БИСТРО ЕООД,Варна,ВАРНА,Cafe,Iron,Not Seasonal,Out of Home
109381,АНДРЕ ЕООД,Варна,ВАРНА,Fast-food,Iron,Not Seasonal,Out of Home
105535,КАФЕ МОРСКА ЗВЕЗДА ЕООД,Бургас,БУРГАС,Cafe,Iron,Not Seasonal,Out of Home
109380,АХТОПОЛ Р-Т СИРИУС ЕООД,Варна,ВАРНА,Fast-food,Iron,Not Seasonal,Out of Home
109385,БИСТРО ЛАГУНА ЕООД,Варна,ВАРНА,Fast-food,Iron,Not Seasonal,Out of Home
109594,БАБА ЯГА ЕООД,Варна,ВАРНА,Fast-food,Iron,Not Seasonal,Out of Home
109377,ПРИ ТРОПАНА ЕООД,Варна,ВАРНА,Fast-food,Iron,Not Seasonal,Out of Home
107565,БУНГАЛОТО ЕООД,Бургас,БУРГАС,Restaurant,Gold,Not Seasonal,Out of Home
102377,БИРАРИЯ СЕБЪР ЕООД,Бургас,ЧЕРНА МОГИЛА,Local Shop,Bronze,Not Seasonal,At Home
110481,РЕСТОРАНТ СЪНРАЙС ЕООД,Варна,ВАРНА,Fast-food,Iron,Seasonal,Out of Home
109685,В-С СИНЯ ЛАГУНА ЕООД,Бургас,ВЕТРЕН,Fast-food,Gold,Not Seasonal,Out of Home
106547,НЕПТУН ЕООД,Бургас,БУРГАС,Cafe,Gold,Not Seasonal,Out of Home
105028,БИСТРО НЕСТИНАРКА ЕООД,Варна,ВАРНА,Cafe,Silver,Not Seasonal,Out of Home
108021,Стефанос таверн ЕООД,Варна,СВ СВ КОНСТАНТИН И ЕЛЕНА,Restaurant,Silver,Not Seasonal,Out of Home
109939,БИВШАТА БИРЕНА КЪЩА ЕООД,Варна,ВАРНА,Cafe,Iron,Not Seasonal,Out of Home
109358,ТЕРА МАРЕ ЕООД,Варна,ВАРНА,Fast-food,Silver,Not Seasonal,Out of Home
101715,РЕСТОРАНТ ЦАРЕВО ЕООД,Варна,НЕОФИТ РИЛСКИ,Local Shop,Bronze,Not Seasonal,At Home
110678,Контейнер ЕООД,Варна,ВАРНА,Restaurant,Gold,Not Seasonal,Out of Home
105358,ТОНИ ДЖИДЖИ ЕООД,Бургас,БУРГАС,Cafe,Iron,Not Seasonal,Out of Home
107724,РЕСТОРАНТ МЕЛНИЦАТА ЕООД,Бургас,БУРГАС,Restaurant,Silver,Seasonal,Out of Home
110385,КАПАНЧЕ КЪМ ФАРА ЕООД,Варна,ВАРНА,Fast-food,Gold,Not Seasonal,Out of Home
111685,ПАНТЕЛЕЙ ПЪТНИК ЕООД,Бургас,АЙТОС,Fast-food,Silver,Not Seasonal,Out of Home
108236,БИРАРИЯ АРАПЯ ЕООД,Бургас,СОЗОПОЛ,Restaurant,Iron,Not Seasonal,Out of Home
104555,РЕСТОРАНТ ПЕТРУС ЕООД,Варна,ДОЛНИ ЧИФЛИК,Local Shop,Bronze,Not Seasonal,At Home
107508,ГРАМОФОН ЕООД,Варна,ВАРНА,Restaurant,Silver,Not Seasonal,Out of Home
105675,ЧЕТИРИМАТА  КАПИТАНИ ЕООД,Варна,ВАРНА,Bar,Bronze,Seasonal,Out of Home
105845,РЕСТОРАНТ ЕЙЛ ХАУС ЕООД,Варна,ВАРНА,Fast-food,Iron,Not Seasonal,Out of Home
106897,РЕСТОРАНТ СТАРАТА КЪЩА ЕООД,Шумен,ШУМЕН,Superette,Silver,Not Seasonal,At Home
110480,БИРАРИЯ ХЕЛИОС ЕООД,Варна,ВАРНА,Fast-food,Iron,Not Seasonal,Out of Home
103885,РЕСТОРАНТ КАТЕРИНИ ЕООД,Бургас,АТИЯ,Local Shop,Bronze,Not Seasonal,At Home
109938,РЕСТОРАНТ НЕПТУН ЕООД,Варна,ВАРНА,Cafe,Iron,Not Seasonal,Out of Home
110315,БИСТРО ВЕЛЕВИ ЕООД,Бургас,ЦАРЕВО,Fast-food,Silver,Seasonal,Out of Home
103263,БИСТРО МУЗЕЯ ЕООД,Добрич,ОБРОЧИЩЕ,Local Shop,Gold,Not Seasonal,At Home
110710,ГЪБАТА ЕООД,Варна,ВАРНА,Restaurant,Gold,Not Seasonal,Out of Home
107603,АНДРЮВАТА МЕХАНА ЕООД,Бургас,РАВДА,Restaurant,Silver,Seasonal,Out of Home
110751,РЕСТОРАНТ КЪМ ХОТЕЛ БЕЛИСИМО ЕООД,Бургас,СЛЪНЧЕВ БРЯГ,Fast-food,Bronze,Seasonal,Out of Home
109984,КАПАН ЛОДКИТЕ ЕООД,Бургас,НЕСЕБЪР,Cafe,Bronze,Seasonal,Out of Home
106548,БУНГАЛА КЪМ ЛАВИТА ЕООД,Бургас,ЦАРЕВО,Cafe,Bronze,Not Seasonal,Out of Home
110846,БИСТРО ТАНЯ ЕООД,Варна,ВАРНА,Restaurant,Gold,Not Seasonal,Out of Home
109432,БИРАРИЯ ПАЛАС ЕООД,Бургас,РАВДА,Fast-food,Silver,Seasonal,Out of Home
107179,БИСТРО ЯНИС ЕООД,Бургас,СОЗОПОЛ,Superette,Bronze,Seasonal,At Home
108184,ТАЙМС БАР ЕООД,Бургас,ПОМОРИЕ,Restaurant,Silver,Seasonal,Out of Home
107486,ХАПВАМ СИ ЕООД,Бургас,СВЕТИ ВЛАС,Restaurant,Gold,Seasonal,Out of Home
100982,БИСТРО КОРНЕР ЕООД,Бургас,СОЗОПОЛ,Supermarket,Silver,Seasonal,At Home
111287,ПРИ ХОЛИ ЕООД,Варна,ВАРНА,Fast-food,Gold,Not Seasonal,Out of Home
107604,РЕСТОРАНТ БРИГО ЕООД,Бургас,РАВДА,Restaurant,Gold,Seasonal,Out of Home
108028,СТАРИЯ МОРЯК ЕООД,Варна,ВАРНА,Restaurant,Gold,Not Seasonal,Out of Home
103762,СОЛО РЕД ХОЛ ЕООД,Бургас,БУРГАС,Local Shop,Bronze,Not Seasonal,At Home
109001,РЕСТОРАНТ ПАЛУБА ЕООД,Варна,ВАРНА,Hotels,Iron,Not Seasonal,Out of Home
105847,БИСТРО АЛБАТРОС ЕООД,Варна,ВАРНА,Fast-food,Iron,Not Seasonal,Out of Home
109549,ПЪБ ЕНД ПИЦА ЕООД,Бургас,БУРГАС,Fast-food,Silver,Not Seasonal,Out of Home
100108,КРИСТАЛ ЕООД,Добрич,ДОБРИЧ,Local Shop,Silver,Not Seasonal,At Home
109696,Марлин ЕООД,Бургас,БУРГАС,Fast-food,Iron,Not Seasonal,Out of Home
109434,Леон ЕООД,Бургас,БУРГАС,Fast-food,Bronze,Not Seasonal,Out of Home
100966,ПРИ ПЛАМЕН ЕООД,Бургас,ЦАРЕВО,Supermarket,Gold,Seasonal,At Home
111694,БИРАРИЯ НЕПТУН ЕООД,Бургас,БУРГАС,Fast-food,Gold,Not Seasonal,Out of Home
111872,БИСТРО ЕООД,Бургас,ОБЗОР,Superette,Bronze,Seasonal,At Home
111084,БИСТРО ДИАНА ЕООД,Бургас,СВЕТИ ВЛАС,Hotels,Silver,Seasonal,Out of Home
109329,ЧАДЪРА ЕООД,Бургас,СЛЪНЧЕВ БРЯГ,Fast-food,Bronze,Seasonal,Out of Home
109337,СИНЕМОРСКА СТЕЩА ЕООД,Бургас,СВЕТИ ВЛАС,Fast-food,Silver,Seasonal,Out of Home
110588,СТРАИЯТ ЕЛЕН ЕООД,Бургас,ПРИМОРСКО,Fast-food,Silver,Seasonal,Out of Home
108197,ХОТЕЛ ДИАНА ЕООД,Бургас,ПОМОРИЕ,Restaurant,Silver,Not Seasonal,Out of Home
110247,РЕСТОРАНТ СВ.ГЕОРГИ ЕООД,Бургас,БУРГАС,Fast-food,Silver,Seasonal,Out of Home
110585,БИРАРИЯ ДЖОРДЖ ЕООД,Бургас,БУРГАС,Fast-food,Gold,Not Seasonal,Out of Home
109980,Х-Л ФРЕНДС ЕООД,Бургас,НЕСЕБЪР,Cafe,Silver,Seasonal,Out of Home
109433,РЕСТОРАНТ МИРАЖ ЕООД,Бургас,БУРГАС,Fast-food,Bronze,Not Seasonal,Out of Home
108227,МАМАЛИГА 2 ЕООД,Варна,ВАРНА,Restaurant,Gold,Seasonal,Out of Home
107608,РЕСТОРАНТ НЕРО ЕООД,Бургас,НЕСЕБЪР,Restaurant,Gold,Seasonal,Out of Home
100965,ТОП УЕЙВ ЕООД,Бургас,КИТЕН,Supermarket,Gold,Seasonal,At Home
108230,ЕКО ПАРК ВАЯ ЕООД,Бургас,ЧЕРНОМОРЕЦ,Restaurant,Silver,Seasonal,Out of Home
108258,Р-Т СТАМОПОЛУ ЛУКС ЕООД,Бургас,СОЗОПОЛ,Restaurant,Bronze,Seasonal,Out of Home
107511,РЕСТОРАНТ МЕЗЕ ЕООД,Варна,ВАРНА,Restaurant,Bronze,Seasonal,Out of Home
105450,МЕХАНА ИЗГРЕВ ЕООД,Варна,ВАРНА,Cafe,Iron,Not Seasonal,Out of Home
111518,РЕСТОРАНТ СТАРИЯ КАПИТАН ЕООД,Варна,ВАРНА,Restaurant,Bronze,Not Seasonal,Out of Home
109694,РЕСТОРАН СПОМЕНИ ЕООД,Бургас,БУРГАС,Fast-food,Silver,Not Seasonal,Out of Home
109368,РЕСТОРАНТ ЛАМБРИНО ЕООД,Варна,ВАРНА,Fast-food,Gold,Not Seasonal,Out of Home
101183,БИСТРО ДЕСИСЛАВА ЕООД,Русе,РУСЕ,Cafe,Bronze,Not Seasonal,At Home
101072,БИРАРИЯ ИВАЙЛО ЕООД,Варна,АВРЕН,Supermarket,Bronze,Not Seasonal,At Home
105386,РЕСТОРАНТ ПРИМА ВЕРА ЕООД,Бургас,БУРГАС,Cafe,Bronze,Not Seasonal,Out of Home
102030,РЕСТОРАНТ БРИЗ ЕООД,Варна,ВАРНА,Local Shop,Gold,Not Seasonal,At Home
110413,Х-Л ЛАГУНА ЕООД,Бургас,ДЪСКОТНА,Fast-food,Silver,Not Seasonal,Out of Home
106049,Механа Петела ЕООД,Варна,ВАРНА,Fast-food,Silver,Not Seasonal,Out of Home
112023,Ресторант Анита ЕООД,Силистра,БЕЛИЦА,Local Shop,Bronze,Not Seasonal,At Home
106967,Ресторант Амелия ЕООД,Бургас,СВЕТИ ВЛАС,Superette,Bronze,Seasonal,At Home
109577,Ресторант Балгаран ЕООД,Варна,ВАРНА,Fast-food,Gold,Not Seasonal,Out of Home
107133,Механата ЕООД,Бургас,ЧЕРНИ ВРЪХ,Superette,Bronze,Not Seasonal,At Home
100458,Тумбака ЕООД,Бургас,РАВДА,Supermarket,Gold,Seasonal,At Home
110777,Старата Махала ЕООД,Бургас,БУРГАС,Fast-food,Silver,Not Seasonal,Out of Home
111337,Ресторант Лина ЕООД,Бургас,ОБЗОР,Fast-food,Gold,Seasonal,Out of Home
104954,Старата Чешма ЕООД,Бургас,БУРГАС,Cafe,Gold,Not Seasonal,Out of Home
100453,ресторант Пуяка ЕООД,Бургас,НЕСЕБЪР,Supermarket,Gold,Seasonal,At Home
108041,Кутро Соли ЕООД,Варна,СВ СВ КОНСТАНТИН И ЕЛЕНА,Restaurant,Silver,Seasonal,Out of Home
105672,РЕСТОРАНТЪ ЕООД,Варна,ВАРНА,Bar,Bronze,Seasonal,Out of Home
108037,ИНТРИГА 56 ЕООД,Варна,ВАРНА,Restaurant,Bronze,Seasonal,Out of Home
105035,БУХЛЕВАТА ВОДЕНИЦА ЕООД,Варна,ВАРНА,Cafe,Gold,Not Seasonal,Out of Home
104505,РАНЧО ОРЕХИТЕ ЕООД,Варна,ПРОВАДИЯ,Local Shop,Bronze,Not Seasonal,At Home
105834,РЕСТОРАНТ НЕСТИНАРКА ЕООД,Варна,ВАРНА,Fast-food,Bronze,Not Seasonal,Out of Home
100605,Ресторант Спомени ЕООД,Бургас,СЛЪНЧЕВ БРЯГ,Supermarket,Silver,Not Seasonal,At Home
107225,Ресторант Опал ЕООД,Бургас,СЛЪНЧЕВ БРЯГ,Supermarket,Gold,Seasonal,At Home
106641,Ресторант Мираж ЕООД,Бургас,РАВДА,Superette,Bronze,Seasonal,At Home
107494,Заведение Прага ЕООД,Варна,ВАРНА,Restaurant,Iron,Not Seasonal,Out of Home
111160,Р-НТ ЛИЛИЯ ЕООД,Варна,ВАРНА,Hotels,Gold,Seasonal,Out of Home
105159,РЕСТОРАН РОСЕНЕЦ ЕООД,Бургас,БУРГАС,Cafe,Iron,Not Seasonal,Out of Home
104184,ФИШ ЕНД ЧИПС ЕООД,Бургас,СОЗОПОЛ,Local Shop,Gold,Seasonal,At Home
105433,Р-НТ ЧАЙКА ЕООД,Бургас,БУРГАС,Cafe,Bronze,Not Seasonal,Out of Home
106712,БИСТРО ПЯСЪЦИТЕ ЕООД,Бургас,ПРИМОРСКО,Superette,Gold,Seasonal,At Home
100963,ЕВА ЕООД,Бургас,ЛОЗЕНЕЦ,Supermarket,Bronze,Seasonal,At Home
100962,МЕХАНА ЕООД,Бургас,ЛОЗЕНЕЦ,Supermarket,Bronze,Seasonal,At Home
100955,ДИ ЕМ АРОМА ЕООД ЕООД,Бургас,СОЗОПОЛ,Supermarket,Silver,Seasonal,At Home
106186,МЕХАНА КАЛИОПА ЕООД,Бургас,ПРИМОРСКО,Fast-food,Silver,Seasonal,Out of Home
108440,РЕСТОРАНТ ЕООД,Бургас,ПРИМОРСКО,Restaurant,Silver,Seasonal,Out of Home
108404,Х-Л САНИ ЕООД,Бургас,ПРИМОРСКО,Restaurant,Gold,Seasonal,Out of Home
111841,УНИТЕХ-СТРОЙ ЕООД ЕООД,Бургас,БУРГАС,Restaurant,Bronze,Not Seasonal,Out of Home
110992,ДЖЕЙ ЕМ ПРО ЕООД ЕООД,Бургас,ОБЗОР,Hotels,Silver,Seasonal,Out of Home
109136,Феникс ЕООД,Бургас,КИТЕН,Hotels,Silver,Seasonal,Out of Home
106827,ДЕСТО 74 ЕООД ЕООД,Бургас,НЕСЕБЪР,Nightclub,Gold,Seasonal,Out of Home
108307,КОМПЛЕКС КОКИЧЕ 2 ЕООД,Бургас,СОЗОПОЛ,Restaurant,Gold,Seasonal,Out of Home
108309,БИРАРИЯ МОРСКО УТРО ЕООД,Бургас,СОЗОПОЛ,Restaurant,Silver,Seasonal,Out of Home
109959,Р-Т АЛБАТРОС ЕООД,Варна,ВАРНА,Cafe,Gold,Not Seasonal,Out of Home
107612,Р-Т АНИТА ЕООД,Бургас,НЕСЕБЪР,Restaurant,Gold,Seasonal,Out of Home
107613,ИВАКА 83 ЕООД,Бургас,НЕСЕБЪР,Restaurant,Gold,Seasonal,Out of Home
111517,ЛИЛИЯ ЕООД,Варна,ВАРНА,Restaurant,Bronze,Not Seasonal,Out of Home
108040,СТАРАТА МЕЛНИЦА ЕООД,Варна,ВАРНА,Restaurant,Gold,Seasonal,Out of Home
101861,Киви Гардън ЕООД,Добрич,КРАНЕВО,Local Shop,Bronze,Seasonal,At Home
107707,ПАТАЯ ЕООД,Бургас,СИНЕМОРЕЦ,Restaurant,Bronze,Seasonal,Out of Home
111142,Р-НТ СТАРИЯ КАПИТАН ЕООД,Варна,ВАРНА,Hotels,Gold,Seasonal,Out of Home
106830,СТЕЛЛА МАРИС ЕООД,Бургас,ЛОЗЕНЕЦ,Nightclub,Bronze,Seasonal,Out of Home
105713,МПС ЕООД,Бургас,КИТЕН,Bar,Gold,Seasonal,Out of Home
100975,БИСТРО ПРИ ЖОРО ЕООД,Бургас,СОЗОПОЛ,Supermarket,Gold,Seasonal,At Home
109144,РЕСТОРАНТ ЕООД,Бургас,ПРИМОРСКО,Hotels,Silver,Seasonal,Out of Home
100977,РЕСТОРАНТ ЕКСТАЗИ ЕООД,Бургас,СОЗОПОЛ,Supermarket,Silver,Seasonal,At Home
108410,МОРСКИ ДАРОВЕ ЕООД,Бургас,ПРИМОРСКО,Restaurant,Silver,Seasonal,Out of Home
106534,Дюнер Hazar ЕООД,Бургас,БУРГАС,Cafe,Bronze,Not Seasonal,Out of Home
100572,РЕСТОРАНТ ЕЛМАР ЕООД,Бургас,СЛЪНЧЕВ БРЯГ,Supermarket,Gold,Seasonal,At Home
100601,Зухдин ЕООД,Бургас,СЛЪНЧЕВ БРЯГ,Supermarket,Gold,Seasonal,At Home
103994,ПИЦАРИЯ РОБИН ХУД ЕООД,Бургас,ЧЕРНОМОРЕЦ,Local Shop,Gold,Seasonal,At Home
111396,БИСТРО ЕООД,Бургас,СОЗОПОЛ,Fast-food,Silver,Seasonal,Out of Home
106785,ДЪ ПЛЕЙС ЕООД,Бургас,СЛЪНЧЕВ БРЯГ,Nightclub,Gold,Seasonal,Out of Home
100059,БИСТРО АХТОПОЛ ЕООД,Бургас,СЛЪНЧЕВ БРЯГ,Local Shop,Bronze,Seasonal,At Home
108583,БОЦМАНА ЕООД,Бургас,СЛЪНЧЕВ БРЯГ,Hotels,Bronze,Seasonal,Out of Home
108593,БИСТРО ТРЪСТИКИТЕ ЕООД,Бургас,СЛЪНЧЕВ БРЯГ,Hotels,Bronze,Seasonal,Out of Home
108408,Сириус ЕООД,Бургас,ПРИМОРСКО,Restaurant,Gold,Seasonal,Out of Home
108407,Публик ЕООД,Бургас,КИТЕН,Restaurant,Silver,Seasonal,Out of Home
100101,ЕВТА - 21 ЕООД ЕООД,Добрич,ДОБРИЧ,Local Shop,Silver,Seasonal,At Home
110570,Бочара ЕООД,Бургас,ЧЕРНОМОРЕЦ,Fast-food,Bronze,Seasonal,Out of Home
107614,КЪМПИНГ ОАЗИС БИСТРО ЕООД,Бургас,РАВДА,Restaurant,Gold,Seasonal,Out of Home
105685,РЕСТОРАНТ АМЕЛИЯ ЕООД,Варна,ВАРНА,Bar,Gold,Seasonal,Out of Home
111779,РОКСИ ЕООД,Бургас,КИТЕН,Fast-food,Silver,Seasonal,Out of Home
110154,ХОТЕЛ СЛЪНЦЕ ЕООД,Бургас,СЛЪНЧЕВ БРЯГ,Fast-food,Gold,Seasonal,Out of Home
110653,ГРАМОФОНА ЕООД,Бургас,СЛЪНЧЕВ БРЯГ,Restaurant,Silver,Seasonal,Out of Home
100201,NONAME ЕООД,Бургас,ПОМОРИЕ,Local Shop,Gold,Not Seasonal,At Home
104178,БИСТРО ПЕРЛА М ЕООД,Бургас,ПРИМОРСКО,Local Shop,Gold,Seasonal,At Home
105540,ПОЛИ-СВ ООД ЕООД,Бургас,ПРИМОРСКО,Cafe,Bronze,Not Seasonal,Out of Home
108585,Пантелей ЕООД,Бургас,СВЕТИ ВЛАС,Hotels,Silver,Seasonal,Out of Home
108209,ПИМ О7-АЛДЖИДА ЕООД,Бургас,БУРГАС,Restaurant,Bronze,Seasonal,Out of Home
106977,Дежа вю ЕООД,Бургас,НЕСЕБЪР,Superette,Silver,Seasonal,At Home
105078,Ресторант Хоризонт ЕООД,Бургас,НЕСЕБЪР,Cafe,Silver,Seasonal,Out of Home
106780,ВЕРОНЕЛИ 2016 ООД ЕООД,Бургас,СЛЪНЧЕВ БРЯГ,Nightclub,Bronze,Seasonal,Out of Home
107474,Четиримата капитани ЕООД,Бургас,СВЕТИ ВЛАС,Restaurant,Silver,Seasonal,Out of Home
109688,Морски Дар ЕООД,Бургас,СОЗОПОЛ,Fast-food,Silver,Seasonal,Out of Home
106331,БИСТРО КАЗЕПА ЕООД,Бургас,СИНЕМОРЕЦ,Local Shop,Bronze,Seasonal,At Home
108039,Веранда ЕООД,Варна,СВ СВ КОНСТАНТИН И ЕЛЕНА,Restaurant,Gold,Seasonal,Out of Home
109165,ПРИ СТАРИЯ ШВЕЙК ЕООД,Бургас,КИТЕН,Hotels,Silver,Seasonal,Out of Home
111143,Ронер ЕООД,Варна,ВАРНА,Hotels,Gold,Seasonal,Out of Home
110625,Синята акула ЕООД,Бургас,ПРИМОРСКО,Fast-food,Gold,Seasonal,Out of Home
104204,Арион ЕООД,Бургас,ПРИМОРСКО,Local Shop,Silver,Seasonal,At Home
111239,Боко ЕООД,Бургас,СОЗОПОЛ,Hotels,Gold,Seasonal,Out of Home
107616,БИВШЕТО РАФИ ЕООД,Бургас,НЕСЕБЪР,Restaurant,Gold,Seasonal,Out of Home
109556,МЕХАНА ПОД ЛИПАТА ЕООД,Бургас,ПОМОРИЕ,Fast-food,Silver,Seasonal,Out of Home
106784,МЕХАНА ИЗГРЕВ ЕООД,Бургас,СВЕТИ ВЛАС,Nightclub,Bronze,Seasonal,Out of Home
104206,Кораба ЕООД,Бургас,ПРИМОРСКО,Local Shop,Bronze,Seasonal,At Home
108405,ХОТЕЛ ЕООД,Бургас,ПРИМОРСКО,Restaurant,Gold,Seasonal,Out of Home
110090,РЕСТОРАНТ ЕЛИТ ЕООД,Бургас,СОЗОПОЛ,Cafe,Silver,Seasonal,Out of Home
110182,Х-Л ПЕНЕЛОПА ЕООД,Бургас,СЛЪНЧЕВ БРЯГ,Fast-food,Gold,Seasonal,Out of Home
101368,ТЪРГОВСКИ ЦЕНТЪР ЕООД,Бургас,ОБЗОР,Nightclub,Silver,Seasonal,Out of Home
104883,БИРАРИЯ ХЛАДНО ЕООД,Варна,ШКОРПИЛОВЦИ,Cafe,Bronze,Seasonal,Out of Home
106779,ЗЛАТЕВА КЪЩА ЕООД,Бургас,СЛЪНЧЕВ БРЯГ,Nightclub,Silver,Seasonal,Out of Home
111179,МЕХАНА ЕЛЕНИ ЕООД,Бургас,ЕЛЕНИТЕ,Hotels,Gold,Seasonal,Out of Home
106855,БОСТРО ФАНТАСТИКО ЕООД,Бургас,ОБЗОР,Nightclub,Gold,Seasonal,Out of Home
108917,ВИРТУС РЕСТОБАР ЕООД,Варна,ЗЛАТНИ ПЯСЪЦИ,Hotels,Bronze,Seasonal,Out of Home
100609,ГРАНД ДАНИ ЕООД,Бургас,СЛЪНЧЕВ БРЯГ,Supermarket,Gold,Seasonal,At Home
102233,БИСТРО ЛИЛИЯ ЕООД,Бургас,СЛЪНЧЕВ БРЯГ,Local Shop,Gold,Seasonal,At Home
100626,РЕСТОРАНТ СМОКИНЯ ЕООД,Бургас,СЛЪНЧЕВ БРЯГ,Supermarket,Gold,Seasonal,At Home
109142,БИРАРИЯ БИИР ХАУС ЕООД,Бургас,ПРИМОРСКО,Hotels,Silver,Seasonal,Out of Home
107229,РЕСТОРАНТ ГОРСКИ РАЙ ЕООД,Бургас,СЛЪНЧЕВ БРЯГ,Supermarket,Gold,Seasonal,At Home
107050,РЕСТОРАНТ ЕООД,Добрич,СОКОЛОВО,Superette,Silver,Not Seasonal,At Home
105886,ХОТЕЛ АРКУТИНО ЕООД,Бургас,НЕСЕБЪР,Fast-food,Bronze,Seasonal,Out of Home
109875,БИРАРИЯ ЗОРБАС ЕООД,Бургас,СВЕТИ ВЛАС,Restaurant,Silver,Seasonal,Out of Home
108606,РЕСТОРАНТ АМЕЛИЯ ЕООД,Бургас,КОШАРИЦА,Hotels,Silver,Seasonal,Out of Home
108608,ГАЛИЛЕО ЕООД,Бургас,СВЕТИ ВЛАС,Hotels,Silver,Seasonal,Out of Home
102032,Р-т Каре ЕООД,Варна,ВАРНА,Local Shop,Silver,Seasonal,At Home
107509,БИРАРИЯ АРКАДИЯ ЕООД,Варна,ВАРНА,Restaurant,Silver,Seasonal,Out of Home
105837,Р-НТ ФЕШЕВИ ЕООД,Варна,ВАРНА,Fast-food,Iron,Not Seasonal,Out of Home
106478,РЕСТОРАНТ МОРСКО ДЪНО ЕООД,Варна,ДЪЛГОПОЛ,Cafe,Silver,Not Seasonal,Out of Home
109976,БИСТРО МОРЯШКА СРЕЩА ЕООД,Бургас,РАВДА,Cafe,Bronze,Seasonal,Out of Home
107709,Вафли Бъбълс ЕООД,Бургас,БУРГАС,Restaurant,Gold,Seasonal,Out of Home
107580,СМОКИНИ РЕСТОРАНТ ЕООД,Бургас,НЕСЕБЪР,Restaurant,Bronze,Seasonal,Out of Home
102220,БИСТРО БРАТИСЛАВА ЕООД,Бургас,СЛЪНЧЕВ БРЯГ,Local Shop,Bronze,Not Seasonal,At Home
111341,Р-НТ ГУГЛА ЕООД,Бургас,ОБЗОР,Fast-food,Bronze,Seasonal,Out of Home
109271,ТЕРЗИЕВАТА КЪЩА ЕООД,Бургас,АЙТОС,Bar,Gold,Not Seasonal,Out of Home
108032,БИСТРО ДЕТЕЛИНА ЕООД,Варна,ВАРНА,Restaurant,Gold,Seasonal,Out of Home
102065,РЕСТОРАНТ СИМ ЕООД,Варна,ВАРНА,Local Shop,Gold,Seasonal,At Home
100617,СТАРИЯТ ЧИНАР ЕООД,Бургас,СЛЪНЧЕВ БРЯГ,Supermarket,Gold,Seasonal,At Home
108402,БИСТРО ДЖУЛИ ЕООД,Бургас,ПРИМОРСКО,Restaurant,Gold,Seasonal,Out of Home
108437,ПРАГА РЕСТОРАНТТ ЕООД,Бургас,ПРИМОРСКО,Restaurant,Silver,Seasonal,Out of Home
107708,ВИЛА ЛИВИЯ Р-Т ЕООД,Бургас,ЦАРЕВО,Restaurant,Bronze,Seasonal,Out of Home
108057,БИСТРО СТЕЛА ЕООД,Бургас,ОБЗОР,Restaurant,Bronze,Seasonal,Out of Home
105565,РОС МАРИ ЕООД,Варна,ШКОРПИЛОВЦИ,Bar,Bronze,Seasonal,Out of Home
105140,БИРАРИЯ БОСТЪН ЕООД,Бургас,БУРГАС,Cafe,Gold,Seasonal,Out of Home
112086,БИСТРО БОРУНА ЕООД,Бургас,АХТОПОЛ,Superette,Iron,Seasonal,At Home
111286,Р-НТ МЕКСИКАНО ЕООД,Варна,ВАРНА,Fast-food,Silver,Not Seasonal,Out of Home
111595,ВИНАРНАТА ЕООД,Бургас,СЛЪНЧЕВ БРЯГ,Fast-food,Gold,Seasonal,Out of Home
104946,Р-НТ АТИКА ЕООД,Бургас,СЛЪНЧЕВ БРЯГ,Cafe,Bronze,Seasonal,Out of Home
108049,Р-Т ДИАМАНТ ЕООД,Бургас,ОБЗОР,Restaurant,Silver,Seasonal,Out of Home
101961,БИСТРО ПЕРЛА ЕООД,Добрич,КАВАРНА,Local Shop,Silver,Seasonal,At Home
101971,РЕСТОРАНТ АРКОБАЛЕНО ЕООД,Добрич,ТОПОЛА,Local Shop,Gold,Seasonal,At Home
109700,РАНДЕВУ ЕООД,Бургас,СОЗОПОЛ,Fast-food,Silver,Seasonal,Out of Home
109682,БИСТРО ХЕНИ ЕООД,Бургас,СОЗОПОЛ,Fast-food,Silver,Seasonal,Out of Home
109705,КОРОНА ЕООД,Бургас,СОЗОПОЛ,Fast-food,Silver,Seasonal,Out of Home
111728,БЛЯК СИЙ ЕООД,Варна,ВАРНА,Fast-food,Gold,Not Seasonal,Out of Home
111745,Р-НТ АДАМОТО ЕООД,Варна,СВ СВ КОНСТАНТИН И ЕЛЕНА,Fast-food,Gold,Seasonal,Out of Home
105744,ДЖОРДЖО ЕООД,Варна,БЯЛА,Fast-food,Bronze,Not Seasonal,Out of Home
109990,Р-т Стела ЕООД,Бургас,БУРГАС,Cafe,Bronze,Seasonal,Out of Home
108439,БИСТРО СЛЪНЧЕВ ЛЪЧ ЕООД,Бургас,ПРИМОРСКО,Restaurant,Gold,Seasonal,Out of Home
108414,ЕМОВАТА КЪЩА ЕООД,Бургас,КИТЕН,Restaurant,Silver,Seasonal,Out of Home
111744,РЕСТОРАНТ ЕООД,Варна,ВАРНА,Fast-food,Silver,Seasonal,Out of Home
111730,РЕСТОРАНТ ДИОНИС ЕООД,Варна,ВАРНА,Fast-food,Silver,Seasonal,Out of Home
100983,КАФЕ ЕООД,Бургас,ПРИМОРСКО,Supermarket,Silver,Seasonal,At Home
110108,РЕСТОРАНТ АЛЕКСАНДЪР ЕООД,Варна,ШКОРПИЛОВЦИ,Fast-food,Bronze,Seasonal,Out of Home
104950,ДЖАМБО ЕООД,Бургас,СЛЪНЧЕВ БРЯГ,Cafe,Bronze,Seasonal,Out of Home
108449,ХОТЕЛ ПЕТРОВ ЕООД,Бургас,КИТЕН,Restaurant,Gold,Seasonal,Out of Home
107446,ПИЦАРИЯ ТОКО ЕООД,Бургас,ЕЛЕНИТЕ,Restaurant,Bronze,Seasonal,Out of Home
106971,Х-Л НЕСЕБЪР РОЯЛ ПАЛАС ЕООД,Бургас,СВЕТИ ВЛАС,Superette,Silver,Seasonal,At Home
101390,РЕСТОРАНТ ЗЛАТНОТО РУНО ЕООД,Бургас,ПРИМОРСКО,Nightclub,Silver,Seasonal,Out of Home
108448,РЕСТОРАНТ СТАРИЯ КАПИТАН ЕООД,Бургас,КИТЕН,Restaurant,Silver,Seasonal,Out of Home
108438,Б-РО ГОНДОЛА ЕООД,Бургас,ПРИМОРСКО,Restaurant,Gold,Seasonal,Out of Home
111589,ПИЦАРИЯ КАСТЕЛО ЕООД,Бургас,СЛЪНЧЕВ БРЯГ,Fast-food,Bronze,Seasonal,Out of Home
110863,БИСТРО ПРИМА ЕООД,Бургас,ЛОЗЕНЕЦ,Restaurant,Bronze,Seasonal,Out of Home
106642,БИРАРИЯ КЪЩАТА ЕООД,Бургас,СЛЪНЧЕВ БРЯГ,Superette,Silver,Not Seasonal,At Home
100964,ДАЛЯН АКРОТИР ЕООД,Бургас,ПРИМОРСКО,Supermarket,Silver,Seasonal,At Home
104207,Р-НТ СТАРАТА МЕЛНИЦА ЕООД,Бургас,ПРИМОРСКО,Local Shop,Bronze,Seasonal,At Home
106781,К-С ВИНЕЯРДС ЕООД,Бургас,СВЕТИ ВЛАС,Nightclub,Silver,Seasonal,Out of Home
105415,РЕСТОРАНТ СТАРИЯ НЕСЕБЪР ЕООД,Бургас,БУРГАС,Cafe,Iron,Not Seasonal,Out of Home
109055,БИСТРО ЛАЗУР ЕООД,Бургас,СОЗОПОЛ,Hotels,Silver,Seasonal,Out of Home
105094,РЕСТОРАНТТ СТАРИЯ КАВАК ЕООД,Бургас,НЕСЕБЪР,Cafe,Silver,Seasonal,Out of Home
105101,БИСТРО ЖЕГА ЕООД,Бургас,НЕСЕБЪР,Cafe,Gold,Not Seasonal,Out of Home
104191,РЕСТОРАНТ КРИМ ЕООД,Бургас,ПРИМОРСКО,Local Shop,Silver,Seasonal,At Home
110132,Р-Т МАРИНА ЕООД,Варна,ШКОРПИЛОВЦИ,Fast-food,Bronze,Seasonal,Out of Home
108073,МЛАДОСТ ЕООД,Бургас,ОБЗОР,Restaurant,Bronze,Seasonal,Out of Home
106969,Нептун ЕООД,Бургас,СВЕТИ ВЛАС,Superette,Silver,Seasonal,At Home
108072,КРЪЧМАТА ЕООД,Бургас,ОБЗОР,Restaurant,Gold,Seasonal,Out of Home
107178,ВАНИЛА СКАЙ ЕООД,Бургас,СОЗОПОЛ,Superette,Bronze,Seasonal,At Home
106197,Р-НТ ФАМИЛИЯ ЕООД,Бургас,КИТЕН,Fast-food,Silver,Seasonal,Out of Home
111560,Р-Т ДОЛЧЕ ВИТА ЕООД,Бургас,ПРИМОРСКО,Restaurant,Silver,Seasonal,Out of Home
104949,Ла тераса ЕООД,Бургас,БУРГАС,Cafe,Iron,Not Seasonal,Out of Home
110173,ОАЗИС ЕООД,Бургас,СЛЪНЧЕВ БРЯГ,Fast-food,Gold,Seasonal,Out of Home
108450,Б-РО ПРИ ПЕТЬО ЕООД,Бургас,ПРИМОРСКО,Restaurant,Gold,Seasonal,Out of Home
105477,БЪРЗО ХРАНЕНЕ ЕООД,Бургас,СОЗОПОЛ,Cafe,Silver,Seasonal,Out of Home
111464,МЕХАНА АНЧО ЕООД,Варна,ВАРНА,Restaurant,Silver,Not Seasonal,Out of Home
109049,БИСТРО ЧУЧУРА ЕООД,Бургас,СРЕДЕЦ,Hotels,Bronze,Seasonal,Out of Home
110589,Мегдана ЕООД,Бургас,КИТЕН,Fast-food,Silver,Seasonal,Out of Home
104556,БИСТРО НЕЛИ ЕООД,Варна,СТАРО ОРЯХОВО,Local Shop,Bronze,Not Seasonal,At Home
106122,Кафедеус ЕООД,Бургас,СОЗОПОЛ,Fast-food,Silver,Seasonal,Out of Home
108272,МЕХАНА МАКЕДОНИЯ ЕООД,Бургас,ЧЕРНОМОРЕЦ,Restaurant,Bronze,Seasonal,Out of Home
109988,НЕСЕБЪР ЕООД,Бургас,БУРГАС,Cafe,Bronze,Seasonal,Out of Home
104211,Р-Т АДЕТИ ЕООД,Бургас,КИТЕН,Local Shop,Gold,Seasonal,At Home
112078,ПРИ ШОПИТЕ ЕООД,Бургас,БУРГАС,Superette,Bronze,Not Seasonal,At Home
103811,ПЛАКАМОТО ЕООД,Бургас,ПОМОРИЕ,Local Shop,Bronze,Not Seasonal,At Home
106884,РЕСТОРАНТ ПАРАДАЙЗ ЕООД,Бургас,ПРИМОРСКО,Nightclub,Silver,Seasonal,Out of Home
111561,БИСТРО КАКАДУ ЕООД,Бургас,КИТЕН,Restaurant,Silver,Seasonal,Out of Home
105336,СИ ХОУМ 25 ЕООД ЕООД,Варна,ВАРНА,Cafe,Bronze,Seasonal,Out of Home
107382,БЯЛА РОЗА ЕООД,Варна,ПРИСЕЛЦИ,Restaurant,Bronze,Not Seasonal,Out of Home
108996,ФЛАГМАН ТЕРАСА ЕООД,Варна,ВАРНА,Hotels,Bronze,Seasonal,Out of Home
106132,КИПАРИС ЕООД,Бургас,ЧЕРНОМОРЕЦ,Fast-food,Bronze,Seasonal,Out of Home
109702,ФЛАГМАН ЕООД,Бургас,СОЗОПОЛ,Fast-food,Silver,Seasonal,Out of Home
105709,АНДОН КАЛДЪРДОНОВ ЕТ ЕООД,Бургас,СОЗОПОЛ,Bar,Bronze,Seasonal,Out of Home
100980,Каравана Андромаха ЕООД,Бургас,АХТОПОЛ,Supermarket,Bronze,Seasonal,At Home
111074,РЕСТОРАНТ НЕПТУН ЕООД,Бургас,ЦАРЕВО,Hotels,Silver,Seasonal,Out of Home
111155,Р-Т ЗОРНИЦА ЕООД,Варна,ВАРНА,Hotels,Silver,Seasonal,Out of Home
109703,ЗЛАТНА РИБКА 2 ЕООД,Бургас,СОЗОПОЛ,Fast-food,Gold,Seasonal,Out of Home
105975,ПИЦА ТЕРВЕ ЕООД,Бургас,БУРГАС,Fast-food,Iron,Not Seasonal,Out of Home
110478,РЕСТОРАНТ ЕООД,Варна,ВАРНА,Fast-food,Gold,Not Seasonal,Out of Home
101113,РЕСТОРАНТ СТАРИЯ КЕСТЕН ЕООД,Варна,БЕЛОСЛАВ,Cafe,Silver,Not Seasonal,At Home
102379,Р-Т ДЖОЯ ДИ МАРЕ ЕООД,Бургас,НЕСЕБЪР,Local Shop,Gold,Seasonal,At Home
106627,БИСТРО ЛАЗУР ЕООД,Бургас,ПРИМОРСКО,Cafe,Silver,Seasonal,Out of Home
106626,ВАЛЕНТИНО ЕООД,Бургас,КИТЕН,Cafe,Silver,Seasonal,Out of Home
108192,ТАНГРА ЕООД,Бургас,СУНГУРЛАРЕ,Restaurant,Bronze,Not Seasonal,Out of Home
109697,МАГ.М.ЗВЕЗДА ЕООД,Бургас,СОЗОПОЛ,Fast-food,Bronze,Seasonal,Out of Home
108203,АКРОПОЛ ЕООД,Бургас,ПОМОРИЕ,Restaurant,Silver,Seasonal,Out of Home
111617,Германа ЕООД,Варна,ВАРНА,Fast-food,Bronze,Not Seasonal,Out of Home
100979,Мезето ЕООД,Бургас,СОЗОПОЛ,Supermarket,Bronze,Seasonal,At Home
109698,Рест. къщата ЕООД,Бургас,СОЗОПОЛ,Fast-food,Silver,Seasonal,Out of Home
111137,БИСТРО МИКАСА ЕООД,Варна,ВАРНА,Hotels,Silver,Seasonal,Out of Home
105625,БИСТРО ПРИ ТАЧО ЕООД,Бургас,ЛОЗЕНЕЦ,Bar,Bronze,Seasonal,Out of Home
107722,Р-НТ ПРАГА ЕООД,Бургас,ЛОЗЕНЕЦ,Restaurant,Bronze,Seasonal,Out of Home
106172,ПИЦАРИЯ ВЕРОНА ЕООД,Бургас,БУРГАС,Fast-food,Bronze,Seasonal,Out of Home
108384,РЕСТОРАНТ ДОКСИ ЕООД,Бургас,БУРГАС,Restaurant,Silver,Not Seasonal,Out of Home
106782,БИРАРИЯ ЮЛИ ЕООД,Бургас,СЛЪНЧЕВ БРЯГ,Nightclub,Silver,Seasonal,Out of Home
102378,РЕСТОРАНТ ДЖАМАЙКА ЕООД,Бургас,СВЕТИ ВЛАС,Local Shop,Bronze,Seasonal,At Home
106421,Р-Т РОЯЛ ЕООД,Варна,ВАРНА,Cafe,Iron,Not Seasonal,Out of Home
106943,АЛЕКСАНДЪР ВЕЛКОВ ЕТ ЕООД,Добрич,БАЛЧИК,Superette,Silver,Not Seasonal,At Home
110206,СИОН ЕООД,Варна,ВАРНА,Fast-food,Iron,Not Seasonal,Out of Home
108429,НИКОЛА ГЕОРГИЕВ ЕТ ЕООД,Бургас,КИТЕН,Restaurant,Silver,Seasonal,Out of Home
108194,Р-НТ ЕМОНА ЕООД,Бургас,ПОМОРИЕ,Restaurant,Silver,Seasonal,Out of Home
107210,ЛОВНА СРЕЩА ЕООД,Варна,ПРИСЕЛЦИ,Superette,Silver,Not Seasonal,At Home
103890,МЕХАНА СОФИЯ ЕООД,Бургас,ЧЕРНОМОРЕЦ,Local Shop,Bronze,Seasonal,At Home
104185,ФОРЕСТ НУК ЕООД,Бургас,ПРИМОРСКО,Local Shop,Silver,Seasonal,At Home
110094,ЗЛАТНА РИБКА ЕООД,Бургас,БУРГАС,Cafe,Silver,Not Seasonal,Out of Home
109805,РЕСТОРАНТ ЯНИС ПАРАДАЙС ЕООД,Бургас,ПОМОРИЕ,Hotels,Bronze,Seasonal,Out of Home
109714,РЕСТОРАНТ ЕЛЕГАНС ЕООД,Бургас,ПРИМОРСКО,Fast-food,Silver,Seasonal,Out of Home
104208,БИСТРО ЕООД,Бургас,СОЗОПОЛ,Local Shop,Gold,Seasonal,At Home
110205,КАПИТАНСКА СРЕЩА ЕООД ЕООД,Варна,ВАРНА,Fast-food,Gold,Not Seasonal,Out of Home
101208,СТАРИЯ МОРЯК ЕООД,Варна,ВАРНА,Cafe,Iron,Not Seasonal,At Home
107122,ДЕМАРИЯ ЕООД,Бургас,ПОМОРИЕ,Superette,Bronze,Seasonal,At Home
100215,Р-НТ ВЕГА ЕООД,Бургас,БУРГАС,Local Shop,Silver,Not Seasonal,At Home
102295,ХАПКА ЕООД,Бургас,СЛЪНЧЕВ БРЯГ,Local Shop,Gold,Seasonal,At Home
106631,КОМПЛЕКС ЩЪРКЕЛИТЕ ЕООД,Варна,СВ СВ КОНСТАНТИН И ЕЛЕНА,Superette,Gold,Not Seasonal,At Home
111564,Б-РО ХАВАЙ ЕООД,Бургас,БУРГАС,Restaurant,Silver,Not Seasonal,Out of Home
105714,КАРАВАНА РАВДА ЕООД,Бургас,ПРИМОРСКО,Bar,Silver,Seasonal,Out of Home
100028,БИСТРО КРИСТАЛ ЕООД,Добрич,ДОБРИЧ,Local Shop,Silver,Not Seasonal,At Home
109046,БИСТРО СВЕТИ ИЛИЯ ЕООД,Бургас,СОЗОПОЛ,Hotels,Silver,Seasonal,Out of Home
106952,Р-Т ОАЗИС-МУСОНИ ЕООД,Бургас,ОБЗОР,Superette,Silver,Seasonal,At Home
110215,БИСТРО САМ ДОЙДОХ ЕООД,Варна,ВАРНА,Fast-food,Gold,Not Seasonal,Out of Home
111083,ЧИПЛАКОВ ЕООД,Бургас,СЛЪНЧЕВ БРЯГ,Hotels,Gold,Seasonal,Out of Home
110060,Р-НТ ХЕЛИОС ЕООД,Варна,ВАРНА,Cafe,Gold,Seasonal,Out of Home
101153,СТАРАТА КОТВА ЕООД,Бургас,КАБЛЕШКОВО,Cafe,Silver,Not Seasonal,At Home
100471,КРЪЧМА ЕООД,Бургас,СЛЪНЧЕВ БРЯГ,Supermarket,Gold,Seasonal,At Home
110476,ПРИ МИРКО ЕООД,Варна,ВАРНА,Fast-food,Iron,Not Seasonal,Out of Home
102391,КОПИТОТО ЕООД,Бургас,СВЕТИ ВЛАС,Local Shop,Silver,Seasonal,At Home
106438,КАПРИЦИО ЕООД,Варна,ВАРНА,Cafe,Iron,Not Seasonal,Out of Home
107408,БОРИСОВАТА ВОДЕНИЦА ЕООД,Варна,ПАРТИЗАНИ,Restaurant,Silver,Not Seasonal,Out of Home
108301,АЛЯСКА СНЕК БАР ЕООД,Бургас,СОЗОПОЛ,Restaurant,Silver,Seasonal,Out of Home
106369,СНЕК-БАР ЕООД,Бургас,БУРГАС,Cafe,Iron,Not Seasonal,Out of Home
100960,БИРАРИЯ ФАБЕ ЕООД,Бургас,КИТЕН,Supermarket,Gold,Seasonal,At Home
102268,КЕЙ ГАРДЪН ЕООД,Бургас,СЛЪНЧЕВ БРЯГ,Local Shop,Gold,Not Seasonal,At Home
107596,СБР ТЕРМАЛ ЕООД,Бургас,БУРГАС,Restaurant,Gold,Not Seasonal,Out of Home
100165,НАРГИЛЕ БАР ЕООД,Бургас,БУРГАС,Local Shop,Silver,Not Seasonal,At Home
109695,РЕСТОРАНТ ПРИСТАН ЕООД,Бургас,ЧЕРНОМОРЕЦ,Fast-food,Bronze,Seasonal,Out of Home
108290,Р-Т ГРАДИНАТА ЕООД,Бургас,СОЗОПОЛ,Restaurant,Bronze,Seasonal,Out of Home
108297,ГАРДЪН ЕООД,Бургас,СОЗОПОЛ,Restaurant,Gold,Seasonal,Out of Home
100102,ЧИФЛИКА ЕООД,Добрич,ДОБРИЧ,Local Shop,Bronze,Not Seasonal,At Home
103947,БИСТРО ТИЛИЯ ЕООД,Бургас,БУРГАС,Local Shop,Gold,Not Seasonal,At Home
110755,МОРСКИ БРЯГ ЕООД,Варна,ВАРНА,Fast-food,Iron,Not Seasonal,Out of Home
100816,SAN SOUCI ЕООД,Бургас,ТВЪРДИЦА,Supermarket,Silver,Not Seasonal,At Home
105825,КАСА ФЕЛИЧЕ ЕООД,Варна,ВАРНА,Fast-food,Iron,Not Seasonal,Out of Home
108306,РЕСТОРАНТ ПАЛМЕРО ЕООД,Бургас,СОЗОПОЛ,Restaurant,Bronze,Seasonal,Out of Home
108193,МЕХАНА ЧУЧУРА ЕООД,Бургас,БУРГАС,Restaurant,Bronze,Not Seasonal,Out of Home
105973,КЛЮЧЕТО НА МОРЕТО-РОМАНТИК ЕООД,Бургас,ПОМОРИЕ,Fast-food,Silver,Seasonal,Out of Home
109553,РЕСТОРАНТ ЕФЕ ЕООД,Бургас,ПОМОРИЕ,Fast-food,Silver,Seasonal,Out of Home
108962,РЕСТОРАНТ ДЪ ВЮ ЕООД,Бургас,ПОМОРИЕ,Hotels,Bronze,Seasonal,Out of Home
106136,БИСТРО ЛОТОС ЕООД,Бургас,БУРГАС,Fast-food,Silver,Not Seasonal,Out of Home
100469,ЛАРДЕЯ ЕООД,Бургас,СЛЪНЧЕВ БРЯГ,Supermarket,Gold,Seasonal,At Home
100486,РЕСТОРАНТ ЗЕВС ЕООД,Бургас,СЛЪНЧЕВ БРЯГ,Supermarket,Gold,Seasonal,At Home
105555,ПРИ МАТЮ ЕООД,Бургас,КРУШЕВЕЦ,Cafe,Iron,Not Seasonal,Out of Home
108179,БИСТРО ПЕРЛА ЕООД,Бургас,СИГМЕН,Restaurant,Silver,Not Seasonal,Out of Home
100030,При Вальо ЕООД,Добрич,ДОБРИЧ,Local Shop,Silver,Not Seasonal,At Home
103990,КАПРИЗ ЕООД,Бургас,ЧЕРНОМОРЕЦ,Local Shop,Silver,Not Seasonal,At Home
107476,РЕСТОРАНТ ФЕНСИ ЕООД,Бургас,БУРГАС,Restaurant,Silver,Not Seasonal,Out of Home
111356,ПЕТЪР И ПАВЕЛ ЕООД,Бургас,БУРГАС,Fast-food,Bronze,Not Seasonal,Out of Home
110599,МЕХАНА БАРБА ЕООД,Бургас,РОСЕН,Fast-food,Bronze,Not Seasonal,Out of Home
111600,THE HAUSE ЕООД,Варна,ВАРНА,Fast-food,Gold,Not Seasonal,Out of Home
110415,ХЪШОВЕ ЕООД,Бургас,АЙТОС,Fast-food,Silver,Not Seasonal,Out of Home
110845,Гролш ЕООД,Варна,ВАРНА,Restaurant,Gold,Not Seasonal,Out of Home
110577,МОРКА ПЕРЛА ЕООД,Бургас,БУРГАС,Fast-food,Gold,Not Seasonal,Out of Home
100246,СНЕК-БАР КОМЕТА ЕООД,Бургас,БУРГАС,Local Shop,Silver,Not Seasonal,At Home
106192,БАР СИЙ САЙД ЕООД,Бургас,БУРГАС,Fast-food,Bronze,Not Seasonal,Out of Home
112079,ГЕНГЕР ЕООД,Бургас,БУРГАС,Superette,Iron,Not Seasonal,At Home
106191,РЕСТОРАНТ БИСЕР ЕООД,Бургас,БУРГАС,Fast-food,Silver,Not Seasonal,Out of Home
102270,ФЕЛИЧЕ ЕООД,Бургас,СЛЪНЧЕВ БРЯГ,Local Shop,Bronze,Not Seasonal,At Home
100023,СЕВАСТОПОЛ ЕООД,Добрич,ДОБРИЧ,Local Shop,Silver,Not Seasonal,At Home
106430,ЕЛИНОР ЕООД,Варна,ВАРНА,Cafe,Iron,Not Seasonal,Out of Home
110474,АРТ ФИШ ЕООД,Варна,ВАРНА,Fast-food,Silver,Not Seasonal,Out of Home
106771,АМАРТИА ЕООД,Бургас,СЛЪНЧЕВ БРЯГ,Nightclub,Silver,Seasonal,Out of Home
105808,БИСТРО НИМФА ЕООД,Варна,ВАРНА,Fast-food,Bronze,Not Seasonal,Out of Home
109292,РЕСТОРАНТ ЛАЗУР ЕООД,Бургас,БУРГАС,Bar,Silver,Not Seasonal,Out of Home
107502,БИРАРИЯ ЕЛАДА ЕООД,Варна,ВАРНА,Restaurant,Silver,Not Seasonal,Out of Home
105699,ТИХИЯ КЪТ ЕООД,Бургас,ЧЕРНОМОРЕЦ,Bar,Bronze,Seasonal,Out of Home
110087,ХОТЕЛ ПАРОС ЕООД,Бургас,БУРГАС,Cafe,Gold,Not Seasonal,Out of Home
102853,ПРИ ПОПА ЕООД,Стара Загора,ЦЕНОВО,Local Shop,Iron,Not Seasonal,At Home
102685,РЕСТОРАНТ ФЕСТА ЕООД,Велико Търново,ГОРНА ОРЯХОВИЦА,Local Shop,Silver,Not Seasonal,At Home
100669,РЕСТОРАНТ БЪЛГАРИЯ ЕООД,Велико Търново,ГОРНА ОРЯХОВИЦА,Supermarket,Silver,Not Seasonal,At Home
100082,БИСТРО ТИХУАНА ЕООД,Велико Търново,ГОРНА ОРЯХОВИЦА,Local Shop,Bronze,Seasonal,At Home
102851,Р-Т АКВАМАРИН ЕООД,Русе,РУСЕ,Local Shop,Gold,Not Seasonal,At Home
102686,МИРАНА ЕООД,Велико Търново,ГОРСКО НОВО СЕЛО,Local Shop,Silver,Not Seasonal,At Home
100075,ЛОЗАРСКА КЪЩА ЕООД,Търговище,ПОПОВО,Local Shop,Bronze,Not Seasonal,At Home
102447,Бистро София ЕООД,Търговище,БЕЛОМОРЦИ,Local Shop,Iron,Not Seasonal,At Home
102979,ПИРАТИТЕ ЕООД,Разград,САМУИЛ,Local Shop,Bronze,Not Seasonal,At Home
106652,Р-Т СМОКИНЯТА ЕООД,Търговище,ПОПОВО,Superette,Silver,Not Seasonal,At Home
102646,РЕСТОРАНТ ЛЕТИЦИЯ ЕООД,Русе,РУСЕ,Local Shop,Silver,Not Seasonal,At Home
106654,Р-Т ДАНТОН ЕООД,Търговище,ПОПОВО,Superette,Silver,Not Seasonal,At Home
106734,КАФЕ ЗОРА ЕООД,Велико Търново,ВЕЛИКО ТЪРНОВО,Superette,Silver,Not Seasonal,At Home
107023,СНЕК БАР СЪНИ ЕООД,Русе,БЯЛА,Superette,Silver,Not Seasonal,At Home
100281,Р.ТРАК.СТАН ЕООД,Велико Търново,ВЕЛИКО ТЪРНОВО,Local Shop,Iron,Not Seasonal,At Home
102687,СБ ФЛИРТ ЕООД,Велико Търново,ЛЯСКОВЕЦ,Local Shop,Gold,Not Seasonal,At Home
100702,МЕХ.БАРБУТ ЕООД,Русе,РУСЕ,Supermarket,Iron,Not Seasonal,At Home
102759,Р-Т РАЙ ЕООД,Плевен,МЕЧКА,Local Shop,Iron,Not Seasonal,At Home
102607,КАЛИФОРНИЯ ЕООД,Русе,ОБРЕТЕНИК,Local Shop,Bronze,Not Seasonal,At Home
104415,КОПИТОТО ЕООД,Велико Търново,НОВО СЕЛО,Local Shop,Gold,Not Seasonal,At Home
102652,ПРИ КАПИТАНА ЕООД,Русе,РУСЕ,Local Shop,Bronze,Not Seasonal,At Home
100641,Р-Т ГЛОБУС ЕООД,Търговище,ОМУРТАГ,Supermarket,Gold,Not Seasonal,At Home
102417,Р-Т СТУДЕН КЛАДЕНЕЦ ЕООД,Търговище,ТРЕСКАВЕЦ,Local Shop,Bronze,Not Seasonal,At Home
104314,Р-Т ПАЛМА ЕООД,Силистра,ЦАР САМУИЛ,Local Shop,Iron,Not Seasonal,At Home
102410,БИРАРИЯ ХАВАЙ ЕООД,Търговище,КОВАЧЕВЕЦ,Local Shop,Bronze,Not Seasonal,At Home
103009,СТАРАТА КЪЩА ЕООД,Разград,ЛИПНИК,Local Shop,Bronze,Not Seasonal,At Home
102778,ВИЛА МАРЕ ЕООД,Русе,СЛИВО ПОЛЕ,Local Shop,Iron,Not Seasonal,At Home
101291,Р-Т РОУЗ ГАРДЪН ЕООД,Велико Търново,РАДАНОВО,Cafe,Bronze,Not Seasonal,At Home
103155,БИСТРО ПЕРЛА ЕООД,Разград,САМУИЛ,Local Shop,Bronze,Not Seasonal,At Home
101194,Х-Л ХОРИЗОНТ ЕООД,Русе,ВЕТОВО,Cafe,Silver,Not Seasonal,At Home
101174,КЪЩАТА ЕООД,Велико Търново,КОЗАРЕВЕЦ,Cafe,Iron,Not Seasonal,At Home
106980,ОБЗОР БИЙЧ РЕЗОРТ ЕООД,Търговище,ТЪРГОВИЩЕ,Superette,Iron,Not Seasonal,At Home
102850,ИВАНЧОВ ХАН ЕООД,Русе,РУСЕ,Local Shop,Gold,Not Seasonal,At Home
102518,ГЕЛЕРА ЕООД,Търговище,ЛИЛЯК,Local Shop,Bronze,Not Seasonal,At Home
100638,Б-РО ОБЗОР ЕООД,Търговище,ОМУРТАГ,Supermarket,Silver,Not Seasonal,At Home
107250,МЕХАНА КАРОЛИНА ЕООД,Велико Търново,ДЕБЕЛЕЦ,Supermarket,Gold,Not Seasonal,At Home
104768,РЕСТОРАНТ ЛИЛИЯ ЕООД,Велико Търново,РАДАНОВО,Local Shop,Iron,Not Seasonal,At Home
107021,ТРИФОН ЗАРЕЗАН ЕООД,Велико Търново,ГОРНА ОРЯХОВИЦА,Superette,Gold,Not Seasonal,At Home
102412,АНДРЮВАТА МЕХАНА ЕООД,Търговище,ПОПОВО,Local Shop,Iron,Not Seasonal,At Home
107004,БИСТРО ЧАЙКА ЕООД,Велико Търново,ГОРНА ОРЯХОВИЦА,Superette,Silver,Not Seasonal,At Home
104386,КАФЕ ФАНТАЗИЯ ЕООД,Разград,СЕСЛАВ,Local Shop,Gold,Not Seasonal,At Home
102623,БАКАРДИ ЕООД,Русе,РУСЕ,Local Shop,Silver,Not Seasonal,At Home
104761,РОЗМАРИН ЕООД,Велико Търново,ДОЛНА ОРЯХОВИЦА,Local Shop,Gold,Not Seasonal,At Home
104652,М/СТ КАБАКУМ-БИСТРО ЕООД,Велико Търново,ВЕЛИКО ТЪРНОВО,Local Shop,Bronze,Not Seasonal,At Home
104287,БИСТРО ГУСТО ДЕЛ МАРЕ ЕООД,Пловдив,ЦАР КАЛОЯН,Local Shop,Silver,Not Seasonal,At Home
104780,Старата къща ЕООД,Велико Търново,ЛЯСКОВЕЦ,Local Shop,Bronze,Not Seasonal,At Home
102848,ТИР-ПАРКИНГ ГРАДИНА ЕООД,Русе,РУСЕ,Local Shop,Bronze,Not Seasonal,At Home
102657,КОФИ ХАУС ЕООД,Русе,РУСЕ,Local Shop,Bronze,Not Seasonal,At Home
104681,РЕСТОРАНТ OLEA ЕООД,Велико Търново,ВЕЛИКО ТЪРНОВО,Local Shop,Gold,Not Seasonal,At Home
104775,РЕВСТОРАНТ КЪМПИНГ ЕООД,Велико Търново,ЗЛАТАРИЦА,Local Shop,Silver,Not Seasonal,At Home
102449,БИСТРО ДЕЙЗИ ЕООД,Търговище,ТЪРГОВИЩЕ,Local Shop,Silver,Not Seasonal,At Home
104682,РЕСТОРАНТ ТИР ПАРКИНГ МАГНОЛИЯ ЕООД,Велико Търново,ВЕЛИКО ТЪРНОВО,Local Shop,Gold,Not Seasonal,At Home
102493,ПЕНЕЛОПА ЕООД,Търговище,ТЪРГОВИЩЕ,Local Shop,Iron,Not Seasonal,At Home
112018,ЧЕРНО И БЯЛО ЕООД,Велико Търново,ГОРНА ОРЯХОВИЦА,Local Shop,Iron,Not Seasonal,At Home
106268,ДИВЕРСО ЕООД,Русе,РУСЕ,Local Shop,Bronze,Not Seasonal,At Home
102516,КОМПЛЕКС МИРАЖ РЕСТОРАНТ ЕООД,Търговище,ТЪРГОВИЩЕ,Local Shop,Silver,Not Seasonal,At Home
100644,АКВАРИУС ЕООД,Търговище,ИЗВОРОВО,Supermarket,Iron,Not Seasonal,At Home
100645,БИСТРО NISIKLI ЕООД,Търговище,ПЕТРИНО,Supermarket,Iron,Not Seasonal,At Home
102502,РЕСТОРАНТ 24 ЕООД,Търговище,ДРАЛФА,Local Shop,Silver,Not Seasonal,At Home
102413,БИРАРИЯ КОЗИЯ РОГ ЕООД,Търговище,АПРИЛОВО,Local Shop,Iron,Not Seasonal,At Home
102659,ресторант Царевец ЕООД,Русе,РУСЕ,Local Shop,Gold,Not Seasonal,At Home
104772,ГАЯ ЕООД,Велико Търново,ДОЛНА ОРЯХОВИЦА,Local Shop,Iron,Not Seasonal,At Home
100088,ПЕТТЕ КЮШЕТА ЕООД,Русе,РУСЕ,Local Shop,Silver,Not Seasonal,At Home
102613,РЕСТОРАНТ СЪНРАЙЗ ЕООД,Русе,ВЕТОВО,Local Shop,Gold,Not Seasonal,At Home
102637,РЕСТОРАНТ ЦАРЕВЕЦ ЕООД,Русе,РУСЕ,Local Shop,Silver,Not Seasonal,At Home
112028,РЕСТОРАНТ БЕНИТО ЕООД,Велико Търново,ГОРНА ОРЯХОВИЦА,Local Shop,Bronze,Seasonal,At Home
102988,ЗАВЕДЕНИЕ ФИШ ПОРТ ЕООД,Разград,ПЧЕЛИНА,Local Shop,Iron,Not Seasonal,At Home
100655,ХОТЕЛ ИМПЕРИАЛ ЕООД,Търговище,ГОРНА ХУБАВКА,Supermarket,Bronze,Not Seasonal,At Home
102813,БАР ЦЕНТРАЛ ЕООД,Русе,БЯЛА,Local Shop,Iron,Not Seasonal,At Home
102888,БИРАРИЯ РАЯ ЕООД,Русе,РУСЕ,Local Shop,Silver,Not Seasonal,At Home
107046,БИСТРО АНДЖЕРЛИЕВ ЕООД,Русе,РУСЕ,Superette,Gold,Not Seasonal,At Home
102844,СЕМЕЕН ХОТЕЛ РЕГАТА ЕООД,Русе,БОРОВО,Local Shop,Bronze,Not Seasonal,At Home
104741,БЪРЗО ХРАНЕНЕ ПЛ.ТРОЙКА ЕООД,Велико Търново,ГОРНА ОРЯХОВИЦА,Local Shop,Silver,Not Seasonal,At Home
102615,Старата къща ЕООД,Русе,ВЕТОВО,Local Shop,Gold,Not Seasonal,At Home
104615,БИСТРО ЛАЗУРО ЕООД,Велико Търново,ВЕЛИКО ТЪРНОВО,Local Shop,Silver,Not Seasonal,At Home
102496,РЕСТОРАНТ ЛАГУНА ЕООД,Търговище,ТЪРГОВИЩЕ,Local Shop,Gold,Not Seasonal,At Home
102414,КДП ТРЕЙД ЕООД ЕООД,Търговище,ОМУРТАГ,Local Shop,Bronze,Not Seasonal,At Home
102840,КЕЙ 3 ЕООД,Русе,БЯЛА,Local Shop,Bronze,Not Seasonal,At Home
107016,МЕХАНА ЕДНО ВРЕМЕ ЕООД,Русе,РУСЕ,Superette,Gold,Not Seasonal,At Home
102645,ГАРДЕНИЯ БИЙЧ ЕООД,Русе,ЕКЗАРХ ЙОСИФ,Local Shop,Bronze,Not Seasonal,At Home
104685,БИСТРО ЛУДАТА ФАМИЛИЯ ЕООД,Велико Търново,ВЕЛИКО ТЪРНОВО,Local Shop,Bronze,Not Seasonal,At Home
102791,БИСТРО КЕМИ ЕООД,Русе,БЯЛА,Local Shop,Bronze,Not Seasonal,At Home
107025,БИСТРО ЛАГУНА ЕООД,Русе,БЯЛА,Superette,Gold,Not Seasonal,At Home
102655,CAFE SL ЕООД,Русе,ДВЕ МОГИЛИ,Local Shop,Gold,Not Seasonal,At Home
107019,КОМПЛЕКС МИРАЖ КАФЕ ЕООД,Русе,БЯЛА,Superette,Gold,Not Seasonal,At Home
106664,РЕСТОРАНТ ЩЪРКОВО ГНЕЗДО ЕООД,Русе,СЛИВО ПОЛЕ,Superette,Silver,Not Seasonal,At Home
102772,КАФЕ ТРАФИК ЕООД,Русе,САНДРОВО,Local Shop,Silver,Not Seasonal,At Home
102591,RESTAURANT LUNA ROSSA ЕООД,Русе,РУСЕ,Local Shop,Silver,Not Seasonal,At Home
102792,МИРАЖ ЕООД,Русе,БЯЛА,Local Shop,Gold,Not Seasonal,At Home
107035,БАР И ГРИЛ БЕЛИЯТ ДЕЛФИН ЕООД,Русе,БАТИШНИЦА,Superette,Silver,Not Seasonal,At Home
102889,НЕПТУН ЕООД,Русе,РУСЕ,Local Shop,Gold,Not Seasonal,At Home
102793,МАЛИНКАТА ЕООД,Русе,ПОЛСКО КОСОВО,Local Shop,Iron,Not Seasonal,At Home
106649,НЕРО ЕООД,Търговище,ОПАКА,Superette,Bronze,Not Seasonal,At Home
102794,ЧЕРНО И БЯЛО ЕООД,Русе,ДРЯНОВЕЦ,Local Shop,Iron,Not Seasonal,At Home
100646,ЕТ ЕДЕЛВАЙС-93 - САЛИ ТЕФИКОВ ЕООД,Търговище,ЗАРАЕВО,Supermarket,Silver,Not Seasonal,At Home
104298,РЕСТОРАНТ КЪЩАТА ЕООД,Разград,СЕВАР,Local Shop,Gold,Not Seasonal,At Home
101078,КЕДЪРА ЕООД,Велико Търново,ЛЯСКОВЕЦ,Supermarket,Gold,Not Seasonal,At Home
102626,БАМБУДА ЕООД,Русе,РУСЕ,Local Shop,Gold,Not Seasonal,At Home
102890,СВЕТИ ГЕОРГИ ЕООД,Русе,РУСЕ,Local Shop,Gold,Not Seasonal,At Home
102415,АЕТОС ЕООД,Търговище,ЧЕРКОВНА,Local Shop,Iron,Not Seasonal,At Home
102452,КАМЧИЯ 2016 ЕООД,Търговище,ВРАНИ КОН,Local Shop,Iron,Not Seasonal,At Home
104684,ЕЛИЯ 87 ЕООД ЕООД,Велико Търново,ВЕЛИКО ТЪРНОВО,Local Shop,Iron,Not Seasonal,At Home
104683,БИРАРИЯ ПРИ МАЙСТОРА ЕООД,Велико Търново,ВЕЛИКО ТЪРНОВО,Local Shop,Gold,Not Seasonal,At Home
103001,МЕХАНА СЪДБАТА НА СПОРТИСТА ЕООД,Разград,РАЗГРАД,Local Shop,Gold,Not Seasonal,At Home
102628,ПОЧ.СТАНЦИЯ КОЗЛОДУЙ ЕООД,Русе,РУСЕ,Local Shop,Gold,Not Seasonal,At Home
102411,БИРАРИЯ РАЯ ЕООД,Търговище,ПОПОВО,Local Shop,Gold,Not Seasonal,At Home
102795,КАТРИНА-КАТЯ СОТИРОВА ЕТ ЕООД,Русе,БЯЛА,Local Shop,Gold,Not Seasonal,At Home
102612,Славеите ЕООД,Русе,СМИРНЕНСКИ,Local Shop,Silver,Not Seasonal,At Home
104289,СКОРПИО-ЗЛ.ИВАНОВ ЕТ ЕООД,Разград,КУБРАТ,Local Shop,Gold,Not Seasonal,At Home
101302,РЕСТОРАНТ ЕООД,Велико Търново,ДРАГАНОВО,Cafe,Gold,Not Seasonal,At Home
104330,РЕСТОРАНТ ЕООД,Силистра,ЦАР САМУИЛ,Local Shop,Bronze,Not Seasonal,At Home
104312,БИРАРИЯ НЕМО ЕООД,Силистра,ЦАР САМУИЛ,Local Shop,Iron,Not Seasonal,At Home
102771,К.ГРАДИН ЕООД,Русе,БРЪШЛЕН,Local Shop,Silver,Not Seasonal,At Home
104311,БОХЕМИ ЕООД,Силистра,ЦАР САМУИЛ,Local Shop,Bronze,Not Seasonal,At Home
100094,ПИЦАРИЯ АВЕНЮ ЕООД,Русе,ИВАНОВО,Local Shop,Iron,Seasonal,At Home
102409,ГРАФИТИ ЕООД,Търговище,ОМУРТАГ,Local Shop,Bronze,Not Seasonal,At Home
104640,БИСТРО МАМАЛИГА ЕООД,Велико Търново,ЛЯСКОВЕЦ,Local Shop,Silver,Not Seasonal,At Home
100097,РЕСТОРАНТ ДИВАТА ПЧЕЛА ЕООД,Русе,РУСЕ,Local Shop,Silver,Not Seasonal,At Home
106672,МАГНИТА ЕООД,Разград,РАЗГРАД,Superette,Gold,Not Seasonal,At Home
106255,БИРАРИЯ ЯНИ ЕООД,Търговище,ТЪРГОВИЩЕ,Local Shop,Silver,Not Seasonal,At Home
102497,МАЯМ ЕООД,Търговище,ТЪРГОВИЩЕ,Local Shop,Silver,Not Seasonal,At Home
102498,РЕСТОРАНТ ФЛОРА ЕООД,Търговище,ТЪРГОВИЩЕ,Local Shop,Silver,Not Seasonal,At Home
100642,РЕСТОРАНТ СУНГУРЛАРЕ ЕООД,Търговище,ОМУРТАГ,Supermarket,Gold,Not Seasonal,At Home
106990,НАЦИОНАЛ ЕООД,Търговище,ТЪРГОВИЩЕ,Superette,Bronze,Not Seasonal,At Home
100676,Р-Т СВЕТИ НИКОЛА ЕООД,Русе,РУСЕ,Supermarket,Bronze,Not Seasonal,At Home
104720,Р-Т СТАРОТО КАЗИНО ЕООД,Велико Търново,ГОРНА ОРЯХОВИЦА,Local Shop,Gold,Not Seasonal,At Home
102796,РЕСТОРАНТ ВИА ЕООД,Русе,БОРОВО,Local Shop,Bronze,Not Seasonal,At Home
102891,РЕСТОРАНТ 24 ЕООД,Русе,РУСЕ,Local Shop,Silver,Not Seasonal,At Home
102892,ДАКАТА ЕООД,Русе,РУСЕ,Local Shop,Silver,Not Seasonal,At Home
102894,ТИБИНО ЕООД,Русе,РУСЕ,Local Shop,Gold,Not Seasonal,At Home
100634,РЕСТОРАНТ ГЛАРУС ЕООД,Търговище,ТЪРГОВИЩЕ,Supermarket,Bronze,Not Seasonal,At Home
102499,ПРИ КОЦЕТО ЕООД,Търговище,ТЪРГОВИЩЕ,Local Shop,Silver,Not Seasonal,At Home
101070,НЕПТУН ЕООД,Велико Търново,ЕЛЕНА,Supermarket,Gold,Not Seasonal,At Home
106271,БАРБЕКЮ МАНЦ ЕООД,Русе,РУСЕ,Local Shop,Gold,Not Seasonal,At Home
106998,БИСТРО ПАРИС ЕООД,Русе,РУСЕ,Superette,Silver,Not Seasonal,At Home
102446,ХОТЕЛ ТОКАЛИЕВ ЕООД,Търговище,ЗАРАЕВО,Local Shop,Bronze,Not Seasonal,At Home
102592,НЕМИ-98-МЕХМЕД ХАЛИЛ ЕТ ЕООД,Русе,ДВЕ МОГИЛИ,Local Shop,Gold,Not Seasonal,At Home
102500,БИСТРО ЧОРБАДЖИ ДИМО ЕООД,Търговище,ТЪРГОВИЩЕ,Local Shop,Silver,Not Seasonal,At Home
100698,БИСТРО ГРАДИНА ЕООД,Русе,РУСЕ,Supermarket,Bronze,Not Seasonal,At Home
101050,КАПАНА ЕООД,Велико Търново,ВЕЛИКО ТЪРНОВО,Supermarket,Silver,Not Seasonal,At Home
106260,РЕСТОРАНТ ШАТРАТА ЕООД,Търговище,ТЪРГОВИЩЕ,Local Shop,Silver,Not Seasonal,At Home
106651,БИСТРО ШЕЛФ ЕООД,Търговище,ОМУРТАГ,Superette,Bronze,Not Seasonal,At Home
100080,БИСТРО АСТРЕЯ ЕООД,Русе,РУСЕ,Local Shop,Iron,Not Seasonal,At Home
100677,БИСТРО СТАРИЯТ КЕЙ ЕООД,Русе,РУСЕ,Supermarket,Gold,Not Seasonal,At Home
106261,БИРАРИЯ КАМЪНИТЕ ЕООД,Търговище,ТЪРГОВИЩЕ,Local Shop,Gold,Not Seasonal,At Home
106663,НИКИ 64 - КОНСУЛТАТИВЕН ЦЕНТЪР ЕООД,Русе,БЯЛА,Superette,Silver,Not Seasonal,At Home
102765,ТФК - 1968 ЕООД ЕООД,Русе,МАРТЕН,Local Shop,Silver,Not Seasonal,At Home
107036,ВЕДА-64 - ВИДЕЛИН ПЕТКОВ ЕТ ЕООД,Русе,РУСЕ,Superette,Iron,Not Seasonal,At Home
102784,ОФИСА ЕООД,Русе,СЛИВО ПОЛЕ,Local Shop,Gold,Not Seasonal,At Home
101049,ПАТРИКА ЕООД,Велико Търново,ВЕЛИКО ТЪРНОВО,Supermarket,Gold,Not Seasonal,At Home
100284,НАШЕНСКА СРЕЩА ЕООД,Велико Търново,ВЕЛИКО ТЪРНОВО,Local Shop,Gold,Not Seasonal,At Home
104710,Аксаковска Панорама ЕООД,Велико Търново,ЕЛЕНА,Local Shop,Gold,Not Seasonal,At Home
103145,МЕХАНА КАРОЛИНА ЕООД,Разград,РАЗГРАД,Local Shop,Gold,Not Seasonal,At Home
100290,Р-Т КАМЕЛИЯ ЕООД,Велико Търново,ВЕЛИКО ТЪРНОВО,Local Shop,Silver,Not Seasonal,At Home
104793,Ивет ЕООД,Велико Търново,ПОЛСКИ СЕНОВЕЦ,Local Shop,Iron,Not Seasonal,At Home
101053,Импала 2 ЕООД,Велико Търново,ВЕЛИКО ТЪРНОВО,Supermarket,Bronze,Not Seasonal,At Home
104709,ГОСТИЛНИЦА ЕООД,Велико Търново,ЗЛАТАРИЦА,Local Shop,Gold,Not Seasonal,At Home
104680,ПАРЧЕТО - ЩАНД КАУФЛАНД ЕООД,Велико Търново,ВЕЛИКО ТЪРНОВО,Local Shop,Gold,Not Seasonal,At Home
102462,РАКИТНИКА ЕООД,Търговище,КАМБУРОВО,Local Shop,Bronze,Not Seasonal,At Home
101189,СИРИУС ЕООД,Русе,РУСЕ,Cafe,Gold,Not Seasonal,At Home
102958,РЕСТОРАНТ СТАРФИШ ЕООД,Русе,РУСЕ,Local Shop,Silver,Not Seasonal,At Home
100640,РЕСТОРАНТ БАРДУЧЕТО ЕООД,Търговище,ВАРДУН,Supermarket,Bronze,Not Seasonal,At Home
102856,РЕСТОРАНТ УРАНИЯ ЕООД,Русе,РУСЕ,Local Shop,Silver,Not Seasonal,At Home
102893,ПРИ ТЕМАТА ЕООД,Русе,РУСЕ,Local Shop,Silver,Not Seasonal,At Home
102872,РЕСТОРАНТ КУЛАТА ЕООД,Русе,РУСЕ,Local Shop,Gold,Not Seasonal,At Home
107219,ЛА ВЕРАНДА ЕООД,Велико Търново,ВЕЛИКО ТЪРНОВО,Superette,Iron,Not Seasonal,At Home
102448,БИСТРО БИЖУ ЕООД,Търговище,ВАРДУН,Local Shop,Iron,Not Seasonal,At Home
107022,РЕСТОРАНТ ДРИЙМС ЕООД,Русе,РУСЕ,Superette,Gold,Not Seasonal,At Home
102492,РЕСТОРАНТ ВКУСНО ЕООД,Търговище,ОПАКА,Local Shop,Silver,Not Seasonal,At Home
102927,АМ-ГЪЛ ЕООД,Русе,РУСЕ,Local Shop,Bronze,Not Seasonal,At Home
102910,ОБЕКТ ЗА SDO ЕООД,Русе,РУСЕ,Local Shop,Silver,Not Seasonal,At Home
102790,ЛИЛИЯ ЕООД,Русе,БЯЛА,Local Shop,Gold,Not Seasonal,At Home
101038,БИСТРО ЛИТУРАЛ ЕООД,Разград,ЦАР КАЛОЯН,Supermarket,Bronze,Not Seasonal,At Home
109350,ОБЕКТИ ЗА SDO ЕООД,Търговище,ПЪРВАН,Fast-food,Iron,Not Seasonal,At Home
104649,РЕСТОРАНТ ОАЗИС ЕООД,Велико Търново,ВЕЛИКО ТЪРНОВО,Local Shop,Silver,Not Seasonal,At Home
102789,РЕСТОРАНТ УРАНИЯ ЕООД,Русе,БЯЛА,Local Shop,Silver,Not Seasonal,At Home
102895,БИСТРО СТАДИОНА ЕООД,Русе,РУСЕ,Local Shop,Gold,Not Seasonal,At Home
102896,РЕСТОРАНТ ВЕРАНДА ЕООД,Русе,РУСЕ,Local Shop,Gold,Not Seasonal,At Home
106666,PALIKARI RESTAURANT SOZOPOL ЕООД,Сливен,СТАРА РЕКА,Superette,Silver,Not Seasonal,At Home
102450,МОРСКО ОКО ЕООД,Търговище,ОМУРТАГ,Local Shop,Silver,Not Seasonal,At Home
102501,ДИАМАНТ 1 ЕООД,Търговище,ТЪРГОВИЩЕ,Local Shop,Silver,Not Seasonal,At Home
100652,ДРИЙМ ЕООД,Търговище,ТЪРГОВИЩЕ,Supermarket,Iron,Not Seasonal,At Home
103146,МОРСКИ БРИЗ РЕСТОРАНТ ЕООД,Разград,САМУИЛ,Local Shop,Gold,Not Seasonal,At Home
104742,Р-Т ТАЛЯНА ЕООД,Велико Търново,ГОРНА ОРЯХОВИЦА,Local Shop,Silver,Not Seasonal,At Home
107024,РАНЧОТО ЕООД,Русе,РУСЕ,Superette,Gold,Not Seasonal,At Home
100685,ПИЦАРИЯ ДЖОРДАНО ЕООД,Русе,БАТИН,Supermarket,Bronze,Not Seasonal,At Home
106988,БАРАКУДА ЕООД,Търговище,ТЪРГОВИЩЕ,Superette,Iron,Not Seasonal,At Home
106262,ОБЕКТ ЗА SDO ЕООД,Търговище,ТЪРГОВИЩЕ,Local Shop,Iron,Not Seasonal,At Home
100090,КОМПЛЕКС ФЛАМИНГО ЕООД,Русе,РУСЕ,Local Shop,Silver,Not Seasonal,At Home
100083,ХОТЕЛ ЕООД,Русе,ЦЕНОВО,Local Shop,Iron,Not Seasonal,At Home
102825,РЕСТОРАНТ ЕСМЕРАЛДА ЕООД,Русе,ЦЕНОВО,Local Shop,Iron,Not Seasonal,At Home
102897,РЕСТОРАНТ ЛАЗУРЕН БРЯГ ЕООД,Русе,РУСЕ,Local Shop,Silver,Not Seasonal,At Home
100694,РЕСТОРАНТ РИВИЕРА ЕООД,Русе,РУСЕ,Supermarket,Gold,Not Seasonal,At Home
107026,РЕСТОРАНТ ТРИМОНЦИУМ ЕООД,Русе,РУСЕ,Superette,Iron,Not Seasonal,At Home
100089,РЕСТОРАНТ ОЛИВА ЕООД,Русе,РУСЕ,Local Shop,Gold,Not Seasonal,At Home
102931,РЕСТОРАНТ БАРБАЯНИС ЕООД,Русе,РУСЕ,Local Shop,Silver,Not Seasonal,At Home
101180,РЕСТОРАНТ ДИАМАНТИ ЕООД,Русе,РУСЕ,Cafe,Iron,Not Seasonal,At Home
107493,РЕСТОРАНТ ТУ СОФИЯ ЕООД,Търговище,ОМУРТАГ,Restaurant,Iron,Not Seasonal,At Home
102826,ТАНГРА ЕООД,Русе,БЯЛА,Local Shop,Iron,Not Seasonal,At Home
104792,БИСТРО ДЮН ЕООД,Велико Търново,ПОЛИКРАИЩЕ,Local Shop,Bronze,Not Seasonal,At Home
104779,БИСТРО ДЮН ЕООД,Велико Търново,КАМЕН,Local Shop,Silver,Not Seasonal,At Home
104787,КИТА ЕООД,Велико Търново,СТРАХИЛОВО,Local Shop,Silver,Not Seasonal,At Home
104728,БИСТРО ЛАГУНА ЕООД,Велико Търново,ЕЛЕНА,Local Shop,Silver,Not Seasonal,At Home
104636,НИКИ ПАРТ ЕООД,Велико Търново,ГОРНА ОРЯХОВИЦА,Local Shop,Bronze,Not Seasonal,At Home
102842,МЕХАНА БЪЛГАРИ ЕООД,Русе,БОРОВО,Local Shop,Bronze,Not Seasonal,At Home
105794,КАСА ДЕЛМАР РЕСТОРАНТ ЕООД,Търговище,АНТОНОВО,Fast-food,Iron,Not Seasonal,At Home
104707,КОТЕВИ ЕООД,Велико Търново,КАМЕН,Local Shop,Gold,Not Seasonal,At Home
104705,РЕСТОРАНТ ЕООД,Велико Търново,СТРАХИЛОВО,Local Shop,Silver,Not Seasonal,At Home
102494,ПРИ ПОЛИ ЕООД,Търговище,ТЪРГОВИЩЕ,Local Shop,Silver,Not Seasonal,At Home
104690,ПЯСЪЧНИ ЛИЛИЙ ЕООД,Велико Търново,ЛЯСКОВЕЦ,Local Shop,Gold,Not Seasonal,At Home
107497,РЕСТОРАНТ ГРАДИНА ЕООД,Варна,ВАРНА,Restaurant,Silver,Not Seasonal,Out of Home
102915,ПРИ ЧИКО ЕООД,Русе,РУСЕ,Local Shop,Gold,Not Seasonal,At Home
106733,Р-Т МИЛОС ЕООД,Велико Търново,ГОРНА ОРЯХОВИЦА,Superette,Iron,Not Seasonal,At Home
106345,ДОКТОРСКА КЪЩА ЕООД,Велико Търново,ГОРНА ОРЯХОВИЦА,Local Shop,Silver,Not Seasonal,At Home
102928,МЕХАНАТА ЕООД,Русе,РУСЕ,Local Shop,Bronze,Not Seasonal,At Home
100696,БЕЛИЯ ДЕЛФИН ЕООД,Русе,РУСЕ,Supermarket,Silver,Not Seasonal,At Home
102767,БИСТРО ХАПКА ЕООД,Русе,СЛИВО ПОЛЕ,Local Shop,Gold,Not Seasonal,At Home
102766,МОРСКИ ДАР ЕООД,Русе,ПРОСЕНА,Local Shop,Gold,Not Seasonal,At Home
104747,РЕСТОРАНТ АПОЛОНИЯ ЕООД,Велико Търново,БЕЛЯКОВЕЦ,Local Shop,Gold,Not Seasonal,At Home
102418,БИСТРО КОЛЕЛОТО ЕООД,Търговище,ТЪРГОВИЩЕ,Local Shop,Bronze,Not Seasonal,At Home
109348,РЕСТОРАНТ ПАЛМА ЕООД,Търговище,ОМУРТАГ,Fast-food,Gold,Not Seasonal,At Home
106344,Ресторант Св. Валентин ЕООД,Велико Търново,ВЕЛИКО ТЪРНОВО,Local Shop,Silver,Not Seasonal,At Home
102434,БИСТРО ХОРИЗОНТ ЕООД,Търговище,ТЪРГОВИЩЕ,Local Shop,Gold,Not Seasonal,At Home
102773,РЕСТОРАНТ СТАРИЯТ СОЗОПОЛ ЕООД,Русе,НОВО СЕЛО,Local Shop,Bronze,Not Seasonal,At Home
104788,РЕСТОРАНТ ЕООД,Велико Търново,КУЦИНА,Local Shop,Silver,Not Seasonal,At Home
100684,СТАДИОНА ЕООД,Русе,РУСЕ,Supermarket,Gold,Not Seasonal,At Home
101199,БИСТРО ЕКЗОТИК ЕООД,Русе,РУСЕ,Cafe,Iron,Not Seasonal,At Home
102689,БИСТРО ПОД СМОКИНИТЕ ЕООД,Велико Търново,ДРАГИЖЕВО,Local Shop,Bronze,Not Seasonal,At Home
102919,КРИГО 2022 ООД ЕООД,Русе,РУСЕ,Local Shop,Silver,Not Seasonal,At Home
101188,РЕСТОРАНТ КУКЕРИ ЕООД,Русе,РУСЕ,Cafe,Bronze,Not Seasonal,At Home
100693,РЕСТОРАНТ МЛАДОСТ ЕООД,Русе,РУСЕ,Supermarket,Silver,Not Seasonal,At Home
102828,КАСА ДЕЛ МАР ЕООД,Русе,КОПРИВЕЦ,Local Shop,Gold,Not Seasonal,At Home
101043,ЛАЗУРЕН БРЯГ ЕООД,Велико Търново,ВЕЛИКО ТЪРНОВО,Supermarket,Bronze,Not Seasonal,At Home
106732,РУСАЛКА РЕСТОРАНТ ЕООД,Велико Търново,ВЕЛИКО ТЪРНОВО,Superette,Gold,Not Seasonal,At Home
104745,ШАРЕНО ЕООД,Велико Търново,ПРАВДА,Local Shop,Bronze,Not Seasonal,At Home
102700,РЕСТОРАНТ КАВАЛЕРИ ЕООД,Велико Търново,ГОРНА ОРЯХОВИЦА,Local Shop,Silver,Not Seasonal,At Home
106340,КАПАН ПРИ МИТКО ЕООД,Велико Търново,ВЕЛИКО ТЪРНОВО,Local Shop,Iron,Not Seasonal,At Home
102812,РЕСТОРАНТ ОМНИА ЕООД,Русе,РУСЕ,Local Shop,Silver,Not Seasonal,At Home
101069,БИСТРО ИЗГРЕВ ЕООД,Велико Търново,ВЕЛИКО ТЪРНОВО,Supermarket,Bronze,Not Seasonal,At Home
100708,РЕСТОРАНТА НА МЪРО ЕООД,Велико Търново,ГОРНА ОРЯХОВИЦА,Supermarket,Silver,Not Seasonal,At Home
102922,КИБАРЕВ ЕООД,Русе,РУСЕ,Local Shop,Bronze,Not Seasonal,At Home
102699,РЕСТОРАНТ ЕООД,Велико Търново,КОЗАРЕВЕЦ,Local Shop,Gold,Not Seasonal,At Home
104646,МЯСТОТО ЕООД,Велико Търново,ВЕЛИКО ТЪРНОВО,Local Shop,Silver,Not Seasonal,At Home
102763,РЕСТОРАНТ ЛИМАНИ ЕООД,Русе,ЩРЪКЛЕВО,Local Shop,Gold,Not Seasonal,At Home
102920,ДИОН ЕООД,Русе,РУСЕ,Local Shop,Gold,Not Seasonal,At Home
100292,БИСТРО ЛАГУНА ЕООД,Велико Търново,ВЕЛИКО ТЪРНОВО,Local Shop,Gold,Not Seasonal,At Home
102815,ЧЕВЕРМЕТО ЕООД,Русе,РУСЕ,Local Shop,Iron,Not Seasonal,At Home
106737,РЕСТОРАНТ МУЗЕЯ ЕООД,Велико Търново,ВЕЛИКО ТЪРНОВО,Superette,Gold,Not Seasonal,At Home
104648,РЕСТОРАНТ ЛА ПЛАЯ ЕООД,Велико Търново,ВЕЛИКО ТЪРНОВО,Local Shop,Gold,Not Seasonal,At Home
104749,АПАМИ ЕООД,Велико Търново,КЕСАРЕВО,Local Shop,Iron,Not Seasonal,At Home
112021,Кондрос ЕООД,Велико Търново,ВЕЛИКО ТЪРНОВО,Local Shop,Bronze,Not Seasonal,At Home
106662,БИРАРИЯ УЕСТ ЕООД,Русе,РУСЕ,Superette,Bronze,Not Seasonal,At Home
104750,БИСТРО МИЛЕНИУМ ЕООД,Велико Търново,ДРАГАНОВО,Local Shop,Iron,Not Seasonal,At Home
104751,Св. Валентин ЕООД,Велико Търново,ДРАГАНОВО,Local Shop,Iron,Not Seasonal,At Home
100675,БИРАРИЯ ЮЖНИ НОЩИ ЕООД,Русе,РУСЕ,Supermarket,Iron,Not Seasonal,At Home
102698,БИСТРО ВАРВАРА ЕООД,Велико Търново,ГОРНА ОРЯХОВИЦА,Local Shop,Bronze,Not Seasonal,At Home
104613,Р-НТ ЕДЕН ЕООД,Велико Търново,ВЕЛИКО ТЪРНОВО,Local Shop,Bronze,Not Seasonal,At Home
102697,РЕСТОРАНТ ХЕРА ЕООД,Велико Търново,ГОРНА ОРЯХОВИЦА,Local Shop,Bronze,Not Seasonal,At Home
102595,БИСТРО АЛЕГРО ЕООД,Русе,ПИРГОВО,Local Shop,Silver,Not Seasonal,At Home
104752,ПРИ ЖОРЖ ЕООД,Велико Търново,ПЕТКО КАРАВЕЛОВО,Local Shop,Silver,Not Seasonal,At Home
107032,8 MAMA'S ЕООД,Русе,РУСЕ,Superette,Iron,Not Seasonal,At Home
104740,РЕСТОРАНТ ЕООД,Велико Търново,ЕЛЕНА,Local Shop,Iron,Not Seasonal,At Home
104753,БИСТРО РОНЕР ЕООД,Велико Търново,ПОЛСКИ СЕНОВЕЦ,Local Shop,Gold,Not Seasonal,At Home
104754,ТРЕТОТО ЕООД,Велико Търново,ПЪРВОМАЙЦИ,Local Shop,Silver,Not Seasonal,At Home
104632,АРАПЯ СЪН РЕЗОРТ ЕООД,Велико Търново,ВЕЛИКО ТЪРНОВО,Local Shop,Bronze,Not Seasonal,At Home
102761,ОСТРОВ СВ АНАСТАСИЯ ЕООД,Русе,ЩРЪКЛЕВО,Local Shop,Silver,Not Seasonal,At Home
102760,Пясъчни лилии ЕООД,Русе,СЕМЕРДЖИЕВО,Local Shop,Iron,Not Seasonal,At Home
102764,БИСТРО СОФИЯ ЕООД,Русе,РЯХОВО,Local Shop,Iron,Not Seasonal,At Home
107209,СВ. ВАЛЕНТИН ЕООД,Велико Търново,ВЕЛИКО ТЪРНОВО,Superette,Bronze,Not Seasonal,At Home
102816,ЗЛАТНА РИБКА ЕООД,Русе,РУСЕ,Local Shop,Gold,Not Seasonal,At Home
104601,БИСТРО БОХЕМИЯ ЕООД,Велико Търново,БЕЛЯКОВЕЦ,Local Shop,Bronze,Not Seasonal,At Home
102913,ВИЛА КАЛИСТО ЕООД,Русе,РУСЕ,Local Shop,Iron,Not Seasonal,At Home
102597,БИСТРО БОРУНА ЕООД,Русе,ЧИЛНОВ,Local Shop,Iron,Not Seasonal,At Home
107029,РЕСТОРАНТ ПАНОРАМА ЕООД,Русе,РУСЕ,Superette,Silver,Not Seasonal,At Home
102817,КРИВИТЕ ОГЛЕДАЛА ЕООД,Русе,РУСЕ,Local Shop,Iron,Not Seasonal,At Home
104755,РЕСТОРАНТ ПАВЕЛ АТАНАСОВ ЕООД,Велико Търново,ПОЛСКИ ТРЪМБЕШ,Local Shop,Gold,Not Seasonal,At Home
104602,БИСТРО ОРЕХА ЕООД,Велико Търново,ВЕЛИКО ТЪРНОВО,Local Shop,Silver,Not Seasonal,At Home
102762,СВЕТИ ИВАН ЕООД,Русе,ГОЛЯМО ВРАНОВО,Local Shop,Gold,Not Seasonal,At Home
102814,БИСТРО ЕООД,Русе,ДОЛНА СТУДЕНА,Local Shop,Iron,Not Seasonal,At Home
106731,БИРАРИЯ ПРИЯТЕЛИ 2 ЕООД,Велико Търново,ПРИСОВО,Superette,Gold,Not Seasonal,At Home
102769,КАПАН ЕООД,Русе,КРАСЕН,Local Shop,Silver,Not Seasonal,At Home
102783,КАПАН ЕООД,Русе,БОРИСОВО,Local Shop,Silver,Not Seasonal,At Home
102729,МЕХАНА ГОРСКИ КЪТ ЕООД,Русе,СЛИВО ПОЛЕ,Local Shop,Silver,Not Seasonal,At Home
101186,Р-Т БРИЗ ЕООД,Русе,РУСЕ,Cafe,Gold,Not Seasonal,At Home
112061,Р-Т ЛОНГОЗА ЕООД,Велико Търново,МАЛКИ ЧИФЛИК,Superette,Iron,Not Seasonal,At Home
112062,БИСТРО БОРУНА ЕООД,Велико Търново,МАЛКИ ЧИФЛИК,Superette,Iron,Not Seasonal,At Home
102909,Р-Т СТАРАТА КЪЩА ЕООД,Русе,РУСЕ,Local Shop,Silver,Not Seasonal,At Home
102728,БИСТРОТО ЕООД,Русе,СЛИВО ПОЛЕ,Local Shop,Bronze,Not Seasonal,At Home
102727,Бистро Мапи ЕООД,Русе,СЛИВО ПОЛЕ,Local Shop,Silver,Not Seasonal,At Home
104614,БИСТРО РУСОКАСТРОН ЕООД,Велико Търново,ВЕЛИКО ТЪРНОВО,Local Shop,Iron,Not Seasonal,At Home
104748,РЕСТОРАНТ ОЛИМП ЕООД,Велико Търново,МЕРДАНЯ,Local Shop,Iron,Not Seasonal,At Home
104717,КАПАН ЕООД,Велико Търново,ПРАВДА,Local Shop,Silver,Not Seasonal,At Home
104731,Вълчаново Ханче ЕООД,Велико Търново,КОНСТАНТИН,Local Shop,Gold,Not Seasonal,At Home
107283,ОБЕКТ ЗА SDO ЕООД,Велико Търново,ГОРНА ОРЯХОВИЦА,Hotels,Silver,Not Seasonal,At Home
102830,ТРИТЕ ЛИПИ ЕООД,Русе,БЯЛА,Local Shop,Silver,Not Seasonal,At Home
102768,Св. Валентин ЕООД,Русе,МАРТЕН,Local Shop,Bronze,Not Seasonal,At Home
102738,БИСТРО ЧАЙКА ЕООД,Русе,БАБОВО,Local Shop,Iron,Not Seasonal,At Home
112104,БАНСКО 2 ЕООД,Велико Търново,ВЕЛИКО ТЪРНОВО,Superette,Iron,Not Seasonal,At Home
102781,Комо дел мар ЕООД,Русе,САНДРОВО,Local Shop,Silver,Not Seasonal,At Home
104645,Ел Дорадо ЕООД,Велико Търново,ВЕЛИКО ТЪРНОВО,Local Shop,Gold,Not Seasonal,At Home
102594,ФЕРМАТА ЕООД,Русе,ИВАНОВО,Local Shop,Silver,Not Seasonal,At Home
102740,Авеню ЕООД,Русе,ЩРЪКЛЕВО,Local Shop,Silver,Not Seasonal,At Home
105949,Ресторант Златна Рибка ЕООД,Велико Търново,ВЕЛИКО ТЪРНОВО,Fast-food,Silver,Not Seasonal,At Home
102755,РЕСТОРАНТЪ ЕООД,Русе,ЩРЪКЛЕВО,Local Shop,Silver,Not Seasonal,At Home
104715,Кисьов ЕООД,Велико Търново,ПОЛСКИ ТРЪМБЕШ,Local Shop,Gold,Not Seasonal,At Home
102819,Dzhan ЕООД,Русе,РУСЕ,Local Shop,Gold,Not Seasonal,At Home
102590,БОМБАЙ ЕООД,Русе,ТРЪСТЕНИК,Local Shop,Gold,Not Seasonal,At Home
102926,БИСТРО ЯЛП ЕООД,Русе,РУСЕ,Local Shop,Silver,Not Seasonal,At Home
102952,Верандата ЕООД,Русе,РУСЕ,Local Shop,Iron,Not Seasonal,At Home
102774,КАПИ БАР ЕООД,Русе,СЕМЕРДЖИЕВО,Local Shop,Gold,Not Seasonal,At Home
102782,РЕСТОРАНТ ЛЕВТЕРИ ЕООД,Русе,БЪЗЪН,Local Shop,Gold,Not Seasonal,At Home
102930,ПАЛМИТЕ ЕООД,Русе,РУСЕ,Local Shop,Gold,Not Seasonal,At Home
101190,ХОТЕЛ СЪНРАЙЗ ЕООД,Русе,МАРТЕН,Cafe,Silver,Not Seasonal,At Home
102780,ГРИЙН ПАРАДАЙС ЕООД,Русе,ГОЛЯМО ВРАНОВО,Local Shop,Iron,Not Seasonal,At Home
104734,СОФРА ЕООД,Велико Търново,ШЕРЕМЕТЯ,Local Shop,Silver,Not Seasonal,At Home
106660,КАШО ЕООД,Русе,БАСАРБОВО,Superette,Gold,Not Seasonal,At Home
102593,РЕСТОРАНТ КАРИБИ 1 ЕООД,Русе,КОШОВ,Local Shop,Gold,Not Seasonal,At Home
102779,БИСТРО ЕООД,Русе,САНДРОВО,Local Shop,Silver,Not Seasonal,At Home
102596,Х-л Сърф ЕООД,Русе,ПИРГОВО,Local Shop,Bronze,Not Seasonal,At Home
102887,БИРАРИЯ ЕООД,Русе,БЯЛА,Local Shop,Bronze,Not Seasonal,At Home
108694,БИСТРО ДЕСИСЛАВА ЕООД,Бургас,РАВДА,Hotels,Bronze,Seasonal,Out of Home
104735,Restorant Piato ЕООД,Велико Търново,ЛЯСКОВЕЦ,Local Shop,Bronze,Not Seasonal,At Home
104739,ПОРТОРИКО ЕООД,Велико Търново,КОЗАРЕВЕЦ,Local Shop,Silver,Not Seasonal,At Home
106996,КИРИЛ РАЛЕВ ЕТ ЕООД,Русе,РУСЕ,Superette,Silver,Not Seasonal,At Home
102908,РЕСТОРАНТ РОРИС ЕООД,Русе,РУСЕ,Local Shop,Iron,Not Seasonal,At Home
102916,ГРАНАРИ ЕООД,Русе,РУСЕ,Local Shop,Bronze,Not Seasonal,At Home
102776,Ариана ЕООД,Русе,ЮДЕЛНИК,Local Shop,Iron,Not Seasonal,At Home
102775,механа странджа ЕООД,Русе,НИКОЛОВО,Local Shop,Bronze,Not Seasonal,At Home
102707,РЕСТОРАНТ ЛАМБРИНО ЕООД,Велико Търново,ЛЯСКОВЕЦ,Local Shop,Gold,Not Seasonal,At Home
100695,ДЕН И НОЩ ЕООД,Русе,РУСЕ,Supermarket,Bronze,Not Seasonal,At Home
102956,ПРИ ПОЛИ ЕООД,Русе,ДВЕ МОГИЛИ,Local Shop,Iron,Not Seasonal,At Home
106341,Р-Т СВЕТИ НИКОЛАЙ ЕООД,Велико Търново,ВЕЛИКО ТЪРНОВО,Local Shop,Bronze,Not Seasonal,At Home
107037,КРЪЧМАТА ЕООД,Русе,РУСЕ,Superette,Iron,Not Seasonal,At Home
100096,КОМПЛЕКС РИБАРНИКА ЕООД,Русе,РУСЕ,Local Shop,Iron,Not Seasonal,At Home
106726,КУМА ЛИСА ЕООД,Велико Търново,САМОВОДЕНЕ,Superette,Gold,Not Seasonal,At Home
106730,КОРНЕР ЕООД,Велико Търново,РЕСЕН,Superette,Bronze,Not Seasonal,At Home
102839,РЕСТОРАНТ МЕЧТА ЕООД,Русе,ПОЛСКО КОСОВО,Local Shop,Iron,Not Seasonal,At Home
100683,ЛАГУНА ЕООД,Русе,РУСЕ,Supermarket,Gold,Not Seasonal,At Home
104744,ГРАДИНА ЕООД,Велико Търново,ДРАГАНОВО,Local Shop,Gold,Not Seasonal,At Home
102820,РЕСТОРАНТ РУБИН ЕООД,Русе,РУСЕ,Local Shop,Bronze,Not Seasonal,At Home
104608,КУКЕРИ ЕООД,Велико Търново,ВЕЛИКО ТЪРНОВО,Local Shop,Bronze,Not Seasonal,At Home
112027,ВИКТОРИЯ Р-Т ЕООД,Велико Търново,ВЕЛИКО ТЪРНОВО,Local Shop,Silver,Not Seasonal,At Home
112059,МАНТРА ЕООД,Русе,РУСЕ,Superette,Bronze,Not Seasonal,At Home
102742,Р-Т СТАРИ ДРУГАРИ ЕООД,Русе,РЯХОВО,Local Shop,Bronze,Not Seasonal,At Home
104609,ПОМБИ ЕООД,Велико Търново,ВЕЛИКО ТЪРНОВО,Local Shop,Bronze,Not Seasonal,At Home
106270,КЛУБ МОРСКИ СГОВОР ЕООД,Русе,РУСЕ,Local Shop,Silver,Not Seasonal,At Home
106265,БИСТРО РАЙ ЕООД,Русе,РУСЕ,Local Shop,Silver,Not Seasonal,At Home
106266,Р-Т ХЕЙНИ ЕООД,Русе,РУСЕ,Local Shop,Silver,Not Seasonal,At Home
112060,РЕСТОРАНТ КАТИ ЕООД,Велико Търново,ЕЛЕНА,Superette,Iron,Not Seasonal,At Home
102832,ВИЛА БУФО ЕООД,Русе,БОТРОВ,Local Shop,Iron,Not Seasonal,At Home
104610,КРЪЧМАТА ЕООД,Велико Търново,ВЕЛИКО ТЪРНОВО,Local Shop,Gold,Not Seasonal,At Home
106735,ЕРИКА ЕООД,Велико Търново,ВЕЛИКО ТЪРНОВО,Superette,Silver,Not Seasonal,At Home
104624,Р-Т ЛАГУНА ЕООД,Велико Търново,ДЕБЕЛЕЦ,Local Shop,Silver,Not Seasonal,At Home
102917,ЧИФЛИКА ЕООД,Русе,РУСЕ,Local Shop,Iron,Not Seasonal,At Home
101040,СДО ОБЕКТ ЕООД,Велико Търново,ВЕЛИКО ТЪРНОВО,Supermarket,Silver,Not Seasonal,At Home
101289,РЕСТОРАНТ ЖАСМИН ЕООД,Велико Търново,ВЕЛИКО ТЪРНОВО,Cafe,Silver,Not Seasonal,At Home
102821,БАР КИНДИН КИНДАН ЕООД,Русе,РУСЕ,Local Shop,Silver,Not Seasonal,At Home
102788,ЛАГУНА ЕООД,Русе,ТРЪСТЕНИК,Local Shop,Bronze,Not Seasonal,At Home
100686,ПРИМОРСКИ ЗВУЦИ ЕООД,Русе,РУСЕ,Supermarket,Silver,Not Seasonal,At Home
102629,ЕНЕРДЖИ ЕООД,Русе,НОВО СЕЛО,Local Shop,Iron,Not Seasonal,At Home
102663,ПОЧИВНА СТАНЦИЯ НЕК ЕООД,Русе,РЯХОВО,Local Shop,Iron,Not Seasonal,At Home
102786,РЕСТОРАНТ КОМПАС ЕООД,Русе,ТРЪСТЕНИК,Local Shop,Iron,Not Seasonal,At Home
102822,БОМБОЛО ЕООД,Русе,РУСЕ,Local Shop,Bronze,Not Seasonal,At Home
104612,БАР ЕНД ДИНЪР ЕООД,Велико Търново,ВЕЛИКО ТЪРНОВО,Local Shop,Silver,Not Seasonal,At Home
107042,БИРАРИЯ ИВАЙЛО ЕООД,Русе,РУСЕ,Superette,Iron,Not Seasonal,At Home
102662,ФЕЯ ЕООД,Русе,МАРТЕН,Local Shop,Gold,Not Seasonal,At Home
101200,БРИЗ ЕООД,Русе,РУСЕ,Cafe,Iron,Not Seasonal,At Home
104600,ЕМПОРЕ ЕООД,Велико Търново,ВЕЛИКО ТЪРНОВО,Local Shop,Bronze,Not Seasonal,At Home
102902,ОАЗИС ЕООД,Русе,РУСЕ,Local Shop,Gold,Not Seasonal,At Home
101176,РОДОПСКИ СПЕЦИАЛИТЕТИ ЕООД,Русе,КАЦЕЛОВО,Cafe,Bronze,Not Seasonal,At Home
100296,Р-Т МИРАЖ ЕООД,Велико Търново,ВЕЛИКО ТЪРНОВО,Local Shop,Gold,Not Seasonal,At Home
102661,РЕСТОРАНТ ПРИМАВЕРА ЕООД,Русе,СТАМБОЛОВО,Local Shop,Gold,Not Seasonal,At Home
112102,СТИЛ ЕООД,Велико Търново,ВЕЛИКО ТЪРНОВО,Superette,Iron,Not Seasonal,At Home
112103,СТАРАТА МАХАЛЪ ЕООД,Велико Търново,ВЕЛИКО ТЪРНОВО,Superette,Iron,Not Seasonal,At Home
112100,БИСТРО 33 ЕООД,Велико Търново,ВЕЛИКО ТЪРНОВО,Superette,Iron,Not Seasonal,At Home
104429,СТАРОПРИЕМНИЦАТА ЕООД,Велико Търново,ЛЕДЕНИК,Local Shop,Bronze,Not Seasonal,At Home
107017,СТАРАТА МЕЛНИЦА ЕООД,Русе,РУСЕ,Superette,Bronze,Not Seasonal,At Home
100682,БЕЛИ НОЩИ ЕООД,Русе,РУСЕ,Supermarket,Gold,Not Seasonal,At Home
102696,ИЛМАР ЕООД,Велико Търново,ПЧЕЛИЩЕ,Local Shop,Bronze,Not Seasonal,At Home
107028,ФЕЯ ЕООД,Русе,РУСЕ,Superette,Gold,Not Seasonal,At Home
104706,Клуб Хавана ЕООД,Велико Търново,ПОЛСКИ СЕНОВЕЦ,Local Shop,Iron,Not Seasonal,At Home
100705,КАФЕ ВЕЛЕКА ЕООД,Русе,РУСЕ,Supermarket,Silver,Not Seasonal,At Home
102829,РЕСТОРАНТ КИРИК ЕООД,Русе,КАРАН ВЪРБОВКА,Local Shop,Bronze,Not Seasonal,At Home
104428,БИСТРО ТОНИ ЕООД,Велико Търново,ВЕЛИКО ТЪРНОВО,Local Shop,Bronze,Not Seasonal,At Home
104427,УНИКАТО ЕООД,Велико Търново,ВЕЛИКО ТЪРНОВО,Local Shop,Gold,Not Seasonal,At Home
106659,РЕСТОРАНТ СТАРИЯ СОЗОПОЛ ЕООД,Русе,РУСЕ,Superette,Gold,Not Seasonal,At Home
112101,АХТАМАР ЕООД,Велико Търново,ВЕЛИКО ТЪРНОВО,Superette,Iron,Not Seasonal,At Home
101306,Р-Т ЛАГУНА ЕООД,Велико Търново,КАМЕН,Cafe,Silver,Not Seasonal,At Home
100663,РЕСТОРАНТ ДИОНА ЕООД,Велико Търново,ДЖУЛЮНИЦА,Supermarket,Silver,Not Seasonal,At Home
102712,ДЕЛТАТУР ЕООД ЕООД,Велико Търново,ДОБРИ ДЯЛ,Local Shop,Bronze,Not Seasonal,At Home
104708,НАЙЛОНА ЕООД,Велико Търново,ПЕТКО КАРАВЕЛОВО,Local Shop,Iron,Not Seasonal,At Home
104711,РЕСТОРАНТ ДИАМАНТ ЕООД,Велико Търново,ПЪРВОМАЙЦИ,Local Shop,Bronze,Not Seasonal,At Home
104426,МЕХАНА ЕООД,Велико Търново,ДЕБЕЛЕЦ,Local Shop,Bronze,Not Seasonal,At Home
102823,ПИЦАРИЯ ДЖОРДАНО ЕООД,Русе,РУСЕ,Local Shop,Bronze,Not Seasonal,At Home
102873,ПЕРФЕКТ ЕООД,Русе,ПИРГОВО,Local Shop,Iron,Not Seasonal,At Home
104712,БИРАРИЯ МИРАНИ ЕООД,Велико Търново,СТРАЖИЦА,Local Shop,Gold,Not Seasonal,At Home
102874,РЕСТОРАНТ СОЗОПОЛ ЕООД,Русе,БАНИСКА,Local Shop,Silver,Not Seasonal,At Home
102907,БИСТРО ЕООД,Русе,РУСЕ,Local Shop,Gold,Not Seasonal,At Home
107009,Р-Т АРГОНАВТ ЕООД,Русе,РУСЕ,Superette,Iron,Not Seasonal,At Home
102824,Р-Т МОРСКИ ДЯВОЛИ ЕООД,Русе,БЯЛА,Local Shop,Bronze,Not Seasonal,At Home
102901,КАФЕ ДЕМИ ЕООД,Русе,РУСЕ,Local Shop,Gold,Not Seasonal,At Home
102944,РЕСТОРАНТ ВЕЗА ЕООД,Русе,РУСЕ,Local Shop,Silver,Not Seasonal,At Home
102911,ЛОТАР - СТОЯН ЧЕРКЕЗОВ ЕТ ЕООД,Русе,РУСЕ,Local Shop,Gold,Not Seasonal,At Home
104713,ДАЛЯН ЧАЙКА ЕООД,Велико Търново,СТРАЖИЦА,Local Shop,Bronze,Not Seasonal,At Home
102711,Р-Т ВЕРАНДА ЕООД,Велико Търново,ЛЯСКОВЕЦ,Local Shop,Gold,Not Seasonal,At Home
102818,БИРАРИЯ РАПАНА ЕООД,Русе,РУСЕ,Local Shop,Bronze,Not Seasonal,At Home
104714,МЕХАНА БЪЛГАРИ ЕООД,Велико Търново,БРЯГОВИЦА,Local Shop,Iron,Not Seasonal,At Home
102695,БИСТРО ХАВАЙ ЕООД,Велико Търново,ГОРНА ОРЯХОВИЦА,Local Shop,Silver,Not Seasonal,At Home
107218,ПИЦАРИЯ ЖОАН ЕООД,Велико Търново,ВЕЛИКО ТЪРНОВО,Superette,Iron,Not Seasonal,At Home
104425,БИРАРИЯ ЕООД,Велико Търново,ВЕЛИКО ТЪРНОВО,Local Shop,Bronze,Not Seasonal,At Home
111880,ПАНОРАМА ЕООД,Русе,БЯЛА,Superette,Iron,Not Seasonal,At Home
104729,РЕСТОРАНТ СМОКИНЯ ЕООД,Велико Търново,ПЪРВОМАЙЦИ,Local Shop,Iron,Not Seasonal,At Home
102965,БИСТРО ЗВЕЗДЕН РАЙ ЕООД,Русе,РУСЕ,Local Shop,Gold,Not Seasonal,At Home
102658,РЕСТОРАНТ ГЛОРИЯ МАР ЕООД,Русе,ЧЕРВЕНА ВОДА,Local Shop,Gold,Not Seasonal,At Home
100084,МЕХАНА СЛАВЯНИ ЕООД,Русе,РУСЕ,Local Shop,Gold,Not Seasonal,At Home
100707,РЕСТОРАНТ ЕООД,Велико Търново,ГОРНА ОРЯХОВИЦА,Supermarket,Bronze,Not Seasonal,At Home
104716,Б-РО СВ.НИКОЛА ЕООД,Велико Търново,СТРАЖИЦА,Local Shop,Bronze,Not Seasonal,At Home
106343,РЕСТОРАНТ ОРИОН ЕООД,Велико Търново,ВЕЛИКО ТЪРНОВО,Local Shop,Bronze,Not Seasonal,At Home
100289,БИСТРО МИЛЕНА ЕООД,Велико Търново,ВЕЛИКО ТЪРНОВО,Local Shop,Gold,Not Seasonal,At Home
102709,БИСТРО МАДЖАРА ЕООД,Велико Търново,ЛЯСКОВЕЦ,Local Shop,Silver,Not Seasonal,At Home
104638,Р-Т НЕПТУН ЕООД,Велико Търново,ШЕМШЕВО,Local Shop,Bronze,Not Seasonal,At Home
100704,РЕСТОРАНТ ЕЛ ГУСТО ЕООД,Велико Търново,ГОРНА ОРЯХОВИЦА,Supermarket,Gold,Not Seasonal,At Home
112096,ПОРТО ЕЛА ЕООД,Велико Търново,ПОЛСКИ ТРЪМБЕШ,Superette,Bronze,Not Seasonal,At Home
102833,РЕСТОРАНТ ЕООД,Русе,БЯЛА,Local Shop,Bronze,Not Seasonal,At Home
102955,х-л Лост ресторант ЕООД,Русе,РУСЕ,Local Shop,Gold,Not Seasonal,At Home
104718,МЕХАНА ТАНГРА ЕООД,Велико Търново,ПОЛСКИ ТРЪМБЕШ,Local Shop,Gold,Not Seasonal,At Home
105282,РЕСТОРАНТ НГН ЕООД,Велико Търново,ПОЛСКИ ТРЪМБЕШ,Cafe,Silver,Not Seasonal,At Home
102962,СЛАДКАРНИЦА ИГЛИКА ЕООД,Русе,РУСЕ,Local Shop,Gold,Not Seasonal,At Home
107040,БИСТРО ЕКСТАЗ ЕООД,Русе,РУСЕ,Superette,Gold,Not Seasonal,At Home
102912,КУЛАТА ЕООД,Русе,РУСЕ,Local Shop,Iron,Not Seasonal,At Home
104719,БИСТРО СВЕТИ НИКОЛА ЕООД,Велико Търново,ПЪРВОМАЙЦИ,Local Shop,Silver,Not Seasonal,At Home
102702,РЕСТОРАНТ ОРЛИТЕ ЕООД,Велико Търново,ГОРНА ОРЯХОВИЦА,Local Shop,Iron,Not Seasonal,At Home
102961,РЕСТОРАНТ АНТИЧЕН КЛАДЕНЕЦ ЕООД,Русе,РУСЕ,Local Shop,Silver,Not Seasonal,At Home
106728,БИСТРО ТИВОЛИ ЕООД,Велико Търново,СТРАЖИЦА,Superette,Silver,Not Seasonal,At Home
102937,КАПАН РИБКАТА ЕООД,Русе,РУСЕ,Local Shop,Silver,Not Seasonal,At Home
102724,К ЧИКО ЕООД,Велико Търново,МЕРДАНЯ,Local Shop,Gold,Not Seasonal,At Home
111951,РЕСТОРАНТ ЧЕНГЕР ЕООД,Велико Търново,ГОРНА ОРЯХОВИЦА,Local Shop,Bronze,Not Seasonal,At Home
102706,БИСТРО ЕООД,Велико Търново,МЕРДАНЯ,Local Shop,Bronze,Not Seasonal,At Home
101079,РЕСТОРАНТ БАРБАЯНИС ЕООД,Велико Търново,ВЕЛИКО ТЪРНОВО,Supermarket,Gold,Not Seasonal,At Home
102939,МЕХАНА ВЪЛЧАН ВОЙВОДА ЕООД,Русе,РУСЕ,Local Shop,Silver,Not Seasonal,At Home
102960,ДИАНА УЕЛНЕС ЕООД,Русе,РУСЕ,Local Shop,Silver,Not Seasonal,At Home
102834,РЕСТОРАНТ МЕРКУРИЙ ЕООД,Русе,БЯЛА,Local Shop,Iron,Not Seasonal,At Home
104722,БИРАРИЯ ПРИЯТЕЛИ ЕООД,Велико Търново,ПЪРВОМАЙЦИ,Local Shop,Gold,Not Seasonal,At Home
102875,РЕСТОРАНТ ЛОТОС ЕООД,Русе,ГОРНО АБЛАНОВО,Local Shop,Silver,Not Seasonal,At Home
102705,МОРСКИ БРИЗ ЕООД,Велико Търново,ДЖУЛЮНИЦА,Local Shop,Bronze,Not Seasonal,At Home
102704,БАР МЕЧТА ЕООД,Велико Търново,ЕЛЕНА,Local Shop,Bronze,Not Seasonal,At Home
102906,САЛТИ ЕООД,Русе,РУСЕ,Local Shop,Silver,Not Seasonal,At Home
102656,ЛОТОС - ТРЕНДАФИЛ МОМЧИЛОВ ЕТ ЕООД,Русе,ЧЕРВЕНА ВОДА,Local Shop,Gold,Not Seasonal,At Home
102886,БИСТРО ТИВОЛИ ЕООД,Русе,РУСЕ,Local Shop,Silver,Not Seasonal,At Home
102934,КАПАН-ДИДИ ЕООД,Русе,РУСЕ,Local Shop,Bronze,Not Seasonal,At Home
106264,РЕСТОРАНТ КСАНТАНА ЕООД,Велико Търново,ГОРНА ОРЯХОВИЦА,Local Shop,Silver,Not Seasonal,At Home
100087,БИСТРО АНФИЛД ЕООД,Велико Търново,ГОРНА ОРЯХОВИЦА,Local Shop,Silver,Not Seasonal,At Home
102703,РЕСТОРАНТ БОХЕМИ ЕООД,Велико Търново,КОНСТАНТИН,Local Shop,Silver,Not Seasonal,At Home
101063,БИСТРО ВОДОЛЕЙ ЕООД,Велико Търново,РЕСЕН,Supermarket,Gold,Not Seasonal,At Home
107015,РЕСТОРАНТ ЗЛАТНА КОТВА ЕООД,Русе,БЯЛА,Superette,Silver,Not Seasonal,At Home
102959,РЕСТОРАНТ КАТИ ЕООД,Русе,РУСЕ,Local Shop,Silver,Not Seasonal,At Home
107263,РРЕСТОРАНТТ КОРАЛ ЕООД,Велико Търново,ГОРНА ОРЯХОВИЦА,Hotels,Bronze,Not Seasonal,At Home
104784,БИСТРО СЪНСЕТ ЕООД,Велико Търново,ДЖУЛЮНИЦА,Local Shop,Gold,Not Seasonal,At Home
104643,КУАТРО СОЛИ ЕООД,Велико Търново,ГОРНА ОРЯХОВИЦА,Local Shop,Silver,Not Seasonal,At Home
104738,БИСТРО АМИГО ЕООД,Велико Търново,ВЕЛИКО ТЪРНОВО,Local Shop,Silver,Not Seasonal,At Home
104603,РЕСТОРАНТ МИРАЖ ЕООД,Велико Търново,ЕЛЕНА,Local Shop,Gold,Not Seasonal,At Home
108018,ПРЕСТИЖ ЕООД,Велико Търново,ЛЕДЕНИК,Restaurant,Gold,Not Seasonal,At Home
100211,ВЪЛЧАН ВОЙВОДА 2 ЕООД,Бургас,БУРГАС,Local Shop,Bronze,Seasonal,At Home
104703,НИЛЗ-ЖЕЛЯЗКОВИ ЕНД СД ЕООД,Велико Търново,КЕСАРЕВО,Local Shop,Iron,Not Seasonal,At Home
107216,БИСТРО-КУФАРИТЕ ЕООД,Велико Търново,ВЕЛИКО ТЪРНОВО,Superette,Gold,Not Seasonal,At Home
104644,ДАЧЕВ И КО ЕООД ЕООД,Велико Търново,КОНСТАНТИН,Local Shop,Bronze,Not Seasonal,At Home
103991,ВОДЕНИЦАТА ЕООД,Бургас,БУРГАС,Local Shop,Silver,Not Seasonal,At Home
103912,Р-Т СПОМЕНИ ЕООД,Бургас,БУРГАС,Local Shop,Silver,Not Seasonal,At Home
102420,МЕХАНА КОРАЛ ЕООД,Търговище,ТЪРГОВИЩЕ,Local Shop,Bronze,Not Seasonal,At Home
103162,РЕСТОРАНТ ДИАМАНТ ЕООД,Разград,РАКОВСКИ,Local Shop,Bronze,Not Seasonal,At Home
104339,НИКОЛ - НИКОЛАЙ МАВРОДИЕВ ЕТ ЕООД,Разград,ТОДОРОВО,Local Shop,Silver,Not Seasonal,At Home
107599,ДАЛЯНА ЕООД,Бургас,АХЕЛОЙ,Restaurant,Iron,Not Seasonal,Out of Home
103582,РЕСТОРАНТ ЗАМЪКА ЕООД,Бургас,ВРЕСОВО,Local Shop,Silver,Not Seasonal,At Home
109332,ЯКАТА МАНДЖА ЕООД,Бургас,СЛЪНЧЕВ БРЯГ,Fast-food,Gold,Not Seasonal,Out of Home
102453,РЕСТОРАНТ ЛОТОСА ЕООД,Търговище,ПОПОВО,Local Shop,Gold,Not Seasonal,At Home
101214,ЗЛАТНА РИБКА ЕООД,Разград,ИСПЕРИХ,Cafe,Iron,Not Seasonal,At Home
108381,РЕСТОРАНТ ЕООД,Бургас,ПРИМОРСКО,Restaurant,Silver,Not Seasonal,Out of Home
103847,РЕСТОРАНТ ФАРИС ЕООД,Бургас,ПОМОРИЕ,Local Shop,Silver,Not Seasonal,At Home
108436,БАР ХЕДОН ЕООД,Бургас,ПРИМОРСКО,Restaurant,Silver,Seasonal,Out of Home
101222,БИСТРО ДИВАЛИ ЕООД,Добрич,ДОБРИЧ,Cafe,Iron,Not Seasonal,At Home
101149,ЦЕНТРАЛЕН ПЛАЖ АРЕНА ЕООД,Добрич,ДУРАНКУЛАК,Cafe,Silver,Not Seasonal,At Home
102002,РЕСТОРАНТ ТЕДИ ЕООД,Варна,ВЪГЛЕН,Local Shop,Iron,Not Seasonal,At Home
110468,ПРИЗ ЕООД,Варна,ВАРНА,Fast-food,Silver,Not Seasonal,Out of Home
103850,МЕХАНА СОЗОПОЛ ЕООД,Бургас,ПОМОРИЕ,Local Shop,Bronze,Not Seasonal,At Home
109661,ХОТЕЛ ВЕНЕРА ЕООД,Варна,ВАРНА,Fast-food,Silver,Not Seasonal,Out of Home
105467,МОРСКИ СКАЛИ - СТЕФАН ГЕРАДИМОВ ЕТ ЕООД,Бургас,ПОЛСКИ ИЗВОР,Cafe,Iron,Not Seasonal,Out of Home
109364,МОРСКА ПАНОРАМА ЕООД,Варна,ВАРНА,Fast-food,Silver,Seasonal,Out of Home
102708,РЕСТОРАНТ ИЗТОЧНАТА ПОРТА ЕООД,Велико Търново,СТРАЖИЦА,Local Shop,Gold,Not Seasonal,At Home
108680,МПС ЕООД,Бургас,РАВДА,Hotels,Bronze,Seasonal,Out of Home
102667,ХОТЕЛ ЖАСМИН ЕООД,Велико Търново,ПОЛСКИ ТРЪМБЕШ,Local Shop,Gold,Not Seasonal,At Home
105145,Хотел Ной ЕООД,Бургас,ЦАРЕВО,Cafe,Bronze,Seasonal,Out of Home
110147,ЕКО ПАРК ВЕНЕЛИН ЕООД,Бургас,БУРГАС,Fast-food,Gold,Not Seasonal,Out of Home
108592,Къмпинг ЕООД,Бургас,СЛЪНЧЕВ БРЯГ,Hotels,Bronze,Seasonal,Out of Home
111236,ХОТЕЛ ЕСКАНА ЕООД,Варна,ЗЛАТНИ ПЯСЪЦИ,Hotels,Gold,Not Seasonal,Out of Home
104730,КОМПЛЕКС ДЕБЕЛЕЦ ЯЗОВИР ЦОНЕВО ЕООД,Велико Търново,ВЕЛИКО ТЪРНОВО,Local Shop,Silver,Not Seasonal,At Home
107258,Феличе ЕООД,Велико Търново,ПОЛИКРАИЩЕ,Hotels,Gold,Not Seasonal,At Home
104647,БЯЛА БИЙЧ РЕЗОРТ ЕООД,Велико Търново,ДОЛНА ОРЯХОВИЦА,Local Shop,Iron,Not Seasonal,At Home
104743,АКВААЙРЪН ЕООД,Велико Търново,ВЕЛИКО ТЪРНОВО,Local Shop,Bronze,Not Seasonal,At Home
104756,ШЕРБА ЕООД,Велико Търново,ВЕЛИКО ТЪРНОВО,Local Shop,Bronze,Not Seasonal,At Home
100280,ИЗГРЕВЪТ ЕООД,Велико Търново,ВЕЛИКО ТЪРНОВО,Local Shop,Bronze,Not Seasonal,At Home
102668,ЕКСПРОЕКТ-С ЕООД ЕООД,Велико Търново,КЕСАРЕВО,Local Shop,Iron,Not Seasonal,At Home
106727,ЛОНГОЗ ЕООД,Велико Търново,ВЕЛИКО ТЪРНОВО,Superette,Silver,Not Seasonal,At Home
104732,ХОТЕЛ РАДИКА ЕООД,Велико Търново,ВЕЛИКО ТЪРНОВО,Local Shop,Silver,Seasonal,At Home
104679,ХОТЕЛ БЛЕК СИЙ ЕООД,Велико Търново,ГОРНА ОРЯХОВИЦА,Local Shop,Silver,Not Seasonal,At Home
102669,КОМПЛЕКС БЕЛВЕДЕРЕ ЕООД,Велико Търново,СТРАЖИЦА,Local Shop,Silver,Not Seasonal,At Home
106342,КОМПЛЕКС ВИКТОРИЯ ЕООД,Велико Търново,ГОРНА ОРЯХОВИЦА,Local Shop,Silver,Not Seasonal,At Home
102670,ХОТЕЛ МОСКОЯНИ ЕООД,Велико Търново,ПЪРВОМАЙЦИ,Local Shop,Bronze,Not Seasonal,At Home
110157,ШАТО ЕРКЕЧ ЕООД,Бургас,БУРГАС,Fast-food,Gold,Not Seasonal,Out of Home
105103,Х-Л ФРЕНДС ЕООД,Бургас,БУРГАС,Cafe,Silver,Not Seasonal,Out of Home
109846,ХОТЕЛ ВЕРИС ЕООД,Бургас,БУРГАС,Cafe,Bronze,Not Seasonal,Out of Home
110583,ХОТЕЛ СВЕТИ СТЕФАН ЕООД,Бургас,БУРГАС,Fast-food,Silver,Not Seasonal,Out of Home
111148,ВАНИЛА ГАРДЪН ЕООД,Варна,ВАРНА,Hotels,Silver,Not Seasonal,Out of Home
108061,Hungry Bull ЕООД,Бургас,ОБЗОР,Restaurant,Gold,Not Seasonal,Out of Home
106066,ХОЛИДЕЙ ФОРТ НОКС. Р-Т ЕООД,Варна,ВАРНА,Fast-food,Gold,Not Seasonal,Out of Home
111149,Х-Л ОЛИМП ЕООД,Варна,ВАРНА,Hotels,Silver,Not Seasonal,Out of Home
105843,К-С СЪН ПАЛАС ЕООД,Варна,ВАРНА,Fast-food,Iron,Not Seasonal,Out of Home
101181,БАР-БАСЕЙН ЕООД,Русе,РУСЕ,Cafe,Iron,Not Seasonal,At Home
106063,ЛОБИ БАР ЕООД,Варна,ВАРНА,Fast-food,Bronze,Not Seasonal,Out of Home
106361,ХОТЕЛ МАРИНЕР ЕООД,Варна,ВАРНА,Cafe,Bronze,Not Seasonal,Out of Home
100303,Автомивка Скай ЕООД,Бургас,АЙТОС,Local Shop,Silver,Not Seasonal,Out of Home
109366,БАР ГАРФИЙЛД ЕООД,Варна,ВАРНА,Fast-food,Silver,Not Seasonal,Out of Home
109297,Х-Л ГЕНАДА ЕООД,Варна,ДЕВНЯ,Fast-food,Bronze,Not Seasonal,Out of Home
109845,К-С ЕМЕРАЛД РЕЗИДЕНС Р-Т ЕООД,Бургас,БУРГАС,Cafe,Gold,Seasonal,Out of Home
107403,К-С СЪНИ ФОРТ Р-Т ЕООД,Варна,БЯЛА,Restaurant,Bronze,Seasonal,Out of Home
108435,БИСТРО БРАВО ЕООД,Бургас,КИТЕН,Restaurant,Silver,Seasonal,Out of Home
102835,КАФЕ АПЕРИТИВ НЮ ЛАЙН ЕООД,Русе,ПЕЙЧИНОВО,Local Shop,Iron,Not Seasonal,At Home
105333,МАГНОЛИЯ ГАРДЪН К-С ЕООД,Варна,ВАРНА,Cafe,Silver,Not Seasonal,Out of Home
105142,КОМПЛЕКС БЕЙ ВЮ ЕООД,Бургас,БУРГАС,Cafe,Iron,Not Seasonal,Out of Home
106595,ХОТЕЛ АЛЕКСАНДРА ЕООД,Бургас,БУРГАС,Cafe,Gold,Not Seasonal,Out of Home
104813,СЕМЕЕН ХОТЕЛ МАГНОЛИЯ ЕООД,Варна,БЯЛА,Cafe,Silver,Not Seasonal,Out of Home
109689,Хотел Зара ЕООД,Бургас,БУРГАС,Fast-food,Iron,Not Seasonal,Out of Home
111619,ХОТЕЛ БЕРОЕ ЕООД,Варна,ВАРНА,Fast-food,Bronze,Not Seasonal,Out of Home
111150,Х-Л МИЛЕВ ЕООД,Варна,ВАРНА,Hotels,Gold,Seasonal,Out of Home
111701,ХОТЕЛ БУТИК ЕООД,Бургас,БУРГАС,Fast-food,Iron,Not Seasonal,Out of Home
110851,ХОТЕЛ ТИЙМ ЕООД,Бургас,РАВДА,Restaurant,Silver,Seasonal,Out of Home
107401,РЕСТОРАНТ ШИПКА ЕООД,Варна,КАМЧИЯ,Restaurant,Silver,Not Seasonal,Out of Home
110240,К-С ЧАЙРИТЕ ЕООД,Бургас,НЕСЕБЪР,Fast-food,Bronze,Seasonal,Out of Home
111394,ХОТЕЛ ФАВОРИТ ЕООД,Варна,ВАРНА,Fast-food,Gold,Not Seasonal,Out of Home
110547,К-С СИЙ ДРИЙМС ЕООД,Бургас,БУРГАС,Fast-food,Iron,Not Seasonal,Out of Home
106868,ХОТЕЛ АКВА ЕООД,Бургас,СОЗОПОЛ,Nightclub,Silver,Seasonal,Out of Home
109929,К-с Марина Сънрайз ЕООД,Варна,ЗЛАТНИ ПЯСЪЦИ,Cafe,Silver,Seasonal,Out of Home
111310,ЮЖНИ НОЩИ ЕООД,Бургас,РАВДА,Fast-food,Bronze,Seasonal,Out of Home
110815,Х-Л ЦЕНТРАЛ ЕООД,Бургас,СЛЪНЧЕВ БРЯГ,Restaurant,Gold,Seasonal,Out of Home
111826,РЕСТОРАНТ МЕШЕВ ЕООД,Варна,КАМЧИЯ,Restaurant,Silver,Seasonal,Out of Home
110561,К-С СЪНИ ХИЛС ЕООД,Бургас,ЧЕРНОМОРЕЦ,Fast-food,Bronze,Seasonal,Out of Home
111669,Х-Л СВЕТИ ГЕОРГИ ЕООД,Варна,СВ СВ КОНСТАНТИН И ЕЛЕНА,Fast-food,Gold,Not Seasonal,Out of Home
109840,БАР ГЕНАДА ЕООД,Бургас,БУРГАС,Cafe,Silver,Not Seasonal,Out of Home
111760,ХОТЕЛ ЗАРА ЕООД,Бургас,ЧЕРНОМОРЕЦ,Fast-food,Bronze,Seasonal,Out of Home
108313,КОСТА ДЕЛ СОЛ ЕООД,Бургас,СОЗОПОЛ,Restaurant,Silver,Seasonal,Out of Home
107719,БАР ХОРХЕ ЕООД,Бургас,ЛОЗЕНЕЦ,Restaurant,Bronze,Seasonal,Out of Home
101329,Х-Л ВОДОПАДИ ЕООД,Бургас,СЛЪНЧЕВ БРЯГ,Nightclub,Bronze,Seasonal,Out of Home
105134,ДИВЕДА ХОТЕЛ ЕООД,Бургас,БУРГАС,Cafe,Silver,Not Seasonal,Out of Home
108584,Х.ЛИРА ЕООД,Бургас,СЛЪНЧЕВ БРЯГ,Hotels,Gold,Seasonal,Out of Home
100301,Х-Л ДЖУЛИЯ ЕООД,Варна,ВАРНА,Local Shop,Bronze,Seasonal,Out of Home
111803,ХОТЕЛ РЕЙНБОЛ ЕООД,Бургас,ЦАРЕВО,Bar,Bronze,Seasonal,Out of Home
110816,БИСТРО ДЖЕРОНИМО ЕООД,Бургас,СЛЪНЧЕВ БРЯГ,Restaurant,Silver,Seasonal,Out of Home
110471,ХОТЕЛ КИПАРИСИТЕ ЕООД,Варна,ВАРНА,Fast-food,Bronze,Not Seasonal,Out of Home
106999,Х-Л АФРИКАНА ЕООД,Русе,РУСЕ,Superette,Iron,Not Seasonal,At Home
110531,Х-Л РИАГОР ЕООД,Варна,ВАРНА,Fast-food,Silver,Seasonal,Out of Home
110528,ЛОБИ БАР ЕООД,Варна,ВАРНА,Fast-food,Silver,Seasonal,Out of Home
110146,Х-Л МЕРИЛИН ЕООД,Бургас,СЛЪНЧЕВ БРЯГ,Fast-food,Gold,Seasonal,Out of Home
110855,ВИЛА БОРА ЕООД,Бургас,НЕСЕБЪР,Restaurant,Bronze,Seasonal,Out of Home
110241,Х-Л КАРИНА ЕООД,Бургас,БУРГАС,Fast-food,Silver,Not Seasonal,Out of Home
109295,Х-Л СИРЕНА ЕООД,Добрич,ДОБРИЧ,Fast-food,Silver,Not Seasonal,At Home
109972,КЛУБ РЕЛАКС ЕООД,Бургас,БУРГАС,Cafe,Silver,Not Seasonal,Out of Home
110172,Голд хотел ЕООД,Бургас,БУРГАС,Fast-food,Gold,Not Seasonal,Out of Home
108298,ХОТЕЛ АЛЕКС ЕООД,Бургас,БУРГАС,Restaurant,Gold,Not Seasonal,Out of Home
110849,ХОТЕЛСКИ КОМПЛЕКС СВЕТИ ГЕОРГИ ЕООД,Бургас,РАВДА,Restaurant,Gold,Seasonal,Out of Home
110472,РЕСТОРАНТ ДЖОРДАШ ЕООД,Варна,ВАРНА,Fast-food,Gold,Not Seasonal,Out of Home
107304,ХОТЕЛ ТАНЯ ЕООД,Бургас,РАВДА,Cafe,Bronze,Seasonal,Out of Home
109910,ХОТЕЛ ЕДЕН ЕООД,Бургас,БУРГАС,Cafe,Bronze,Not Seasonal,Out of Home
104814,ХОТЕЛ ЛИОН ЕООД,Варна,ПРОВАДИЯ,Cafe,Silver,Not Seasonal,Out of Home
110450,Х-Л ГАЛЕРИ ЕООД,Бургас,БУРГАС,Fast-food,Iron,Not Seasonal,Out of Home
110229,САВИНИ Х-Л ЕООД,Варна,ВАРНА,Fast-food,Bronze,Not Seasonal,Out of Home
108198,Х-Л ВЕНЕРА ЕООД,Бургас,КАРНОБАТ,Restaurant,Silver,Not Seasonal,Out of Home
105015,АВЕНЮ ЕООД,Варна,ВАРНА,Cafe,Silver,Not Seasonal,Out of Home
111995,Б-БАС.КОКИЧЕ ЕООД,Варна,ВАРНА,Local Shop,Iron,Not Seasonal,At Home
101801,ХОТЕЛ СМОЛЯН ЕООД,Добрич,БОЖУРОВО,Local Shop,Iron,Not Seasonal,At Home
101838,СНЕК-БАР ОЛИМП ЕООД,Добрич,ДОНЧЕВО,Local Shop,Iron,Not Seasonal,At Home
111696,КО МОРЕНИЯ ЕООД ЕООД,Бургас,БУРГАС,Fast-food,Silver,Not Seasonal,Out of Home
109090,ПЕТКА ТУРС ООД ЕООД,Бургас,СОЗОПОЛ,Hotels,Bronze,Seasonal,Out of Home
108277,MACON RESIDENCE ЕООД,Бургас,СОЗОПОЛ,Restaurant,Silver,Seasonal,Out of Home
111678,Х-Л ПАЛАС-МАРИНА БАР БАСЕЙН ЕООД,Варна,ВАРНА,Fast-food,Silver,Not Seasonal,Out of Home
110395,РЕСТОРАНТ ЕООД,Варна,ВАРНА,Fast-food,Silver,Not Seasonal,Out of Home
110786,ХОТЕЛ ОПАЛ ЕООД,Варна,ВАРНА,Fast-food,Gold,Not Seasonal,Out of Home
108241,ХОТЕЛ ЗОРА ЕООД,Бургас,БУРГАС,Restaurant,Iron,Not Seasonal,Out of Home
108240,БАР L AND V ЕООД,Бургас,ЧЕРНОМОРЕЦ,Restaurant,Bronze,Seasonal,Out of Home
108243,ХОТЕЛ СТЕП ЕООД,Бургас,ЧЕРНОМОРЕЦ,Restaurant,Bronze,Seasonal,Out of Home
109709,ХОТЕЛ КАСА ДЕЛ МАР ЕООД,Бургас,БУРГАС,Fast-food,Bronze,Seasonal,Out of Home
109708,ХОЛИ ХАУС ООД ЕООД,Бургас,БУРГАС,Fast-food,Iron,Seasonal,Out of Home
101258,БАР АРДА ЕООД,Бургас,БУРГАС,Cafe,Silver,Not Seasonal,At Home
108991,Х-Л ЛИАНИ ЕООД,Варна,ВАРНА,Hotels,Iron,Not Seasonal,Out of Home
105391,БАР ТЕРАСА ЕООД,Бургас,КАРНОБАТ,Cafe,Bronze,Not Seasonal,Out of Home
106623,К-С ТРИУМФ 2 ЕООД,Бургас,ПОМОРИЕ,Cafe,Silver,Seasonal,Out of Home
111068,ЛОБИ-БАР АУРЕЛИЯ ЕООД,Бургас,СЛЪНЧЕВ БРЯГ,Hotels,Gold,Seasonal,Out of Home
111461,ФОРТ НОКС ЕООД,Варна,ВАРНА,Restaurant,Gold,Not Seasonal,Out of Home
101330,Хотел Рена ЕООД,Бургас,СВЕТИ ВЛАС,Nightclub,Bronze,Seasonal,Out of Home
111177,РЕСТОРАНТ ЕООД,Бургас,СЛЪНЧЕВ БРЯГ,Hotels,Silver,Seasonal,Out of Home
105349,БИСТРО АВГУСТА ЕООД,Бургас,ПОМОРИЕ,Cafe,Silver,Seasonal,Out of Home
108964,ВИЛА ФЛОРЕНЦИЯ ЕООД,Бургас,РАВДА,Hotels,Bronze,Seasonal,Out of Home
103148,СЪН ФЛАУЪР ЕООД,Разград,РАЗГРАД,Local Shop,Bronze,Not Seasonal,At Home
107507,ХОТЕЛ МАДАРА ЕООД,Варна,ВАРНА,Restaurant,Silver,Not Seasonal,Out of Home
108576,КОНСУЛ ЕООД,Варна,БЯЛА,Hotels,Bronze,Seasonal,Out of Home
104971,СВ ГЕОРГИ ЕООД,Варна,ВАРНА,Cafe,Gold,Not Seasonal,Out of Home
111708,К-С ДРИЙМС ЕООД,Варна,ВАРНА,Fast-food,Silver,Not Seasonal,Out of Home
106188,ХОТЕЛ СОФИЯ ЕООД,Бургас,БУРГАС,Fast-food,Bronze,Not Seasonal,Out of Home
107357,Х-Л ДОЛЧЕ ВИТА ЕООД,Варна,ПРОВАДИЯ,Restaurant,Bronze,Not Seasonal,Out of Home
110142,НЕСЕБЪР ФОРТ НОКС ЕООД,Бургас,СВЕТИ ВЛАС,Fast-food,Iron,Not Seasonal,Out of Home
106473,Х-Л КЛИСУРА ЕООД,Варна,ДЕВНЯ,Cafe,Silver,Not Seasonal,Out of Home
104815,Парадисо лоби ЕООД,Варна,БЯЛА,Cafe,Bronze,Not Seasonal,Out of Home
106856,АПАРТ ХОТЕЛ КОСТА КАЛМА ЕООД,Варна,ВАРНА,Nightclub,Bronze,Not Seasonal,Out of Home
108144,МАКАО ЕООД,Бургас,БУРГАС,Restaurant,Iron,Not Seasonal,Out of Home
109339,ХОТЕЛ ДАРИУС ЕООД,Бургас,СЛЪНЧЕВ БРЯГ,Fast-food,Gold,Seasonal,Out of Home
110848,СТАРИТЕ КЪЩИ ЕООД,Бургас,СЛЪНЧЕВ БРЯГ,Restaurant,Gold,Seasonal,Out of Home
111628,ХОТЕЛ Сън Сити ЕООД,Бургас,НЕСЕБЪР,Fast-food,Gold,Seasonal,Out of Home
105065,Х-Л JBH ЕООД,Бургас,БУРГАС,Cafe,Bronze,Seasonal,Out of Home
111362,ГЕРДЖИКА ЕООД,Бургас,ПОМОРИЕ,Fast-food,Silver,Seasonal,Out of Home
109924,Къща за госто ЕООД,Бургас,СЛЪНЧЕВ БРЯГ,Cafe,Bronze,Not Seasonal,Out of Home
109656,ХОТЕЛ РИОР ЕООД,Варна,ВАРНА,Fast-food,Gold,Not Seasonal,Out of Home
104903,БАР ЕООД,Бургас,СЛЪНЧЕВ БРЯГ,Cafe,Iron,Not Seasonal,Out of Home
111297,АЙВАНС БАР ЕООД,Бургас,РАВДА,Fast-food,Silver,Seasonal,Out of Home
100276,ХОТЕЛ ФОРУМ ЕООД,Бургас,КИТЕН,Local Shop,Silver,Seasonal,At Home
109275,ЛОБИ БАР ЕООД,Бургас,БУРГАС,Bar,Silver,Seasonal,Out of Home
111180,СЪНРАЙЗ РИВЪР РЕЗОРТ ЕООД,Варна,ВАРНА,Hotels,Gold,Seasonal,Out of Home
107496,Х-Л ЗОРА ЕООД,Варна,ВАРНА,Restaurant,Silver,Not Seasonal,Out of Home
109124,ХОТЕЛ ПЕТЪР ЕООД,Бургас,ПРИМОРСКО,Hotels,Silver,Seasonal,Out of Home
108160,ХОТЕЛ ИВИАН ЕООД,Бургас,ПОМОРИЕ,Restaurant,Silver,Seasonal,Out of Home
105771,СВЕТИ НИКОЛА ЕООД,Бургас,СЛЪНЧЕВ БРЯГ,Fast-food,Gold,Seasonal,Out of Home
106391,РЕСТОРАНТ КАРЛОВО ЕООД,Варна,ВАРНА,Cafe,Silver,Seasonal,Out of Home
109982,ХОТЕЛ АМФИБИЯ ПУУЛ БАР ЕООД,Бургас,НЕСЕБЪР,Cafe,Bronze,Seasonal,Out of Home
110545,ХОТЕЛ ЕООД,Бургас,БУРГАС,Fast-food,Silver,Not Seasonal,Out of Home
111909,Х-Л КОНТЕСА ЕООД,Бургас,СОЗОПОЛ,Cafe,Silver,Seasonal,Out of Home
109365,КОМПЛЕКС АНКОР ЕООД,Варна,ТОПОЛИ,Fast-food,Gold,Not Seasonal,Out of Home
105493,ХОТЕЛ ЮЖНИ НОЩИ ЕООД,Бургас,ЧЕРНОМОРЕЦ,Cafe,Bronze,Seasonal,Out of Home
110316,ХОТЕЛ АФРОДИТА ЕООД,Бургас,БУРГАС,Fast-food,Silver,Not Seasonal,Out of Home
105578,ЛОБИ БАР ХОТЕЛ БУЛАИР ЕООД,Бургас,СЛЪНЧЕВ БРЯГ,Bar,Gold,Seasonal,Out of Home
109957,КОМПЛЕКС ГЕНЕЗИС ЕООД,Варна,ЗЛАТНИ ПЯСЪЦИ,Cafe,Gold,Seasonal,Out of Home
105896,ХОТЕЛ АЛПИНА ЕООД,Бургас,ЛОЗЕНЕЦ,Fast-food,Bronze,Seasonal,Out of Home
111809,Х-Л ЕСКАДА БИЙЧ ЕООД,Бургас,ПОМОРИЕ,Bar,Silver,Seasonal,Out of Home
109239,УНИВЕРСИТЕТСКА БАЗА ЕООД,Варна,ВАРНА,Bar,Silver,Not Seasonal,Out of Home
109105,Замък ЕООД,Бургас,СОЗОПОЛ,Hotels,Bronze,Seasonal,Out of Home
106189,ХОТЕЛ БУЛАИР ЕООД,Бургас,ПРИМОРСКО,Fast-food,Gold,Seasonal,Out of Home
101356,ХОТЕЛ ТАРФА ЕООД,Бургас,АХТОПОЛ,Nightclub,Bronze,Seasonal,Out of Home
105868,ХОТЕЛ БУРГАС ЕООД,Бургас,БУРГАС,Fast-food,Silver,Not Seasonal,Out of Home
105869,ХОТЕЛ ЕООД,Бургас,НЕСЕБЪР,Fast-food,Gold,Not Seasonal,Out of Home
108712,хотел Флагман ЕООД,Бургас,ЛОЗЕНЕЦ,Hotels,Bronze,Seasonal,Out of Home
108238,ХОТЕЛ ТАЧ ЕООД,Бургас,СОЗОПОЛ,Restaurant,Silver,Not Seasonal,Out of Home
110812,ХОТЕЛ ДАЙАНА БИЙЧ ЕООД,Бургас,СЛЪНЧЕВ БРЯГ,Restaurant,Gold,Seasonal,Out of Home
108031,ТРАНСКАБЕЛ ООД ЕООД,Варна,СВ СВ КОНСТАНТИН И ЕЛЕНА,Restaurant,Silver,Seasonal,Out of Home
111063,Х-Л ВАЛДИ ЕООД,Бургас,СВЕТИ ВЛАС,Hotels,Gold,Seasonal,Out of Home
108235,Хотел стефанов грийн ЕООД,Бургас,СОЗОПОЛ,Restaurant,Silver,Seasonal,Out of Home
109716,ХОТЕЛ АТЛАС ЕООД,Бургас,ПРИМОРСКО,Fast-food,Silver,Seasonal,Out of Home
110843,ХОТЕЛ ЕООД,Варна,ВАРНА,Restaurant,Silver,Not Seasonal,Out of Home
105583,ХОТЕЛ ЛОЗЕНЕЦ РИЗОРТ ЕООД,Бургас,СВЕТИ ВЛАС,Bar,Bronze,Seasonal,Out of Home
109291,ХОТЕЛ СОФИЯ ЕООД,Бургас,БУРГАС,Bar,Bronze,Not Seasonal,Out of Home
106786,КОМПЛЕКС ЕКЗОТИКА ЕООД,Бургас,СЛЪНЧЕВ БРЯГ,Nightclub,Gold,Seasonal,Out of Home
110297,Р-Т РОТОНДА ЕООД,Бургас,РАВДА,Fast-food,Silver,Not Seasonal,Out of Home
110857,ХОТЕЛ ВАРВАРА ЕООД,Бургас,НЕСЕБЪР,Restaurant,Bronze,Seasonal,Out of Home
104799,ХОТЕЛ ГРАЦИЯ ЕООД,Бургас,СОЗОПОЛ,Local Shop,Silver,Seasonal,Out of Home
106834,ПУУЛ БАР СОЛО ЕООД,Бургас,ЦАРЕВО,Nightclub,Silver,Seasonal,Out of Home
106831,ХОТЕЛ АСТОРИЯ ЕООД,Бургас,АХТОПОЛ,Nightclub,Bronze,Seasonal,Out of Home
106833,Хотел акра ЕООД,Бургас,ВАРВАРА,Nightclub,Bronze,Seasonal,Out of Home
107711,Хотел елисей ЕООД,Бургас,ЛОЗЕНЕЦ,Restaurant,Bronze,Seasonal,Out of Home
110810,ХОТЕЛ ЛОЗЕНЕЦ ЕООД,Бургас,СЛЪНЧЕВ БРЯГ,Restaurant,Silver,Seasonal,Out of Home
111235,ХОТЕЛ СВ.ГЕОРГИ ЕООД,Добрич,ВАРНА,Hotels,Silver,Seasonal,Out of Home
110811,ХОТЕЛ ЕООД,Бургас,СЛЪНЧЕВ БРЯГ,Restaurant,Gold,Seasonal,Out of Home
111596,ХОТЕЛ МЕРИ ТАЙМ ЕООД,Бургас,СЛЪНЧЕВ БРЯГ,Fast-food,Gold,Seasonal,Out of Home
111220,Х-Л ДАМЯНОВ ЕООД,Бургас,СЛЪНЧЕВ БРЯГ,Hotels,Gold,Seasonal,Out of Home
109727,СЕМЕЕН ХОТЕЛ ЕООД,Бургас,СЛЪНЧЕВ БРЯГ,Superette,Gold,Seasonal,Out of Home
106824,Х-Л АРИЯНА ЕООД,Бургас,АХЕЛОЙ,Nightclub,Bronze,Seasonal,Out of Home
105703,Х-Л НЕВА ЕООД,Бургас,ЧЕРНОМОРЕЦ,Bar,Bronze,Seasonal,Out of Home
110540,МОТЕЛ КОЗИЯТ РОГ ЕООД,Бургас,ЧЕРНОМОРЕЦ,Fast-food,Silver,Seasonal,Out of Home
109041,Сий Вю ЕООД,Бургас,ЧЕРНОМОРЕЦ,Hotels,Bronze,Seasonal,Out of Home
105807,СЕМЕЕН ХОТЕЛ ФАНТАСТИКО ЕООД,Варна,ВАРНА,Fast-food,Silver,Not Seasonal,Out of Home
110285,Х-Л ШУРЕЛОВ ЕООД,Бургас,РАВДА,Fast-food,Bronze,Seasonal,Out of Home
111305,СЕНАЯ ЕООД,Бургас,РАВДА,Fast-food,Bronze,Seasonal,Out of Home
106808,ХОТЕЛ АРИАНА ЕООД,Варна,ЗЛАТНИ ПЯСЪЦИ,Nightclub,Silver,Seasonal,Out of Home
109940,КЪЩА ЗА ГОСТИ КОХАНА ЕООД,Варна,ЗЛАТНИ ПЯСЪЦИ,Cafe,Silver,Seasonal,Out of Home
110728,ХОТЕЛ НИКОЛА ЕООД,Бургас,ПОМОРИЕ,Restaurant,Silver,Seasonal,Out of Home
109361,ХОТЕЛ КОНТИНЕНТАЛ ЕООД,Варна,ВАРНА,Fast-food,Silver,Not Seasonal,Out of Home
108426,ПБ МИНСТРОЙ ЕООД,Бургас,ПРИМОРСКО,Restaurant,Silver,Seasonal,Out of Home
110306,ХОТЕЛ МАРИНА ЕООД,Бургас,СИНЕМОРЕЦ,Fast-food,Bronze,Seasonal,Out of Home
108412,ХОТЕЛ КАЙЛАС ЕООД,Бургас,ПРИМОРСКО,Restaurant,Silver,Seasonal,Out of Home
107713,ХОТЕЛ АНКОРА ЕООД,Бургас,АХТОПОЛ,Restaurant,Bronze,Seasonal,Out of Home
108433,ХОТЕЛ ФТР ПОДКРЕПА ЕООД,Бургас,ПРИМОРСКО,Restaurant,Silver,Seasonal,Out of Home
110303,Х-Л СЛАВИНИ ЕООД,Бургас,АХТОПОЛ,Fast-food,Bronze,Seasonal,Out of Home
109906,ХОТЕЛ ДЪГА ЕООД,Бургас,СВЕТИ ВЛАС,Cafe,Silver,Seasonal,Out of Home
108675,ХОТЕЛ ЕВА ЕООД,Бургас,РАВДА,Hotels,Bronze,Seasonal,Out of Home
107361,Х-Л СИЙ СТАР ЕООД,Варна,ШКОРПИЛОВЦИ,Restaurant,Bronze,Seasonal,Out of Home
109679,ХОТЕЛ ММ БУТИК ЕООД,Бургас,СОЗОПОЛ,Fast-food,Silver,Seasonal,Out of Home
110111,ХОТЕЛ ПРИМО ЕООД,Варна,ШКОРПИЛОВЦИ,Fast-food,Bronze,Seasonal,Out of Home
110307,ХОТЕЛ НЕО ЕООД,Бургас,ЦАРЕВО,Fast-food,Bronze,Seasonal,Out of Home
110864,ХОТЕЛ ЧАР ПРИМОРСКО ЕООД,Бургас,СИНЕМОРЕЦ,Restaurant,Bronze,Seasonal,Out of Home
101386,МИНЕРАЛНИ БАНИ ЕООД,Бургас,ПРИМОРСКО,Nightclub,Gold,Seasonal,Out of Home
109431,ХОТЕЛ ИЗВОРИТЕ ЕООД,Бургас,НЕСЕБЪР,Fast-food,Bronze,Seasonal,Out of Home
106432,ХОТЕЛ ПРИНЦЕС РЕЗИДЕНС ЕООД,Варна,ВАРНА,Cafe,Iron,Not Seasonal,Out of Home
105051,ХОТЕЛ ЕООД,Варна,ЗЛАТНИ ПЯСЪЦИ,Cafe,Bronze,Seasonal,Out of Home
104816,ХОТЕЛ ДАРА 2 ЕООД,Варна,ОБЗОР,Cafe,Bronze,Seasonal,Out of Home
111590,ХОТЕЛ ДЕМИРА ЕООД,Бургас,СЛЪНЧЕВ БРЯГ,Fast-food,Bronze,Seasonal,Out of Home
105346,ХОТЕЛ ПРЕСТИЖ ЕООД,Бургас,ПОМОРИЕ,Cafe,Silver,Seasonal,Out of Home
107302,ТИ ВИ ХОТЕЛ ООД ЕООД,Бургас,СЛЪНЧЕВ БРЯГ,Cafe,Bronze,Seasonal,Out of Home
108432,АПАРТ ХОТЕЛ ЦАРЕВО - АД ЕООД,Бургас,ПРИМОРСКО,Restaurant,Silver,Seasonal,Out of Home
110199,ХОТЕЛ КАЛИПСО ЕООД,Варна,ВАРНА,Fast-food,Silver,Not Seasonal,Out of Home
110296,ХОТЕЛ ЕЛМАР ЕООД,Бургас,РАВДА,Fast-food,Silver,Seasonal,Out of Home
109093,ХОТЕЛ ЛОТОС ЕООД,Бургас,СОЗОПОЛ,Hotels,Bronze,Seasonal,Out of Home
107223,ВИЛА ВИКТОРИЯ ЕООД,Бургас,БУРГАС,Superette,Bronze,Seasonal,Out of Home
109934,КАФЕ СТАНЦИЯ МВР ЕООД,Варна,ВАРНА,Cafe,Gold,Not Seasonal,Out of Home
109371,ХОТЕЛ АЛБАТРОС ЕООД,Варна,ВАРНА,Fast-food,Bronze,Not Seasonal,Out of Home
104985,КЪЩА ЗА ГОСТИ ЮГ ЕООД,Варна,ВАРНА,Cafe,Silver,Not Seasonal,Out of Home
104983,ХОТЕЛ СЪНДЕЙ ЕООД,Варна,ВАРНА,Cafe,Silver,Not Seasonal,Out of Home
109950,ПОЧИВНА СТАНЦИЯ БДЖ ЕООД,Варна,ВАРНА,Cafe,Silver,Not Seasonal,Out of Home
109897,Х-Л АНКОРА БИЙЧ ЕООД,Варна,ОБЗОР,Cafe,Bronze,Seasonal,Out of Home
111390,КООП КИТЕН ЕООД,Варна,ВАРНА,Fast-food,Iron,Not Seasonal,Out of Home
110421,MM COMPLEX ЕООД,Бургас,РАВДА,Fast-food,Iron,Not Seasonal,Out of Home
106511,КЪЩА ЗА ГОСТИ МИЛА ЕООД,Варна,ВАРНА,Cafe,Silver,Not Seasonal,Out of Home
106510,ХОТЕЛ СИГМА ЕООД,Варна,ВАРНА,Cafe,Silver,Not Seasonal,Out of Home
105826,ПОЧИВНА СТАНЦИЯ НЕК ПАРК РОСЕНЕЦ ЕООД,Варна,ВАРНА,Fast-food,Gold,Not Seasonal,Out of Home
109402,БО Зеленика ЕООД,Варна,ВАРНА,Fast-food,Silver,Not Seasonal,Out of Home
107110,Х-Л ГРАЦИЯ ЕООД,Варна,ВАРНА,Superette,Bronze,Not Seasonal,At Home
111377,КОМПЛЕКС ПРЕСТИЖ ЕООД,Варна,ВАРНА,Fast-food,Silver,Not Seasonal,Out of Home
110795,ХОТЕЛ СПЕКТЪР ПАЛАС ЕООД,Варна,ВАРНА,Restaurant,Bronze,Seasonal,At Home
105069,ИМПЕРИАЛ ЕООД,Бургас,НЕСЕБЪР,Cafe,Gold,Seasonal,Out of Home
110818,ХОТЕЛ ДАРА 2 ЕООД,Бургас,СЛЪНЧЕВ БРЯГ,Restaurant,Bronze,Seasonal,Out of Home
110598,Х-Л БУЕНА ВИСТА ЕООД,Бургас,ПРИМОРСКО,Fast-food,Silver,Seasonal,Out of Home
101342,ХОТЕЛ САЛЕНА ПЛАЗА ЕООД,Варна,ВАРНА,Nightclub,Silver,Seasonal,Out of Home
104942,ХОТЕЛ ДАНИЕЛА ЕООД,Бургас,БУРГАС,Cafe,Gold,Not Seasonal,Out of Home
109032,МОРСКО КОНЧЕ ЕООД,Бургас,СОЗОПОЛ,Hotels,Bronze,Seasonal,Out of Home
111462,ХОТЕЛ СЪНИ ЕООД,Варна,ЗЛАТНИ ПЯСЪЦИ,Restaurant,Gold,Seasonal,Out of Home
111076,Х-Л ВЕНЕЦИЯ ЕООД,Бургас,СЛЪНЧЕВ БРЯГ,Hotels,Gold,Seasonal,Out of Home
111584,ХОТЕЛ ДИАНА ЕООД,Бургас,СЛЪНЧЕВ БРЯГ,Fast-food,Silver,Seasonal,Out of Home
100297,СВЕТИ ДИМИТЪР ЕООД,Варна,ВАРНА,Local Shop,Gold,Seasonal,Out of Home
105622,ХОТЕЛ СОФИЯ ЕООД,Бургас,ЛОЗЕНЕЦ,Bar,Silver,Seasonal,Out of Home
101328,Х-Л РИЛЕНА ЕООД,Бургас,СЛЪНЧЕВ БРЯГ,Nightclub,Gold,Seasonal,Out of Home
110813,Хотел Юлия ЕООД,Бургас,СЛЪНЧЕВ БРЯГ,Restaurant,Bronze,Seasonal,Out of Home
110913,Къща за гости Бриз ЕООД,Бургас,ПРИМОРСКО,Restaurant,Silver,Seasonal,Out of Home
110293,АМФИБИЯ ЕООД,Бургас,НЕСЕБЪР,Fast-food,Bronze,Seasonal,Out of Home
111234,Х-Л СЪНРАЙЗ ЕООД,Варна,СВ СВ КОНСТАНТИН И ЕЛЕНА,Hotels,Gold,Seasonal,Out of Home
109282,ХОТЕЛ ЕООД,Варна,ВАРНА,Bar,Bronze,Not Seasonal,Out of Home
107532,Р-Т ЛЪКИ ЕООД,Варна,ВАРНА,Restaurant,Silver,Not Seasonal,Out of Home
108990,Р-Т АПОЛОН ЕООД,Варна,ЗЛАТНИ ПЯСЪЦИ,Hotels,Silver,Seasonal,Out of Home
109398,Хотел ЕООД,Варна,ВАРНА,Fast-food,Silver,Not Seasonal,Out of Home
107504,ХОТЕЛ СЕЗОНИ ЕООД,Варна,ЗЛАТНИ ПЯСЪЦИ,Restaurant,Gold,Seasonal,Out of Home
107506,Континентал 3 и 4 ЕООД,Варна,ЗЛАТНИ ПЯСЪЦИ,Restaurant,Gold,Seasonal,Out of Home
110643,ХОТЕЛ САГА ЕООД,Варна,ШКОРПИЛОВЦИ,Restaurant,Bronze,Seasonal,Out of Home
110127,ХОТЕЛ БОХЕМИ ЕООД,Варна,ОБЗОР,Fast-food,Silver,Seasonal,Out of Home
110383,ХОТЕЛ ЧАРН ЕООД,Варна,ВАРНА,Fast-food,Iron,Not Seasonal,Out of Home
110382,х-л Консул ЕООД,Варна,ВАРНА,Fast-food,Bronze,Seasonal,Out of Home
110148,ЛОБИ БАР УНСС ЕООД,Бургас,СВЕТИ ВЛАС,Fast-food,Silver,Seasonal,Out of Home
109720,К-С РАВДА ХОЛИДЕЙ ВИЛИЧ ЕООД,Бургас,ПРИМОРСКО,Fast-food,Silver,Seasonal,Out of Home
105351,ХОТЕЛ АМАДЕУС ЕООД,Бургас,АЙТОС,Cafe,Silver,Not Seasonal,Out of Home
111306,Бар Каменец ЕООД,Бургас,РАВДА,Fast-food,Bronze,Seasonal,Out of Home
111812,К-С МОСКОЯНИ ЕООД,Бургас,ПОМОРИЕ,Bar,Bronze,Not Seasonal,Out of Home
110807,Х-Л ИРИС ЕООД,Бургас,СЛЪНЧЕВ БРЯГ,Restaurant,Gold,Seasonal,Out of Home
110550,ХОТЕЛ АСТРА ЕООД,Бургас,СОЗОПОЛ,Fast-food,Silver,Seasonal,Out of Home
109409,ХОТЕЛИ  Р-Т ДИСКРЕТ ЕООД,Бургас,БУРГАС,Fast-food,Gold,Not Seasonal,Out of Home
104940,Х Искър ЕООД,Бургас,БУРГАС,Cafe,Silver,Not Seasonal,Out of Home
107211,Апартхотел Cote DAzure ЕООД,Варна,ШКОРПИЛОВЦИ,Superette,Bronze,Seasonal,At Home
107400,ПУУЛ БАР БЕНИТО ЕООД,Варна,БЯЛА,Restaurant,Bronze,Seasonal,Out of Home
108428,ХОТЕЛ КАНТИЛЕНА ЕООД,Бургас,ПРИМОРСКО,Restaurant,Gold,Seasonal,Out of Home
112073,Хотел Серенити ЕООД,Бургас,БУРГАС,Superette,Iron,Seasonal,Out of Home
110072,Х-Л АПОЛОН ЕООД,Варна,ВАРНА,Cafe,Gold,Not Seasonal,Out of Home
109951,ХОТЕЛ МЕДЖИК ПАЛМ ЕООД,Варна,ВАРНА,Cafe,Gold,Not Seasonal,Out of Home
106890,ПУЛ БАР МИДИЯ ЕООД,Бургас,БУРГАС,Cafe,Iron,Not Seasonal,Out of Home
109812,К-С СЪНИ ХИЛ ЕООД,Бургас,СОЗОПОЛ,Hotels,Bronze,Seasonal,Out of Home
111573,ХОТЕЛ ЕЛИЗАВЕТА ДЮ ООД ЕООД,Варна,ШКОРПИЛОВЦИ,Fast-food,Bronze,Seasonal,Out of Home
110041,ХOTEЛ ЕЛВИРА ЕООД,Бургас,БУРГАС,Cafe,Gold,Not Seasonal,Out of Home
106832,ХОТЕЛ ДЕСИСЛАВА ЕООД,Бургас,ЦАРЕВО,Nightclub,Bronze,Seasonal,Out of Home
101310,Х-Л АЙСБЕРГ ЕООД,Варна,ЗЛАТНИ ПЯСЪЦИ,Cafe,Silver,Not Seasonal,Out of Home
109033,ХОТЕЛ ЛАГУНА БИЙЧ-POOL BAR ЕООД,Бургас,СОЗОПОЛ,Hotels,Bronze,Seasonal,Out of Home
109954,ХОТЕЛ СИЕМА ЕООД,Варна,ВАРНА,Cafe,Bronze,Not Seasonal,Out of Home
110779,Х-Л ХЕВЪН ЕООД,Бургас,БУРГАС,Fast-food,Silver,Not Seasonal,Out of Home
109541,ХОТЕЛ ДЕНИС ЕООД,Бургас,АЙТОС,Fast-food,Silver,Not Seasonal,Out of Home
111276,ХОТЕЛ ЮССИ ЕООД,Бургас,БУРГАС,Fast-food,Gold,Not Seasonal,Out of Home
111308,ВИЛА ЕЛЕГАНС ЕООД,Бургас,НЕСЕБЪР,Fast-food,Gold,Seasonal,Out of Home
109360,BLACK SEA ЕООД,Варна,ВАРНА,Fast-food,Silver,Not Seasonal,Out of Home
110690,Х-Л СИЙ ВЮ ХИЛС ЕООД,Бургас,АХТОПОЛ,Restaurant,Bronze,Seasonal,Out of Home
106763,ХОТЕЛ МИЛЯНА ЕООД,Варна,БЯЛА,Nightclub,Bronze,Seasonal,Out of Home
110621,ХОТЕЛ АФРОДИТА ЕООД,Бургас,БУРГАС,Fast-food,Bronze,Not Seasonal,Out of Home
108420,К-С СЪН СЕТ ЕООД,Бургас,ПРИМОРСКО,Restaurant,Silver,Seasonal,Out of Home
106400,ХОТЕЛ АТЛАНТИК ЕООД,Варна,ВАРНА,Cafe,Bronze,Not Seasonal,Out of Home
110530,ХОТЕЛ АЛДЕМАР ЕООД,Варна,ВАРНА,Fast-food,Iron,Not Seasonal,Out of Home
110722,ХОТЕЛ ЕЛИРИ ЕООД,Бургас,БУРГАС,Restaurant,Bronze,Not Seasonal,Out of Home
105073,ХОТЕЛ БИЖУ ЕООД,Бургас,БУРГАС,Cafe,Silver,Not Seasonal,Out of Home
111471,ХОТЕЛ ЕВРИДИКА ЕООД,Варна,ВАРНА,Restaurant,Bronze,Not Seasonal,Out of Home
108999,ХОТЕЛ ФЛОРА ЕООД,Варна,ВАРНА,Hotels,Silver,Seasonal,Out of Home
110138,ХОТЕЛ БЕНЕВ ЕООД,Варна,ОБЗОР,Fast-food,Gold,Seasonal,Out of Home
105492,ХОТЕЛ ПАНОРАМА ЕООД,Бургас,ЧЕРНОМОРЕЦ,Cafe,Bronze,Seasonal,Out of Home
105848,ХОТЕЛ КАПРИ ЕООД,Варна,ВАРНА,Fast-food,Gold,Not Seasonal,Out of Home
109355,ХОТЕЛ ЕЛЕГАНС ЕООД,Варна,ВАРНА,Fast-food,Gold,Not Seasonal,Out of Home
106079,НАПОЛИ ЕООД,Бургас,СОЗОПОЛ,Fast-food,Silver,Seasonal,Out of Home
107434,Пул бар Панорама Дриймс ЕООД,Бургас,СЛЪНЧЕВ БРЯГ,Restaurant,Bronze,Seasonal,Out of Home
107430,ХОТЕЛ ЕЛИТ ЕООД,Бургас,СВЕТИ ВЛАС,Restaurant,Silver,Seasonal,Out of Home
109253,Х-л Лагуна ЕООД,Бургас,БУРГАС,Bar,Silver,Seasonal,Out of Home
110736,ХОТЕЛ ФРЕШ ЕООД,Бургас,СОЗОПОЛ,Restaurant,Bronze,Seasonal,Out of Home
108601,Х-Л ИВАТЕА ЕООД,Бургас,СВЕТИ ВЛАС,Hotels,Silver,Seasonal,Out of Home
105310,ТОТАЛ КОМЕРС ЕООД ЕООД,Варна,СВ СВ КОНСТАНТИН И ЕЛЕНА,Cafe,Silver,Not Seasonal,Out of Home
101388,БИСТРО ОЛИМП ЕООД,Бургас,ПРИМОРСКО,Nightclub,Silver,Seasonal,Out of Home
108595,ЕКО БАР ПРИ МАЙКЪЛ ЕООД,Бургас,СЛЪНЧЕВ БРЯГ,Hotels,Silver,Seasonal,Out of Home
109044,САНАТОРИУМ ЕООД,Бургас,ЧЕРНОМОРЕЦ,Hotels,Bronze,Seasonal,Out of Home
109612,К-с Касандра ЕООД,Варна,ВАРНА,Fast-food,Silver,Seasonal,Out of Home
111800,Х-л Шипка ЕООД,Бургас,АХЕЛОЙ,Bar,Bronze,Seasonal,Out of Home
110817,Бей Вю Вилас ЕООД,Бургас,СЛЪНЧЕВ БРЯГ,Restaurant,Silver,Seasonal,Out of Home
105706,РОЯЛ СЪН ЕООД,Бургас,ЧЕРНОМОРЕЦ,Bar,Bronze,Seasonal,Out of Home
101358,Хотел Екселсиор ЕООД,Бургас,ВАРВАРА,Nightclub,Bronze,Seasonal,Out of Home
105480,АТЛАС 1 АД ЕООД,Бургас,ЧЕРНОМОРЕЦ,Cafe,Bronze,Seasonal,Out of Home
105136,ХОТЕЛ СОФИЯ ЕООД,Бургас,БУРГАС,Cafe,Silver,Not Seasonal,Out of Home
110656,ХОТЕЛ ПРЕСТИЖ ЕООД,Бургас,СЛЪНЧЕВ БРЯГ,Restaurant,Silver,Seasonal,Out of Home
107360,КОМПЛЕКС ЧЕРНИ ВРЪХ ЕООД,Варна,ДЕВНЯ,Restaurant,Bronze,Not Seasonal,Out of Home
107404,ДЖОЯ ЕООД,Варна,ОБЗОР,Restaurant,Silver,Not Seasonal,Out of Home
101321,ХОТЕЛ КОРШУТОВ ЕООД,Варна,ОБЗОР,Nightclub,Bronze,Seasonal,Out of Home
107372,ХОТЕЛ МОДУС ЕООД,Варна,ОБЗОР,Restaurant,Gold,Seasonal,Out of Home
108983,Х-Л КАТИ ЕООД,Бургас,ПОМОРИЕ,Hotels,Silver,Seasonal,Out of Home
108421,БАЛНЕОХОТЕЛ ПОМОРИЕ ЕООД,Бургас,ПРИМОРСКО,Restaurant,Silver,Seasonal,Out of Home
106879,АДАМО ЕООД,Бургас,ПРИМОРСКО,Nightclub,Silver,Seasonal,Out of Home
104970,ПОЧИВНА БАЗА РВД ЕООД,Варна,ВАРНА,Cafe,Bronze,Not Seasonal,Out of Home
111814,АПАРТ ХОТЕЛ НЕШКОВ ЕООД,Бургас,ПОМОРИЕ,Bar,Bronze,Seasonal,Out of Home
110286,ХИЖА ГОРСКИ РАЙ ЕООД,Бургас,БУРГАС,Fast-food,Silver,Not Seasonal,Out of Home
105628,Х-Л ДИВЕСТА ЕООД,Бургас,СИНЕМОРЕЦ,Bar,Bronze,Seasonal,Out of Home
109356,ХОТЕЛ САНТАНА ЕООД,Варна,ТОПОЛИ,Fast-food,Bronze,Not Seasonal,Out of Home
107529,ПОЧИВНА СТАНЦИЯ НА БНБ РАЛИЦА ЕООД,Варна,ВАРНА,Restaurant,Silver,Not Seasonal,Out of Home
109042,ПОЧИВНА СТАНЦИЯ ЕООД,Бургас,ЧЕРНОМОРЕЦ,Hotels,Bronze,Seasonal,Out of Home
104812,БРИЛЯНС ЕООД,Варна,ВЕТРИНО,Cafe,Iron,Not Seasonal,Out of Home
110144,ЖУРНАЛИСТ ЕООД,Бургас,СЛЪНЧЕВ БРЯГ,Fast-food,Gold,Seasonal,Out of Home
111302,ХОТЕЛ ДЖАМБО ЕООД,Бургас,РАВДА,Fast-food,Silver,Seasonal,Out of Home
110185,Палм бийч хотел ЕООД,Варна,ВАРНА,Fast-food,Silver,Not Seasonal,Out of Home
105964,Хотел Бендита Маре ЕООД,Варна,ВАРНА,Fast-food,Silver,Not Seasonal,Out of Home
110844,Хотел Зора ЕООД,Варна,ВАРНА,Restaurant,Gold,Not Seasonal,Out of Home
105839,КЛУБ ПАРАДАЙЗ ПАРК ЕООД,Варна,ВАРНА,Fast-food,Silver,Not Seasonal,Out of Home
109043,Ресторант х-л Гардия ЕООД,Бургас,СОЗОПОЛ,Hotels,Bronze,Seasonal,Out of Home
110195,Хотел Зора ЕООД,Варна,ВАРНА,Fast-food,Iron,Not Seasonal,Out of Home
107516,ПОЧИВЕН ЕНЕРГО 1 ЕООД,Варна,ВАРНА,Restaurant,Gold,Not Seasonal,Out of Home
104974,ГРАНД ВИКТОРИЯ ЕООД,Варна,ВАРНА,Cafe,Bronze,Not Seasonal,Out of Home
108673,БРИЗ-РТ ЕООД,Бургас,НЕСЕБЪР,Hotels,Bronze,Seasonal,Out of Home
110554,ХОТЕЛ ПЛАЗА ЕООД,Бургас,ЧЕРНОМОРЕЦ,Fast-food,Silver,Seasonal,Out of Home
106364,Арт Хотел ЕООД,Варна,ВАРНА,Cafe,Silver,Seasonal,Out of Home
111295,ХОТЕЛ САНИЯ ЕООД,Бургас,НЕСЕБЪР,Fast-food,Gold,Seasonal,Out of Home
110680,ХОТЕЛ АТЛАНТ ЕООД,Бургас,РАВДА,Restaurant,Gold,Seasonal,Out of Home
108161,ХОТЕЛ ФАВОРИТ ЕООД,Бургас,КАРНОБАТ,Restaurant,Silver,Not Seasonal,Out of Home
109652,КОМПЛЕКС ЙО БЪЛГАРИЯ ЕООД,Варна,ВАРНА,Fast-food,Silver,Not Seasonal,Out of Home
110856,ХОТЕЛ ПИРАНЯ ЕООД,Бургас,НЕСЕБЪР,Restaurant,Gold,Seasonal,Out of Home
105880,Р-Т ЦЕНТРАЛ ЕООД,Бургас,БУРГАС,Fast-food,Bronze,Not Seasonal,Out of Home
111466,ХОТЕ ЛЮДО ЕООД,Варна,ВАРНА,Restaurant,Silver,Seasonal,Out of Home
109435,ХОТЕЛ ЛАКСО ЕООД,Бургас,БУРГАС,Fast-food,Silver,Not Seasonal,Out of Home
111313,АРИСТОКРАТ ХОТЕЛСКИ КОМПЛЕКС ЕООД,Бургас,НЕСЕБЪР,Fast-food,Gold,Not Seasonal,Out of Home
106835,СТАНЦИЯ ТИЛИЯ КК ЕООД,Бургас,СИНЕМОРЕЦ,Nightclub,Bronze,Seasonal,Out of Home
108139,HOTEL IMPERIA ЕООД,Бургас,ПОМОРИЕ,Restaurant,Silver,Seasonal,Out of Home
111683,Хотел Дуков ЕООД,Бургас,БУРГАС,Fast-food,Gold,Not Seasonal,Out of Home
105311,ХОТЕЛ БЕЛВЮ ЕООД,Варна,ВАРНА,Cafe,Gold,Not Seasonal,Out of Home
110854,Бохеми ЕООД,Бургас,НЕСЕБЪР,Restaurant,Bronze,Seasonal,Out of Home
111139,ТРИТЕ ДЕЛФИНА - ХОТЕЛ И СНЕК-БАР ЕООД,Варна,ВАРНА,Hotels,Silver,Not Seasonal,Out of Home
105369,КОМПЛЕКС ПАЙН ЕООД,Бургас,КАРНОБАТ,Cafe,Bronze,Not Seasonal,Out of Home
109559,ХОТЕЛ СИРЕНА ЕООД,Бургас,КАРНОБАТ,Fast-food,Iron,Not Seasonal,Out of Home
106431,ХОТЕЛ РИВА ЕООД,Варна,ВАРНА,Cafe,Iron,Not Seasonal,Out of Home
109941,В И К ЕООД,Варна,ВАРНА,Cafe,Bronze,Not Seasonal,Out of Home
109326,БАН ЕООД,Варна,ДЕВНЯ,Fast-food,Silver,Not Seasonal,Out of Home
111599,Х-Л АНИКСИ ЕООД,Варна,ЗЛАТНИ ПЯСЪЦИ,Fast-food,Gold,Seasonal,Out of Home
110232,ХОТЕЛ ЙО ЕООД,Варна,ВАРНА,Fast-food,Silver,Not Seasonal,Out of Home
109855,ХОТЕЛ ЕООД,Бургас,БУРГАС,Cafe,Iron,Not Seasonal,Out of Home
104978,ВОЕННА БАЗА ФЛАГМАН ЕООД,Варна,ВАРНА,Cafe,Silver,Not Seasonal,Out of Home
110304,ЕЛИНИС ЕООД,Бургас,БУРГАС,Fast-food,Bronze,Seasonal,Out of Home
100726,КОМПЛЕКС ТОНУС ЕООД,Добрич,ДОБРИЧ,Supermarket,Iron,Not Seasonal,At Home
107102,ПИСАТЕЛ ЕООД,Варна,ВАРНА,Superette,Iron,Not Seasonal,At Home
101839,ВИЛНО СЕЛИЩЕ РОБИНЗОН ЕООД,Добрич,ДОНЧЕВО,Local Shop,Bronze,Not Seasonal,At Home
103842,Х-Л АЛЕКТА ЕООД,Варна,ВАРНА,Local Shop,Bronze,Not Seasonal,At Home
107048,НАЗДРАВЕ ЕООД,Добрич,ДОБРИЧ,Superette,Gold,Not Seasonal,At Home
100394,Х-Л АТЛАНТ ЕООД,Добрич,ПЧЕЛАРОВО,Supermarket,Iron,Not Seasonal,At Home
107271,ХОТЕЛ ПИЕР ЕООД,Варна,ВАРНА,Hotels,Iron,Not Seasonal,At Home
109180,ХОТЕЛ-РЕСТОРАНТ АДМИРАЛ ЕООД,Бургас,КИТЕН,Hotels,Bronze,Seasonal,Out of Home
110618,АТЛАНТ ЕООД,Бургас,КИТЕН,Fast-food,Bronze,Seasonal,Out of Home
110616,ХОТЕЛ КАПИТОЛ ЕООД,Бургас,ПРИМОРСКО,Fast-food,Bronze,Seasonal,Out of Home
108424,ХОТЕЛ СВЕТИ ГЕОРГИ ЕООД,Бургас,ПРИМОРСКО,Restaurant,Bronze,Seasonal,Out of Home
109573,СТАНЦИЯ ЗОРА ЕООД,Бургас,РАВДА,Fast-food,Silver,Seasonal,Out of Home
104935,ХОТЕЛ  РУСАЛКА ЕООД,Бургас,БУРГАС,Cafe,Bronze,Not Seasonal,Out of Home
109533,ЕФОС ООД ЕООД,Бургас,БУРГАС,Fast-food,Silver,Not Seasonal,Out of Home
110289,ПАНОРАМА ЕООД,Бургас,НЕСЕБЪР,Fast-food,Gold,Seasonal,Out of Home
105508,НЕК ЕАД ЕООД,Бургас,ПРИМОРСКО,Cafe,Gold,Seasonal,Out of Home
107521,АДИС ЕООД,Варна,ВАРНА,Restaurant,Silver,Not Seasonal,Out of Home
105141,CITY HOTEL BURGAS ЕООД,Бургас,БУРГАС,Cafe,Silver,Not Seasonal,Out of Home
104886,ОБЛАСТНО ПЪТНО УПРАВЛЕНИЕ ЕООД,Варна,ПРОВАДИЯ,Cafe,Silver,Not Seasonal,Out of Home
109379,ХОТЕЛ ПЕРЛА-РЕСТОРАНТ ЕООД,Варна,ВАРНА,Fast-food,Bronze,Not Seasonal,Out of Home
109242,БЪЛГАРСКИ ПОЩИ ЕООД,Варна,ВАРНА,Bar,Bronze,Seasonal,Out of Home
111868,HOTEL VANILLA / ХОТЕЛ ВАНИЛА ЕООД,Добрич,ДОБРИЧ,Superette,Iron,Not Seasonal,At Home
106276,Р-Т ПАРК ЦЕНТРАЛ ЕООД,Варна,ВАРНА,Local Shop,Iron,Not Seasonal,At Home
101829,Х-Л ФИЕСТА ЕООД,Добрич,СМОЛНИЦА,Local Shop,Bronze,Not Seasonal,At Home
107284,НИАГАРА ЕООД,Добрич,ДОБРИЧ,Supermarket,Iron,Not Seasonal,At Home
105507,КС БМВ ЕООД,Бургас,БУРГАС,Cafe,Silver,Not Seasonal,Out of Home
106546,ПАРК ЕООД,Бургас,БУРГАС,Cafe,Silver,Not Seasonal,Out of Home
101939,GOLDEN TULIP ЕООД,Добрич,ПОРУЧИК ЧУНЧЕВО,Local Shop,Silver,Not Seasonal,At Home
111077,Х-Л МАДАРА ЕООД,Бургас,СЛЪНЧЕВ БРЯГ,Hotels,Silver,Seasonal,Out of Home
109353,АМЕЛИЯ ЕООД,Варна,ВАРНА,Fast-food,Silver,Not Seasonal,Out of Home
105170,ХОТЕЛ ПЕНЕКА ЕООД,Бургас,БУРГАС,Cafe,Bronze,Not Seasonal,Out of Home
110054,ХОТЕЛ ПАЛМС БИЙЧ ЕООД,Бургас,ПОМОРИЕ,Cafe,Iron,Not Seasonal,Out of Home
111183,Р- Т ДЪБЛИН ЕООД,Бургас,НЕСЕБЪР,Hotels,Gold,Seasonal,Out of Home
111173,ПАРАДАЙС ЕООД,Бургас,СВЕТИ ВЛАС,Hotels,Silver,Seasonal,Out of Home
109653,ХОТЕЛ ЛЕСО ЕООД,Варна,ВАРНА,Fast-food,Bronze,Not Seasonal,Out of Home
106412,КОМПЛЕКС КЛАРА ЕООД,Бургас,БУРГАС,Cafe,Bronze,Not Seasonal,Out of Home
110860,HOTEL SUNNY BAY ЕООД,Бургас,НЕСЕБЪР,Restaurant,Bronze,Not Seasonal,Out of Home
108423,КОМПЛЕКС РЕЛАКС ЕООД,Бургас,БУРГАС,Restaurant,Bronze,Not Seasonal,Out of Home
105313,ХОТЕЛ БЛУ БЕЙ ПАЛАС ЕООД,Варна,ВАРНА,Cafe,Iron,Not Seasonal,Out of Home
107305,ХОТЕЛ МИЛАНО ЕООД,Бургас,БУРГАС,Cafe,Iron,Not Seasonal,Out of Home
107505,БИСТРО ЕООД,Варна,ЗЛАТНИ ПЯСЪЦИ,Restaurant,Gold,Seasonal,Out of Home
104982,РЕСТОРАНТ СЪННИ БЕЙ ЕООД,Варна,ВАРНА,Cafe,Iron,Not Seasonal,Out of Home
110888,ХОТЕЛ АКВА ЕООД,Бургас,БУРГАС,Restaurant,Bronze,Not Seasonal,Out of Home
109545,ХОТЕЛ ГАРДЕНИЯ ЕООД,Бургас,БУРГАС,Fast-food,Bronze,Not Seasonal,Out of Home
111232,МЕДЖИК ЛАЙФ ООД ЕООД,Варна,ВАРНА,Hotels,Silver,Not Seasonal,Out of Home
111237,ХОТЕЛ ДИАНА ЕООД,Варна,ВАРНА,Hotels,Silver,Seasonal,Out of Home
107368,ХОТЕЛ ЕЛЕКТРА ЕООД,Варна,ОБЗОР,Restaurant,Bronze,Seasonal,Out of Home
106538,Комплекс Белите Платна ЕООД,Бургас,БУРГАС,Cafe,Bronze,Not Seasonal,Out of Home
111804,ХОТЕЛ ПАНОРАМА ЕООД,Бургас,БУРГАС,Bar,Silver,Not Seasonal,Out of Home
105626,Хотел Звезда ЕООД,Бургас,СИНЕМОРЕЦ,Bar,Bronze,Seasonal,Out of Home
106497,Х-Л МОРСКО КОНЧЕ ЕООД,Варна,ВАРНА,Cafe,Silver,Not Seasonal,Out of Home
105610,ХОТЕЛ ДУНАВ ЕООД,Бургас,НЕСЕБЪР,Bar,Bronze,Not Seasonal,Out of Home
107605,ХОТЕЛ ИНЕС ЕООД,Бургас,РАВДА,Restaurant,Silver,Seasonal,Out of Home
109357,ХОТЕЛ РЕЛАКС ЕООД,Варна,ВАРНА,Fast-food,Silver,Not Seasonal,Out of Home
111710,ХОТЕЛ ВИТА ВПД ЕООД,Варна,ВАРНА,Fast-food,Gold,Not Seasonal,Out of Home
107426,ХОТЕЛ РЕСТОРАНТ СТАСИ ЕООД,Бургас,СЛЪНЧЕВ БРЯГ,Restaurant,Gold,Seasonal,Out of Home
110837,ХОТЕЛ РЕСТОРАНТ БИНА ЕООД,Варна,ВАРНА,Restaurant,Gold,Not Seasonal,Out of Home
105833,ХОТЕЛ АЛЦИОНА БИЙЧ ЕООД,Варна,ВАРНА,Fast-food,Silver,Not Seasonal,Out of Home
105171,БАН ЕООД,Бургас,БУРГАС,Cafe,Silver,Not Seasonal,Out of Home
107572,ХОТЕЛ МЕЧТА ЕООД,Бургас,РАВДА,Restaurant,Silver,Seasonal,Out of Home
111403,Х-Л ВЛАДИСЛАВ ЕООД,Бургас,БУРГАС,Fast-food,Iron,Not Seasonal,Out of Home
112106,ХОТЕЛ ВИКТОРИЯ ЕООД,Бургас,БУРГАС,Superette,Iron,Seasonal,Out of Home
107716,ЛАГУНА ЕООД,Бургас,БУРГАС,Restaurant,Silver,Not Seasonal,Out of Home
109254,ХОТЕЛ АЙНЩАЙН ЕООД,Бургас,БУРГАС,Bar,Gold,Seasonal,Out of Home
109532,ЗДРАВЕЦ ЕООД,Бургас,БУРГАС,Fast-food,Silver,Not Seasonal,Out of Home
111707,ЕНЕРГО ЕООД,Варна,ВАРНА,Fast-food,Silver,Not Seasonal,Out of Home
107306,ЖУРНАЛИСТ ПЛАЖЕН БАР ЕООД,Бургас,ПОМОРИЕ,Cafe,Iron,Not Seasonal,Out of Home
110610,ГАЛЕРИЯ ЕООД,Бургас,БУРГАС,Fast-food,Silver,Not Seasonal,Out of Home
110814,Х-Л ЕКЗОТИКА ЕООД,Бургас,СЛЪНЧЕВ БРЯГ,Restaurant,Silver,Seasonal,Out of Home
111839,БДЖ БАЗА ЕООД,Бургас,БУРГАС,Restaurant,Silver,Not Seasonal,Out of Home
111468,ХОТЕЛ ХАЯТ ЕООД,Варна,ВАРНА,Restaurant,Silver,Not Seasonal,Out of Home
111815,ХОТЕЛ БУРОВ ЕООД,Бургас,БУРГАС,Bar,Silver,Not Seasonal,Out of Home
109024,ХОТЕЛ КРИСТАЛ ЕООД,Варна,ВАРНА,Hotels,Iron,Not Seasonal,Out of Home
106467,БЕНДИТА БАСЕЙН ЗЛ.ПЯСЪЦИ ЕООД,Варна,ПРОВАДИЯ,Cafe,Silver,Not Seasonal,Out of Home
107579,ГОЛДЪН БИЙЧ Х-Л ЗЛ.ПЯСЪЦИ ЕООД,Бургас,НЕСЕБЪР,Restaurant,Bronze,Not Seasonal,Out of Home
109359,Х-Л ПАНОРАМА ЕООД,Варна,ВАРНА,Fast-food,Bronze,Seasonal,Out of Home
109023,ЛОБИ БАР ДАЛИЯ ГАРДЪН ЕООД,Варна,ВАРНА,Hotels,Iron,Not Seasonal,Out of Home
107577,ХОТЕЛ АНЖИ ЕООД,Бургас,РАВДА,Restaurant,Bronze,Not Seasonal,Out of Home
111704,ХОТЕЛ БУТИК СПЛЕНДИД ЕООД,Бургас,БУРГАС,Fast-food,Silver,Not Seasonal,Out of Home
110475,СТАРЧЕСКА РЕЗИДЕНЦИЯ СЕРДИКА ЕООД,Варна,ВАРНА,Fast-food,Bronze,Not Seasonal,Out of Home
111078,ХОТЕЛ СВ ЕЛЕНА ЕООД,Бургас,СЛЪНЧЕВ БРЯГ,Hotels,Gold,Seasonal,Out of Home
111086,ТАРАМА ЕООД,Бургас,СЛЪНЧЕВ БРЯГ,Hotels,Gold,Seasonal,Out of Home
105106,ХОТЕЛ ДИЯНА ЕООД,Бургас,БУРГАС,Cafe,Bronze,Not Seasonal,Out of Home
111085,ХОТЕЛ ТИНТЯВА ЕООД,Бургас,СЛЪНЧЕВ БРЯГ,Hotels,Gold,Seasonal,Out of Home
107710,ЗЛАТНИ ПЯСЪЦИ-ХЛ ЛЮЛЯК ЕООД,Бургас,БУРГАС,Restaurant,Silver,Not Seasonal,Out of Home
109804,ХОТЕЛ МАРГАРИТА ЕООД,Бургас,ПОМОРИЕ,Hotels,Bronze,Not Seasonal,Out of Home
108152,РЕСТОРАНТ ЕООД,Бургас,ПОМОРИЕ,Restaurant,Silver,Seasonal,Out of Home
111811,Х-Л ПЛИСКА ЕООД,Бургас,ПОМОРИЕ,Bar,Silver,Seasonal,Out of Home
111850,ДЖОЯ ЕООД,Бургас,ПОМОРИЕ,Restaurant,Silver,Seasonal,Out of Home
105984,ПОЧИВНА БАЗА ЕООД,Бургас,ПОМОРИЕ,Fast-food,Silver,Seasonal,Out of Home
110252,СИНЧЕЦ ММ ЕООД ЕООД,Бургас,БУРГАС,Fast-food,Bronze,Not Seasonal,Out of Home
105084,КС РОЯЛ ЕООД,Бургас,БУРГАС,Cafe,Silver,Seasonal,Out of Home
110609,НЕПТУН ЕООД,Бургас,ПРИМОРСКО,Fast-food,Silver,Seasonal,Out of Home
107567,КАМПУС 90 ЕООД,Бургас,БУРГАС,Restaurant,Bronze,Not Seasonal,Out of Home
109995,ВЕМАРА СИТИ ЕООД,Бургас,БУРГАС,Cafe,Iron,Not Seasonal,Out of Home
107548,ХОТЕЛ ЕЛЕНА ЕООД,Бургас,РАВДА,Restaurant,Silver,Seasonal,Out of Home
105589,ХОТЕЛ АКВА ЕООД,Бургас,СЛЪНЧЕВ БРЯГ,Bar,Gold,Seasonal,Out of Home
106194,Х-Л ХОРИЗОНТ ЕООД,Бургас,КИТЕН,Fast-food,Silver,Seasonal,Out of Home
110112,ХОТЕЛ ЕООД,Варна,ОБЗОР,Fast-food,Silver,Seasonal,Out of Home
111795,Х-Л РАЙ ЕООД,Бургас,СВЕТИ ВЛАС,Bar,Bronze,Seasonal,Out of Home
111607,ХОТЕЛ МАРАЯ ЕООД,Варна,ЗЛАТНИ ПЯСЪЦИ,Fast-food,Gold,Seasonal,Out of Home
110109,ХОТЕЛ ЕООД,Варна,ОБЗОР,Fast-food,Silver,Seasonal,Out of Home
109691,ЛИЛИ БИЙЧ РЕЗОРТ ЕООД,Бургас,СОЗОПОЛ,Fast-food,Silver,Seasonal,Out of Home
101357,ОЛИВ ВИЛАС ЕООД,Бургас,БУРГАС,Nightclub,Bronze,Seasonal,Out of Home
109191,ХОТЕЛ ЕООД,Бургас,КИТЕН,Hotels,Silver,Seasonal,Out of Home
105024,ХОТЕЛ ЕООД,Варна,ВАРНА,Cafe,Bronze,Not Seasonal,Out of Home
110037,ХОТЕЛ ЕООД,Варна,ВАРНА,Cafe,Bronze,Not Seasonal,Out of Home
107503,ХОТЕЛ ЕООД,Варна,ВАРНА,Restaurant,Bronze,Not Seasonal,Out of Home
109817,ХОТЕЛ ЕООД,Бургас,БУРГАС,Cafe,Iron,Not Seasonal,Out of Home
110465,Х-Л ЛУКСОР ЕООД,Варна,ВАРНА,Fast-food,Gold,Not Seasonal,Out of Home
106479,ВИЛНО СЕЛИЩЕ БУКОВО ЕООД,Варна,ДЕВНЯ,Cafe,Bronze,Not Seasonal,Out of Home
111227,СЕМЕЕН ХОТЕЛ БЕЛХАУС ЕООД,Варна,ЗЛАТНИ ПЯСЪЦИ,Hotels,Gold,Seasonal,Out of Home
110194,КЪЩА ЗА ГОСТИ ДЕСИ ЕООД,Варна,ВАРНА,Fast-food,Bronze,Not Seasonal,Out of Home
111266,ВИЛА АСТРА НОВА ЕООД,Бургас,БУРГАС,Fast-food,Bronze,Not Seasonal,Out of Home
109009,ХОТЕЛ ВЕЛЕКА ЕООД,Варна,ВАРНА,Hotels,Bronze,Not Seasonal,Out of Home
100665,Х-Л СТЕФАНОВ ЕООД,Варна,ВАРНА,Supermarket,Iron,Not Seasonal,Out of Home
111181,ХОТЕЛ ОДИСЕЙ ЕООД,Бургас,НЕСЕБЪР,Hotels,Silver,Seasonal,Out of Home
105394,ХОТЕЛ ЕООД,Бургас,ПОМОРИЕ,Cafe,Bronze,Not Seasonal,Out of Home
104934,ХОТЕЛ АПОЛИС ЕООД,Бургас,БУРГАС,Cafe,Silver,Not Seasonal,Out of Home
106435,СТРАНДЖА ЕООД,Варна,ВАРНА,Cafe,Iron,Not Seasonal,Out of Home
111233,ХОТЕЛ ГОГОВ РЕСТОРАНТ ЕООД,Добрич,ВАРНА,Hotels,Silver,Seasonal,Out of Home
105314,Х-Л НЕВЕЛИНА ЕООД,Варна,ВАРНА,Cafe,Bronze,Not Seasonal,Out of Home
109657,Р-НТ ХАВАИ ЕООД,Варна,ВАРНА,Fast-food,Bronze,Seasonal,Out of Home
110310,ХОТЕЛ КАЛИСТО ЕООД,Бургас,БУРГАС,Fast-food,Bronze,Seasonal,Out of Home
105393,ХОТЕЛ ВИЛА ЛИСТ ЕООД,Бургас,ПОМОРИЕ,Cafe,Bronze,Not Seasonal,Out of Home
108645,ХОТЕЛ КРИСТИАНИ ЕООД,Бургас,РАВДА,Hotels,Silver,Seasonal,Out of Home
105042,АНТИЧЕН КЛАДЕНЕЦ ХОТЕЛ ЕООД,Варна,ВАРНА,Cafe,Bronze,Not Seasonal,Out of Home
109342,ХОТЕЛ ЛОГАТЕРО ЕООД,Бургас,БУРГАС,Fast-food,Bronze,Not Seasonal,Out of Home
105301,ХОТЕЛ ДЖИ ЕООД,Варна,ВАРНА,Cafe,Bronze,Not Seasonal,Out of Home
109333,КОМПЛЕКС АРМИРА ЕООД,Бургас,БУРГАС,Fast-food,Bronze,Not Seasonal,Out of Home
111602,ХОТЕЛ ЕООД,Варна,ВАРНА,Fast-food,Gold,Not Seasonal,Out of Home
111351,ХОТЕЛ ЮЖНА ПЕРЛА ЕООД,Варна,ВАРНА,Fast-food,Bronze,Not Seasonal,Out of Home
109956,ХОТЕЛ БЛЕК СИЙ ЕООД,Варна,БЕЛОСЛАВ,Cafe,Bronze,Seasonal,Out of Home
110410,ХОТЕЛ ЕООД,Бургас,ПОМОРИЕ,Fast-food,Bronze,Not Seasonal,Out of Home
108162,ХОТЕЛ БРИЗ ОДЕСА ЕООД,Бургас,БУРГАС,Restaurant,Bronze,Not Seasonal,Out of Home
109352,ХОТЕЛ КАВАЛЕР ЕООД,Варна,ВАРНА,Fast-food,Silver,Not Seasonal,Out of Home
110202,ХОТЕЛ ОНЕГИН ЕООД,Варна,ВАРНА,Fast-food,Bronze,Not Seasonal,Out of Home
105090,ХОТЕЛ ГАЛАТЕЯ ЕООД,Бургас,БУРГАС,Cafe,Bronze,Not Seasonal,Out of Home
111802,ХОТЕЛ ЕООД,Бургас,БУРГАС,Bar,Bronze,Not Seasonal,Out of Home
110079,ВИЛА КОМПАС ЕООД,Бургас,БУРГАС,Cafe,Bronze,Not Seasonal,Out of Home
109836,АКЛАДИ ЕООД,Варна,ВАРНА,Cafe,Bronze,Not Seasonal,Out of Home
104921,РЕСТОРАНТ ВКС ЕООД,Бургас,БУРГАС,Cafe,Iron,Not Seasonal,Out of Home
104926,ХОТЕЛ ГРАН ВИА ЕООД,Бургас,БУРГАС,Cafe,Iron,Not Seasonal,Out of Home
111442,ХОТЕЛ ЕООД,Бургас,БУРГАС,Restaurant,Silver,Not Seasonal,Out of Home
111088,ХОТЕЛ ВАРНАТА ЕООД,Бургас,СЛЪНЧЕВ БРЯГ,Hotels,Gold,Seasonal,Out of Home
111798,РОЯЛ БИЙЧ ЕООД,Варна,ВАРНА,Bar,Bronze,Not Seasonal,Out of Home
105494,ХОТЕЛ КАЛИТЕЯ ЕООД,Бургас,ФАКИЯ,Cafe,Bronze,Not Seasonal,Out of Home
105169,ХОТЕЛ ЕООД,Бургас,БУРГАС,Cafe,Bronze,Not Seasonal,Out of Home
109684,ХОТЕЛ ДЕЛТА ЕООД,Бургас,БУРГАС,Fast-food,Bronze,Not Seasonal,Out of Home
110790,АПОЛОНИЯ ПАЛАС ЕООД,Бургас,БУРГАС,Fast-food,Silver,Not Seasonal,Out of Home
108257,Х-Л ЗАМЪКА ЕООД,Бургас,БУРГАС,Restaurant,Bronze,Not Seasonal,Out of Home
109189,ХОТЕЛ ЕООД,Бургас,МАЛКО ТЪРНОВО,Hotels,Bronze,Not Seasonal,Out of Home
110483,Х-Л АТИВА ЕООД,Варна,ВАРНА,Fast-food,Bronze,Not Seasonal,Out of Home
111090,ХОТЕЛ СТРАЖИЦА ЕООД,Бургас,СЛЪНЧЕВ БРЯГ,Hotels,Gold,Seasonal,Out of Home
106372,Хотел Денз ЕООД,Бургас,БУРГАС,Cafe,Bronze,Not Seasonal,Out of Home
111267,Онегин ЕООД,Бургас,НЕСЕБЪР,Fast-food,Silver,Seasonal,Out of Home
110250,ХОТЕЛ БРИЛЯНТ ЕООД,Бургас,РАВДА,Fast-food,Bronze,Not Seasonal,Out of Home
109535,FAMILY HOTEL AMON RA ЕООД,Бургас,БУРГАС,Fast-food,Bronze,Not Seasonal,Out of Home
107658,ХОТЕЛ ВИЛА ОРИНДЖ ЕООД,Бургас,ЛОЗЕНЕЦ,Restaurant,Bronze,Seasonal,Out of Home
110203,ХОТЕЛ ЕООД,Варна,ВАРНА,Fast-food,Silver,Not Seasonal,Out of Home
111719,ХОТЕЛ МУЗИТЕ ЕООД,Варна,ВАРНА,Fast-food,Bronze,Not Seasonal,Out of Home
111467,ПАНОРАМА ЕООД,Варна,ВАРНА,Restaurant,Iron,Not Seasonal,Out of Home
105044,ХОТЕЛ ЕООД,Варна,ВАРНА,Cafe,Bronze,Not Seasonal,Out of Home
109566,ДАНИ БИЙЧ ЕООД,Бургас,ПОМОРИЕ,Fast-food,Bronze,Not Seasonal,Out of Home
110470,ХОТЕЛ АГАТА БИЙЧ ЕООД,Варна,ВАРНА,Fast-food,Silver,Not Seasonal,Out of Home
111519,ЮЖНА ПЕРЛА ХОТЕЛ ЕООД,Варна,ВАРНА,Restaurant,Silver,Not Seasonal,Out of Home
110774,МАРАЯ ЕООД,Варна,ВАРНА,Fast-food,Bronze,Not Seasonal,Out of Home
108729,ПАРАДАИЗ БЕЙ ЕООД,Бургас,ЛОЗЕНЕЦ,Hotels,Bronze,Seasonal,Out of Home
108604,АПОЛОНИЯ РИЗОРТ ЕООД,Бургас,СЛЪНЧЕВ БРЯГ,Hotels,Gold,Seasonal,Out of Home
110828,ЗЛАТНА ЗВЕЗДА ЕООД,Варна,ВАРНА,Restaurant,Bronze,Not Seasonal,Out of Home
108132,"ЧАСТЕН ДОМ, КЛИЕНТ КАФЕ ЕООД",Бургас,ПОМОРИЕ,Restaurant,Silver,Seasonal,Out of Home
107558,РОЯЛ МАРИНА БИЙЧ ЕООД,Бургас,НЕСЕБЪР,Restaurant,Gold,Seasonal,Out of Home
104925,ДЕЛТАТУР ЕООД ЕООД,Бургас,СТРАЦИН,Cafe,Bronze,Not Seasonal,Out of Home
107523,Х-Л РОМАНС ЕООД,Варна,ВАРНА,Restaurant,Bronze,Not Seasonal,Out of Home
110164,Х-Л АСТИ ЕООД,Бургас,БУРГАС,Fast-food,Iron,Not Seasonal,Out of Home
106193,ХОТЕЛ АПОЛОНИС ЕООД,Бургас,БУРГАС,Fast-food,Bronze,Not Seasonal,Out of Home
105966,ХОТЕЛ АДЕНА ЕООД,Варна,ВАРНА,Fast-food,Iron,Not Seasonal,Out of Home
108033,МОРСКА ЗВЕЗДА-М.РЕЙЗИ ЕТ ЕООД,Варна,ВАРНА,Restaurant,Silver,Seasonal,Out of Home
105768,ХОТЕЛ СИЙ СЕНС ЕООД,Бургас,БУРГАС,Fast-food,Bronze,Not Seasonal,Out of Home
111092,ХОТЕЛ РАЯ ЕООД,Бургас,СЛЪНЧЕВ БРЯГ,Hotels,Gold,Seasonal,Out of Home
110861,ХОТЕЛ МОРСКИ ЛЕГЕНДИ ЕООД,Бургас,НЕСЕБЪР,Restaurant,Gold,Seasonal,Out of Home
105041,Х-Л НАДЯ ЕООД,Варна,ВАРНА,Cafe,Silver,Seasonal,Out of Home
109590,ХОТЕЛ ВАЛЕНА ЕООД,Варна,ВАРНА,Fast-food,Gold,Not Seasonal,Out of Home
105977,Х-Л  ФЕНИКС ЕООД,Бургас,АЙТОС,Fast-food,Bronze,Not Seasonal,Out of Home
107675,ХОТЕЛ СИЕНА ХАУС ЕООД,Бургас,АХТОПОЛ,Restaurant,Bronze,Seasonal,Out of Home
110912,Х-Л ПАРНАС ЕООД,Бургас,ПРИМОРСКО,Restaurant,Silver,Seasonal,Out of Home
107672,БАР СОЗОПОЛИ ЕООД,Бургас,БУРГАС,Restaurant,Gold,Seasonal,Out of Home
109450,ХОТЕЛ ОДИСЕЙ НАД ЛОГАТЕРО ЕООД,Бургас,БУРГАС,Fast-food,Bronze,Seasonal,Out of Home
111500,ХОТЕЛ КОРАЛ ЕООД,Бургас,АХЕЛОЙ,Restaurant,Silver,Seasonal,Out of Home
108566,ХОТЕЛ КОРАЛ ЕООД,Варна,БЯЛА,Hotels,Silver,Seasonal,Out of Home
108594,ХОТЕЛ ЧЕРНОМОРЕЦ ЕООД,Бургас,СЛЪНЧЕВ БРЯГ,Hotels,Bronze,Seasonal,Out of Home
111454,ХОТЕЛ КРЕМИКОВЦИ ЕООД,Варна,ВАРНА,Restaurant,Silver,Not Seasonal,Out of Home
108147,ХОТЕЛ СЕЛЕНА ЕООД,Бургас,ПОМОРИЕ,Restaurant,Silver,Seasonal,Out of Home
110055,ХОТЕЛ БРИЗ ЕООД,Бургас,БУРГАС,Cafe,Bronze,Not Seasonal,Out of Home
110761,ХОТЕЛ ЧАЙКА ЕООД,Бургас,БУРГАС,Fast-food,Bronze,Not Seasonal,Out of Home
108611,ХОТЕЛ КОРАЛ ЕООД,Бургас,СВЕТИ ВЛАС,Hotels,Bronze,Seasonal,Out of Home
105687,ТАБАНОВ БИЙЧ ЕООД,Варна,ВАРНА,Bar,Gold,Seasonal,Out of Home
105965,К-С ММ ПУЛ БАР ЕООД,Варна,ВАРНА,Fast-food,Silver,Seasonal,Out of Home
104933,ПОЧИВНА БАЗА НА БНБ ЕООД,Бургас,СВЕТИ ВЛАС,Cafe,Silver,Seasonal,Out of Home
105863,Х-Л ОФИР ЕООД,Бургас,РАВДА,Fast-food,Bronze,Not Seasonal,Out of Home
105835,Х-Л СЪНДЕЙ ЕООД,Варна,ВАРНА,Fast-food,Bronze,Not Seasonal,Out of Home
107555,ХОТЕЛ РЕСТ.АСТРА ЕООД,Бургас,НЕСЕБЪР,Restaurant,Bronze,Not Seasonal,Out of Home
111416,ХОТЕЛ-РЕСОТРАНТ БРИЗ ЕООД,Бургас,КИТЕН,Fast-food,Silver,Seasonal,Out of Home
110611,ТПК РОПОТАМО ЕООД,Бургас,ПРИМОРСКО,Fast-food,Silver,Seasonal,Out of Home
110603,Х-Л БАРЕКС ЕООД,Бургас,КИТЕН,Fast-food,Silver,Seasonal,Out of Home
111859,ХОТЕЛ АНТАРЕС ЕООД,Бургас,СОЗОПОЛ,Restaurant,Silver,Seasonal,Out of Home
110579,Х-Л ЦЕНТРАЛ ЕООД,Бургас,СОЗОПОЛ,Fast-food,Silver,Seasonal,Out of Home
110558,ЕТНО КОМПЛЕКС ЕООД,Бургас,СОЗОПОЛ,Fast-food,Bronze,Seasonal,Out of Home
110305,ХОТЕЛ МОРСКА ВИЛА ЕООД,Бургас,ЦАРЕВО,Fast-food,Bronze,Seasonal,Out of Home
104927,ХОТЕЛ ФИЛЛАНД ЕООД,Бургас,БУРГАС,Cafe,Bronze,Not Seasonal,Out of Home
105088,ХОТЕЛ МОДЕВА ЕООД,Бургас,НЕСЕБЪР,Cafe,Bronze,Not Seasonal,Out of Home
107569,ОБЩ.ПРЕДПР.ПОЧИВ. ДЕЛО ХАСКОВО ЕООД,Бургас,НЕСЕБЪР,Restaurant,Silver,Seasonal,Out of Home
107327,ХЛ ОМАН ЕООД,Варна,ПРОВАДИЯ,Restaurant,Bronze,Not Seasonal,Out of Home
105743,КИНИ 2001 ООД ЕООД,Варна,ДЕВНЯ,Fast-food,Bronze,Not Seasonal,Out of Home
111597,Х-Л ПРИМОРСКО ЕООД,Бургас,СВЕТИ ВЛАС,Fast-food,Silver,Seasonal,Out of Home
104932,ХОТЕЛ КАМЕНЕЦ ЕООД,Бургас,СЛЪНЧЕВ БРЯГ,Cafe,Silver,Seasonal,Out of Home
110658,ХОТЕЛ М1 ЕООД,Бургас,СЛЪНЧЕВ БРЯГ,Restaurant,Gold,Seasonal,Out of Home
106196,ХОТЕЛ ПУЛИНА ЕООД,Бургас,БУРГАС,Fast-food,Silver,Seasonal,Out of Home
108417,ХОТЕЛ СВ.НИКОЛАЙ ЕООД,Бургас,ПРИМОРСКО,Restaurant,Gold,Seasonal,Out of Home
105335,Х-Л ОНИКС ЕООД,Варна,ВАРНА,Cafe,Bronze,Not Seasonal,Out of Home
108025,СВ ВАЛЕНТИН 1 ЕООД,Варна,ВАРНА,Restaurant,Gold,Seasonal,Out of Home
107440,ХОТЕЛ ГАРДЕНИЯ ЕООД,Бургас,СЛЪНЧЕВ БРЯГ,Restaurant,Gold,Seasonal,Out of Home
105710,Х-Л ОНЕГИН ЕООД,Бургас,БУРГАС,Bar,Bronze,Seasonal,Out of Home
109952,ХОТЕЛ ЮЛИЯ ЕООД,Варна,ВАРНА,Cafe,Gold,Not Seasonal,Out of Home
106795,ХОТЕЛ МЕТЕОРА ЕООД,Бургас,СЛЪНЧЕВ БРЯГ,Nightclub,Gold,Seasonal,Out of Home
105979,ПОЧИВНА СТАНЦИЯ МИНИСТ.СЪВЕТ ЕООД,Бургас,БУРГАС,Fast-food,Bronze,Not Seasonal,Out of Home
100454,ХОТЕЛ ЛАГУНА ЧЕРВЕНКА ЕООД,Бургас,РАВДА,Supermarket,Silver,Seasonal,At Home
105856,БУНГАЛА АСТ ЕООД,Бургас,НЕСЕБЪР,Fast-food,Bronze,Seasonal,Out of Home
111269,ХОТЕЛ СОЗОПОЛИС ЕООД,Бургас,СЛЪНЧЕВ БРЯГ,Fast-food,Gold,Seasonal,Out of Home
106067,ХОТЕЛ ФЛИРТ ЕООД,Варна,ВАРНА,Fast-food,Silver,Not Seasonal,Out of Home
110924,ХОТЕЛ ВАЛЕЕВ ЕООД,Бургас,БУРГАС,Restaurant,Silver,Not Seasonal,Out of Home
105862,ХОТЕЛ ЕООД,Бургас,РАВДА,Fast-food,Bronze,Seasonal,Out of Home
108035,ХОТЕЛ ТААЙ ЕООД,Варна,ВАРНА,Restaurant,Gold,Seasonal,Out of Home
106091,Х-Л ПЛАМЕНА ПАЛАС ЕООД,Бургас,СОЗОПОЛ,Fast-food,Bronze,Seasonal,Out of Home
109961,Х-Л СОЗОПОЛСКИ ПЕРЛИ ЕООД,Бургас,НЕСЕБЪР,Cafe,Bronze,Seasonal,Out of Home
107665,ПАРК ХОТЕЛ АТЛИМАН ЕООД,Бургас,АХТОПОЛ,Restaurant,Bronze,Seasonal,Out of Home
109964,РЕЗИДЕНЦИЯ АТИЯ ЕООД,Бургас,НЕСЕБЪР,Cafe,Bronze,Seasonal,Out of Home
106086,КОНТИНЕНТАЛ - 9000 ООД ЕООД,Бургас,СОЗОПОЛ,Fast-food,Bronze,Seasonal,Out of Home
109328,Х-Л КУИН НЕЛИ ЕООД,Бургас,СЛЪНЧЕВ БРЯГ,Fast-food,Bronze,Seasonal,Out of Home
109073,ЕКОТЕРМ-ПЕРЛА ООД ЕООД,Бургас,СОЗОПОЛ,Hotels,Bronze,Seasonal,Out of Home
109930,САЛЕНА БИЙЧ ЕООД,Варна,ВАРНА,Cafe,Bronze,Not Seasonal,Out of Home
108418,ПОЧИВЕН ДОМ НА БНТ КИТЕН ПОДЕЛЕНИЕ ЕООД,Бургас,КИТЕН,Restaurant,Silver,Seasonal,Out of Home
105903,ЗАХАРНА ФАБРИКА ПЛОВДИВ ЕООД,Бургас,БУРГАС,Fast-food,Bronze,Seasonal,Out of Home
105162,ГЛОБАЛ ГРУП ИНВЕСТМЪНТС ЕООД ЕООД,Бургас,ЦАРЕВО,Cafe,Bronze,Not Seasonal,Out of Home
110459,ХОТЕЛ НЕВА ЕООД,Варна,ВАРНА,Fast-food,Silver,Not Seasonal,Out of Home
106539,ЧИПЛАКОФФ ООД ЕООД,Бургас,БУРГАС,Cafe,Bronze,Not Seasonal,Out of Home
111350,ХОТЕЛ ЧАР ЕООД,Варна,ВАРНА,Fast-food,Bronze,Not Seasonal,Out of Home
107552,Х-Л КАЛИТЕЯ ЕООД,Бургас,НЕСЕБЪР,Restaurant,Bronze,Seasonal,Out of Home
110640,Домът на приключенията ЕООД,Варна,ДОЛНИ ЧИФЛИК,Restaurant,Bronze,Seasonal,Out of Home
105289,ХОТЕЛ МЕЛИА МАР ЕООД,Варна,ВАРНА,Cafe,Bronze,Not Seasonal,Out of Home
108026,СДО ОБЕКТ ЕООД,Варна,ВАРНА,Restaurant,Bronze,Not Seasonal,Out of Home
106520,ХОТЕЛ ДЪБАКА ЕООД,Варна,ВАРНА,Cafe,Bronze,Not Seasonal,Out of Home
111145,ХОТЕЛ СОЛЕ ЕООД,Варна,ВАРНА,Hotels,Silver,Not Seasonal,Out of Home
108030,ХОТЕЛ ЛИСТ ЛОБИ БАР ЕООД,Варна,ВАРНА,Restaurant,Gold,Seasonal,Out of Home
111715,ХОТЕЛ КАЛИСТО ЕООД,Варна,ВАРНА,Fast-food,Iron,Seasonal,Out of Home
109876,РЕХАБИЛИТАЦИЯ СВЕТА МИНА ЕООД,Бургас,СЛЪНЧЕВ БРЯГ,Restaurant,Bronze,Not Seasonal,Out of Home
105777,Р-Л АЛБА ЕООД,Бургас,БУРГАС,Fast-food,Bronze,Not Seasonal,Out of Home
110825,ХОТЕЛ РОЗА ЕООД,Варна,ДЕВНЯ,Restaurant,Silver,Not Seasonal,Out of Home
109367,ХОТЕЛ ЗЛАТНО ПАТЕ ЕООД,Варна,ВАРНА,Fast-food,Bronze,Not Seasonal,Out of Home
109276,КЪЩА ЗА ГОСТИ СЕБЪР ЕООД,Варна,ВАРНА,Bar,Gold,Seasonal,Out of Home
106000,ПОЧИВНА БАЗА ПУШКАРОВ ЕООД,Бургас,БУРГАС,Fast-food,Bronze,Not Seasonal,Out of Home
105389,Х-Л СОФИЯ ЕООД,Бургас,КАРНОБАТ,Cafe,Iron,Not Seasonal,Out of Home
105039,П С СРЕДЕЦ ЕООД,Варна,ВАРНА,Cafe,Bronze,Not Seasonal,Out of Home
107538,КОМПЛЕКС АНЕЛ ЕООД,Варна,ВАРНА,Restaurant,Gold,Not Seasonal,Out of Home
111388,КИТЕН БИЙЧ ЕООД,Варна,ВАРНА,Fast-food,Gold,Not Seasonal,Out of Home
110167,АРКУТИНО ФЕМИЛИ РЕЗОРТ ЕООД,Бургас,СЛЪНЧЕВ БРЯГ,Fast-food,Bronze,Seasonal,Out of Home
110086,ХОТЕЛ ПРИМОРСКО ЕООД,Бургас,СОЗОПОЛ,Cafe,Silver,Seasonal,Out of Home
106104,Х-Л КАНДРОВИ ЕООД,Бургас,СОЗОПОЛ,Fast-food,Silver,Seasonal,Out of Home
110302,Х-Л МАЛИНА ЕООД,Бургас,БУРГАС,Fast-food,Bronze,Seasonal,Out of Home
109919,"Х-Л,РЕСТ,БАРБЕК ЕООД",Бургас,СВЕТИ ВЛАС,Cafe,Bronze,Seasonal,Out of Home
109920,ХОТЕЛ БЕЛИЦА ЕООД,Бургас,СВЕТИ ВЛАС,Cafe,Silver,Seasonal,Out of Home
110262,Х-Л ЛОГАТЕРО ЕООД,Бургас,НЕСЕБЪР,Fast-food,Gold,Seasonal,Out of Home
110265,ЙОВКОВ И ЙОВКОВ ЕООД ЕООД,Бургас,РАВДА,Fast-food,Bronze,Seasonal,Out of Home
110923,ХОТЕЛ АНИТА ЕООД,Бургас,ПРИМОРСКО,Restaurant,Silver,Seasonal,Out of Home
108599,Х-Л ДАНИ БИЙЧ ЕООД,Бургас,СЛЪНЧЕВ БРЯГ,Hotels,Gold,Seasonal,Out of Home
104929,Х-Л ГОЛДЪН ПЛЕИС ЕООД,Бургас,БУРГАС,Cafe,Bronze,Not Seasonal,Out of Home
109608,Х-Л СВЕТИ НИКОЛА ЕООД,Варна,ВАРНА,Fast-food,Iron,Not Seasonal,Out of Home
110069,ПОЧИВНА СТАНЦИЯ РУГ ПАЗАРДЖИК ЕООД,Варна,ВАРНА,Cafe,Silver,Not Seasonal,Out of Home
105905,К-С ЖАСМИН-БОДУРОВ ЕООД,Бургас,АХТОПОЛ,Fast-food,Bronze,Seasonal,Out of Home
107669,Х-Л КОНКОРДИЯ ПЛАЗА 2 ЕООД,Бургас,БУРГАС,Restaurant,Silver,Not Seasonal,Out of Home
110903,ВОЕННА БАЗА 46400 ЕООД,Бургас,ЧЕРНОМОРЕЦ,Restaurant,Bronze,Seasonal,Out of Home
105363,ПОЧИВНА БАЗА МОРСКО УТРО ЕООД,Бургас,ЗЕТЬОВО,Cafe,Iron,Not Seasonal,Out of Home
104836,Х-Л ПЛОВДИВ ЕООД,Варна,ВАРНА,Cafe,Bronze,Not Seasonal,Out of Home
104937,Х-Л СТРИНАВА ЕООД,Бургас,СВЕТИ ВЛАС,Cafe,Silver,Seasonal,Out of Home
110584,ХОТЕЛ МАРИЯ ( С/У МВР СТАНЦИЯ) ЕООД,Бургас,БУРГАС,Fast-food,Silver,Not Seasonal,Out of Home
105357,АПОЛОНИЯ РЕЗОРТ ЕООД,Бургас,БУРГАС,Cafe,Gold,Not Seasonal,Out of Home
110868,ХОТЕЛ АЛБАТРОС ЕООД,Бургас,ЦАРЕВО,Restaurant,Bronze,Seasonal,Out of Home
108713,СТАНЦИЯ УНИКРЕДИТ БУЛБАНК ЕООД,Бургас,БУРГАС,Hotels,Bronze,Not Seasonal,Out of Home
111835,Х-Л ЗОНАРИТА ЕООД,Бургас,НЕСЕБЪР,Restaurant,Gold,Seasonal,Out of Home
110461,ХОТЕЛ ЕООД,Варна,ВАРНА,Fast-food,Iron,Not Seasonal,Out of Home
111724,ХОТЕЛ ФЛОРА ЕООД,Варна,ВАРНА,Fast-food,Bronze,Not Seasonal,Out of Home
108602,ЕОС ООД ЕООД,Бургас,СВЕТИ ВЛАС,Hotels,Silver,Seasonal,Out of Home
110925,МЕХАНА ФРАНГА ЕООД,Бургас,ПРИМОРСКО,Restaurant,Silver,Seasonal,Out of Home
110407,КОННА БАЗА ЕООД,Бургас,БУРГАС,Fast-food,Silver,Seasonal,Out of Home
109607,ЗАВЕДЕНИЕ ЕООД,Варна,ВАРНА,Fast-food,Bronze,Not Seasonal,Out of Home
106838,ШИМЕЛ ЕООД,Бургас,БУРГАС,Nightclub,Bronze,Seasonal,Out of Home
110671,ГОТВАЧИ ЕООД,Варна,ЗЛАТНИ ПЯСЪЦИ,Restaurant,Silver,Seasonal,Out of Home
110674,ДКС ЕООД,Варна,ЗЛАТНИ ПЯСЪЦИ,Restaurant,Silver,Seasonal,Out of Home
101339,КООПЕРАЦИЯ ЕООД,Варна,ВАРНА,Nightclub,Iron,Not Seasonal,Out of Home
107393,ПОБЕДА 6 ЕООД,Варна,ВАРНА,Restaurant,Bronze,Not Seasonal,Out of Home
111556,ПАЗАРА ДЕВНЯ ЕООД,Бургас,БУРГАС,Restaurant,Silver,Not Seasonal,Out of Home
106069,УУРЛАР ЕООД,Варна,ВАРНА,Fast-food,Silver,Not Seasonal,Out of Home
105708,ФАНАГОРИЯ ЕООД,Бургас,БУРГАС,Bar,Silver,Not Seasonal,Out of Home
111567,Макао ЕООД,Варна,ПРОВАДИЯ,Fast-food,Bronze,Not Seasonal,Out of Home
105080,ХАБИБИ ЕООД,Бургас,БУРГАС,Cafe,Bronze,Not Seasonal,Out of Home
110320,Банкетна зала Голдън Парк ЕООД,Бургас,БУРГАС,Fast-food,Bronze,Not Seasonal,Out of Home
107397,СЛАДКАРНИЧКАТА ЕООД,Варна,БЛИЗНАЦИ,Restaurant,Bronze,Not Seasonal,Out of Home
109838,ИНДИАН БАР ЕООД,Варна,ВАРНА,Cafe,Bronze,Not Seasonal,Out of Home
109591,СТОЛ ОБЩИНА ВАРНА ЕООД,Варна,ВАРНА,Fast-food,Silver,Not Seasonal,Out of Home
105497,ТИЧА ЕООД,Бургас,БУРГАС,Cafe,Bronze,Not Seasonal,Out of Home
105083,ЖОРО ЕООД,Бургас,АХЕЛОЙ,Cafe,Bronze,Not Seasonal,Out of Home
110758,ТЕАТЪР ЕООД,Бургас,БУРГАС,Fast-food,Bronze,Not Seasonal,Out of Home
111716,КОЛЕДЕН БАЗАР ЕООД,Варна,ВАРНА,Fast-food,Silver,Not Seasonal,Out of Home
111727,КЕСТЕНА ЕООД,Варна,ВАРНА,Fast-food,Gold,Not Seasonal,Out of Home
110298,ФАНТАСТИКО ЕООД,Бургас,БУРГАС,Fast-food,Bronze,Seasonal,Out of Home
109529,ИХА ХОП ЕООД,Бургас,БУРГАС,Fast-food,Iron,Not Seasonal,Out of Home
109324,ХАЙДУТИ ЕООД,Варна,ДЕВНЯ,Fast-food,Bronze,Not Seasonal,Out of Home
105167,СПОРТНА ЗАЛА ДКС ЕООД,Бургас,БУРГАС,Cafe,Bronze,Not Seasonal,Out of Home
111411,Сузи ЕООД,Бургас,БУРГАС,Fast-food,Bronze,Not Seasonal,Out of Home
109000,РОЗАРИУМЪТ ЕООД,Варна,ВАРНА,Hotels,Gold,Seasonal,Out of Home
106195,Аната ЕООД,Бургас,КИТЕН,Fast-food,Silver,Seasonal,Out of Home
105779,Клей пойнт тенис клуб ЕООД,Бургас,БУРГАС,Fast-food,Iron,Not Seasonal,Out of Home
111830,КОННА БАЗА ЕООД,Варна,ВАРНА,Restaurant,Bronze,Seasonal,Out of Home
109234,РИБЕН ФЕСТИВАЛ ЕООД,Варна,ВАРНА,Bar,Silver,Not Seasonal,Out of Home
111097,ФЕСТИВАЛ РИБА И ВИНО ЕООД,Бургас,СЛЪНЧЕВ БРЯГ,Hotels,Gold,Seasonal,Out of Home
111534,КАЙ 2019 ЕООД,Бургас,ПОМОРИЕ,Restaurant,Silver,Not Seasonal,Out of Home
105867,СВ.ГЕОРГИ ЕООД,Бургас,НЕСЕБЪР,Fast-food,Silver,Seasonal,Out of Home
105082,ЖО ВЕ ЕООД,Бургас,НЕСЕБЪР,Cafe,Bronze,Seasonal,Out of Home
109759,Фестивал Морска гара ЕООД,Варна,ОБЗОР,Hotels,Bronze,Seasonal,Out of Home
111222,Teen boom fest ЕООД,Варна,ВАРНА,Hotels,Silver,Seasonal,Out of Home
109539,ТИЙН БУУМ ФЕСТ ЕООД,Бургас,АЙТОС,Fast-food,Bronze,Seasonal,Out of Home
110053,ВАЛТРАНС ЕООД,Бургас,ПОМОРИЕ,Cafe,Silver,Seasonal,Out of Home
104930,ФЕСТИВАЛ ПАНТЕОНА ЕООД,Бургас,СВЕТИ ВЛАС,Cafe,Silver,Seasonal,Out of Home
109540,ПРИ МОНАХИНИТЕ ЕООД,Бургас,БУРГАС,Fast-food,Bronze,Not Seasonal,Out of Home
109552,ТАРТАЛЕТА ЕООД,Бургас,БУРГАС,Fast-food,Bronze,Not Seasonal,Out of Home
109802,ЕМНА ВЕНДИНГ ЕООД,Бургас,БУРГАС,Hotels,Bronze,Not Seasonal,Out of Home
111399,ENSO SUSHI (ЕНСО СУШИ) ГР.ВАРНА ЕООД,Бургас,СОЗОПОЛ,Fast-food,Silver,Seasonal,Out of Home
111225,РЕСТОРАНТ АЕТОС ЕООД,Варна,ВАРНА,Hotels,Gold,Seasonal,Out of Home
111581,КОМПЛЕКС ВОДОПАДА ЕООД,Варна,ВАРНА,Fast-food,Gold,Seasonal,Out of Home
111221,ВОЕНЕН СТОЛ ЕООД,Бургас,ЕЛЕНИТЕ,Hotels,Silver,Seasonal,Out of Home
105705,ПЛАЖЕН ТЕНИС ЕООД,Бургас,СОЗОПОЛ,Bar,Silver,Seasonal,Out of Home
107419,СВАТБЕП САЛОН ДИСЕЛ ЕООД,Бургас,СВЕТИ ВЛАС,Restaurant,Silver,Seasonal,Out of Home
101325,ВЕНДИНГ ЕООД,Варна,ВАРНА,Nightclub,Bronze,Not Seasonal,Out of Home
105037,Шато Бояр Поморие ЕООД,Варна,ВАРНА,Cafe,Bronze,Not Seasonal,Out of Home
110850,ИМПРЕСАРСКА КЪЩА ЕООД,Бургас,РАВДА,Restaurant,Bronze,Seasonal,Out of Home
111838,ВИП ЛЕТИЩЕ БУРГАС ЕООД,Бургас,НЕСЕБЪР,Restaurant,Gold,Seasonal,Out of Home
110635,ФК ФЕСТИВАЛИ ЕООД,Варна,ВАРНА,Restaurant,Silver,Not Seasonal,Out of Home
111553,КОМИТИ ЕООД,Бургас,СОЗОПОЛ,Restaurant,Gold,Seasonal,Out of Home
110602,БАЗАР МОРСКА ГАРА ЕООД,Бургас,БУРГАС,Fast-food,Bronze,Not Seasonal,Out of Home
111064,ИГРАЛНА ЗАЛА ЕООД,Бургас,СЛЪНЧЕВ БРЯГ,Hotels,Gold,Seasonal,Out of Home
111837,ЦУРИ ЕООД,Бургас,РАВДА,Restaurant,Silver,Seasonal,Out of Home
111836,ЦЕХ ПАРМИ ЕООД,Бургас,РАВДА,Restaurant,Gold,Seasonal,Out of Home
110606,ТОНИТО ЕООД,Бургас,БУРГАС,Fast-food,Iron,Not Seasonal,Out of Home
105506,ДВОРЬ ЕООД,Бургас,КИТЕН,Cafe,Bronze,Not Seasonal,Out of Home
106085,ТЕСИА ЕООД,Бургас,СОЗОПОЛ,Fast-food,Silver,Seasonal,Out of Home
111711,Н И Н СИСТЪРС ЕООД,Варна,ВАРНА,Fast-food,Iron,Seasonal,Out of Home
108131,ФИРМА ЗА ОРГАНИЗИРАНЕ НА СЪБИТИЯ ЕООД,Бургас,ПОМОРИЕ,Restaurant,Silver,Seasonal,Out of Home
111767,ФЕСТИВАЛ НА ПЯСЪЧНИТЕ ФИГУРИ ЕООД,Бургас,БУРГАС,Fast-food,Silver,Not Seasonal,Out of Home
105570,УВЕСЕЛИТЕЛЕН ПАРК ЕООД,Варна,БЯЛА,Bar,Bronze,Seasonal,Out of Home
106772,ПИВНИЦА ЕООД,Бургас,СЛЪНЧЕВ БРЯГ,Nightclub,Bronze,Seasonal,Out of Home
107415,КОЛЕДЕН БАЗАР ТРОЙКА ЕООД,Бургас,СЛЪНЧЕВ БРЯГ,Restaurant,Gold,Seasonal,Out of Home
105629,СВАТБЕНА ЗАЛА РОЗИ ЕООД,Бургас,ЛОЗЕНЕЦ,Bar,Silver,Seasonal,Out of Home
109101,ОБРЕДЕН КОМПЛЕКС ЕООД,Бургас,ЧЕРНОМОРЕЦ,Hotels,Bronze,Seasonal,Out of Home
110439,РЕЗВАЯ ЕООД,Бургас,БУРГАС,Fast-food,Silver,Not Seasonal,Out of Home
107423,Teen boom fest ЕООД,Бургас,СЛЪНЧЕВ БРЯГ,Restaurant,Silver,Seasonal,Out of Home
107422,ПЕКАРНА ТОП112 ЕООД,Бургас,СЛЪНЧЕВ БРЯГ,Restaurant,Gold,Seasonal,Out of Home
107421,СПАДЖИ СПАГЕТИ ЕООД,Бургас,СВЕТИ ВЛАС,Restaurant,Bronze,Seasonal,Out of Home
110451,ЧИЧО ХРАНКО ЕООД,Бургас,ПОМОРИЕ,Fast-food,Silver,Seasonal,Out of Home
110867,ПАВИЛИОН ЕООД,Бургас,ЦАРЕВО,Restaurant,Bronze,Seasonal,Out of Home
108693,ДОНЪТС КЛУБ ЕООД,Бургас,АХЕЛОЙ,Hotels,Silver,Seasonal,Out of Home
110494,BEYZADE ЕООД,Варна,ВАРНА,Fast-food,Bronze,Not Seasonal,Out of Home
110435,ТОПЛИ БАНИЧКИ ЕООД,Бургас,ПОМОРИЕ,Fast-food,Silver,Seasonal,Out of Home
110626,Пекарна Изгрев ЕООД,Бургас,КИТЕН,Fast-food,Silver,Seasonal,Out of Home
108254,ЕДОРАС ЕООД,Бургас,БУРГАС,Restaurant,Bronze,Not Seasonal,Out of Home
110624,Сладолед Хоризонт ЕООД,Бургас,ПРИМОРСКО,Fast-food,Silver,Seasonal,Out of Home
109989,ЗАКУСВАЛНЯ ЛОВНА СРЕЩА ЕООД,Бургас,БУРГАС,Cafe,Gold,Seasonal,Out of Home
110081,ПЕКАРНА ЕООД,Бургас,СОЗОПОЛ,Cafe,Silver,Seasonal,Out of Home
109808,КЛАС ПИЛЕ ЕООД,Варна,ВАРНА,Hotels,Bronze,Not Seasonal,Out of Home
106087,Плевенски закуски ЕООД,Бургас,СОЗОПОЛ,Fast-food,Bronze,Seasonal,Out of Home
105016,Пекарна ЕООД,Варна,ВАРНА,Cafe,Silver,Not Seasonal,Out of Home
105594,ПЕДРО ЕООД,Варна,ЗЛАТНИ ПЯСЪЦИ,Bar,Gold,Seasonal,Out of Home
107566,Сладолед до Номад ЕООД,Бургас,НЕСЕБЪР,Restaurant,Gold,Seasonal,Out of Home
105172,ПРОТЕИНОВ СВЯТ ЕООД,Бургас,ЛОЗЕНЕЦ,Cafe,Bronze,Seasonal,Out of Home
109011,ПЕКАРНА ЕООД,Варна,ВАРНА,Hotels,Bronze,Seasonal,Out of Home
107424,Палачинки ЕООД,Бургас,СВЕТИ ВЛАС,Restaurant,Bronze,Seasonal,Out of Home
110159,СЛАДКАРНИЦА ЕООД,Бургас,СЛЪНЧЕВ БРЯГ,Fast-food,Silver,Seasonal,Out of Home
107411,БАРАКАТА ЕООД,Бургас,СЛЪНЧЕВ БРЯГ,Restaurant,Silver,Seasonal,Out of Home
107442,СЛАДКАРНИЦА ЕООД,Бургас,СЛЪНЧЕВ БРЯГ,Restaurant,Silver,Seasonal,Out of Home
111771,Закуски ЕООД,Бургас,КИТЕН,Fast-food,Silver,Seasonal,Out of Home
111304,НАДИТАС ЕООД,Бургас,НЕСЕБЪР,Fast-food,Gold,Seasonal,Out of Home
107437,Пекарна ЕООД,Бургас,СЛЪНЧЕВ БРЯГ,Restaurant,Gold,Seasonal,Out of Home
111770,СУИТ МЕДЖИК ЕООД,Бургас,КИТЕН,Fast-food,Silver,Seasonal,Out of Home
107557,ТЕО ЕООД,Бургас,НЕСЕБЪР,Restaurant,Silver,Seasonal,Out of Home
107559,ЕМАНУИЛ96 ЕООД ЕООД,Бургас,НЕСЕБЪР,Restaurant,Gold,Seasonal,Out of Home
107355,ЧОЧО ПЕКАРНА ЕООД,Варна,КАМЧИЯ,Restaurant,Bronze,Seasonal,Out of Home
106495,ЛАФКА ЕООД,Варна,ВАРНА,Cafe,Iron,Not Seasonal,Out of Home
110637,ПЕКАРНА ЧОЧО ЕООД,Варна,КАМЧИЯ,Restaurant,Bronze,Seasonal,Out of Home
110646,ЗИЯ ЕООД,Варна,ОБЗОР,Restaurant,Gold,Seasonal,Out of Home
110449,ПЕКАРНА ЕООД,Бургас,ПОМОРИЕ,Fast-food,Silver,Seasonal,Out of Home
111470,ЗАКУСКИ ВКУСНО ОРИНДЖ ЕООД,Варна,ВАРНА,Restaurant,Bronze,Not Seasonal,Out of Home
106494,ПЕКАРНА ЗИЯ ЕООД,Варна,ВАРНА,Cafe,Gold,Not Seasonal,Out of Home
104924,БАНИЧАРНИЦА ЕООД,Бургас,БУРГАС,Cafe,Silver,Seasonal,Out of Home
109898,ПЕКАРНА ВИНКИС ЕООД,Варна,ВАРНА,Cafe,Silver,Not Seasonal,Out of Home
109186,ЗАКУСВАЛНЯ ПРИЯТЕЛИ ЕООД,Бургас,ПРИМОРСКО,Hotels,Gold,Seasonal,Out of Home
110619,ЗАКУСВАЛНЯ ВКУСНО ЕООД,Бургас,ПРИМОРСКО,Fast-food,Silver,Seasonal,Out of Home
110294,СЛАДОЛЕД РАФИ ЕООД,Бургас,РАВДА,Fast-food,Silver,Seasonal,Out of Home
107547,ТАСГАР ЕООД,Бургас,НЕСЕБЪР,Restaurant,Bronze,Seasonal,Out of Home
110917,ЗАКУСКИ ПАНОРАМА ЕООД,Бургас,ПРИМОРСКО,Restaurant,Bronze,Seasonal,Out of Home
105697,ЯДКИ ТОРНАДО ЕООД,Бургас,ПОМОРИЕ,Bar,Bronze,Seasonal,Out of Home
110436,ПЕКАРНА СТАДИОНА ЕООД,Бургас,ПОМОРИЕ,Fast-food,Silver,Seasonal,Out of Home
110324,НАШАТА ПЕКАРНА ЕООД,Бургас,СИНЕМОРЕЦ,Fast-food,Bronze,Seasonal,Out of Home
110174,ЗИА ЕООД,Бургас,БУРГАС,Fast-food,Bronze,Not Seasonal,Out of Home
110264,ПЕКАРНА ЕООД,Бургас,АХЕЛОЙ,Fast-food,Bronze,Seasonal,Out of Home
109209,ПЕКАРНА САБИН ЕООД,Бургас,ПРИМОРСКО,Hotels,Silver,Seasonal,Out of Home
110578,ПАВИЛИОН ВКУСНО ЕООД,Бургас,БУРГАС,Fast-food,Iron,Not Seasonal,Out of Home
110600,ПЕКАРНА ЕООД,Бургас,БУРГАС,Fast-food,Iron,Not Seasonal,Out of Home
107431,ЗИА ЕООД,Бургас,СВЕТИ ВЛАС,Restaurant,Bronze,Seasonal,Out of Home
109927,БЕЙКЪРИ КИНГ ЕООД,Варна,ВАРНА,Cafe,Iron,Not Seasonal,Out of Home
111240,ЕСАШ ЗАКУСКИ ЕООД,Бургас,СОЗОПОЛ,Hotels,Gold,Seasonal,Out of Home
110192,МЕЛИ ЕООД,Варна,ОБЗОР,Fast-food,Bronze,Seasonal,Out of Home
106185,КОСМОС ЕООД,Бургас,КИТЕН,Fast-food,Silver,Seasonal,Out of Home
110466,ПАВИЛИОНА ЕООД,Варна,ВАРНА,Fast-food,Bronze,Not Seasonal,Out of Home
109208,СОФИ ЕООД,Бургас,КИТЕН,Hotels,Silver,Seasonal,Out of Home
111722,Кафене Макао ЕООД,Варна,ВАРНА,Fast-food,Bronze,Not Seasonal,Out of Home
110914,КАФЕНЕ ЕООД,Бургас,ПРИМОРСКО,Restaurant,Silver,Seasonal,Out of Home
110084,ПЕКАРНА ЕООД,Бургас,ЧЕРНОМОРЕЦ,Cafe,Bronze,Seasonal,Out of Home
111778,ЧОЧО ЕООД,Бургас,ПРИМОРСКО,Fast-food,Silver,Seasonal,Out of Home
111797,Пекарна Класик ЕООД,Варна,ЗЛАТНИ ПЯСЪЦИ,Bar,Silver,Seasonal,Out of Home
106816,ПЕКАРНА СОФИ ЕООД,Бургас,СВЕТИ ВЛАС,Nightclub,Silver,Seasonal,Out of Home
106767,КРАСИ ЕООД,Бургас,СЛЪНЧЕВ БРЯГ,Nightclub,Bronze,Seasonal,Out of Home
107550,ПЕКАРНА ЕООД,Бургас,НЕСЕБЪР,Restaurant,Gold,Seasonal,Out of Home
110272,ЧОЧО ЕООД,Бургас,НЕСЕБЪР,Fast-food,Gold,Seasonal,Out of Home
105495,СИЛВИ ЕООД,Бургас,ЧЕРНОМОРЕЦ,Cafe,Bronze,Seasonal,Out of Home
108411,ПЕКАРНИ ДЖОЙ ЕООД,Бургас,ПРИМОРСКО,Restaurant,Silver,Seasonal,Out of Home
107703,БУТКА ЧАЙКА ДО ГИМНАЗИЯТА ЕООД,Бургас,ЦАРЕВО,Restaurant,Bronze,Seasonal,Out of Home
110443,ПЕКАРНА ГАЛА ЕООД,Бургас,ПОМОРИЕ,Fast-food,Bronze,Seasonal,Out of Home
110866,ПЕКАРНА ЕООД,Бургас,ЛОЗЕНЕЦ,Restaurant,Bronze,Seasonal,Out of Home
111568,БЪРЗО ХРАНЕНЕ ЕООД,Варна,ОБЗОР,Fast-food,Bronze,Seasonal,Out of Home
107701,ПЕКАРНИ СОФИ ЕООД,Бургас,ЛОЗЕНЕЦ,Restaurant,Bronze,Seasonal,Out of Home
109127,БЪРЗА ЗАКУСКА ЕООД,Бургас,ПРИМОРСКО,Hotels,Silver,Seasonal,Out of Home
101332,ДИЛАЙТ ЕООД,Бургас,СЛЪНЧЕВ БРЯГ,Nightclub,Silver,Seasonal,Out of Home
110099,ПЕКАРНА ХАПКАТА ЕООД,Бургас,ПРИМОРСКО,Cafe,Silver,Seasonal,Out of Home
106837,КОЗУНАЧЕНИ КОМИНЧЕТА ЕООД,Бургас,ЦАРЕВО,Nightclub,Bronze,Seasonal,Out of Home
104837,БАЙ БИСЕР ЕООД,Варна,ВАРНА,Cafe,Silver,Not Seasonal,Out of Home
110629,БРЕЙНСТОРМ АКАДЕМИ ЕООД ЕООД,Варна,БЯЛА,Restaurant,Bronze,Seasonal,Out of Home
111258,ДИЛАЙТ ЕООД,Варна,БЯЛА,Fast-food,Bronze,Seasonal,Out of Home
107443,ПАВИЛИОН ЕООД,Бургас,СЛЪНЧЕВ БРЯГ,Restaurant,Bronze,Seasonal,Out of Home
109629,ПЕКАРНА ПАРМАКСЪЗОВ ЕООД,Варна,ВАРНА,Fast-food,Bronze,Not Seasonal,Out of Home
105751,ПЕКАРНА СОФИ ЕООД,Варна,ОБЗОР,Fast-food,Silver,Seasonal,Out of Home
111385,КОФЕКАП БГ ЕООД ЕООД,Варна,ВАРНА,Fast-food,Bronze,Not Seasonal,Out of Home
110905,ПЕКАРНА ПАРМЪКСОЗОВ ЕООД,Бургас,ЧЕРНОМОРЕЦ,Restaurant,Bronze,Seasonal,Out of Home
108413,ПЕКАРНА ПАРМАКСЪЗОВ ЕООД,Бургас,КИТЕН,Restaurant,Silver,Seasonal,Out of Home
109099,ПРИ ЙОНКО ЕООД,Бургас,СОЗОПОЛ,Hotels,Bronze,Seasonal,Out of Home
110564,KARAMEL COFFEE&CROISSANT ЕООД,Бургас,СОЗОПОЛ,Fast-food,Bronze,Seasonal,Out of Home
101385,ЧОГИ ЕООД,Бургас,ПРИМОРСКО,Nightclub,Silver,Seasonal,Out of Home
111554,ПАРМАКСЪЗОВ ЕООД,Бургас,СОЗОПОЛ,Restaurant,Silver,Not Seasonal,Out of Home
111246,ПЕКАРНА СТЕФАНИ ЕООД,Бургас,КИТЕН,Hotels,Silver,Seasonal,Out of Home
106184,ГЕРА 008 ЕООД ЩАНД ВИЕНСКО КОЛЕЛО ЕООД,Бургас,КИТЕН,Fast-food,Silver,Seasonal,Out of Home
109706,ЩАСТЛИВАТА ПЕКАРНА ЕООД,Бургас,ЧЕРНОМОРЕЦ,Fast-food,Bronze,Seasonal,Out of Home
109922,БМКЦ ВМУ ЕООД,Бургас,СЛЪНЧЕВ БРЯГ,Cafe,Silver,Seasonal,Out of Home
110441,НА БАБА ЕООД,Бургас,БУРГАС,Fast-food,Silver,Not Seasonal,Out of Home
105359,АТИ 78 ЕООД,Бургас,БУРГАС,Cafe,Silver,Seasonal,Out of Home
110454,ЛАФКА ЕООД,Бургас,АЙТОС,Fast-food,Silver,Not Seasonal,Out of Home
109784,ПЕКАРНА ГАЛА ЕООД,Бургас,НЕСЕБЪР,Hotels,Bronze,Seasonal,Out of Home
108716,ПЕКАРНА БАБА ВЕСИ ЕООД,Бургас,ЛОЗЕНЕЦ,Hotels,Silver,Not Seasonal,Out of Home
104931,ФУРНА ДОБРУДЖАНКА ЕООД,Бургас,СВЕТИ ВЛАС,Cafe,Silver,Seasonal,Out of Home
107530,ЛАКОМОТО ЕООД,Варна,ЗЛАТНИ ПЯСЪЦИ,Restaurant,Gold,Seasonal,Out of Home
109921,БАЙ БИСЕР ЕООД,Бургас,СЛЪНЧЕВ БРЯГ,Cafe,Silver,Seasonal,Out of Home
107551,ПЕКАРНА ЧОЧО ЕООД,Бургас,РАВДА,Restaurant,Bronze,Seasonal,Out of Home
108695,ПЕКАРНА ЛАКОМОТО ЕООД,Бургас,РАВДА,Hotels,Bronze,Seasonal,Out of Home
107439,ПЕКАРНА СОФИ ЕООД,Бургас,СЛЪНЧЕВ БРЯГ,Restaurant,Bronze,Seasonal,Out of Home
100302,КАФЕ ОЛЕ ЕООД,Бургас,ПОМОРИЕ,Local Shop,Silver,Seasonal,Out of Home
110442,ЧОЧО ЕООД,Бургас,ПОМОРИЕ,Fast-food,Silver,Seasonal,Out of Home
110915,ПЕКАРНА СОФИ ЕООД,Бургас,ДЮНИ,Restaurant,Bronze,Seasonal,Out of Home
109753,ПЕКАРНИ СТЕАНИ ЕООД,Варна,БЯЛА,Hotels,Bronze,Seasonal,Out of Home
106757,ПЕКАРНА ЖОНЕЛ ЕООД,Варна,БЯЛА,Nightclub,Bronze,Seasonal,Out of Home
109296,ПЕКАРНА ДЕНИСЛАВ ЕООД,Варна,ОБЗОР,Fast-food,Silver,Seasonal,Out of Home
109133,БАНИЧАРНИЦА НАЗИ ЕООД,Бургас,ПРИМОРСКО,Hotels,Silver,Seasonal,Out of Home
106183,пекарна Алевре ЕООД,Бургас,ПРИМОРСКО,Fast-food,Bronze,Seasonal,Out of Home
108696,ХАРНА ПЕКАРНА ЕООД,Бургас,РАВДА,Hotels,Silver,Seasonal,Out of Home
109218,БАНИЧАРНИЦА ЕООД,Бургас,ПРИМОРСКО,Hotels,Silver,Seasonal,Out of Home
111095,ПЕКАРНА ВКУСНО ЕООД,Бургас,НЕСЕБЪР,Hotels,Silver,Seasonal,Out of Home
111079,БАНИЧКИ ВИТО ЕООД,Бургас,НЕСЕБЪР,Hotels,Silver,Seasonal,Out of Home
111098,НАСЛАДА2025 ЕООД ЕООД,Бургас,НЕСЕБЪР,Hotels,Silver,Seasonal,Out of Home
111587,ЗАКУСВАЛНЯ ПОСЕЙДОН ЕООД,Бургас,СЛЪНЧЕВ БРЯГ,Fast-food,Silver,Seasonal,Out of Home
110091,ЗИЯ ЕООД,Бургас,СОЗОПОЛ,Cafe,Bronze,Seasonal,Out of Home
110092,ПЕКАРНА КАКАО ЕООД,Бургас,СОЗОПОЛ,Cafe,Silver,Seasonal,Out of Home
106836,КАФЕ КРОНОШПАН ЕООД,Бургас,АХТОПОЛ,Nightclub,Bronze,Seasonal,Out of Home
105099,АНТОНКО ЕООД,Бургас,НЕСЕБЪР,Cafe,Gold,Seasonal,Out of Home
106819,ПАЛАЧИНКИ ЕООД,Бургас,РАВДА,Nightclub,Bronze,Seasonal,Out of Home
111775,МИСТЪР ХЕЛТИ ЕООД,Бургас,ПРИМОРСКО,Fast-food,Silver,Seasonal,Out of Home
105592,Bakery Balkan ЕООД,Варна,ВАРНА,Bar,Gold,Not Seasonal,Out of Home
108597,КАФЕ ЕООД,Бургас,КОШАРИЦА,Hotels,Bronze,Seasonal,Out of Home
106769,БАНИЧАРНИЦА М/У РАВДА И НЕСЕБЪР С/У ЕООД,Бургас,СЛЪНЧЕВ БРЯГ,Nightclub,Bronze,Seasonal,Out of Home
104856,Вкусно ЕООД,Варна,ВАРНА,Cafe,Iron,Not Seasonal,Out of Home
104838,"Банички, Баничарница на Моста ЕООД",Варна,ВАРНА,Cafe,Iron,Not Seasonal,Out of Home
108401,Пекарната 2020 ЕООД,Бургас,ПРИМОРСКО,Restaurant,Silver,Seasonal,Out of Home
111296,ПЕКАРНА ЯТ ЕООД,Бургас,НЕСЕБЪР,Fast-food,Silver,Seasonal,Out of Home
109729,Пекарна Равда ЕООД,Варна,ЗЛАТНИ ПЯСЪЦИ,Superette,Gold,Seasonal,Out of Home
110605,Домашна пекарна ПогачатЪ ЕООД,Бургас,ПРИМОРСКО,Fast-food,Silver,Seasonal,Out of Home
110743,ФОРНЕТИ ЕООД,Варна,ВАРНА,Fast-food,Bronze,Not Seasonal,Out of Home
109745,БЪРЗА ЗАКУСКА ЕООД,Бургас,КАРНОБАТ,Superette,Bronze,Seasonal,Out of Home
109574,ПЕКАРНА ГУСТО ЕООД,Бургас,ПОМОРИЕ,Fast-food,Silver,Seasonal,Out of Home
111813,ЯДКИ ТОРНАДО ЕООД,Бургас,ПОМОРИЕ,Bar,Bronze,Not Seasonal,Out of Home
105630,ПРИЯТЕЛИ ЕООД,Бургас,ЛОЗЕНЕЦ,Bar,Silver,Seasonal,Out of Home
110507,МАРКЕТО ЕООД,Варна,ВАРНА,Fast-food,Silver,Not Seasonal,Out of Home
111547,ПЕКАРНА ЕСПЕРАНТО ЕООД,Бургас,СОЗОПОЛ,Restaurant,Gold,Seasonal,Out of Home
110910,ДЖЕЙЕЛПИ ЕООД,Бургас,ПРИМОРСКО,Restaurant,Silver,Seasonal,Out of Home
110189,БАНИЧАРНИЦА ЕООД,Варна,ШКОРПИЛОВЦИ,Fast-food,Bronze,Seasonal,Out of Home
109255,ФУРНАТА ЕООД,Бургас,БУРГАС,Bar,Silver,Seasonal,Out of Home
110901,Сладолед Кремона ЕООД,Бургас,ЧЕРНОМОРЕЦ,Restaurant,Silver,Seasonal,Out of Home
109744,БЪРЗА ЗАКУСКА ЕООД,Бургас,БУРГАС,Superette,Bronze,Seasonal,Out of Home
108992,ПАВИЛИОН ЗАКУСКИ ЕООД,Варна,ВАРНА,Hotels,Bronze,Seasonal,Out of Home
105100,Фрайдей ЕООД,Бургас,РАВДА,Cafe,Silver,Seasonal,Out of Home
105601,ПИАР ЕН ДЖИ ЕООД,Варна,ВАРНА,Bar,Silver,Not Seasonal,Out of Home
108697,ЗАКУСКИ ЕООД,Бургас,РАВДА,Hotels,Bronze,Seasonal,Out of Home
111175,При Пепи ЕООД,Бургас,СВЕТИ ВЛАС,Hotels,Silver,Seasonal,Out of Home
110279,БАНИЧАРНИЦА ЕООД,Бургас,НЕСЕБЪР,Fast-food,Bronze,Seasonal,Out of Home
106451,СЛАДОЛЕД МОСТА ЕООД,Бургас,РАВДА,Cafe,Bronze,Not Seasonal,Out of Home
110398,ПАЛАЧИНКИ ЕООД,Бургас,БУРГАС,Fast-food,Silver,Not Seasonal,Out of Home
109252,СЛАДОЛЕД ЕООД,Бургас,БУРГАС,Bar,Silver,Seasonal,Out of Home
106496,ОАЗИС ЕООД,Варна,ВАРНА,Cafe,Bronze,Not Seasonal,Out of Home
109270,ЗАКУСКИ ЕООД,Бургас,БУРГАС,Bar,Silver,Seasonal,Out of Home
110484,ПАЛАЧИНКИТЕ ЕООД,Варна,ВАРНА,Fast-food,Gold,Not Seasonal,Out of Home
107501,ПЕКАРНА ЕООД,Варна,ШКОРПИЛОВЦИ,Restaurant,Bronze,Seasonal,Out of Home
108422,СЛАДОЛЕД ЕООД,Бургас,КИТЕН,Restaurant,Silver,Seasonal,Out of Home
103992,СЛ ПАМУЦИ 0305 ЕООД ЕООД,Бургас,ИНДЖЕ ВОЙВОДА,Local Shop,Bronze,Not Seasonal,At Home
110301,Пекарна Ники ЕООД,Бургас,АХТОПОЛ,Fast-food,Bronze,Seasonal,Out of Home
109316,ПАЛАЧИНКИ ЕООД,Варна,ОБЗОР,Fast-food,Bronze,Seasonal,Out of Home
105366,Fashion ЕООД,Бургас,БУРГАС,Cafe,Bronze,Not Seasonal,Out of Home
110457,ЗАКУСКИ ЕООД,Варна,ВАРНА,Fast-food,Silver,Not Seasonal,Out of Home
110576,Хелена Фууд Бар ЕООД,Бургас,СОЗОПОЛ,Fast-food,Silver,Seasonal,Out of Home
106181,КАФЕ СЛАДКАРНИЦА ЕООД,Бургас,ПРИМОРСКО,Fast-food,Silver,Seasonal,Out of Home
110188,ПЕКАРНА ДАРИ ЕООД,Варна,ОБЗОР,Fast-food,Bronze,Seasonal,Out of Home
106070,Пекарна Джакомо ЕООД,Варна,ВАРНА,Fast-food,Iron,Not Seasonal,Out of Home
111091,Пепита ЕООД,Бургас,СЛЪНЧЕВ БРЯГ,Hotels,Silver,Seasonal,Out of Home
111810,СЛАДОЛЕД ЕООД,Бургас,БУРГАС,Bar,Silver,Not Seasonal,Out of Home
105353,БАНИЧАРНИЦА ЕООД,Бургас,БУРГАС,Cafe,Bronze,Not Seasonal,Out of Home
106050,Печен Картоф ЕООД,Варна,ВАРНА,Fast-food,Bronze,Not Seasonal,Out of Home
110802,ПАЛАЧИНКИ ЕООД,Варна,СВ СВ КОНСТАНТИН И ЕЛЕНА,Restaurant,Bronze,Not Seasonal,Out of Home
110613,БЪРЗО ХРАНЕНЕ ЕООД,Бургас,АТИЯ,Fast-food,Bronze,Seasonal,Out of Home
108419,БАНИЧАРНИЦА ЕООД,Бургас,АТИЯ,Restaurant,Silver,Not Seasonal,Out of Home
110834,БЪРЗА ЗАКУСКА ЗЛАТНО ПИЛЕ ЕООД,Варна,ДЕВНЯ,Restaurant,Silver,Not Seasonal,Out of Home
110630,БАНИЧАРНИЦА ЕООД,Варна,ВАРНА,Restaurant,Bronze,Not Seasonal,Out of Home
111408,БЪРЗА ЗАКУСКА СКОРПИОН ЕООД,Бургас,ЧЕРНОМОРЕЦ,Fast-food,Bronze,Seasonal,Out of Home
109585,Пекарна Ивет ЕООД,Варна,ВАРНА,Fast-food,Silver,Not Seasonal,Out of Home
104839,ЗАКУСВАЛНЯ ЗЛАТОГРАД 1 ЕООД,Варна,ВАРНА,Cafe,Bronze,Not Seasonal,Out of Home
110889,ЗАКУСВАЛНЯ ЕООД,Бургас,КАРНОБАТ,Restaurant,Bronze,Not Seasonal,Out of Home
109935,ЗИЯ ЕООД,Варна,ВАРНА,Cafe,Silver,Not Seasonal,Out of Home
104840,ВИТО ЕООД,Варна,ВАРНА,Cafe,Silver,Seasonal,Out of Home
110894,ФУРНА ФКУСНО ЕООД,Бургас,ПОМОРИЕ,Restaurant,Bronze,Seasonal,Out of Home
110886,ЗАКУСВАЛНЯ ЕООД,Бургас,ПОМОРИЕ,Restaurant,Silver,Seasonal,Out of Home
106065,ПЕКАРНА КОРОНА ЕООД,Варна,ВАРНА,Fast-food,Iron,Not Seasonal,Out of Home
111387,ВИНКИС ЕООД,Варна,ВАРНА,Fast-food,Bronze,Not Seasonal,Out of Home
109025,ТЕЗГЯХ ЕООД,Варна,ВАРНА,Hotels,Silver,Seasonal,Out of Home
105093,КАРАВАНАТА ЕООД,Бургас,БУРГАС,Cafe,Bronze,Not Seasonal,Out of Home
111621,ПАЛАЧИНКИ ЕООД,Бургас,НЕСЕБЪР,Fast-food,Bronze,Seasonal,Out of Home
110488,БАНИЧАРНИЦА ЕООД,Варна,ВАРНА,Fast-food,Gold,Not Seasonal,Out of Home
109600,ФУРНА ФЕЙТ ЕООД,Варна,ВАРНА,Fast-food,Bronze,Not Seasonal,Out of Home
110527,ЗИЯ ЕООД,Варна,ВАРНА,Fast-food,Silver,Not Seasonal,Out of Home
105401,ПАЛАЧИНКИ ЕООД,Бургас,БУРГАС,Cafe,Gold,Not Seasonal,Out of Home
105491,БЪРЗО ХРАНЕНЕ БУРГАСМЕД ЕООД,Бургас,ЧЕРНОМОРЕЦ,Cafe,Bronze,Seasonal,Out of Home
104841,КОМПЛЕКС ОАЗИС ЕООД,Варна,ВАРНА,Cafe,Bronze,Seasonal,Out of Home
109609,БАНИЧАРНИЦА ЕООД,Варна,ВАРНА,Fast-food,Bronze,Seasonal,Out of Home
111409,ХАРНА ПЕКАРНА ЕООД,Бургас,ЧЕРНОМОРЕЦ,Fast-food,Bronze,Seasonal,Out of Home
111853,ВИНКИС ЕООД,Варна,ВАРНА,Restaurant,Silver,Not Seasonal,Out of Home
108270,ФУРНЕТИ ЕООД,Бургас,СОЗОПОЛ,Restaurant,Bronze,Seasonal,Out of Home
108269,ПИЦАРИЯ КРАСИ ЕООД,Бургас,СОЗОПОЛ,Restaurant,Bronze,Seasonal,Out of Home
110222,ПЕКАРНА ЛИЛИ ЕООД,Варна,БЕЛОСЛАВ,Fast-food,Bronze,Not Seasonal,Out of Home
109593,ПАЛАЧИНКИ ИВА ЕООД,Варна,ВАРНА,Fast-food,Iron,Not Seasonal,Out of Home
109392,ДЮНЕРИ ЕООД,Варна,ВАРНА,Fast-food,Bronze,Not Seasonal,Out of Home
110858,ВЕСЕЛАТА БАНИЧАРНИЦА ЕООД,Бургас,НЕСЕБЪР,Restaurant,Silver,Seasonal,Out of Home
108598,КАРАВАНА ПУЕРТО РИКО ЕООД,Бургас,СВЕТИ ВЛАС,Hotels,Silver,Seasonal,Out of Home
106589,ДЕНИЦА ЕООД,Варна,ВАРНА,Cafe,Bronze,Not Seasonal,Out of Home
111374,ЗАКУСКИ КОКИ 2011 ЕООД,Варна,ВАРНА,Fast-food,Iron,Seasonal,Out of Home
109843,ПЕКАРНА И КАФЕ ЗИА BAKERY AND CAFE​ ЕООД,Бургас,БУРГАС,Cafe,Bronze,Not Seasonal,Out of Home
107510,ДЮНЕР АГРОКОНСУЛТ ЕООД,Варна,ВАРНА,Restaurant,Bronze,Not Seasonal,Out of Home
110916,Харна Пекарна Демокрация ЕООД,Бургас,ПРИМОРСКО,Restaurant,Silver,Seasonal,Out of Home
109693,ВАФЛАКИ РАФИ ЕООД,Бургас,СОЗОПОЛ,Fast-food,Gold,Seasonal,Out of Home
106414,БАНИЧАРНИЦА МАТЕВ ЕООД,Бургас,БУРГАС,Cafe,Bronze,Not Seasonal,Out of Home
110689,ЗАКУСКИ ЕООД,Бургас,ЛОЗЕНЕЦ,Restaurant,Bronze,Seasonal,Out of Home
108218,ЗАКУСКИ ЕООД,Варна,ВАРНА,Restaurant,Silver,Not Seasonal,Out of Home
106454,Bake Shop ЕООД,Варна,ВАРНА,Cafe,Bronze,Not Seasonal,Out of Home
109683,VALENTINKA BAKERY&SWEETS ЕООД,Бургас,БУРГАС,Fast-food,Silver,Not Seasonal,Out of Home
105166,СТРАНДЖАНКИ АФ АРАБАДЖИЕВ ЕООД,Бургас,БУРГАС,Cafe,Bronze,Not Seasonal,Out of Home
108415,Turkish Bakery ЕООД,Бургас,БУРГАС,Restaurant,Bronze,Not Seasonal,Out of Home
106453,ПАНАЧИНКИ ЕООД,Варна,АКСАКОВО,Cafe,Iron,Not Seasonal,Out of Home
109010,ПИЦАРЕЛА ЕООД,Варна,ВАРНА,Hotels,Bronze,Not Seasonal,Out of Home
105487,ПЕКАРНА ИГЛИКА ЕООД,Бургас,СОЗОПОЛ,Cafe,Silver,Seasonal,Out of Home
108300,БАНИЧАРНИЦА ЕООД,Бургас,БУРГАС,Restaurant,Bronze,Not Seasonal,Out of Home
107526,БАБЪЛ ЕООД,Варна,ВАРНА,Restaurant,Bronze,Not Seasonal,Out of Home
111229,ПИЦАРЕЛА ЕООД,Варна,ВАРНА,Hotels,Gold,Seasonal,Out of Home
105022,ЗАКУСКИ ЕООД,Варна,БЯЛА,Cafe,Silver,Not Seasonal,Out of Home
109596,ПАВ.ДИГ ЕООД,Варна,ВАРНА,Fast-food,Bronze,Not Seasonal,Out of Home
109933,ПЕКАРНА ЖОНЕЛ ЕООД,Варна,ДЕВНЯ,Cafe,Bronze,Not Seasonal,Out of Home
105447,ЕТ ГЮЛЖИ ГЮЛТЕН АХМЕД ЕООД,Варна,ВАРНА,Cafe,Bronze,Not Seasonal,Out of Home
110464,ЗАКУСВАЛНЯ ЗЕЛЧИН ЕООД,Варна,ВАРНА,Fast-food,Bronze,Not Seasonal,Out of Home
110463,ПЕКАРНА СИНАЯ ЕООД,Варна,ВАРНА,Fast-food,Bronze,Seasonal,Out of Home
111550,ПАВИЛИОН ЗАКУСКИ ЕООД,Бургас,БУРГАС,Restaurant,Silver,Not Seasonal,Out of Home
106041,НИКИРО ЕООД,Варна,ВАРНА,Fast-food,Bronze,Not Seasonal,Out of Home
110462,ПЕКАРНА БУРГАСКА БАНИЦА ЕООД,Варна,ВАРНА,Fast-food,Bronze,Not Seasonal,Out of Home
107706,ПЕКАРНА ЗИА ЕООД,Бургас,БУРГАС,Restaurant,Bronze,Seasonal,Out of Home
108222,БАНИЧАРНИЦА ЗОРНИЦА ЕООД,Варна,ВАРНА,Restaurant,Silver,Seasonal,Out of Home
106593,ПЕКАРНА КЪТЧЕТО НА МЕГ ЕООД,Варна,ВАРНА,Cafe,Gold,Not Seasonal,Out of Home
111311,ЗАКУСВАЛНЯ ЕООД,Бургас,НЕСЕБЪР,Fast-food,Bronze,Seasonal,Out of Home
105693,БАНИЧАРНИЦА КАРИ ЕООД,Бургас,СОЗОПОЛ,Bar,Bronze,Seasonal,Out of Home
105557,ФОРНЕТИ ЕООД,Бургас,БУРГАС,Cafe,Silver,Not Seasonal,Out of Home
111263,СЕВЪН 90 ЕООД,Бургас,БУРГАС,Fast-food,Bronze,Seasonal,Out of Home
106403,Speedline ЕООД,Варна,ВАРНА,Cafe,Iron,Not Seasonal,Out of Home
110056,СЛАДОЛЕДИ РАШКО ЕООД,Бургас,БУРГАС,Cafe,Iron,Seasonal,Out of Home
110405,ТУРСКА ЗАКУСВАЛНЯ ЕООД,Бургас,БУРГАС,Fast-food,Bronze,Not Seasonal,Out of Home
110460,ЗАКУСКИ ДЕСИ ЕООД,Варна,ВАРНА,Fast-food,Silver,Not Seasonal,Out of Home
107425,МИНУЕЛ ЕООД,Бургас,СЛЪНЧЕВ БРЯГ,Restaurant,Bronze,Not Seasonal,Out of Home
106582,ФОРНЕТИ ЕООД,Бургас,КАРНОБАТ,Cafe,Bronze,Not Seasonal,Out of Home
109862,ЗАКУСКИ ДЕСИ ЕООД,Варна,ВАРНА,Cafe,Silver,Not Seasonal,Out of Home
110299,ТЕЗГЯХ ЕООД,Бургас,БУРГАС,Fast-food,Bronze,Not Seasonal,Out of Home
109857,ПЕКАРНА ДИАМАНТ ЕООД,Бургас,БУРГАС,Cafe,Bronze,Not Seasonal,Out of Home
110062,КАЛНИ БАНИ ЕООД,Варна,ВАРНА,Cafe,Gold,Not Seasonal,Out of Home
106829,ПАЛАЧИНКИ ПАНТАСТИК ЕООД,Бургас,БУРГАС,Nightclub,Bronze,Not Seasonal,Out of Home
101349,ХАРНА ПЕКАРНА ЕООД,Бургас,МЕДОВО,Nightclub,Iron,Not Seasonal,Out of Home
110911,ЯДКИ ТОРНАДО ЕООД,Бургас,КИТЕН,Restaurant,Bronze,Not Seasonal,Out of Home
107478,БЪРЗО ХРАНЕНЕ ЕООД,Бургас,СВЕТИ ВЛАС,Restaurant,Bronze,Not Seasonal,Out of Home
108153,ЗАКУСКИ СИМИТ САРАЙ ЕООД,Бургас,ПОМОРИЕ,Restaurant,Silver,Not Seasonal,Out of Home
106459,ПАЛАЧИНКИ ЕООД,Варна,ВАРНА,Cafe,Bronze,Not Seasonal,Out of Home
105811,Добро утро ЕООД,Варна,ВАРНА,Fast-food,Bronze,Not Seasonal,Out of Home
111224,Закуски ЕООД,Варна,ВАРНА,Hotels,Gold,Seasonal,Out of Home
105440,МЕКИЦИ ЕООД,Варна,ВАРНА,Cafe,Silver,Not Seasonal,Out of Home
106514,ЗАКУСКИ ЕООД,Варна,ВАРНА,Cafe,Bronze,Not Seasonal,Out of Home
111973,CHIMNEY WORLD PM ЕООД,Ямбол,ЯМБОЛ,Local Shop,Iron,Not Seasonal,At Home
106048,ОЛИМП ЕООД,Варна,ВАРНА,Fast-food,Silver,Not Seasonal,Out of Home
104842,Пекарна и кафе Зиа L ЕООД,Варна,ВАРНА,Cafe,Silver,Not Seasonal,Out of Home
110781,ЗАКУСКИ ПРИЯТЕЛИ ЕООД,Варна,ВАРНА,Fast-food,Bronze,Not Seasonal,Out of Home
108219,РА БУРГЕР ЕООД,Варна,ВАРНА,Restaurant,Silver,Not Seasonal,Out of Home
110467,ГАЛЧИН ЕООД,Варна,ВАРНА,Fast-food,Silver,Not Seasonal,Out of Home
107736,Кафе НОЙЛ /бензиностанция/ ЕООД,Бургас,БУРГАС,Restaurant,Bronze,Not Seasonal,Out of Home
110458,ПАЛАЧИНКИ БОТАБАРА ЕООД,Варна,ВАРНА,Fast-food,Silver,Not Seasonal,Out of Home
111757,НЕМСКА ПЕКАРНА МАЙЕРС ЕООД,Бургас,БУРГАС,Fast-food,Bronze,Not Seasonal,Out of Home
111365,ПЕКАРНА ЗОРНИЦА ЕООД,Варна,ВАРНА,Fast-food,Bronze,Not Seasonal,Out of Home
110135,РЕСТОРАНТ ПИЦАРИЯ ЕООД,Варна,ВАРНА,Fast-food,Gold,Seasonal,Out of Home
111752,ФУРНА ЛАЗУР ЕООД,Варна,ВАРНА,Fast-food,Gold,Not Seasonal,Out of Home
107568,Хрупкавият рак ЕООД,Бургас,НЕСЕБЪР,Restaurant,Gold,Seasonal,Out of Home
110098,Пекарна Равена ЕООД,Бургас,ПРИМОРСКО,Cafe,Iron,Not Seasonal,Out of Home
105775,ЛИЛИ БАКАЛОВА ЕООД,Бургас,БУРГАС,Fast-food,Bronze,Seasonal,Out of Home
105563,ПЕКАРНА ВИНКИС ЕООД,Варна,ВАРНА,Bar,Silver,Not Seasonal,Out of Home
111147,Пици и Мекици ЕООД,Варна,ВАРНА,Hotels,Silver,Seasonal,Out of Home
109562,ПЕКАРНА ЛИНБО ЕООД,Бургас,БУРГАС,Fast-food,Iron,Not Seasonal,Out of Home
111528,Храна за дома Зузи ЕООД,Бургас,БУРГАС,Restaurant,Silver,Not Seasonal,Out of Home
109870,ДИВИДО ООД ЕООД,Бургас,БУРГАС,Cafe,Bronze,Not Seasonal,Out of Home
109692,Изгрев ЕООД,Бургас,БУРГАС,Fast-food,Bronze,Not Seasonal,Out of Home
109567,ПЕКАРНИ ИЗГРЕВ ЕООД,Бургас,БУРГАС,Fast-food,Iron,Not Seasonal,Out of Home
105091,Пекарна Чочо ЕООД,Бургас,БУРГАС,Cafe,Bronze,Not Seasonal,Out of Home
109569,Изгрев ЕООД,Бургас,БУРГАС,Fast-food,Iron,Not Seasonal,Out of Home
108302,ПЕКАРНА ЧОЧО ЕООД,Бургас,СОЗОПОЛ,Restaurant,Silver,Seasonal,Out of Home
108972,Изгрев ЕООД,Бургас,БУРГАС,Hotels,Bronze,Not Seasonal,Out of Home
108969,При Краси ЕООД,Бургас,БУРГАС,Hotels,Iron,Not Seasonal,Out of Home
110059,ЧОЧО ЕООД,Варна,ВАРНА,Cafe,Iron,Not Seasonal,Out of Home
105107,Стефани ЕООД,Бургас,НЕСЕБЪР,Cafe,Bronze,Seasonal,Out of Home
109485,ЧОЧО ЕООД,Бургас,БУРГАС,Fast-food,Gold,Seasonal,Out of Home
110604,ХАРНА ПЕКАРНА ЕООД,Бургас,ПРИМОРСКО,Fast-food,Bronze,Not Seasonal,Out of Home
110419,ИЗГРЕВ ЕООД,Бургас,ПОМОРИЕ,Fast-food,Bronze,Not Seasonal,Out of Home
106475,ПЕКАРНА ИЗГРЕВ ЕООД,Варна,ВАРНА,Cafe,Bronze,Not Seasonal,Out of Home
111501,ПЕКАРНА СОФИ ЕООД,Бургас,РАВДА,Restaurant,Silver,Not Seasonal,Out of Home
111615,Пекарна Гала ЕООД,Варна,ПРОВАДИЯ,Fast-food,Bronze,Not Seasonal,Out of Home
105448,КАФЕ МЕТРО ЕООД,Варна,ВАРНА,Cafe,Silver,Not Seasonal,Out of Home
110309,ПАРМАКСЪЗОВ ЕООД,Бургас,БУРГАС,Fast-food,Bronze,Seasonal,Out of Home
110506,Чичо Митко ЕООД,Варна,ВАРНА,Fast-food,Bronze,Not Seasonal,Out of Home
111065,ПЕКАРНА СТЕЛИ ЕООД,Бургас,ПРИМОРСКО,Hotels,Gold,Seasonal,Out of Home
105591,МИКИ ЕООД,Варна,БЯЛА,Bar,Silver,Seasonal,Out of Home
109375,Пекарна Изгрев - Чаталджа ЕООД,Варна,ВАРНА,Fast-food,Bronze,Not Seasonal,Out of Home
111424,КараванаТА ЕООД,Варна,ВАРНА,Restaurant,Silver,Not Seasonal,Out of Home
105831,РАДИБРЕД ЕООД,Варна,ВАРНА,Fast-food,Gold,Not Seasonal,Out of Home
105883,Пекарна Изгрев ЕООД,Бургас,НЕСЕБЪР,Fast-food,Silver,Seasonal,Out of Home
111548,Гюзлеме Чаталджа ЕООД,Бургас,СОЗОПОЛ,Restaurant,Silver,Seasonal,Out of Home
105974,Шед ЕООД,Бургас,КАРНОБАТ,Fast-food,Bronze,Not Seasonal,Out of Home
105096,ПЕКАРНА КЛИНИКА НОВА ЕООД,Бургас,БУРГАС,Cafe,Bronze,Not Seasonal,Out of Home
110679,ИЗГРЕВ ЕООД,Варна,ДОЛНИ ЧИФЛИК,Restaurant,Bronze,Seasonal,Out of Home
105882,стефани ЕООД,Бургас,НЕСЕБЪР,Fast-food,Silver,Seasonal,Out of Home
106395,ПЕКАРНА ЕООД,Варна,ВАРНА,Cafe,Bronze,Not Seasonal,Out of Home
111546,ЛАВКА ДКЦ ЕООД,Бургас,СОЗОПОЛ,Restaurant,Gold,Seasonal,Out of Home
111545,ЩАСТЛИВАТА ПЕКАРНА ЕООД,Бургас,СОЗОПОЛ,Restaurant,Silver,Seasonal,Out of Home
107754,Мики ЕООД,Бургас,АХТОПОЛ,Restaurant,Bronze,Seasonal,Out of Home
110061,ПЕКАРНА СТЕФАНИ ЕООД,Варна,ВАРНА,Cafe,Gold,Not Seasonal,Out of Home
111333,ЛАФКА ЕООД,Бургас,СЛЪНЧЕВ БРЯГ,Fast-food,Gold,Seasonal,Out of Home
108133,GRILL CHICKEN ЕООД,Бургас,ПОМОРИЕ,Restaurant,Silver,Seasonal,Out of Home
105270,Пекарна Аксаково ЕООД,Бургас,СВЕТИ ВЛАС,Cafe,Silver,Seasonal,Out of Home
109448,ДВЕТЕ ЛЕЛИ ЕООД,Бургас,БУРГАС,Fast-food,Silver,Seasonal,Out of Home
110063,ПЕКАРНА СЛАДКА ХАПКА ТЕХНИКУМИ ЕООД,Варна,ВАРНА,Cafe,Bronze,Not Seasonal,Out of Home
103373,BAKERY BREAKFAST SPOT ЕООД,Варна,ЦАРИЧИНО,Local Shop,Bronze,Not Seasonal,At Home
107312,ЗЛАТНОТО ЗРЪНЦЕ ЕООД,Варна,ВАРНА,Restaurant,Bronze,Not Seasonal,Out of Home
107903,РУЧЕЙЧЕ ЕООД,Бургас,ТЪНКОВО,Restaurant,Bronze,Seasonal,Out of Home
106530,СЛАДКОПЕКАРНА ЕООД,Бургас,НЕСЕБЪР,Cafe,Silver,Seasonal,Out of Home
105079,ДИВОТО БРАШНО ЕООД,Бургас,БУРГАС,Cafe,Bronze,Not Seasonal,Out of Home
110375,ФУРНИЛ ЕООД,Бургас,ГОРИЦА,Fast-food,Bronze,Not Seasonal,Out of Home
110500,ЧУДЕСНО И ЛЕСНО ЕООД,Варна,ВАРНА,Fast-food,Gold,Not Seasonal,Out of Home
111782,ПЕКАРНА ЕКЛЕРИЯ ЕООД,Бургас,ПРИМОРСКО,Fast-food,Silver,Seasonal,Out of Home
111410,КАТМИТИ ЕООД,Бургас,ПРИМОРСКО,Fast-food,Silver,Seasonal,Out of Home
107473,ДИВОТО БРАШНО ЕООД,Бургас,СВЕТИ ВЛАС,Restaurant,Silver,Seasonal,Out of Home
108998,БАН ЕООД,Варна,ВАРНА,Hotels,Silver,Seasonal,Out of Home
107560,ПЕКАРНА СТЕФАНИ ЕООД,Бургас,АХЕЛОЙ,Restaurant,Bronze,Not Seasonal,Out of Home
109908,ПЕКАРНА ЛЬО ФУРНИЛ ЕООД,Бургас,СВЕТИ ВЛАС,Cafe,Silver,Seasonal,Out of Home
110650,КАФЕ ОЛЕ ЕООД,Бургас,СЛЪНЧЕВ БРЯГ,Restaurant,Gold,Seasonal,Out of Home
111789,ЛА ПАНЧО ЕООД,Варна,ВАРНА,Bar,Iron,Not Seasonal,Out of Home
111638,ГЛАДНОТО КЮФТЕ ЕООД,Бургас,ЦАРЕВО,Fast-food,Bronze,Seasonal,Out of Home
106187,#ШЕФ@ ЕООД,Бургас,ПРИМОРСКО,Fast-food,Silver,Seasonal,Out of Home
105439,БОЛЯРСКИ МЕКИЦИ ЕООД,Варна,ВАРНА,Cafe,Silver,Not Seasonal,Out of Home
109437,ПЕКАРНА ЗЛАТНОТО ЗРЪНЦЕ ЕООД,Бургас,БУРГАС,Fast-food,Bronze,Not Seasonal,Out of Home
106003,ПЕКАРНА ЕООД,Бургас,БУРГАС,Fast-food,Silver,Seasonal,Out of Home
109636,ПЕКАРНА ЕООД,Варна,ВАРНА,Fast-food,Bronze,Not Seasonal,Out of Home
110456,ПЕКАРНА ТУЖО ЕООД,Варна,ВАРНА,Fast-food,Bronze,Not Seasonal,Out of Home
105613,EGE FOOD DRINK&DESSERT ЕООД,Бургас,НЕСЕБЪР,Bar,Bronze,Seasonal,Out of Home
105488,ДЖОБОВЕ ПЕПИ ЕООД,Бургас,СОЗОПОЛ,Cafe,Silver,Seasonal,Out of Home
109718,ЩАСТЛИВАТА ПЕКАРНА ЕООД,Бургас,БУРГАС,Fast-food,Bronze,Not Seasonal,Out of Home
105593,ПЕКАРНА САНИ ЕООД,Варна,ВАРНА,Bar,Silver,Seasonal,Out of Home
101340,ФУРНА ГЮЛА ЕООД,Варна,ВАРНА,Nightclub,Gold,Seasonal,Out of Home
106542,ПЕКАРНА ЕООД,Бургас,НЕСЕБЪР,Cafe,Bronze,Not Seasonal,Out of Home
110393,MR. BBQ ЕООД,Бургас,ОБЗОР,Fast-food,Bronze,Seasonal,Out of Home
110538,ПЕКАРНАТА НА ПЕПИ ЕООД,Бургас,СОЗОПОЛ,Fast-food,Silver,Seasonal,Out of Home
107546,ПЕКАРНА ЕРИСАЛ ЕООД,Бургас,РАВДА,Restaurant,Gold,Seasonal,Out of Home
109531,FORNO DI NONA ЕООД,Бургас,БУРГАС,Fast-food,Gold,Not Seasonal,Out of Home
109407,ПЕКАРНА ХАРМАН ЕООД,Бургас,НЕСЕБЪР,Fast-food,Bronze,Seasonal,Out of Home
106165,ФУРНАТА НА ЪГЪЛА ЕООД,Бургас,СОЗОПОЛ,Fast-food,Silver,Seasonal,Out of Home
110183,ПЕКАРНА ДОБРУДЖАНКА ЕООД,Бургас,СЛЪНЧЕВ БРЯГ,Fast-food,Gold,Seasonal,Out of Home
107905,ГРИЛ КО ЕООД,Бургас,СВЕТИ ВЛАС,Restaurant,Silver,Seasonal,Out of Home
107549,ПЕКАРНА СТЕФАНИ ЕООД,Бургас,НЕСЕБЪР,Restaurant,Silver,Seasonal,Out of Home
110071,WINEGROUND BOTTLES AND BEANS ЕООД,Варна,ВАРНА,Cafe,Iron,Not Seasonal,Out of Home
107576,КАТМИ BY ДЕНЕВ ЕООД,Бургас,РАВДА,Restaurant,Silver,Seasonal,Out of Home
110727,SMASH BURGER ЕООД,Бургас,ПОМОРИЕ,Restaurant,Silver,Seasonal,Out of Home
111186,ПЕКАРНА ЕООД,Бургас,НЕСЕБЪР,Hotels,Gold,Seasonal,Out of Home
111712,КАФЕ DIVE 2 ЕООД,Варна,ВАРНА,Fast-food,Silver,Not Seasonal,Out of Home
107481,ВЕРОНА ЕООД,Бургас,СЛЪНЧЕВ БРЯГ,Restaurant,Gold,Seasonal,Out of Home
110238,КАФЕ ОЛЕ ЕООД,Бургас,НЕСЕБЪР,Fast-food,Silver,Seasonal,Out of Home
108146,ПЕКАРНА ФЛОРЕНЦИЯ ЕООД,Бургас,ПОМОРИЕ,Restaurant,Silver,Seasonal,Out of Home
108134,ПЕКАРНА СТЕФАНИ ВИНИЦА ЕООД,Бургас,ПОМОРИЕ,Restaurant,Silver,Seasonal,Out of Home
105606,КОРАЛ ЕООД,Бургас,НЕСЕБЪР,Bar,Gold,Seasonal,Out of Home
107601,ПЕЧЕНАТА РИБКА ЕООД,Бургас,НЕСЕБЪР,Restaurant,Silver,Seasonal,Out of Home
105123,ПИЦА БРАВО ЕООД,Бургас,РАВДА,Cafe,Bronze,Seasonal,Out of Home
104963,БАЙ БИСЕР ЕООД,Бургас,СЛЪНЧЕВ БРЯГ,Cafe,Silver,Seasonal,Out of Home
105587,ПИЦА ФАМИЛИЯ ТЕХНИКУМИ ЕООД,Бургас,СЛЪНЧЕВ БРЯГ,Bar,Silver,Seasonal,Out of Home
107600,БАЙ БИСЕР ЕООД,Бургас,НЕСЕБЪР,Restaurant,Silver,Seasonal,Out of Home
105586,ПЕКАРНА ДОБРУДЖА ЕООД,Бургас,СЛЪНЧЕВ БРЯГ,Bar,Gold,Seasonal,Out of Home
111414,ЗАКУСКИ ЕООД,Бургас,ПРИМОРСКО,Fast-food,Silver,Seasonal,Out of Home
109283,ЗАКУСКИ ЕООД,Варна,ВАРНА,Bar,Bronze,Not Seasonal,Out of Home
111309,ВКУСОТИЙКИ 2 ДО ИНСА ЕООД,Бургас,НЕСЕБЪР,Fast-food,Bronze,Seasonal,Out of Home
110179,ЗАКУСКИ ЕООД,Бургас,БУРГАС,Fast-food,Silver,Not Seasonal,Out of Home
105702,ПЕКАРНА КОЛЕЛОТО ЕООД,Бургас,ЧЕРНОМОРЕЦ,Bar,Bronze,Seasonal,Out of Home
107316,Пекарна ДЕ-ЕВ ЕООД,Варна,ВАРНА,Restaurant,Gold,Seasonal,Out of Home
110709,ЗАКУСВАЛНЯ ЕООД,Бургас,НЕСЕБЪР,Restaurant,Silver,Seasonal,Out of Home
109987,Баничарница ЕООД,Бургас,БУРГАС,Cafe,Bronze,Seasonal,Out of Home
107712,ЗАКУСКИ НИКИТА ЕООД,Бургас,АХТОПОЛ,Restaurant,Bronze,Seasonal,Out of Home
111278,ЦАРЕВИЦА ЕООД,Варна,ЗЛАТНИ ПЯСЪЦИ,Fast-food,Silver,Seasonal,Out of Home
105120,РАБОТИЛНИЦА ВЕСЕЛИТЕ ПАЛАЧИНКИ ЕООД,Бургас,НЕСЕБЪР,Cafe,Gold,Seasonal,Out of Home
105754,Бързо Хранене Престиж ЕООД,Варна,ВАРНА,Fast-food,Silver,Seasonal,Out of Home
107747,ПАЛАЧИНКИ ЕООД,Бургас,БУРГАС,Restaurant,Bronze,Seasonal,Out of Home
106458,БАНИЧАРНИЦА ПРИЯТЕЛИ ЕООД,Варна,ВАРНА,Cafe,Bronze,Not Seasonal,Out of Home
108620,ОБЕКТ ЗА SDO ЕООД,Бургас,СВЕТИ ВЛАС,Hotels,Bronze,Seasonal,Out of Home
109418,ПЕКАРНА ДАУН ТАУН ЕООД,Бургас,НЕСЕБЪР,Fast-food,Bronze,Seasonal,Out of Home
107485,Баница ЕООД,Бургас,КОШАРИЦА,Restaurant,Bronze,Seasonal,Out of Home
105484,Баничарница марти стар град ЕООД,Бургас,СОЗОПОЛ,Cafe,Bronze,Seasonal,Out of Home
109414,ПАЛАЧИНКИ ФРЕШ НА ЗАВОЯ ЕООД,Бургас,НЕСЕБЪР,Fast-food,Bronze,Seasonal,Out of Home
110827,ЯДКИ ТОРНАДО ЕООД,Варна,ЗЛАТНИ ПЯСЪЦИ,Restaurant,Silver,Seasonal,Out of Home
111858,Таяна бейкъри ЕООД,Бургас,СОЗОПОЛ,Restaurant,Silver,Seasonal,Out of Home
107320,РИВИЕРА ЕООД,Варна,ВАРНА,Restaurant,Gold,Seasonal,Out of Home
110544,ОБЕКТ ЗА SDO ЕООД,Бургас,СОЗОПОЛ,Fast-food,Silver,Seasonal,Out of Home
111279,БАНИЧАРНИЦА ОСМАН ЕООД,Варна,ЗЛАТНИ ПЯСЪЦИ,Fast-food,Bronze,Seasonal,Out of Home
105485,ХАРНА ПЕКАРНА ЕООД,Бургас,СОЗОПОЛ,Cafe,Bronze,Seasonal,Out of Home
111283,ПАЛАЧИНКИ ЕООД,Варна,ЗЛАТНИ ПЯСЪЦИ,Fast-food,Silver,Seasonal,Out of Home
107598,ЗАКУСКИ ЕООД,Бургас,НЕСЕБЪР,Restaurant,Silver,Seasonal,Out of Home
108137,ПАЛАЧИНКА Д АНЖЕЛО ЕООД,Бургас,РАВДА,Restaurant,Bronze,Seasonal,Out of Home
108135,РАБОТИЛНИЦА ПАЛАЧИНКИ ЕООД,Бургас,РАВДА,Restaurant,Bronze,Seasonal,Out of Home
111355,БАНИЧАРНИЦА ЕООД,Бургас,БУРГАС,Fast-food,Bronze,Seasonal,Out of Home
109858,СУИИТ ПОЙНТ ЕООД,Бургас,ПОМОРИЕ,Cafe,Bronze,Seasonal,Out of Home
107595,ПАЛАЧИНКИ И ГОФРЕТИ ЕООД,Бургас,НЕСЕБЪР,Restaurant,Bronze,Seasonal,Out of Home
108136,СУИТ ПОЙНТ ЕООД,Бургас,БУРГАС,Restaurant,Bronze,Not Seasonal,Out of Home
101320,ПАЛАЧИНКИ И ГОФРЕТИ ЕООД,Варна,ВАРНА,Nightclub,Bronze,Not Seasonal,Out of Home
109658,ФРЕШ - ФЛОРА ЕООД,Варна,ВАРНА,Fast-food,Gold,Not Seasonal,Out of Home
107617,ПАЛАЧИНКИ СТАР ГРАД ЕООД,Бургас,РАВДА,Restaurant,Bronze,Seasonal,Out of Home
105017,РИБА ЕООД,Варна,ДЕВНЯ,Cafe,Bronze,Seasonal,Out of Home
106121,БАНИЧАРНИЦА ЕООД,Бургас,СОЗОПОЛ,Fast-food,Bronze,Seasonal,Out of Home
107729,СТОЛ ЙОРДАН ЙОВКОВ ЕООД,Бургас,АХТОПОЛ,Restaurant,Bronze,Seasonal,Out of Home
111637,СТОЛ АЕГ ГИМНАЗИЯ ЕООД,Бургас,АХТОПОЛ,Fast-food,Bronze,Seasonal,Out of Home
111281,БЪРЗО ХРАНЕНЕ ЕООД,Варна,ЗЛАТНИ ПЯСЪЦИ,Fast-food,Silver,Seasonal,Out of Home
106001,ПЕКАРНА СЪНИ ЕООД,Бургас,БУРГАС,Fast-food,Bronze,Seasonal,Out of Home
107749,ЗАКУСВАЛНЯ ЕООД,Бургас,АХТОПОЛ,Restaurant,Bronze,Seasonal,Out of Home
105124,ЗИЯ ЕООД,Бургас,БУРГАС,Cafe,Gold,Seasonal,Out of Home
105122,ГОФРЕТИ ЕООД,Бургас,НЕСЕБЪР,Cafe,Gold,Seasonal,Out of Home
109965,БАНИЧАРНИЦА ЕООД,Бургас,НЕСЕБЪР,Cafe,Gold,Seasonal,Out of Home
108537,ПЕКАРНА КОРНЕР ЕООД,Бургас,ПРИМОРСКО,Restaurant,Gold,Seasonal,Out of Home
110280,ВКУСНИ КАТМИ ЕООД,Бургас,НЕСЕБЪР,Fast-food,Bronze,Seasonal,Out of Home
107611,ЗИА ЕООД,Бургас,НЕСЕБЪР,Restaurant,Gold,Seasonal,Out of Home
107615,БАНИЧАРНИЦА ПРИЯТЕЛИ ЕООД,Бургас,НЕСЕБЪР,Restaurant,Gold,Seasonal,Out of Home
110281,ПЕКАРНА ВИ ЕНД ДИ ЕООД,Бургас,КАМЕНО,Fast-food,Bronze,Seasonal,Out of Home
108845,АКВАПАРК ЕООД,Бургас,СВЕТИ ВЛАС,Hotels,Silver,Seasonal,Out of Home
105156,ДЕЛФИНАРИУМ СЛАДКАРНИЦА ЕООД,Бургас,СИНЕМОРЕЦ,Cafe,Bronze,Seasonal,Out of Home
111702,ФЕРМА ЗА ЩРАУСИ ЕООД,Бургас,ПОМОРИЕ,Fast-food,Silver,Seasonal,Out of Home
110402,ХОТЕЛ АКВА ПАРК ЕООД,Бургас,БУРГАС,Fast-food,Silver,Seasonal,Out of Home
107575,КС АФРОДИТА ГАРДЪНС ЕООД,Бургас,НЕСЕБЪР,Restaurant,Bronze,Seasonal,Out of Home
105978,Х-Л ВАВИЛОН ЕООД,Бургас,АЙТОС,Fast-food,Bronze,Seasonal,Out of Home
107788,ПУЛ БАР ФЕНИКС ЕООД,Бургас,ПРИМОРСКО,Restaurant,Gold,Seasonal,Out of Home
111604,К-С АКВАРИЯ ЕООД,Варна,БЯЛА,Fast-food,Silver,Seasonal,Out of Home
105618,БАСЕЙН ЕООД,Бургас,РАВДА,Bar,Silver,Seasonal,Out of Home
107574,Х-Л ЕСПЕРАНТО ЕООД,Бургас,РАВДА,Restaurant,Silver,Seasonal,Out of Home
105611,БАР-БАСЕЙН БЕЛВИЛ ЕООД,Бургас,РАВДА,Bar,Bronze,Seasonal,Out of Home
109743,БАСЕЙН СИРЕНА И ДЕЛФИН ЕООД,Бургас,ПОМОРИЕ,Superette,Silver,Seasonal,Out of Home
110190,БАР БАСЕИН ЕООД,Варна,БЛИЗНАЦИ,Fast-food,Bronze,Seasonal,Out of Home
110664,ПАУТАЛИЯ ЕООД,Варна,КАМЧИЯ,Restaurant,Silver,Seasonal,Out of Home
105993,МИНИ ГОЛФ ЕООД,Бургас,БУРГАС,Fast-food,Silver,Seasonal,Out of Home
105025,БАР БАСЕЙН ЕООД,Варна,ДОЛНИ ЧИФЛИК,Cafe,Silver,Not Seasonal,Out of Home
108844,ИТАЛИЯ ЕООД,Бургас,СЛЪНЧЕВ БРЯГ,Hotels,Gold,Seasonal,Out of Home
111551,КАМИЛСКИ ПАРК ЕООД,Бургас,СОЗОПОЛ,Restaurant,Bronze,Seasonal,Out of Home
105787,ЗООПАРК БУРГАС ЕООД,Бургас,БУРГАС,Fast-food,Bronze,Seasonal,Out of Home
107571,ПУЛ БАР ЕООД,Бургас,РАВДА,Restaurant,Silver,Seasonal,Out of Home
107715,ДЕЛФИНАРИУМА ЕООД,Бургас,ЛОЗЕНЕЦ,Restaurant,Bronze,Seasonal,Out of Home
107582,Гъбката ЕООД,Бургас,РАВДА,Restaurant,Silver,Seasonal,Out of Home
107760,РОУЗ ГАРДЪН ЕООД,Бургас,ПРИМОРСКО,Restaurant,Silver,Seasonal,Out of Home
105755,АТЛАНТИС ЕООД,Варна,ВАРНА,Fast-food,Bronze,Seasonal,Out of Home
105761,БАСЕЙН ЕООД,Варна,ВАРНА,Fast-food,Bronze,Seasonal,Out of Home
110311,АКВАПАРК СЪНСЕТ ЕООД,Бургас,ЛОЗЕНЕЦ,Fast-food,Bronze,Seasonal,Out of Home
107727,АКВА ПАРК НЕПТУН ЕООД,Бургас,ЛОЗЕНЕЦ,Restaurant,Bronze,Seasonal,Out of Home
105698,АКВЕ КАЛИДЕ ЕООД,Бургас,СОЗОПОЛ,Bar,Gold,Seasonal,Out of Home
106588,БАР БАСЕЙН ЕООД,Варна,ВАРНА,Cafe,Silver,Not Seasonal,Out of Home
110663,КЪМПИНГ-К-С ЛАЗУР ЕООД,Варна,ШКОРПИЛОВЦИ,Restaurant,Bronze,Seasonal,Out of Home
105812,АПАРТАМЕНТИ ПРЕМИЕР ЕООД,Варна,ШКОРПИЛОВЦИ,Fast-food,Bronze,Seasonal,Out of Home
107762,БАЛАБАНА ЕООД,Бургас,ПРИМОРСКО,Restaurant,Silver,Seasonal,Out of Home
110000,АЛЛА КЪЩА ЗА ГОСТИ ЕООД,Бургас,ПРИМОРСКО,Cafe,Bronze,Seasonal,Out of Home
110706,Комплекс Оазис ЕООД,Бургас,ОБЗОР,Restaurant,Silver,Seasonal,Out of Home
110885,ПОЧИВЕН КОМПЛЕКС КАМЕЛИЯ ЕООД,Бургас,ОБЗОР,Restaurant,Bronze,Seasonal,Out of Home
110708,ХОТЕЛ ЕООД,Бургас,ОБЗОР,Restaurant,Gold,Seasonal,Out of Home
109969,КОМПЛЕКС ДЕБЕЛЕЦ ЕООД,Бургас,НЕСЕБЪР,Cafe,Silver,Seasonal,Out of Home
105665,БАЗАРИ ЕООД,Бургас,СЛЪНЧЕВ БРЯГ,Bar,Silver,Seasonal,Out of Home
107325,КАФЕ АЛКОРН ЕООД,Варна,ВАРНА,Restaurant,Gold,Seasonal,Out of Home
107602,БЯЛАТА КЪЩА ЕООД,Бургас,НЕСЕБЪР,Restaurant,Bronze,Seasonal,Out of Home
105666,ВИЛА АДРИАН ЕООД,Бургас,СЛЪНЧЕВ БРЯГ,Bar,Bronze,Seasonal,Out of Home
108866,ХИЖА ЛАВКАТА ЕООД,Бургас,СВЕТИ ВЛАС,Hotels,Silver,Seasonal,Out of Home
108138,ГАЗПРО ЕООД,Бургас,КАБЛЕШКОВО,Restaurant,Bronze,Seasonal,Out of Home
110312,КЪЩА ЗА ГОСТИ ВЪЗРОЖДЕНЦИ ЕООД,Бургас,ЛОЗЕНЕЦ,Fast-food,Bronze,Seasonal,Out of Home
110900,ВАЯЦИТЕ ЕООД,Варна,ВАРНА,Restaurant,Iron,Not Seasonal,Out of Home
108151,КЪЩА ЗА ГОСТИ ЕООД,Бургас,ПОМОРИЕ,Restaurant,Silver,Seasonal,Out of Home
110123,МАРЦИАНА ЕООД,Варна,ВАРНА,Fast-food,Gold,Not Seasonal,Out of Home
109007,КЪЩА ЗА ГОСТИ ВИЧЕ ЕООД,Варна,ВАРНА,Hotels,Gold,Seasonal,Out of Home
106801,ХАН ЛОВНА СРЕЩА ЕООД,Варна,ЗЛАТНИ ПЯСЪЦИ,Nightclub,Silver,Seasonal,Out of Home
110128,Х-Л ЧЕРВЕНАТА ИГУАНА ЕООД,Варна,ВАРНА,Fast-food,Bronze,Seasonal,Out of Home
110191,КОШАРИТЕ ЕООД,Варна,ДЕВНЯ,Fast-food,Bronze,Not Seasonal,Out of Home
105762,СНЕК БАР РАЙСКИ КЪТ ЕООД,Варна,ВАРНА,Fast-food,Silver,Seasonal,Out of Home
107381,АЛБАТРОС ЕООД,Варна,ВАРНА,Restaurant,Silver,Seasonal,Out of Home
107911,БУНГАЛА БУНГАЛАТА ЕООД,Бургас,СЛЪНЧЕВ БРЯГ,Restaurant,Silver,Seasonal,Out of Home
105029,НЕМОС ЕООД,Варна,ПРОВАДИЯ,Cafe,Silver,Not Seasonal,Out of Home
107757,ВИКИ ЕООД,Бургас,ПРИМОРСКО,Restaurant,Gold,Not Seasonal,Out of Home
105652,РТ ПРИ КАЗАНА ЕООД,Бургас,ПРИМОРСКО,Bar,Silver,Seasonal,Out of Home
110632,БЛАГУНА ЕООД,Варна,АВРЕН,Restaurant,Bronze,Seasonal,Out of Home
108119,РЕСТОРАНТ РОМАНТИКА ЕООД,Бургас,БУРГАС,Restaurant,Bronze,Seasonal,Out of Home
109006,НЮ ХАУС ЕООД,Варна,ВАРНА,Hotels,Silver,Seasonal,Out of Home
107383,СТАНЦИЯ ЕООД,Варна,ВАРНА,Restaurant,Bronze,Not Seasonal,Out of Home
110705,ОВЕЧ ЕООД,Бургас,ОБЗОР,Restaurant,Gold,Seasonal,Out of Home
107772,ЧАПАЯ ЕООД,Бургас,ПРИМОРСКО,Restaurant,Silver,Seasonal,Out of Home
104835,ЕМОНА 4 ЕООД,Варна,ВАРНА,Cafe,Gold,Not Seasonal,Out of Home
105164,КЪЩИ ЗА ГОСТИ НЕСТИНАРКА ЕООД,Бургас,ЦАРЕВО,Cafe,Bronze,Seasonal,Out of Home
111201,ХОТЕЛ АТМ ЕООД,Бургас,СЛЪНЧЕВ БРЯГ,Hotels,Gold,Seasonal,Out of Home
110396,БИСТРО ЗЛАТЕВАТА КЪЩА ЕООД,Бургас,ОБЗОР,Fast-food,Bronze,Seasonal,Out of Home
107740,СВЕТИ ТОМА ЕООД,Бургас,ЛОЗЕНЕЦ,Restaurant,Bronze,Seasonal,Out of Home
110647,БИЛДНИКС ЕООД,Варна,ШКОРПИЛОВЦИ,Restaurant,Bronze,Seasonal,Out of Home
105930,ЛОВНА РЕЗИДЕНЦИЯ АСТЕЯ ЕООД,Бургас,СЛЪНЧЕВ БРЯГ,Fast-food,Bronze,Seasonal,Out of Home
106060,Х-Л ЗЕЛЕНИКА ЕООД,Варна,ВАРНА,Fast-food,Gold,Seasonal,Out of Home
111668,ХОТЕЛ ВАНИНА ЕООД,Бургас,ОБЗОР,Fast-food,Bronze,Seasonal,Out of Home
105596,НЕПТУН ЕООД,Варна,ЗЛАТНИ ПЯСЪЦИ,Bar,Silver,Seasonal,Out of Home
108762,СЕЛИЩЕ ЮНИТА ЕООД,Бургас,ПРИМОРСКО,Hotels,Silver,Seasonal,Out of Home
105560,СКЛАД АПОКО ЕООД,Варна,ВАРНА,Bar,Bronze,Seasonal,Out of Home
109520,КЪЩА ЧАКЪРОВИ ЕООД,Бургас,ОБЗОР,Fast-food,Bronze,Seasonal,Out of Home
110542,ВИЛА ЕМОНА ЕООД,Бургас,СОЗОПОЛ,Fast-food,Bronze,Seasonal,Out of Home
109963,Дом за стари хора черно море ЕООД,Бургас,НЕСЕБЪР,Cafe,Bronze,Seasonal,Out of Home
105624,П.КР. ЕООД,Бургас,АХТОПОЛ,Bar,Bronze,Seasonal,Out of Home
111639,РЕСТОРАНТ ЕООД,Бургас,АХТОПОЛ,Fast-food,Bronze,Seasonal,Out of Home
107387,БИРАРИЯ РИБАРСКА ХИЖА ЕООД,Варна,ВАРНА,Restaurant,Iron,Not Seasonal,Out of Home
111138,Р-Т ФОРС ЕООД,Варна,ВАРНА,Hotels,Silver,Not Seasonal,Out of Home
107398,СТАНЦИЯ НА СО НА КНСБ ЕООД,Варна,ВАРНА,Restaurant,Iron,Not Seasonal,Out of Home
106755,РОДОС ЕООД,Варна,ВАРНА,Nightclub,Silver,Not Seasonal,Out of Home
110355,СТАНЦИЯ ГАБРОВО ЕООД,Бургас,СЛЪНЧЕВ БРЯГ,Fast-food,Silver,Not Seasonal,Out of Home
111330,К-Г ВАНЯ ЕООД,Бургас,СЛЪНЧЕВ БРЯГ,Fast-food,Gold,Seasonal,Out of Home
108723,КЪЩА ЗА ГОСТИ БОР ЕООД,Бургас,ЛОЗЕНЕЦ,Hotels,Bronze,Seasonal,Out of Home
105906,INFINITY VARNA SKY ЕООД,Бургас,АХТОПОЛ,Fast-food,Bronze,Seasonal,Out of Home
110325,GUESTHOUSE DELPHINI ЕООД,Бургас,ЦАРЕВО,Fast-food,Bronze,Seasonal,Out of Home
111334,ЕКО СТАР 1 ЕООД,Бургас,СЛЪНЧЕВ БРЯГ,Fast-food,Bronze,Seasonal,Out of Home
111318,ДАЛАС ЕООД,Бургас,СИНЕМОРЕЦ,Fast-food,Bronze,Seasonal,Out of Home
109517,ВИЛА МИА ХОТЕЛ ЕООД,Бургас,ОБЗОР,Fast-food,Bronze,Seasonal,Out of Home
108778,ВИЛА АЛЕКС ЕООД,Бургас,ПРИМОРСКО,Hotels,Silver,Seasonal,Out of Home
111504,КЪЩА ЗА ГОСТИ ЕЛИЗАБЕТ ЕООД,Бургас,ВАРВАРА,Restaurant,Bronze,Seasonal,Out of Home
107741,КЪЩА ЗА ГОСТИ КОСТАДИНОВ ЕООД,Бургас,СИНЕМОРЕЦ,Restaurant,Bronze,Seasonal,Out of Home
110048,Парти къща Звездица ЕООД,Бургас,БУРГАС,Cafe,Silver,Seasonal,Out of Home
108271,ЛУДОТЕКА ЕООД,Бургас,СОЗОПОЛ,Restaurant,Bronze,Not Seasonal,Out of Home
108760,ХЕПИ ДЕЙ ЕООД,Бургас,ПРИМОРСКО,Hotels,Silver,Seasonal,Out of Home
109005,МИНИ ГОЛФ КОТВА ЕООД,Варна,ВАРНА,Hotels,Gold,Seasonal,Out of Home
105021,ПЛАЗА КЛУБ ЕООД,Варна,ВАРНА,Cafe,Silver,Not Seasonal,Out of Home
108276,КАЗИНО ФОРТУНА ЕООД,Бургас,СОЗОПОЛ,Restaurant,Bronze,Seasonal,Out of Home
111785,ДЕТСКИ ЦЕНТЪР ЕООД,Варна,ВАРНА,Bar,Bronze,Seasonal,Out of Home
111784,МАУС ХАУС ЕООД,Варна,ВАРНА,Bar,Silver,Seasonal,Out of Home
105571,ДЕТСКИ КЪТ ЕООД,Варна,ВАРНА,Bar,Silver,Not Seasonal,Out of Home
107374,АВАЛОН ЕООД,Варна,ВАРНА,Restaurant,Gold,Not Seasonal,Out of Home
111549,КЕЙК СТЕЙШЪН ЕООД,Бургас,СОЗОПОЛ,Restaurant,Silver,Seasonal,Out of Home
108274,ВАРНЕНЧЕ ЕООД,Бургас,СОЗОПОЛ,Restaurant,Bronze,Seasonal,Out of Home
109456,ДЕТСКИ КЪТ ЕООД,Бургас,ЛОЗЕНЕЦ,Fast-food,Bronze,Seasonal,Out of Home
107739,МАУС ХАУС ЕООД,Бургас,ЦАРЕВО,Restaurant,Bronze,Seasonal,Out of Home
109844,ТРИНИТИ ЕООД,Бургас,ЦАРЕВО,Cafe,Bronze,Seasonal,Out of Home
105486,БАРБИ И КЕН ЕООД,Бургас,СОЗОПОЛ,Cafe,Bronze,Seasonal,Out of Home
108273,Билярдна зала ЕООД,Бургас,СОЗОПОЛ,Restaurant,Bronze,Seasonal,Out of Home
106114,ФЛОЙД ЕООД,Бургас,СОЗОПОЛ,Fast-food,Bronze,Seasonal,Out of Home
110537,ПРИЯТЕЛИ ЕООД,Бургас,СОЗОПОЛ,Fast-food,Bronze,Seasonal,Out of Home
110559,ИНТЕРНЕТ ГЕИЙМС ЕООД,Бургас,СОЗОПОЛ,Fast-food,Silver,Seasonal,Out of Home
109061,ВАРНЕНЧЕ ЕООД,Бургас,СОЗОПОЛ,Hotels,Bronze,Seasonal,Out of Home
109053,РАЯЛЕНД ЕООД,Бургас,СОЗОПОЛ,Hotels,Bronze,Seasonal,Out of Home
107746,ВЕСЕЛИТЕ КРАЧЕТА ЕООД,Бургас,ЦАРЕВО,Restaurant,Bronze,Seasonal,Out of Home
109058,Винен салон ЕООД,Бургас,СОЗОПОЛ,Hotels,Bronze,Seasonal,Out of Home
110543,МЕГА ГЕЙМС ЕООД,Бургас,СОЗОПОЛ,Fast-food,Bronze,Seasonal,Out of Home
110541,ИНБЕТ ЕООД,Бургас,СОЗОПОЛ,Fast-food,Bronze,Seasonal,Out of Home
110548,КОРАБЧЕТО ЕООД,Бургас,СОЗОПОЛ,Fast-food,Bronze,Seasonal,Out of Home
108310,ДЕТСКИ ЦЕНТЪР ЩУРОМАНИЯ ЕООД,Бургас,СОЗОПОЛ,Restaurant,Bronze,Seasonal,Out of Home
110539,ДЕТСКИ КЪТ / АРТ АТЕЛИЕ ЕООД,Бургас,ЧЕРНОМОРЕЦ,Fast-food,Bronze,Seasonal,Out of Home
111404,ЛУНАПАРК ЕООД,Бургас,СОЗОПОЛ,Fast-food,Bronze,Seasonal,Out of Home
109065,РЕСТОРАНТ КРЕЙЗИ ФЕМИЛИ ЕООД,Бургас,СОЗОПОЛ,Hotels,Bronze,Seasonal,Out of Home
106077,Киндер парти ЕООД,Бургас,СОЗОПОЛ,Fast-food,Bronze,Seasonal,Out of Home
106139,БИЗНЕС ЦЕНТЪР ЕООД,Бургас,ЧЕРНОМОРЕЦ,Fast-food,Bronze,Seasonal,Out of Home
106142,ЛЪКИ ЕООД,Бургас,СОЗОПОЛ,Fast-food,Bronze,Seasonal,Out of Home
106127,ТНС ШИП ЕООД,Бургас,ЧЕРНОМОРЕЦ,Fast-food,Bronze,Seasonal,Out of Home
110571,НЮ КРИЕЙТИВ ЕООД,Бургас,СОЗОПОЛ,Fast-food,Bronze,Seasonal,Out of Home
109066,НЕРО 07 ЕООД,Бургас,СОЗОПОЛ,Hotels,Bronze,Seasonal,Out of Home
106083,Ц ВАНКО ЕООД,Бургас,ЧЕРНОМОРЕЦ,Fast-food,Bronze,Seasonal,Out of Home
109036,КЛУБ БИЛЯРД ЕООД,Бургас,СОЗОПОЛ,Hotels,Bronze,Seasonal,Out of Home
106082,ПАРТИ ЦЕНТЪР ЧУДЕН СВЯТ ЕООД,Бургас,СОЗОПОЛ,Fast-food,Bronze,Seasonal,Out of Home
106081,БР СТЕФАНОВ ЕООД,Бургас,СОЗОПОЛ,Fast-food,Bronze,Seasonal,Out of Home
106167,SKY KIDS ЕООД,Бургас,ЧЕРНОМОРЕЦ,Fast-food,Bronze,Seasonal,Out of Home
106138,УАН БЕТ ЕООД,Бургас,ЧЕРНОМОРЕЦ,Fast-food,Bronze,Seasonal,Out of Home
108872,ДЕТСКИ ЕНТЪР ЧУДЕН СВЯТ ЕООД,Бургас,СЛЪНЧЕВ БРЯГ,Hotels,Silver,Seasonal,Out of Home
108975,ДЕТСКИ ПАРТИ ЦЕНТЪР РИО ЕООД,Бургас,ПОМОРИЕ,Hotels,Silver,Seasonal,Out of Home
105616,ДВАТА ДЕЛФИНА ЕООД,Бургас,НЕСЕБЪР,Bar,Bronze,Seasonal,Out of Home
111659,МЕЧТАТЕЛИ ЕООД,Бургас,СЛЪНЧЕВ БРЯГ,Fast-food,Bronze,Seasonal,Out of Home
107910,КИДС ПАРАДАЙС ДЕЛТА МОЛ ЕООД,Бургас,СЛЪНЧЕВ БРЯГ,Restaurant,Silver,Seasonal,Out of Home
109482,Детски кът ЕООД,Бургас,СЛЪНЧЕВ БРЯГ,Fast-food,Silver,Seasonal,Out of Home
110432,ИГРАЛНА ЗАЛА ЕООД,Бургас,ПОМОРИЕ,Fast-food,Bronze,Seasonal,Out of Home
110431,Кидс Планет ЕООД,Бургас,ПОМОРИЕ,Fast-food,Bronze,Seasonal,Out of Home
107610,БОУЛИНГ ЕООД,Бургас,НЕСЕБЪР,Restaurant,Bronze,Seasonal,Out of Home
105381,ДЕТСКИ ЦЕНТЪР ЕООД,Бургас,ПОМОРИЕ,Cafe,Bronze,Seasonal,Out of Home
108976,ЗАЙО БАЙО ЕООД,Бургас,ПОМОРИЕ,Hotels,Silver,Seasonal,Out of Home
108977,ОБЕКТ ЗА SDO ЕООД,Бургас,ПОМОРИЕ,Hotels,Bronze,Seasonal,Out of Home
111636,ДЕТСКИ ПАРТИ ЦЕНТЪР МАРМАЛАД ЕООД,Бургас,ЦАРЕВО,Fast-food,Bronze,Seasonal,Out of Home
107609,ЛА БАЛЕНА ЕООД,Бургас,НЕСЕБЪР,Restaurant,Bronze,Seasonal,Out of Home
107594,КРИВАТА ЛИПА ЕООД,Бургас,НЕСЕБЪР,Restaurant,Bronze,Seasonal,Out of Home
108856,СТАРИЯ ДЪБ ЕООД,Бургас,СВЕТИ ВЛАС,Hotels,Silver,Seasonal,Out of Home
107606,Р-Т КОНДИОС ЕООД,Бургас,НЕСЕБЪР,Restaurant,Bronze,Seasonal,Out of Home
108681,КАМЕЛИЯ ЕООД,Бургас,НЕСЕБЪР,Hotels,Bronze,Seasonal,Out of Home
108980,БЯЛАТА КЪЩА ЕООД,Бургас,БУРГАС,Hotels,Bronze,Seasonal,Out of Home
107618,АВС ЕООД,Бургас,НЕСЕБЪР,Restaurant,Silver,Seasonal,Out of Home
109978,ЛА МЕР ЕООД,Бургас,НЕСЕБЪР,Cafe,Bronze,Seasonal,Out of Home
107517,КАПТАЖ ЕООД,Варна,ВАРНА,Restaurant,Silver,Not Seasonal,Out of Home
108848,ПИКО ЕООД,Бургас,КОШАРИЦА,Hotels,Bronze,Seasonal,Out of Home
108840,ДЖЕЛАТОРЕ ООД ЕООД,Бургас,СЛЪНЧЕВ БРЯГ,Hotels,Bronze,Seasonal,Out of Home
107578,Парми Паркмарт ЕООД,Бургас,НЕСЕБЪР,Restaurant,Bronze,Seasonal,Out of Home
107733,СЛАДСОН ЕООД,Бургас,ЦАРЕВО,Restaurant,Bronze,Not Seasonal,Out of Home
107731,Парми Кауфланд ЕООД,Бургас,ЦАРЕВО,Restaurant,Bronze,Seasonal,Out of Home
111555,СЛАДКАРНИЦА КЪРТИКА ЕООД,Бургас,СОЗОПОЛ,Restaurant,Silver,Seasonal,Out of Home
111457,Рафи Манастира ЕООД,Варна,ЗЛАТНИ ПЯСЪЦИ,Restaurant,Silver,Seasonal,Out of Home
106804,КАФЕ ЕООД,Варна,ЗЛАТНИ ПЯСЪЦИ,Nightclub,Silver,Seasonal,Out of Home
109004,ВЪНШЕН БАР ДЕЛФИНАРИУМ ЕООД,Варна,ЗЛАТНИ ПЯСЪЦИ,Hotels,Gold,Seasonal,Out of Home
109387,ЕДЕЛВАЙС ЕООД,Варна,ЗЛАТНИ ПЯСЪЦИ,Fast-food,Gold,Seasonal,Out of Home
110652,СЛАДКАРНИЦАДЪГА ЕООД,Бургас,СВЕТИ ВЛАС,Restaurant,Silver,Seasonal,Out of Home
107771,КАФЕ СЛАДКИ МОМЕНТИ ООД ЕООД,Бургас,ПРИМОРСКО,Restaurant,Silver,Seasonal,Out of Home
105663,СЛАДКАРСКИ ЦЕХ ЕООД,Бургас,СЛЪНЧЕВ БРЯГ,Bar,Gold,Seasonal,Out of Home
108753,Сладолед Джей Кей ЕООД,Бургас,ПРИМОРСКО,Hotels,Silver,Seasonal,Out of Home
108757,Сладоледена точка до Ла кукарача ЕООД,Бургас,ПРИМОРСКО,Hotels,Silver,Seasonal,Out of Home
107880,Сладоледена точка до Култ ЕООД,Бургас,ПРИМОРСКО,Restaurant,Silver,Seasonal,Out of Home
107767,СОРЕНТО СЛАДОЛЕД ЕООД,Бургас,ПРИМОРСКО,Restaurant,Silver,Seasonal,Out of Home
111641,СЛАДОРИЯ ЕООД,Бургас,ПРИМОРСКО,Fast-food,Silver,Seasonal,Out of Home
108777,БАНИЧАРНИЦА ЕООД,Бургас,КИТЕН,Hotels,Silver,Seasonal,Out of Home
107770,Долче планет ЕООД,Бургас,ПРИМОРСКО,Restaurant,Silver,Seasonal,Out of Home
107768,ЮЛИНЕЛ ЕООД,Бургас,КИТЕН,Restaurant,Silver,Seasonal,Out of Home
105929,СИНЧЕЦ ЕООД,Бургас,ПРИМОРСКО,Fast-food,Silver,Seasonal,Out of Home
108749,КАФЕ ОЛЕ ЕООД,Бургас,ПРИМОРСКО,Hotels,Silver,Seasonal,Out of Home
105920,ЮЛИНЕЛ ЕООД,Бургас,КИТЕН,Fast-food,Silver,Seasonal,Out of Home
108754,СЛАДКАРНИЦА ЕООД,Бургас,ПРИМОРСКО,Hotels,Silver,Seasonal,Out of Home
111197,СЛАДОЛЕД АЙС ЕНД ГОУ ЕООД,Бургас,ПРИМОРСКО,Hotels,Gold,Seasonal,Out of Home
108767,КРАСИ ЕООД,Бургас,ПРИМОРСКО,Hotels,Silver,Seasonal,Out of Home
107769,ЕВИА СПА ЕООД,Бургас,ПРИМОРСКО,Restaurant,Silver,Seasonal,Out of Home
108795,ЗАХАРО ЕООД,Бургас,КИТЕН,Hotels,Silver,Seasonal,Out of Home
109467,СЛАДКАРНИЦА ЕООД,Бургас,ПРИМОРСКО,Fast-food,Silver,Seasonal,Out of Home
111196,сладолед ЕООД,Бургас,ПРИМОРСКО,Hotels,Silver,Seasonal,Out of Home
105642,КАФЕ СЛАДКАРНИЦА ЕООД,Бургас,ПРИМОРСКО,Bar,Silver,Seasonal,Out of Home
111194,АРТЕС ЕООД,Бургас,ПРИМОРСКО,Hotels,Silver,Seasonal,Out of Home
104888,JK Rollin ЕООД,Варна,ПРОВАДИЯ,Cafe,Bronze,Not Seasonal,Out of Home
108625,ГОФРЕТИ ЕООД,Бургас,СЛЪНЧЕВ БРЯГ,Hotels,Bronze,Seasonal,Out of Home
108632,СЛАДКАРНИЦА АЛЕКСАНДРА ЕООД,Бургас,СЛЪНЧЕВ БРЯГ,Hotels,Silver,Seasonal,Out of Home
107730,сладолед ЕООД,Бургас,ЦАРЕВО,Restaurant,Bronze,Seasonal,Out of Home
107738,СЛАДКАРНИЦА ГО ЛИЙВ ЕООД,Бургас,ЛОЗЕНЕЦ,Restaurant,Bronze,Seasonal,Out of Home
110556,СЛАДОЛЕД ЕООД,Бургас,СОЗОПОЛ,Fast-food,Bronze,Seasonal,Out of Home
109796,СЛАДОЛЕД ЕООД,Бургас,ОБЗОР,Hotels,Bronze,Seasonal,Out of Home
107765,ФРЕШ БАР ЕООД,Бургас,ПРИМОРСКО,Restaurant,Silver,Seasonal,Out of Home
109419,ПАВИЛИОН ЕООД,Бургас,РАВДА,Fast-food,Bronze,Seasonal,Out of Home
110557,Сладолед ЕООД,Бургас,СОЗОПОЛ,Fast-food,Bronze,Seasonal,Out of Home
106157,CLOCLO ЕООД,Бургас,СОЗОПОЛ,Fast-food,Bronze,Seasonal,Out of Home
109062,СЛАДКАРНИЦА ИВАНИЛА ЕООД,Бургас,СОЗОПОЛ,Hotels,Bronze,Seasonal,Out of Home
106156,ЧЕРЕШКАТА НА МИМИ ЕООД,Бургас,СОЗОПОЛ,Fast-food,Bronze,Seasonal,Out of Home
106155,ЮЛИНЕЛ ЕООД,Бургас,СОЗОПОЛ,Fast-food,Bronze,Seasonal,Out of Home
105581,Парми сладкарница ЕООД,Бургас,СЛЪНЧЕВ БРЯГ,Bar,Silver,Seasonal,Out of Home
106154,СИРЕНА ЕООД,Бургас,СОЗОПОЛ,Fast-food,Bronze,Seasonal,Out of Home
107763,АМБЕЛИНО ЕООД,Бургас,ПРИМОРСКО,Restaurant,Silver,Seasonal,Out of Home
105647,ТАРАЛЕЖ ЕООД,Бургас,ПРИМОРСКО,Bar,Silver,Seasonal,Out of Home
105650,ЕДНО КАФЕНЕ ЕООД,Бургас,ПРИМОРСКО,Bar,Silver,Seasonal,Out of Home
111634,СЛАДКАРНИЦА ДЕТСКИ СВЯТ ЕООД,Бургас,ЦАРЕВО,Fast-food,Bronze,Seasonal,Out of Home
106143,СЛАДЪК СВЯТ АТЛАНТ ЕООД,Бургас,СОЗОПОЛ,Fast-food,Bronze,Seasonal,Out of Home
108612,ЮЛИНЕЛ ЕООД,Бургас,СЛЪНЧЕВ БРЯГ,Hotels,Gold,Seasonal,Out of Home
105614,СЛАДКАРСКО АТЕЛИЕ И ПЕКАРНА ЕООД,Бургас,НЕСЕБЪР,Bar,Silver,Seasonal,Out of Home
109819,ДЪГА ЕООД,Бургас,СЛЪНЧЕВ БРЯГ,Cafe,Bronze,Seasonal,Out of Home
110267,СНЕЖАНКА ЕООД,Бургас,НЕСЕБЪР,Fast-food,Bronze,Seasonal,Out of Home
109412,SWEET STREET ЕООД,Бургас,НЕСЕБЪР,Fast-food,Bronze,Seasonal,Out of Home
111629,СЛАДОЛЕДЕНА ТОЧКА ЕООД,Бургас,НЕСЕБЪР,Fast-food,Silver,Seasonal,Out of Home
105605,ЗАХИР ЕООД,Бургас,НЕСЕБЪР,Bar,Silver,Seasonal,Out of Home
111303,СЛАДКАРНИЦА МАРГАРИТА ЕООД,Бургас,НЕСЕБЪР,Fast-food,Bronze,Seasonal,Out of Home
111268,АМБЕЛИНО ЕООД,Бургас,СЛЪНЧЕВ БРЯГ,Fast-food,Silver,Seasonal,Out of Home
106152,КЕКСЧЕ И БИСКВИТКА ЕООД,Бургас,СОЗОПОЛ,Fast-food,Bronze,Seasonal,Out of Home
106159,ПОЛИДЕС ЕООД,Бургас,СОЗОПОЛ,Fast-food,Bronze,Seasonal,Out of Home
106150,СИНЧЕЦ ЕООД,Бургас,СОЗОПОЛ,Fast-food,Bronze,Seasonal,Out of Home
106149,ДИЛАЙТ ЕООД,Бургас,СОЗОПОЛ,Fast-food,Bronze,Seasonal,Out of Home
108311,СУИЙТ СПОТ ЕООД,Бургас,СОЗОПОЛ,Restaurant,Bronze,Seasonal,Out of Home
110897,СЛАДКАРНИЦА SUCRE ЕООД,Варна,ВАРНА,Restaurant,Gold,Not Seasonal,Out of Home
108591,АТЛАНТ ЕООД,Бургас,СВЕТИ ВЛАС,Hotels,Silver,Seasonal,Out of Home
107378,СЛАДКАРНИЦА НЕДЕЛЯ ЕООД,Варна,ВАРНА,Restaurant,Gold,Not Seasonal,Out of Home
106147,КАФЕ ОЛЕ ЕООД,Бургас,СОЗОПОЛ,Fast-food,Bronze,Seasonal,Out of Home
105584,СЛАДКАРНИЦА SWEET ROSE ЕООД,Бургас,СЛЪНЧЕВ БРЯГ,Bar,Bronze,Seasonal,Out of Home
106146,ТАСОНИКИ ЕООД,Бургас,СОЗОПОЛ,Fast-food,Bronze,Seasonal,Out of Home
107877,БАМБИНО ЕООД,Бургас,ПРИМОРСКО,Restaurant,Silver,Seasonal,Out of Home
109460,СЛАДОЛЕД КРЕЙЗИ БОУС ЕООД,Бургас,ПРИМОРСКО,Fast-food,Iron,Not Seasonal,Out of Home
106145,WAFFLE HOUSE ЕООД,Бургас,СОЗОПОЛ,Fast-food,Bronze,Seasonal,Out of Home
107379,ЮЛИНЕЛ ЕООД,Варна,ВАРНА,Restaurant,Silver,Seasonal,Out of Home
106144,СЛАДКАРНИЦА НЕДЕЛЯ ЕООД,Бургас,СОЗОПОЛ,Fast-food,Bronze,Seasonal,Out of Home
109003,Севън кафе сладкарница ЕООД,Варна,ЗЛАТНИ ПЯСЪЦИ,Hotels,Silver,Seasonal,Out of Home
105621,СЛАДОЛЕД ЕООД,Бургас,НЕСЕБЪР,Bar,Silver,Seasonal,Out of Home
109002,ЗАХАРО ЕООД,Варна,ЗЛАТНИ ПЯСЪЦИ,Hotels,Gold,Seasonal,Out of Home
109280,ОРИЕНТ ЕООД,Варна,ВАРНА,Bar,Silver,Not Seasonal,Out of Home
109810,СЛАДОЛЕД СЛАДОСТ ЕООД,Добрич,РОГАЧЕВО,Hotels,Bronze,Seasonal,Out of Home
109889,СЛАДОЛЕД ПОД КОТВА ЕООД,Варна,ВАРНА,Cafe,Gold,Seasonal,Out of Home
110546,МАРС ЕООД,Бургас,СОЗОПОЛ,Fast-food,Bronze,Seasonal,Out of Home
109722,сладолед ЕООД,Варна,ВАРНА,Superette,Gold,Seasonal,Out of Home
107543,Фреш ЕООД,Бургас,НЕСЕБЪР,Restaurant,Bronze,Seasonal,Out of Home
107755,СЛАДКАРНИЦА ЕООД,Бургас,ЦАРЕВО,Restaurant,Bronze,Seasonal,Out of Home
105653,сладолед ЕООД,Бургас,СИНЕМОРЕЦ,Bar,Bronze,Seasonal,Out of Home
108686,Кафе Боте ЕООД,Бургас,НЕСЕБЪР,Hotels,Silver,Seasonal,Out of Home
107432,ЗАХАРО ЕООД,Бургас,БУРГАС,Restaurant,Gold,Not Seasonal,Out of Home
104960,Сладкарница Маги ЕООД,Бургас,БУРГАС,Cafe,Gold,Not Seasonal,Out of Home
110712,СЛАДКО И ЗДРАВОСЛОВНО ЕООД,Бургас,ОБЗОР,Restaurant,Bronze,Seasonal,Out of Home
111444,Маджаров ЕООД,Бургас,СЛЪНЧЕВ БРЯГ,Restaurant,Gold,Seasonal,Out of Home
106128,СЛАДКАРНИЦА ЕООД,Бургас,ЧЕРНОМОРЕЦ,Fast-food,Bronze,Seasonal,Out of Home
107832,Jk rollin ЕООД,Бургас,СИНЕМОРЕЦ,Restaurant,Bronze,Seasonal,Out of Home
108752,ДОСЕВ ЕООД,Бургас,АХТОПОЛ,Hotels,Bronze,Seasonal,Out of Home
111671,Детски атракцион ЕООД,Бургас,ОБЗОР,Fast-food,Silver,Seasonal,Out of Home
109579,СЛАДОЛЕД ПОПОВ ЕООД,Варна,ВАРНА,Fast-food,Silver,Not Seasonal,Out of Home
109820,СЛАДОЛЕДИ ЕООД,Бургас,СЛЪНЧЕВ БРЯГ,Cafe,Bronze,Seasonal,Out of Home
107831,ФРЕШ БАР ЕООД,Бургас,ВАРВАРА,Restaurant,Bronze,Seasonal,Out of Home
111569,РОЗА ЕООД,Варна,БЯЛА,Fast-food,Bronze,Seasonal,Out of Home
105575,КЛИО ЕООД,Бургас,СЛЪНЧЕВ БРЯГ,Bar,Bronze,Seasonal,Out of Home
111709,СЛАДОЛЕД ЕООД,Варна,ВАРНА,Fast-food,Gold,Not Seasonal,Out of Home
108142,СЛАДОЛЕД АЛДЖИДА ЕООД,Бургас,БУРГАС,Restaurant,Gold,Not Seasonal,Out of Home
111642,СЛАДОЛЕД НЕСТЛЕ ЕООД,Бургас,СИНЕМОРЕЦ,Fast-food,Bronze,Seasonal,Out of Home
108577,СЛАДОЛЕД ЕООД,Бургас,КОЗИЧИНО,Hotels,Bronze,Seasonal,Out of Home
109466,ТАЙЛАНДСКИ СЛАДОЛЕД ЕООД,Бургас,ЛОЗЕНЕЦ,Fast-food,Bronze,Seasonal,Out of Home
100298,СЛАДОЛЕДИ ЕООД,Бургас,ОБЗОР,Local Shop,Silver,Not Seasonal,Out of Home
110213,СПИРКА ЦЕНТРАЛЕН ПЛАЖ ЕООД,Варна,ВАРНА,Fast-food,Bronze,Not Seasonal,Out of Home
106865,СЛАДКАРНИЦА ЕООД,Варна,ВАРНА,Nightclub,Silver,Not Seasonal,Out of Home
106022,КАФЕ ШЕФКА ЕООД,Варна,ВАРНА,Fast-food,Bronze,Not Seasonal,Out of Home
107830,СЛАДКАРНИЦА РОЗА ЕООД,Бургас,АХТОПОЛ,Restaurant,Bronze,Seasonal,Out of Home
111624,ФАНАНИС ЕООД,Бургас,БУРГАС,Fast-food,Bronze,Seasonal,Out of Home
104968,СЛАДКАРНИЦА РОЗА ЕООД,Бургас,БУРГАС,Cafe,Gold,Not Seasonal,Out of Home
110654,Сладка мечта ЕООД,Бургас,СВЕТИ ВЛАС,Restaurant,Silver,Seasonal,Out of Home
110648,Фреш до Тропикана ЕООД,Бургас,ОРИЗАРЕ,Restaurant,Bronze,Not Seasonal,Out of Home
108988,ЕУФОРИЯ ЕООД,Варна,ВАРНА,Hotels,Bronze,Seasonal,Out of Home
109037,СЛАДОЛЕД ММЦ ЕООД,Бургас,СОЗОПОЛ,Hotels,Bronze,Seasonal,Out of Home
109047,Джей Кей Ролинг ЕООД,Бургас,СОЗОПОЛ,Hotels,Bronze,Seasonal,Out of Home
109035,ЧИЛИ ГРИЛ ЕООД,Бургас,СОЗОПОЛ,Hotels,Bronze,Seasonal,Out of Home
109034,BUBBLE HOUSE WAFFLES ЕООД,Бургас,СОЗОПОЛ,Hotels,Bronze,Seasonal,Out of Home
106075,Сладолед Джей Кей Роулин ЕООД,Бургас,СОЗОПОЛ,Fast-food,Bronze,Seasonal,Out of Home
110076,КЪЩИЧКА ТРОЙКАТА ЕООД,Бургас,СОЗОПОЛ,Cafe,Bronze,Seasonal,Out of Home
109031,СЛАДКАТА РОНИ ЕООД,Бургас,ЧЕРНОМОРЕЦ,Hotels,Bronze,Seasonal,Out of Home
109670,КАФЕ ДЕТЕЛИНА ЕООД,Бургас,СОЗОПОЛ,Fast-food,Bronze,Seasonal,Out of Home
106078,Сладолед ЕООД,Бургас,СОЗОПОЛ,Fast-food,Bronze,Seasonal,Out of Home
106073,Сладоледен салон Клио ЕООД,Бургас,СОЗОПОЛ,Fast-food,Bronze,Seasonal,Out of Home
105490,СЛАДКАРНИЦА АМАДЕУС ЕООД,Бургас,СОЗОПОЛ,Cafe,Bronze,Seasonal,Out of Home
105500,МАГАЗИН ЕООД,Бургас,СОЗОПОЛ,Cafe,Bronze,Seasonal,Out of Home
109673,СЛАДОЛЕД ЕООД,Бургас,РАВАДИНОВО,Fast-food,Bronze,Seasonal,Out of Home
108348,РЕСТОРАНТ ОРИЕНТ ЕООД,Бургас,СОЗОПОЛ,Restaurant,Bronze,Seasonal,Out of Home
106141,СЛАДОЛЕД ЕООД,Бургас,СОЗОПОЛ,Fast-food,Bronze,Seasonal,Out of Home
108351,МПС СВЕТЛЬО ЕООД,Бургас,СОЗОПОЛ,Restaurant,Bronze,Seasonal,Out of Home
109063,ЗАХАРО ЕООД,Бургас,СОЗОПОЛ,Hotels,Bronze,Seasonal,Out of Home
108361,SANDY SWEETS AND DRINKS ЕООД,Бургас,СОЗОПОЛ,Restaurant,Bronze,Seasonal,Out of Home
106099,КЛИО ЕООД,Бургас,СОЗОПОЛ,Fast-food,Bronze,Seasonal,Out of Home
108350,СЛАДОЛЕД ЕООД,Бургас,СОЗОПОЛ,Restaurant,Bronze,Seasonal,Out of Home
106044,Епик айскрийм ЕООД,Варна,ВАРНА,Fast-food,Silver,Not Seasonal,Out of Home
111100,ПИЦА ЕООД,Бургас,НЕСЕБЪР,Hotels,Silver,Seasonal,Out of Home
104987,СЛАДОЛЕДЕНА ТОЧКА ЕООД,Варна,ВАРНА,Cafe,Silver,Not Seasonal,Out of Home
107829,Сладолет Солници ЕООД,Бургас,ЛОЗЕНЕЦ,Restaurant,Bronze,Seasonal,Out of Home
106094,Ди фреш Сакса ЕООД,Бургас,СОЗОПОЛ,Fast-food,Bronze,Seasonal,Out of Home
110731,КРАМЕР ЕООД,Добрич,БАЛЧИК,Restaurant,Bronze,Seasonal,Out of Home
106108,СЛАДОЛЕД ЕООД,Бургас,СОЗОПОЛ,Fast-food,Bronze,Seasonal,Out of Home
106096,ФРУГОН ЕООД,Бургас,СОЗОПОЛ,Fast-food,Bronze,Seasonal,Out of Home
109092,Ди фреш мост ЕООД,Бургас,СОЗОПОЛ,Hotels,Bronze,Seasonal,Out of Home
106095,ПАРМИ ЕООД,Бургас,СОЗОПОЛ,Fast-food,Bronze,Seasonal,Out of Home
106084,Тайландски сладолед ЕООД,Бургас,СОЗОПОЛ,Fast-food,Bronze,Seasonal,Out of Home
106098,СЛАДКАРНИЦА САХЕР ЕООД,Бургас,СОЗОПОЛ,Fast-food,Bronze,Seasonal,Out of Home
106080,КАФЕ ЛАКРЕМА ЕООД,Бургас,СОЗОПОЛ,Fast-food,Bronze,Seasonal,Out of Home
109077,Пуканки Сладолед ЕООД,Бургас,СОЗОПОЛ,Hotels,Bronze,Seasonal,Out of Home
106092,ПАВ ХАМБУРГЕРИ ЕООД,Бургас,СОЗОПОЛ,Fast-food,Bronze,Seasonal,Out of Home
105634,ПАРМИ ЕООД,Бургас,ПРИМОРСКО,Bar,Silver,Seasonal,Out of Home
108125,Сладки торти ЕООД,Бургас,КАРНОБАТ,Restaurant,Bronze,Not Seasonal,Out of Home
108154,КРЕЙЗИ КЕЙК ЕООД,Бургас,КАРНОБАТ,Restaurant,Bronze,Not Seasonal,Out of Home
109226,ТУИСТИ БЪНС ЕООД,Варна,ВАРНА,Bar,Silver,Not Seasonal,Out of Home
105648,МАРКРИД ЕООД,Бургас,ПРИМОРСКО,Bar,Bronze,Seasonal,Out of Home
109260,К-С АТЛАНТИС ЕООД,Бургас,БУРГАС,Bar,Bronze,Seasonal,Out of Home
107852,КЕЙКС СЕЛАР ООД ЕООД,Бургас,ЦАРЕВО,Restaurant,Silver,Not Seasonal,Out of Home
110346,СЛАДКАРНИЦА ДАРКРИД ЕООД,Бургас,ПРИМОРСКО,Fast-food,Silver,Seasonal,Out of Home
109462,Jk rollin ЕООД,Бургас,БУРГАС,Fast-food,Silver,Not Seasonal,Out of Home
105445,КАФЕ ПАРАДАЙС ЕООД,Варна,АКСАКОВО,Cafe,Bronze,Not Seasonal,Out of Home
105574,ДЖЕЛАТЕРИЯ 2 ЕООД,Бургас,НЕСЕБЪР,Bar,Silver,Seasonal,Out of Home
105603,КРИСТИ ЕООД,Варна,ЗЛАТНИ ПЯСЪЦИ,Bar,Silver,Seasonal,Out of Home
107854,СЛАДКО ИЗКУШЕНИЕ ЕООД,Бургас,ЦАРЕВО,Restaurant,Bronze,Seasonal,Out of Home
105865,СЛАДОЛЕД КАРИБИ ЕООД,Бургас,БУРГАС,Fast-food,Silver,Not Seasonal,Out of Home
106545,ДЕНДОС ЕООД,Бургас,КАМЕНО,Cafe,Bronze,Seasonal,Out of Home
105785,КАФЕ ПЕТРОВ ЕООД,Бургас,СЛЪНЧЕВ БРЯГ,Fast-food,Bronze,Seasonal,Out of Home
105788,ЗАХАРО ЕООД,Бургас,СЛЪНЧЕВ БРЯГ,Fast-food,Bronze,Seasonal,Out of Home
109821,ЖИЕНВИ СУИТ ЕООД,Бургас,БУРГАС,Cafe,Iron,Not Seasonal,Out of Home
106100,СЛАДОЛЕД ЕООД,Бургас,СОЗОПОЛ,Fast-food,Bronze,Seasonal,Out of Home
106102,ЦЕХ ЗАХАРО ЕООД,Бургас,СОЗОПОЛ,Fast-food,Bronze,Seasonal,Out of Home
106103,ДЪ БУК СТАР ЕООД,Бургас,СОЗОПОЛ,Fast-food,Bronze,Seasonal,Out of Home
106105,ПРИ ПОЛИ ЕООД,Бургас,СОЗОПОЛ,Fast-food,Bronze,Seasonal,Out of Home
106106,СЛАДКАРНИЦА ЕООД,Бургас,СОЗОПОЛ,Fast-food,Bronze,Seasonal,Out of Home
109788,СЛАДКАРНИЦА ЕООД,Бургас,СОЗОПОЛ,Hotels,Bronze,Seasonal,Out of Home
106107,СУИТХЕПИ ЕООД,Бургас,СОЗОПОЛ,Fast-food,Bronze,Seasonal,Out of Home
106097,СЛАДОЛЕД МОРСКА ГАРА ЕООД,Бургас,СОЗОПОЛ,Fast-food,Bronze,Seasonal,Out of Home
109060,БАЧИ ДОЛЧЕ ЕООД,Бургас,СОЗОПОЛ,Hotels,Bronze,Seasonal,Out of Home
109028,СЛАДКАРНИЦА НЕДЕЛЯ ЕООД,Бургас,СОЗОПОЛ,Hotels,Bronze,Seasonal,Out of Home
106074,СЛАДКАРНИЦА ЕООД,Бургас,СОЗОПОЛ,Fast-food,Bronze,Seasonal,Out of Home
106137,Понички Глейзи ЕООД,Бургас,СОЗОПОЛ,Fast-food,Bronze,Seasonal,Out of Home
106768,ПАРМИ ДЕЛТА МОЛ ЕООД,Бургас,СЛЪНЧЕВ БРЯГ,Nightclub,Silver,Seasonal,Out of Home
106123,Майка Зайка ЕООД,Бургас,СОЗОПОЛ,Fast-food,Bronze,Seasonal,Out of Home
108746,ЛАГАРД ЕООД,Бургас,ЛОЗЕНЕЦ,Hotels,Bronze,Seasonal,Out of Home
106129,SWEET PARMY ЕООД,Бургас,СОЗОПОЛ,Fast-food,Bronze,Seasonal,Out of Home
109915,ХЕНЗЕЛ И ГРЕТЕЛ ЕООД,Бургас,СЛЪНЧЕВ БРЯГ,Cafe,Bronze,Seasonal,Out of Home
108748,КАФЕ ОЛЕ ЕООД,Бургас,ПРИМОРСКО,Hotels,Silver,Seasonal,Out of Home
106109,LEONIDAS ЕООД,Бургас,СОЗОПОЛ,Fast-food,Bronze,Seasonal,Out of Home
106125,СЛАДКАРНИЦА НЕДЕЛЯ ЕООД,Бургас,БУРГАС,Fast-food,Bronze,Seasonal,Out of Home
110520,СЛАДОЛЕД СТАР ГРАД ЕООД,Варна,ВАРНА,Fast-food,Silver,Not Seasonal,Out of Home
105404,JK ROLLIN SOZOPOL 3 ЕООД,Бургас,ПОМОРИЕ,Cafe,Silver,Seasonal,Out of Home
110040,БОБА ЕООД,Бургас,БУРГАС,Cafe,Bronze,Seasonal,Out of Home
111529,ПАЛАЧИНКИ ЕООД,Бургас,БУРГАС,Restaurant,Bronze,Seasonal,Out of Home
107561,JK ROLLIN ЕООД,Бургас,РАВДА,Restaurant,Bronze,Seasonal,Out of Home
105857,ДАМГА ДЕСЕРТИ КЪЩИЧКА ЕООД,Бургас,РАВДА,Fast-food,Bronze,Seasonal,Out of Home
105617,ПАЛАЧИНКИ ЕООД,Бургас,НЕСЕБЪР,Bar,Bronze,Seasonal,Out of Home
107545,ЗАХАРО СЛАДКАРНИЦА ЕООД,Бургас,РАВДА,Restaurant,Bronze,Seasonal,Out of Home
108769,ЛЕДЕНА КЪЩА ЕООД,Бургас,ПРИМОРСКО,Hotels,Silver,Seasonal,Out of Home
108961,Рафи Градина ЕООД,Бургас,КИТЕН,Hotels,Silver,Seasonal,Out of Home
111251,СЛАДКАРНИЦА РОЗА ЕООД,Варна,ВАРНА,Fast-food,Gold,Not Seasonal,Out of Home
107837,СЛАДОЛЕД ЕООД,Бургас,ЛОЗЕНЕЦ,Restaurant,Bronze,Seasonal,Out of Home
108223,СЛАДКАРНИЦА ВАНИЛЛА ЕООД,Варна,ВАРНА,Restaurant,Gold,Not Seasonal,Out of Home
105364,СЛАДОЛЕД ЕООД,Бургас,БУРГАС,Cafe,Iron,Not Seasonal,Out of Home
105020,СЛАДКАРНИЦА МАРС ЕООД,Варна,ВАРНА,Cafe,Bronze,Not Seasonal,Out of Home
107860,НЕСТЛЕ ЕООД,Бургас,АХТОПОЛ,Restaurant,Bronze,Seasonal,Out of Home
109943,КАФЕ ХОБИ ЕООД,Варна,ВАРНА,Cafe,Gold,Not Seasonal,Out of Home
110826,СЛАДКАРНИЦА НЕДЕЛЯ ЕООД,Варна,ЗЛАТНИ ПЯСЪЦИ,Restaurant,Silver,Seasonal,Out of Home
109015,ПАЛАЧИНКИ ЕООД,Добрич,БАЛЧИК,Hotels,Bronze,Seasonal,Out of Home
110730,СЛАДОЛЕД АЙС ЕНД ГО ЕООД,Добрич,БАЛЧИК,Restaurant,Bronze,Seasonal,Out of Home
105192,СЛАДКАРНИЦА ЕООД,Бургас,БУРГАС,Cafe,Bronze,Not Seasonal,Out of Home
105645,ЗАХАРО ЕООД,Бургас,БУРГАС,Bar,Silver,Seasonal,Out of Home
109423,SWEET HOUSE KISSO ЕООД,Бургас,НЕСЕБЪР,Fast-food,Bronze,Seasonal,Out of Home
107556,ASTREIA CAKE BOUTIQUE - СЛАДКАРСКИ ЕООД,Бургас,НЕСЕБЪР,Restaurant,Bronze,Seasonal,Out of Home
107563,Дюнер ЕООД,Бургас,РАВДА,Restaurant,Silver,Seasonal,Out of Home
105911,СЛАДКАРНИЦА ЕООД,Бургас,БУРГАС,Fast-food,Silver,Not Seasonal,Out of Home
110430,УНИКАНО ДЖЕЛАТО ЕООД,Бургас,ПОМОРИЕ,Fast-food,Silver,Seasonal,Out of Home
105385,СЛАДКАРНИЦА ПИРЕТА ЕООД,Бургас,АЙТОС,Cafe,Gold,Not Seasonal,Out of Home
111465,СЛАДКАРНИЦА САМЪР ЕООД,Варна,ЗЛАТНИ ПЯСЪЦИ,Restaurant,Gold,Seasonal,Out of Home
111354,тайландски сладолед ЕООД,Бургас,БУРГАС,Fast-food,Gold,Not Seasonal,Out of Home
106544,тайландски сладолед ЕООД,Бургас,БУРГАС,Cafe,Bronze,Not Seasonal,Out of Home
110516,РЕСТОРАНТ ИГЛИКА ЕООД,Варна,ВАРНА,Fast-food,Gold,Not Seasonal,Out of Home
110052,ЗАХАРО ЕООД,Бургас,БУРГАС,Cafe,Iron,Not Seasonal,Out of Home
108126,ДЕНИ СРЕЩУ РПУ ЕООД,Бургас,ПОМОРИЕ,Restaurant,Bronze,Seasonal,Out of Home
110783,МАГАЗИН ЕООД,Варна,ВАРНА,Fast-food,Bronze,Not Seasonal,Out of Home
110534,КЪМПИНГ ШКОРПИЛОВЦИ ЕООД,Варна,ВАРНА,Fast-food,Bronze,Not Seasonal,Out of Home
105997,СТРИЙТ ФУУД ЕМ AND В ЕООД,Бургас,ПОМОРИЕ,Fast-food,Silver,Seasonal,Out of Home
105988,ГОРНООРЯХОВСКА СКАРА ЕООД,Бургас,БУРГАС,Fast-food,Silver,Seasonal,Out of Home
106624,ЕТРОПОЛСКА СКАРА ЕООД,Бургас,ПОМОРИЕ,Cafe,Silver,Seasonal,Out of Home
105692,БЪРЗА ЗАКУСКА ПЛАЖ ОБЗОР ЕООД,Бургас,АХЕЛОЙ,Bar,Silver,Seasonal,Out of Home
105987,Бургери ЕООД,Бургас,ПОМОРИЕ,Fast-food,Bronze,Seasonal,Out of Home
105203,ЧИФЛИШКА СКАРА ЕООД,Бургас,БУРГАС,Cafe,Bronze,Not Seasonal,Out of Home
110120,Ахой ЕООД,Варна,ДЕВНЯ,Fast-food,Bronze,Not Seasonal,Out of Home
109822,GO GRILL ЕООД,Бургас,БУРГАС,Cafe,Bronze,Not Seasonal,Out of Home
105442,БИСТРО СНЕЖИ ЕООД,Варна,ВАРНА,Cafe,Bronze,Not Seasonal,Out of Home
110404,БЪЛГАРСКА СКАРА ЕООД,Бургас,БУРГАС,Fast-food,Bronze,Not Seasonal,Out of Home
111586,ЛАФКА ВЕСКОНИ ЕООД,Бургас,БУРГАС,Fast-food,Bronze,Not Seasonal,Out of Home
110403,ХРУПКАВИЯ БУРГЕР ЕООД,Бургас,БУРГАС,Fast-food,Bronze,Not Seasonal,Out of Home
105455,БЪЛГАРСКА СКАРА ЕООД,Варна,ВАРНА,Cafe,Bronze,Not Seasonal,Out of Home
110515,КАТЕЛИЕВИ ЕООД,Варна,ВАРНА,Fast-food,Bronze,Not Seasonal,Out of Home
106036,НОМАД ЕООД,Варна,ВАРНА,Fast-food,Bronze,Not Seasonal,Out of Home
111907,ЗАКУСКИ ЕООД,Бургас,БУРГАС,Cafe,Bronze,Not Seasonal,Out of Home
111911,Бърза закуска ЕООД,Варна,ВАРНА,Cafe,Gold,Seasonal,Out of Home
110522,ЗАВЕДЕНИЕ ЗА БЪРЗО ХРАНЕНЕ ЕООД,Варна,ВАРНА,Fast-food,Bronze,Not Seasonal,Out of Home
110278,КАРАВАНА НИКА ЕООД,Бургас,БУРГАС,Fast-food,Bronze,Seasonal,Out of Home
105746,ДЪ СМОУК ШОП ЕООД,Варна,ДОЛНИ ЧИФЛИК,Fast-food,Bronze,Not Seasonal,Out of Home
110536,ПАВИЛИОН ЗА ДЮНЕРИ И КАТМИ ЕООД,Варна,ВАРНА,Fast-food,Bronze,Not Seasonal,Out of Home
107377,ПИЦАРИЯ ЕООД,Варна,ВАРНА,Restaurant,Iron,Not Seasonal,Out of Home
111646,Заведение за хранене ЕООД,Бургас,БУРГАС,Fast-food,Bronze,Not Seasonal,Out of Home
110749,СКАРА НА ПЛАЖА ЕООД,Бургас,БУРГАС,Fast-food,Bronze,Not Seasonal,Out of Home
110518,Джобове ЕООД,Варна,ВАРНА,Fast-food,Bronze,Not Seasonal,Out of Home
110161,КАФЕ ЕООД,Бургас,БУРГАС,Fast-food,Bronze,Not Seasonal,Out of Home
108364,BAKED POTATO ЕООД,Бургас,ЛИВАДА,Restaurant,Bronze,Not Seasonal,Out of Home
110277,ЛАВАШ ГАРДЕН ЕООД,Бургас,НЕСЕБЪР,Fast-food,Bronze,Not Seasonal,Out of Home
105443,ДЮНЕР ОСМАН БАБА ЕООД,Варна,ВАРНА,Cafe,Bronze,Not Seasonal,Out of Home
107859,КАРАВАНАТА ЕООД,Бургас,БУРГАС,Restaurant,Silver,Not Seasonal,Out of Home
110058,ПИВНИЦА СВЕТЛАНА ЕООД,Варна,ВАРНА,Cafe,Bronze,Not Seasonal,Out of Home
108683,ROOD GRILL ЕООД,Бургас,МЕДОВО,Hotels,Iron,Not Seasonal,Out of Home
110344,СКАРА МЛАДОСТ ЕООД,Бургас,БУРГАС,Fast-food,Bronze,Not Seasonal,Out of Home
110514,СКАРА ЕООД,Варна,ВАРНА,Fast-food,Bronze,Not Seasonal,Out of Home
106840,БЪРЗО ХРАНЕНЕ ЕООД,Бургас,БУРГАС,Nightclub,Silver,Seasonal,Out of Home
105635,ПИРАТИ ЕООД,Бургас,БУРГАС,Bar,Silver,Seasonal,Out of Home
111391,SUNRISE ЕООД,Варна,ВАРНА,Fast-food,Silver,Not Seasonal,Out of Home
105444,СЛАДОЛЕД ТАЙЛАНДСКИ ЕООД,Варна,ВАРНА,Cafe,Bronze,Not Seasonal,Out of Home
105763,ЮНАШКА МРЪВКА ЕООД,Варна,ВАРНА,Fast-food,Bronze,Seasonal,Out of Home
105446,БУРГЕР СТАРС СВЕТИ ВЛАС ЕООД,Варна,ВАРНА,Cafe,Bronze,Not Seasonal,Out of Home
111647,ЗБХ ИРИС ЕООД,Бургас,БУРГАС,Fast-food,Bronze,Not Seasonal,Out of Home
106783,KFC ЕООД,Бургас,СЛЪНЧЕВ БРЯГ,Nightclub,Silver,Seasonal,Out of Home
110651,КОРНЕР ЕООД,Бургас,СЛЪНЧЕВ БРЯГ,Restaurant,Bronze,Not Seasonal,Out of Home
110575,БАРБЕКЮ ШРЕК ЕООД,Бургас,СРЕДЕЦ,Fast-food,Bronze,Not Seasonal,Out of Home
104850,СКЛАД ТЕМА ЕООД,Варна,ВАРНА,Cafe,Iron,Not Seasonal,Out of Home
106540,РИБАРСКА СРЕЩА ЕООД,Бургас,БУРГАС,Cafe,Bronze,Not Seasonal,Out of Home
109856,КАРАВАНА ФЕНИКС ЕООД,Бургас,БУРГАС,Cafe,Iron,Not Seasonal,Out of Home
109261,ЦЪР ПЪР СКАРА ЕООД,Велико Търново,ВЕЛИКО ТЪРНОВО,Bar,Bronze,Not Seasonal,At Home
110276,БЪРЗО ХРАНЕНЕ МЛАДОСТ ЕООД,Бургас,КАМЕНО,Fast-food,Iron,Not Seasonal,Out of Home
110275,БЪРЗО ХРАНЕНЕ МЛАДОСТ ЕООД,Бургас,НЕСЕБЪР,Fast-food,Bronze,Seasonal,Out of Home
110268,БУРГЕР ОГИ ЕООД,Бургас,НЕСЕБЪР,Fast-food,Bronze,Seasonal,Out of Home
111324,Бързо хранене ЕООД,Бургас,БУРГАС,Fast-food,Bronze,Not Seasonal,Out of Home
107562,БЪРЗО ХРАНЕНЕ ЕООД,Бургас,РАВДА,Restaurant,Bronze,Not Seasonal,Out of Home
109848,БЪРЗО ХРАНЕНЕ МЛАДОСТ ЕООД,Бургас,БУРГАС,Cafe,Bronze,Seasonal,Out of Home
105380,КАПАН РИБКАТА ЕООД,Бургас,БУРГАС,Cafe,Iron,Not Seasonal,Out of Home
110893,ФАЙЪР БУРГЕР ЕООД,Бургас,КАРНОБАТ,Restaurant,Iron,Not Seasonal,Out of Home
109272,ЦЪР ПЪР ЕООД,Бургас,ПОМОРИЕ,Bar,Iron,Not Seasonal,Out of Home
106064,СКАРА МЛАДОСТ ЕООД,Варна,ВАРНА,Fast-food,Bronze,Seasonal,Out of Home
101335,ГУД БИЪР ЕООД,Бургас,СЛЪНЧЕВ БРЯГ,Nightclub,Silver,Seasonal,Out of Home
111264,КФС МОЛ ГАЛЕРИЯ ЕООД,Бургас,РУЕН,Fast-food,Iron,Not Seasonal,Out of Home
106017,БЪРЗО ХРАНЕНЕ МЛАДОСТ ЕООД,Варна,ВАРНА,Fast-food,Bronze,Not Seasonal,Out of Home
106590,СРЪБСКА СКАРА ЕООД,Варна,ВАРНА,Cafe,Bronze,Not Seasonal,Out of Home
111187,КАРАВАНАТА ЕООД,Бургас,СЛЪНЧЕВ БРЯГ,Hotels,Silver,Seasonal,Out of Home
104959,ЦЪР ПЪР ЕООД,Бургас,БУРГАС,Cafe,Iron,Not Seasonal,Out of Home
109853,ПАВИЛИОН ДО Х-Л ДЮН ЕООД,Бургас,БУРГАС,Cafe,Bronze,Not Seasonal,Out of Home
109918,ФУУД СТОП ЕООД,Бургас,СВЕТИ ВЛАС,Cafe,Bronze,Seasonal,Out of Home
111913,ПАВИЛИОН РУМАДИ ЕООД,Варна,ВАРНА,Superette,Iron,Not Seasonal,Out of Home
106058,БЪРЗО ХРАНЕНЕ МЛАДОСТ ЕООД,Варна,ВАРНА,Fast-food,Iron,Not Seasonal,Out of Home
111851,ДА - РА 86 ЕООД ЕООД ЕООД,Варна,ВАРНА,Restaurant,Bronze,Not Seasonal,Out of Home
111796,Бързо хранене ЕООД,Варна,ВАРНА,Bar,Iron,Not Seasonal,Out of Home
109627,СКАРА СТИБ ЕООД,Варна,ВАРНА,Fast-food,Bronze,Not Seasonal,Out of Home
111706,СКАРА ФАМИЛИЯ ЕООД,Варна,ВАРНА,Fast-food,Bronze,Not Seasonal,Out of Home
106059,АРТ ЕООД,Варна,ВАРНА,Fast-food,Bronze,Not Seasonal,Out of Home
110726,ПАЛАЧИНКИ ОРИНДЖ ЕООД,Бургас,БУРГАС,Restaurant,Bronze,Not Seasonal,Out of Home
105764,KFC ЕООД,Варна,ВАРНА,Fast-food,Bronze,Not Seasonal,Out of Home
107365,АСКОН ЕООД,Варна,ВАРНА,Restaurant,Bronze,Not Seasonal,Out of Home
107844,ВЕСЕЛОТО СЕЛО ЕООД,Бургас,БУРГАС,Restaurant,Bronze,Not Seasonal,Out of Home
105481,СИНЬО ЛЯТО ЕООД,Бургас,РУСОКАСТРО,Cafe,Bronze,Not Seasonal,Out of Home
111443,Умани хотел ЕООД,Бургас,СЛЪНЧЕВ БРЯГ,Restaurant,Bronze,Not Seasonal,Out of Home
109637,ДЮНЕР ИНТЕР ЕООД,Варна,ВАРНА,Fast-food,Bronze,Not Seasonal,Out of Home
106591,БУНГАЛА ДЪБРАВА ЕООД,Варна,ВАРНА,Cafe,Iron,Not Seasonal,Out of Home
110729,БЪРЗА ЗАКУСКА МАЛИНА ЕООД,Варна,ВАРНА,Restaurant,Gold,Seasonal,Out of Home
105202,ПИЦА НА ПАРЧЕ ЕООД,Бургас,ЗИДАРОВО,Cafe,Bronze,Not Seasonal,Out of Home
105119,ДЮНЕР ЧЕРНОМОРСКА ЕООД,Бургас,БУРГАС,Cafe,Iron,Not Seasonal,Out of Home
105117,ДЖУСИ БУРГЕР ЕООД,Бургас,КАМЕНО,Cafe,Iron,Not Seasonal,Out of Home
109274,БУРГЕР БАР ЕООД,Бургас,БУРГАС,Bar,Iron,Not Seasonal,Out of Home
105397,СВЕЖОТО ПИЛЕ ЕООД,Бургас,АЙТОС,Cafe,Iron,Not Seasonal,Out of Home
110891,БРЪНЧ ЕООД,Бургас,БУРГАС,Restaurant,Iron,Not Seasonal,Out of Home
105395,ТРИУМФ ГРИЛ ЕООД,Бургас,КАРНОБАТ,Cafe,Iron,Not Seasonal,Out of Home
109572,FOOD POINT ЕООД,Бургас,КАРНОБАТ,Fast-food,Iron,Not Seasonal,Out of Home
107363,TACOCAT ЕООД,Варна,ВАРНА,Restaurant,Silver,Seasonal,Out of Home
108220,КОФЕКАП ЕООД,Варна,ВАРНА,Restaurant,Bronze,Not Seasonal,Out of Home
107447,GRILL HOUSE ЕООД,Бургас,БУРГАС,Restaurant,Bronze,Not Seasonal,Out of Home
105372,HUNTER GRILL ЕООД,Бургас,СЪДИЕВО,Cafe,Bronze,Not Seasonal,Out of Home
104851,ГО ГРИЛ ЕООД,Варна,ВАРНА,Cafe,Iron,Not Seasonal,Out of Home
104833,ДЮНЕР ЕООД,Варна,ВАРНА,Cafe,Iron,Not Seasonal,Out of Home
108229,БУРГЕРО ЕООД,Варна,ВАРНА,Restaurant,Silver,Seasonal,Out of Home
106481,БУЕНО ФУУДС ЕООД,Варна,ВАРНА,Cafe,Bronze,Not Seasonal,Out of Home
109854,2YOU ЕООД,Бургас,КАРНОБАТ,Cafe,Bronze,Not Seasonal,Out of Home
110859,Закуска Фистов ЕООД,Бургас,БУРГАС,Restaurant,Iron,Not Seasonal,Out of Home
105829,ЕКСПРЕС ФУДС ЕООД ЕООД,Варна,БЕЛОСЛАВ,Fast-food,Bronze,Not Seasonal,Out of Home
107286,БЕСТ БУРГЕР ЕООД,Бургас,БУРГАС,Supermarket,Iron,Seasonal,Out of Home
111080,СКАРА ЗА ДОМА ЕООД,Бургас,НЕСЕБЪР,Hotels,Gold,Seasonal,Out of Home
109336,ГОЛЯМОТО ПИЛЕ ЕООД,Бургас,ПРОСЕНИК,Fast-food,Bronze,Not Seasonal,Out of Home
110118,ФИСТ БУРГЕРС ЕООД,Варна,ДЕВНЯ,Fast-food,Bronze,Not Seasonal,Out of Home
110259,МЕКСИКАНСКА ХРАНА ЕООД,Бургас,АХЕЛОЙ,Fast-food,Bronze,Not Seasonal,Out of Home
110270,БЪЛГАРСКА СКАРА ЕООД,Бургас,РАВДА,Fast-food,Bronze,Not Seasonal,Out of Home
110778,Куба бар ЕООД,Бургас,ПОМОРИЕ,Fast-food,Bronze,Not Seasonal,Out of Home
108370,ФЕМИЛИ ФЛОЙД ООД ЕООД,Бургас,БУРГАС,Restaurant,Bronze,Not Seasonal,Out of Home
107354,ГО ГРИЛ ЕООД,Варна,ВАРНА,Restaurant,Bronze,Not Seasonal,Out of Home
106111,ЯМ ЯМ ЕООД,Бургас,СОЗОПОЛ,Fast-food,Bronze,Seasonal,Out of Home
106131,ХАРИ БАР ЕООД,Бургас,СОЗОПОЛ,Fast-food,Bronze,Seasonal,Out of Home
108363,DIVE CAFE ЕООД,Бургас,БУРГАС,Restaurant,Bronze,Not Seasonal,Out of Home
105502,FAST FOOD ПАРАДАЙС ЕООД,Бургас,СРЕДЕЦ,Cafe,Bronze,Not Seasonal,Out of Home
104957,ЛАВАШ ЕООД,Бургас,БЕЛОДОЛ,Cafe,Iron,Not Seasonal,Out of Home
105259,ЗАКУСКИ ЕООД,Бургас,БУРГАС,Cafe,Iron,Not Seasonal,Out of Home
111658,КОФИ ТАЙМ ЕООД,Бургас,СЛЪНЧЕВ БРЯГ,Fast-food,Bronze,Not Seasonal,Out of Home
105261,ПАВИЛИОН ЕООД,Бургас,СЛЪНЧЕВ БРЯГ,Cafe,Iron,Not Seasonal,Out of Home
105195,ЗАКУСКИ ЕООД,Бургас,БУРГАС,Cafe,Bronze,Not Seasonal,Out of Home
110487,ТЕДИ ТЙС ЕООД,Варна,ВАРНА,Fast-food,Bronze,Not Seasonal,Out of Home
106061,МАКДОНАЛДС ЕООД,Варна,ВАРНА,Fast-food,Bronze,Not Seasonal,Out of Home
110433,МАК ДОНАЛДС ЕООД,Бургас,АЙТОС,Fast-food,Iron,Not Seasonal,Out of Home
110005,МАКДОНАЛДС ЕООД,Бургас,БУРГАС,Cafe,Bronze,Seasonal,Out of Home
109811,МАКДОНАЛДС ЕООД,Варна,ВАРНА,Hotels,Silver,Not Seasonal,Out of Home
107351,ХЕСБУРГЕР ЕООД,Варна,ПРОВАДИЯ,Restaurant,Bronze,Not Seasonal,Out of Home
110340,МАКДОНАЛДС ДЕЛФИНИ ЕООД,Бургас,БУРГАС,Fast-food,Silver,Not Seasonal,Out of Home
110360,В.ПЪРЗ ЕООД,Бургас,БУРГАС,Fast-food,Bronze,Not Seasonal,Out of Home
110377,ЗЛ.ПЯСЪЦИ/ДО КОРАБЧЕТО/ ЕООД,Бургас,БУРГАС,Fast-food,Bronze,Not Seasonal,Out of Home
105967,БЪРЗО ХРАНЕНЕ МЛАДОСТ ЕООД,Варна,ВАРНА,Fast-food,Bronze,Not Seasonal,Out of Home
112029,БЪРЗА ЗАКУСКА ДЕНИС ЕООД,Варна,ВАРНА,Cafe,Bronze,Not Seasonal,Out of Home
109865,БЪРГЪР КИНГ ЕООД,Варна,ВАРНА,Cafe,Bronze,Not Seasonal,Out of Home
105199,СПИРКА ЧЕВЕРЧЕ ЕООД,Бургас,БУРГАС,Cafe,Bronze,Not Seasonal,Out of Home
110282,ПЯСЪЦИТЕ ЕООД,Бургас,БУРГАС,Fast-food,Bronze,Not Seasonal,Out of Home
109859,СКАРА ГИД ЕООД,Бургас,БУРГАС,Cafe,Bronze,Not Seasonal,Out of Home
107868,БАРБЕКЮ ДЖЕРОНИМО ЕООД,Бургас,БУРГАС,Restaurant,Bronze,Seasonal,Out of Home
105191,БЪРЗО ХРАНЕНЕ МЛАДОСТ ЕООД,Бургас,БУРГАС,Cafe,Iron,Not Seasonal,Out of Home
106600,МИСТЪР ОГРОМОБУРГЕР ЕООД,Бургас,БУРГАС,Cafe,Bronze,Not Seasonal,Out of Home
106532,Бързо хранене ЕООД,Бургас,НЕСЕБЪР,Cafe,Bronze,Not Seasonal,Out of Home
106554,ДЮНЕР ЕООД,Бургас,БУРГАС,Cafe,Bronze,Not Seasonal,Out of Home
106598,Пристанище ЕООД,Бургас,БУРГАС,Cafe,Bronze,Not Seasonal,Out of Home
110644,Стакоз ЕООД,Варна,ДОЛНИ ЧИФЛИК,Restaurant,Bronze,Seasonal,Out of Home
110642,ГО ГРИЛ ЕООД,Варна,ДОЛНИ ЧИФЛИК,Restaurant,Bronze,Seasonal,Out of Home
105375,Бързо хранене ЕООД,Бургас,ПОМОРИЕ,Cafe,Bronze,Not Seasonal,Out of Home
111718,Бургер Лаб ЕООД,Варна,ВАРНА,Fast-food,Bronze,Not Seasonal,Out of Home
110525,ХАРНА ПЕКАРНА ЕООД,Варна,ВАРНА,Fast-food,Bronze,Not Seasonal,Out of Home
109542,При Големия Петър ЕООД,Бургас,РУЕН,Fast-food,Bronze,Not Seasonal,Out of Home
105376,Билдинг ЕООД,Бургас,АЙТОС,Cafe,Bronze,Not Seasonal,Out of Home
104844,Божилови ЕООД,Варна,ВАРНА,Cafe,Bronze,Not Seasonal,Out of Home
108360,Зорница ЕООД,Бургас,ЧЕРНОМОРЕЦ,Restaurant,Bronze,Not Seasonal,Out of Home
106397,АЗИАТСКО ХРАНЕНЕ ЕООД,Варна,ВАРНА,Cafe,Bronze,Not Seasonal,Out of Home
106057,БЪРЗО ХРАНЕНЕ CENTRAL PARK ЕООД,Варна,ВАРНА,Fast-food,Bronze,Not Seasonal,Out of Home
110732,БЪРЗО ХРАНЕНЕ МЛАДОСТ ЕООД,Варна,ВАРНА,Restaurant,Bronze,Not Seasonal,Out of Home
110734,БЪРЗО ХРАНЕНЕ МЛАДОСТ ЕООД,Варна,ВАРНА,Restaurant,Bronze,Not Seasonal,Out of Home
111028,ФРЕШ ЕООД,Варна,ВАРНА,Hotels,Silver,Not Seasonal,Out of Home
111713,БЪРЗО ХРАНЕНЕ МЛАДОСТ ЕООД,Варна,ВАРНА,Fast-food,Bronze,Not Seasonal,Out of Home
111482,Ресторант Ел Мар ЕООД,Бургас,БУРГАС,Restaurant,Silver,Not Seasonal,Out of Home
111344,МАЧО ЕООД,Бургас,БУРГАС,Fast-food,Bronze,Not Seasonal,Out of Home
110380,БУРГЕРС ХАУС ЕООД,Бургас,БУРГАС,Fast-food,Bronze,Not Seasonal,Out of Home
111664,ПАВИЛЬОН ЕООД,Бургас,БУРГАС,Fast-food,Bronze,Not Seasonal,Out of Home
108063,ДИНЕРО ЕООД,Бургас,БУРГАС,Restaurant,Bronze,Not Seasonal,Out of Home
105387,МАГ ДОНАЛДС ЕООД,Бургас,КАРНОБАТ,Cafe,Bronze,Not Seasonal,Out of Home
107870,БЪЛГАРСКА СКАРА ЕООД,Бургас,АТИЯ,Restaurant,Bronze,Not Seasonal,Out of Home
106347,БЪРЗО ХРАНЕНЕ МЛАДОСТ ЕООД,Варна,ВАРНА,Local Shop,Bronze,Not Seasonal,Out of Home
110137,Златна Дюна ЕООД,Варна,ВАРНА,Fast-food,Bronze,Not Seasonal,Out of Home
109281,ПЕЧЕН ПЪЛНЕН КАРТОФ ЕООД,Варна,ВАРНА,Bar,Bronze,Not Seasonal,Out of Home
106450,KFC ЕООД,Бургас,БУРГАС,Cafe,Bronze,Not Seasonal,Out of Home
106810,ЛАЗУР ЕООД,Варна,ВАРНА,Nightclub,Silver,Not Seasonal,Out of Home
110068,БЪРЗО ХРАНЕНЕ ДЕМО ЕООД,Варна,ВАРНА,Cafe,Bronze,Not Seasonal,Out of Home
106761,АМГЪЛ ЕООД,Варна,ВАРНА,Nightclub,Bronze,Not Seasonal,Out of Home
108226,БЪРЗО ХРАНЕНЕ ЕООД,Варна,ВАРНА,Restaurant,Bronze,Not Seasonal,Out of Home
109008,КОРАБЧЕ ЕООД,Варна,ВАРНА,Hotels,Bronze,Not Seasonal,Out of Home
109654,СРЪБСКА СКАРА ЕООД,Варна,ВАРНА,Fast-food,Bronze,Not Seasonal,Out of Home
106864,АЛФА ДЕМС ЕООД,Варна,ВАРНА,Nightclub,Bronze,Not Seasonal,Out of Home
107366,БЪРЗО ХРАНЕНЕ НОИ ЕООД,Варна,ВАРНА,Restaurant,Bronze,Not Seasonal,Out of Home
109932,грил клуб ЕООД,Варна,ВАРНА,Cafe,Bronze,Not Seasonal,Out of Home
111906,ВОДЕН ДУХ ЕООД,Бургас,ПРИМОРСКО,Cafe,Bronze,Not Seasonal,Out of Home
111256,БУРГЕР ПОЙНТ ЕООД,Варна,ПРОВАДИЯ,Fast-food,Bronze,Not Seasonal,Out of Home
111742,ЧИКЪН ГРИЛ ЕООД,Варна,ВАРНА,Fast-food,Bronze,Not Seasonal,Out of Home
110801,БАРНИ ЕООД,Варна,ДЕВНЯ,Restaurant,Bronze,Not Seasonal,Out of Home
107395,БЪРЗО ХРАНЕНЕ МЛАДОСТ ЕООД,Варна,ВАРНА,Restaurant,Silver,Seasonal,Out of Home
108951,ЧАРЛИ ЕООД,Варна,ВАРНА,Hotels,Bronze,Not Seasonal,Out of Home
109809,ПЕКАРНА САНДРИТА ЕООД,Варна,ВАРНА,Hotels,Bronze,Not Seasonal,Out of Home
109305,АВТОМИВКА ЛУКС ЕООД,Варна,ДОЛНИ ЧИФЛИК,Fast-food,Bronze,Not Seasonal,Out of Home
110116,ХРИБОР ЕООД,Варна,ДОЛНИ ЧИФЛИК,Fast-food,Bronze,Seasonal,Out of Home
107347,ИНТЕРНИ ЕООД,Варна,ДОЛНИ ЧИФЛИК,Restaurant,Bronze,Seasonal,Out of Home
105379,ЛАВКА ХАУС ЕООД,Бургас,ПОМОРИЕ,Cafe,Bronze,Not Seasonal,Out of Home
106753,DUNER KEBAP “ZOICHETO ЕООД,Варна,ВАРНА,Nightclub,Silver,Not Seasonal,Out of Home
111825,ЧЕЛОПЕЧЕНСКО ЧЕВЕРМЕ ЕООД,Варна,ВАРНА,Cafe,Bronze,Not Seasonal,Out of Home
110508,ГЕЛАРИС ЕООД,Варна,ВАРНА,Fast-food,Bronze,Not Seasonal,Out of Home
105384,КОЛЕДНА КЪЩА ВЕЛЕВ ЕООД,Бургас,АЙТОС,Cafe,Bronze,Seasonal,Out of Home
108228,ГИРО ЛАНД ЕООД,Варна,ВАРНА,Restaurant,Bronze,Not Seasonal,Out of Home
111845,ПЪРЖЕНА РИБА ЕООД,Бургас,СВЕТИ ВЛАС,Restaurant,Bronze,Not Seasonal,Out of Home
104849,БУНГАЛА ЕООД,Варна,ВАРНА,Cafe,Gold,Seasonal,Out of Home
110114,КАРАВАНА ЕООД,Варна,ДОЛНИ ЧИФЛИК,Fast-food,Iron,Not Seasonal,Out of Home
111823,АПК ЕООД,Варна,ВАРНА,Cafe,Bronze,Not Seasonal,Out of Home
110517,КОЛЕДНА КЪЩИЧКА ЕООД,Варна,ВАРНА,Fast-food,Bronze,Not Seasonal,Out of Home
107287,РИБКАТА ЕООД,Варна,ВАРНА,Cafe,Bronze,Not Seasonal,Out of Home
110645,ПРИ БАЙ КОЛЬО ЕООД,Варна,ДОЛНИ ЧИФЛИК,Restaurant,Bronze,Seasonal,Out of Home
108911,БАУ БАУ ЕООД,Варна,ВАРНА,Hotels,Bronze,Not Seasonal,Out of Home
102395,БЪРЗО ХРАНЕНЕ ЕООД,Варна,ВАРНА,Local Shop,Bronze,Not Seasonal,Out of Home
106461,СТАРАТА ЛИМОНАДА ЕООД,Варна,ВАРНА,Cafe,Bronze,Not Seasonal,Out of Home
106594,ЮНАШКА СКАРА ЕООД,Варна,ВАРНА,Cafe,Bronze,Not Seasonal,Out of Home
109764,ПАЛАЧИНКИ ЕООД,Варна,СИНДЕЛ,Hotels,Bronze,Not Seasonal,Out of Home
109974,БЪРЗО ХРАНЕНЕ ЕООД,Бургас,БУРГАС,Cafe,Bronze,Not Seasonal,Out of Home
109236,СКАРА ЕООД,Варна,ВАРНА,Bar,Bronze,Not Seasonal,Out of Home
109470,ТОП БУРГЕР ЕООД,Бургас,БУРГАС,Fast-food,Bronze,Seasonal,Out of Home
110418,БЪРЗО ХРАНЕНЕ ЕООД,Бургас,АЙТОС,Fast-food,Silver,Not Seasonal,Out of Home
105654,ХЕСБУРГЕР ЕООД,Бургас,СЛЪНЧЕВ БРЯГ,Bar,Silver,Seasonal,Out of Home
105564,Бурито ЕООД,Варна,ВАРНА,Bar,Bronze,Not Seasonal,Out of Home
111843,ДЮНЕР ХИТЪР ПЕТЪР ЕООД,Бургас,СЛЪНЧЕВ БРЯГ,Restaurant,Silver,Seasonal,Out of Home
105691,КИНГ КОНГ ЕООД,Бургас,ПОМОРИЕ,Bar,Bronze,Seasonal,Out of Home
111257,БЪРЗО ХРАНЕНЕ ЕООД,Варна,ОБЗОР,Fast-food,Bronze,Seasonal,Out of Home
108786,САНДВИЧИ БЪТЛЪРС ЕООД,Бургас,БУРГАС,Hotels,Bronze,Seasonal,Out of Home
110075,СКАРАТА ЕООД,Бургас,СОЗОПОЛ,Cafe,Bronze,Seasonal,Out of Home
111667,МАНДЖАРНИЦА ТЕГЕЛ ЕООД,Бургас,ОБЗОР,Fast-food,Silver,Seasonal,Out of Home
108347,КОМПЛЕКС КОРАЛ ЕООД,Бургас,СОЗОПОЛ,Restaurant,Bronze,Seasonal,Out of Home
109057,ЗАКУСКИ НЕСТИНАРКА ЕООД,Бургас,СОЗОПОЛ,Hotels,Bronze,Seasonal,Out of Home
109048,ПАВИЛИОН ЕООД,Бургас,СОЗОПОЛ,Hotels,Bronze,Seasonal,Out of Home
107759,Якото пиле на Жар ЕООД,Бургас,ПРИМОРСКО,Restaurant,Silver,Seasonal,Out of Home
106537,HEALTHY BOX ЕООД,Бургас,КАБЛЕШКОВО,Cafe,Bronze,Seasonal,Out of Home
110420,Бургери ЕООД,Бургас,ПОМОРИЕ,Fast-food,Bronze,Seasonal,Out of Home
108833,Бат Ангел ЕООД,Бургас,СЛЪНЧЕВ БРЯГ,Hotels,Bronze,Seasonal,Out of Home
107586,Бургери каравана ЕООД,Бургас,НЕСЕБЪР,Restaurant,Bronze,Seasonal,Out of Home
107587,ПАВИЛЬОН ЕООД,Бургас,НЕСЕБЪР,Restaurant,Bronze,Seasonal,Out of Home
107588,Къщичка Привтели ЕООД,Бургас,НЕСЕБЪР,Restaurant,Bronze,Seasonal,Out of Home
105657,МАГАЗИН ХР СТОКИ ЕООД,Бургас,СЛЪНЧЕВ БРЯГ,Bar,Bronze,Seasonal,Out of Home
110284,СКАРА „КЕО“ ЕООД,Бургас,НЕСЕБЪР,Fast-food,Bronze,Seasonal,Out of Home
106160,КЕБАП ХАУС ЕООД,Бургас,СОЗОПОЛ,Fast-food,Bronze,Seasonal,Out of Home
107590,КАРАВАНА ММЦ ЕООД,Бургас,РАВДА,Restaurant,Bronze,Seasonal,Out of Home
109430,ПАВИЛИОН ЕООД,Бургас,РАВДА,Fast-food,Bronze,Seasonal,Out of Home
109068,СКАРА 5КМ ЕООД,Бургас,СОЗОПОЛ,Hotels,Bronze,Seasonal,Out of Home
106162,КИНГ КОНГ БУРГЕР ЕООД,Бургас,СОЗОПОЛ,Fast-food,Bronze,Seasonal,Out of Home
106163,МАКДОНАЛДС /БУРГАС ПЛАЗА/ ЕООД,Бургас,СОЗОПОЛ,Fast-food,Bronze,Seasonal,Out of Home
105704,СКАРА ЦЪР ПЪР ЕООД,Бургас,СОЗОПОЛ,Bar,Silver,Seasonal,Out of Home
106124,СКАРА ИЦАКА ЕООД,Бургас,СОЗОПОЛ,Fast-food,Bronze,Seasonal,Out of Home
106120,СИТИ ЧИКЪН ЕООД,Бургас,СОЗОПОЛ,Fast-food,Bronze,Seasonal,Out of Home
110896,БУРГЕРИ ЕООД,Варна,ВАРНА,Restaurant,Silver,Not Seasonal,Out of Home
106153,ЗАКУСКИ ЕООД,Бургас,СОЗОПОЛ,Fast-food,Bronze,Seasonal,Out of Home
106158,Прилив ЕООД,Бургас,СОЗОПОЛ,Fast-food,Bronze,Seasonal,Out of Home
105701,Tasty Burgers ЕООД,Бургас,СОЗОПОЛ,Bar,Silver,Not Seasonal,Out of Home
106110,ХЕСБУРГЕР ЕООД,Бургас,СОЗОПОЛ,Fast-food,Bronze,Seasonal,Out of Home
106166,Subway ЕООД,Бургас,СОЗОПОЛ,Fast-food,Bronze,Seasonal,Out of Home
106115,Есперанто ЕООД,Бургас,СОЗОПОЛ,Fast-food,Bronze,Seasonal,Out of Home
108935,Бързо хранене ЕООД,Варна,ВАРНА,Hotels,Silver,Seasonal,Out of Home
106116,Сръбско ЕООД,Бургас,СОЗОПОЛ,Fast-food,Bronze,Seasonal,Out of Home
109463,Пекарна Прокопович ЕООД,Бургас,ЦАРЕВО,Fast-food,Bronze,Seasonal,Out of Home
110799,ГО ГРИЛ ЕООД,Варна,ВАРНА,Restaurant,Gold,Not Seasonal,Out of Home
108779,МРЪВКАТА ЕООД,Бургас,КИТЕН,Hotels,Silver,Seasonal,Out of Home
110338,Питър пан ЕООД,Бургас,ПРИМОРСКО,Fast-food,Silver,Seasonal,Out of Home
106863,Енергия фууд ЕООД,Бургас,ПОМОРИЕ,Nightclub,Silver,Seasonal,Out of Home
110491,Бързо Хранене ЕООД,Варна,ВАРНА,Fast-food,Gold,Not Seasonal,Out of Home
106118,ИСКЕНДЕР КЕБАП ЕООД,Бургас,СОЗОПОЛ,Fast-food,Bronze,Seasonal,Out of Home
110093,СКАРА ЕООД,Бургас,СОЗОПОЛ,Cafe,Bronze,Seasonal,Out of Home
106072,ХАМБУРГЕРИ ЕООД,Бургас,ЧЕРНОМОРЕЦ,Fast-food,Bronze,Seasonal,Out of Home
106535,ФАНТАСТИКО ЕООД,Бургас,БУРГАС,Cafe,Bronze,Seasonal,Out of Home
105897,БЪРЗО ХРАНЕНЕ ЕООД,Бургас,СОЗОПОЛ,Fast-food,Bronze,Seasonal,Out of Home
106093,РИБА ЕООД,Бургас,СОЗОПОЛ,Fast-food,Bronze,Seasonal,Out of Home
108676,БЪРЗА РИБКА ЕООД,Бургас,НЕСЕБЪР,Hotels,Bronze,Seasonal,Out of Home
108714,ХОТ ДОГ КОЛИЧКА ЕООД,Бургас,СОЗОПОЛ,Hotels,Bronze,Seasonal,Out of Home
108700,ЪНКЪЛ Г ЕООД,Бургас,СОЗОПОЛ,Hotels,Bronze,Seasonal,Out of Home
105894,МАЙФУД ЕООД,Бургас,СОЗОПОЛ,Fast-food,Bronze,Seasonal,Out of Home
105893,АРАБСКИ САНДВИЧИ ЕООД,Бургас,СОЗОПОЛ,Fast-food,Bronze,Seasonal,Out of Home
105890,СКАРА ЕООД,Бургас,СОЗОПОЛ,Fast-food,Bronze,Seasonal,Out of Home
105907,КАРАВАНА ЕООД,Бургас,СОЗОПОЛ,Fast-food,Bronze,Seasonal,Out of Home
111643,ТОПЛА СКАРА ЕООД,Бургас,ПРИМОРСКО,Fast-food,Silver,Seasonal,Out of Home
110345,КАРАВАНА ЕООД,Бургас,ПРИМОРСКО,Fast-food,Silver,Seasonal,Out of Home
108750,БЪРЗО ХРАНЕНЕ ЕООД,Бургас,СОЗОПОЛ,Hotels,Bronze,Seasonal,Out of Home
105902,ДОБРАТА СКАРА ЕООД,Бургас,СОЗОПОЛ,Fast-food,Bronze,Seasonal,Out of Home
108759,ХЕЛИОС ЯХТС АД ЕООД,Бургас,БУРГАС,Hotels,Bronze,Seasonal,Out of Home
107585,БЪРЗО ХРАНЕНЕ ЕООД,Бургас,РАВДА,Restaurant,Bronze,Seasonal,Out of Home
105607,ЧОРБАДЖИ ПЕТКОВИ ХАНОВЕ ЕООД,Бургас,РАВДА,Bar,Bronze,Seasonal,Out of Home
105695,ФАНДАН ЕООД,Бургас,ПОМОРИЕ,Bar,Silver,Seasonal,Out of Home
107945,СКАРА ЕООД,Бургас,СВЕТИ ВЛАС,Restaurant,Bronze,Seasonal,Out of Home
105638,КАРВУ ЕООД,Бургас,ПРИМОРСКО,Bar,Silver,Seasonal,Out of Home
105694,КРАФТ БАР АТЕЛИЕ 60 ЕООД,Бургас,ПОМОРИЕ,Bar,Silver,Seasonal,Out of Home
112030,Бистро Двата Петела ЕООД,Варна,ВАРНА,Cafe,Bronze,Not Seasonal,Out of Home
109277,РАФИ ЕООД,Варна,ВАРНА,Bar,Bronze,Not Seasonal,Out of Home
111731,BURGER KING ЕООД,Варна,ВАРНА,Fast-food,Bronze,Not Seasonal,Out of Home
109611,САНАТА ЕООД,Варна,ВАРНА,Fast-food,Bronze,Not Seasonal,Out of Home
111364,БУРГЕР БАР ОЛД БЪДИС ЕООД,Варна,ВАРНА,Fast-food,Bronze,Not Seasonal,Out of Home
110521,ХАМБУРГЕРИ ЕООД,Варна,ВАРНА,Fast-food,Bronze,Not Seasonal,Out of Home
110524,ПАВИЛИОН ЕООД,Варна,ВАРНА,Fast-food,Bronze,Not Seasonal,Out of Home
105871,ПАВИЛЬОН СВОБОДЕН ЕООД,Бургас,БУРГАС,Fast-food,Bronze,Not Seasonal,Out of Home
101354,Бърза закуска ЕООД,Бургас,БУРГАС,Nightclub,Silver,Not Seasonal,Out of Home
101355,БИЙЧ ЮЖЕН ПЛАЖ ЕООД,Бургас,БУРГАС,Nightclub,Silver,Not Seasonal,Out of Home
108064,НС БУРГЕР 2025 ЕООД ЕООД,Бургас,БУРГАС,Restaurant,Bronze,Seasonal,Out of Home
107592,ПАВИЛЬОН РАФИ ЕООД,Бургас,РАВДА,Restaurant,Bronze,Not Seasonal,Out of Home
111326,РЕТРО СТОРИ ЕООД,Бургас,БУРГАС,Fast-food,Iron,Seasonal,Out of Home
110287,ВЕСЕЛОТО КЕБАПЧЕ ЕООД,Бургас,БУРГАС,Fast-food,Bronze,Seasonal,Out of Home
105326,ПРИМИУМ ГРИЛ ЕООД,Бургас,БУРГАС,Cafe,Iron,Not Seasonal,Out of Home
109850,ПАВ ПИЦИ ЕООД,Бургас,БУРГАС,Cafe,Iron,Not Seasonal,Out of Home
109852,ТЕЗГЯХ ЕООД,Бургас,БУРГАС,Cafe,Iron,Not Seasonal,Out of Home
109851,СКАРА ГОГРИЛ ЕООД,Бургас,БУРГАС,Cafe,Iron,Not Seasonal,Out of Home
106536,ЕОС БОДУРОВ ЕООД,Бургас,БУРГАС,Cafe,Iron,Not Seasonal,Out of Home
105403,СКАРА ПОРТ БУРГАС ЕООД,Бургас,КАРНОБАТ,Cafe,Iron,Not Seasonal,Out of Home
111703,ДЮНЕР 100 КИЛА ЕООД,Бургас,КАРНОБАТ,Fast-food,Iron,Not Seasonal,Out of Home
105396,ПРИ ПОЛИ 2 ЕООД,Бургас,АЙТОС,Cafe,Iron,Not Seasonal,Out of Home
105402,РОДНА СКАРА ЛЕКОВ ЕООД,Бургас,КАРНОБАТ,Cafe,Bronze,Not Seasonal,Out of Home
107693,СКАРА ЕООД,Бургас,БУРГАС,Restaurant,Bronze,Not Seasonal,Out of Home
110748,ХЛЯБ И МРЪВКА ЕООД,Варна,ВАРНА,Fast-food,Bronze,Not Seasonal,Out of Home
104847,МЕГА БУРГЕР ЕООД,Варна,ВАРНА,Cafe,Iron,Not Seasonal,Out of Home
111376,ФАСТ СОС ЕООД,Варна,ВАРНА,Fast-food,Bronze,Seasonal,Out of Home
108934,КАРТОС ЕООД,Варна,ВАРНА,Hotels,Bronze,Seasonal,Out of Home
111908,БЪРЗО ХРАНЕНЕ ЕООД,Варна,ВАРНА,Cafe,Iron,Not Seasonal,Out of Home
109861,ЕТ ДЕЖАВУ - СЕЛИМЕ ЯКУБ ЕООД,Варна,ВАРНА,Cafe,Iron,Not Seasonal,Out of Home
111904,СЕРКАН 02 ЕООД ЕООД,Варна,ВАРНА,Cafe,Iron,Not Seasonal,Out of Home
111905,БИЙФЛЕНД ДЮНЕР ЕООД,Варна,ВАРНА,Cafe,Iron,Not Seasonal,Out of Home
109265,БЪРЗО ХРАНЕНЕ ПЕКИН ЕООД,Бургас,БУРГАС,Bar,Iron,Not Seasonal,Out of Home
107766,АМЕТ ХАМБУРГЕРИ ЕООД,Бургас,ПРИМОРСКО,Restaurant,Bronze,Not Seasonal,Out of Home
111743,ДЮНЕРИ ПРИНЦ ЕООД,Варна,ВАРНА,Fast-food,Bronze,Not Seasonal,Out of Home
110356,ПАВИЛЬОН ЗА БЪРЗО ХРАНЕНЕ ДЖЪБМО БУ ЕООД,Бургас,БУРГАС,Fast-food,Bronze,Not Seasonal,Out of Home
111491,КАФЕ УЕЙВ ЕООД,Бургас,БУРГАС,Restaurant,Silver,Not Seasonal,Out of Home
111788,МАКДОНАЛС ЕООД,Варна,ВАРНА,Bar,Bronze,Not Seasonal,Out of Home
105878,ИМПЕРИЯ ЕООД,Бургас,БУРГАС,Fast-food,Bronze,Not Seasonal,Out of Home
108933,ХРАН. МАГАЗИН ЕООД,Варна,ВАРНА,Hotels,Bronze,Not Seasonal,Out of Home
110747,Muncheez ЕООД,Варна,ВАРНА,Fast-food,Silver,Not Seasonal,Out of Home
105750,Зейно ЕООД,Варна,ДЕВНЯ,Fast-food,Bronze,Not Seasonal,Out of Home
106062,ДИАМАНТ ЕООД,Варна,ВАРНА,Fast-food,Bronze,Not Seasonal,Out of Home
107570,Бургер  Мания ЕООД,Бургас,НЕСЕБЪР,Restaurant,Bronze,Seasonal,Out of Home
105374,БЕЛИТЕ БРЕЗИ ЕООД,Бургас,КАРНОБАТ,Cafe,Bronze,Not Seasonal,Out of Home
109491,ДЮНЕР ЕООД,Бургас,БУРГАС,Fast-food,Bronze,Not Seasonal,Out of Home
100226,БЪРЗА ЗАКУСКА ФРЕГАТА ЕООД,Бургас,БУРГАС,Local Shop,Bronze,Not Seasonal,Out of Home
111002,ИВОН ЕООД,Варна,ВАРНА,Hotels,Silver,Not Seasonal,Out of Home
109257,ЛЕНА ЕООД,Бургас,ЦАРЕВО,Bar,Bronze,Seasonal,Out of Home
105399,КАФЕ ЕООД,Бургас,КАРНОБАТ,Cafe,Bronze,Seasonal,Out of Home
108149,ПАВИЛИОН ДАНИЦА БИРА СКАРА ЕООД,Бургас,ПОМОРИЕ,Restaurant,Bronze,Seasonal,Out of Home
101307,ПЕРСИЯ ЕООД,Бургас,ПОМОРИЕ,Cafe,Silver,Seasonal,Out of Home
110417,ТРАХАНА ЕООД,Бургас,ПОМОРИЕ,Fast-food,Bronze,Seasonal,Out of Home
107581,бързо хранене ЕООД,Бургас,РАВДА,Restaurant,Bronze,Seasonal,Out of Home
107591,ХАМДИ ЕООД,Бургас,НЕСЕБЪР,Restaurant,Silver,Seasonal,Out of Home
111367,ТЕЙСТИ ЕООД,Варна,ВАРНА,Fast-food,Bronze,Not Seasonal,Out of Home
104884,ЗАВЕДЕНИЕ ЗА БЪРЗО ХРАНЕНЕ АЛЕКС ЕООД,Варна,ПРОВАДИЯ,Cafe,Bronze,Not Seasonal,Out of Home
107874,СПИДИ БУРГЕР ЕООД,Бургас,КИТЕН,Restaurant,Silver,Seasonal,Out of Home
105104,ПАЛАЧИНКИ ЕООД,Бургас,БУРГАС,Cafe,Bronze,Not Seasonal,Out of Home
105637,ПЛАЖА ПАЛАЧИНКИ ЕООД,Бургас,ПРИМОРСКО,Bar,Silver,Seasonal,Out of Home
108150,Дюнер Нур ЕООД,Бургас,АЙТОС,Restaurant,Bronze,Not Seasonal,Out of Home
110631,МАКДОНАЛДС ЗОРНИЦА ЕООД,Варна,ВАРНА,Restaurant,Bronze,Not Seasonal,Out of Home
110473,ХЕС БУРГЕР ЕООД,Варна,ВАРНА,Fast-food,Bronze,Not Seasonal,Out of Home
107593,ЗАКУСВАЛНЯ ЛЕЗЕТЛИ ЕООД,Бургас,РАВДА,Restaurant,Bronze,Not Seasonal,Out of Home
105615,МАКДОНАЛДС-КИОСК ЕООД,Бургас,НЕСЕБЪР,Bar,Gold,Seasonal,Out of Home
108019,БОРА ЕООД,Велико Търново,ЛЕДЕНИК,Restaurant,Iron,Not Seasonal,At Home
105453,МАКДОНАЛДС ЕООД,Варна,ВАРНА,Cafe,Bronze,Not Seasonal,Out of Home
105194,БЪРЗО ХРАНЕНЕ ЕООД,Бургас,ПРИМОРСКО,Cafe,Silver,Seasonal,Out of Home
107872,ХЕСБУРГЕР ЕООД,Бургас,БУРГАС,Restaurant,Bronze,Not Seasonal,Out of Home
110513,МАКДОНАЛДС ЕООД,Варна,ВАРНА,Fast-food,Bronze,Not Seasonal,Out of Home
111003,ХАМБУРГЕРИ МЕРИ ЕООД,Варна,ВАРНА,Hotels,Silver,Not Seasonal,Out of Home
111031,МАКДОНАЛДС ЕООД,Варна,ВАРНА,Hotels,Silver,Seasonal,Out of Home
111029,БЪЛГАРСКА СКАРА ВЛАДИСЛАВОВО ЕООД,Варна,ВАРНА,Hotels,Silver,Seasonal,Out of Home
111062,ПРИ ЧИЧО ЕООД,Варна,ВАРНА,Hotels,Silver,Not Seasonal,Out of Home
111040,ПАНИНИ ЕООД,Варна,ВАРНА,Hotels,Silver,Seasonal,Out of Home
110993,ДОН ДЖОЛАН ЕООД,Варна,ВАРНА,Hotels,Silver,Not Seasonal,Out of Home
110416,ФЕН ФУУДС ЕООД,Бургас,АЙТОС,Fast-food,Bronze,Not Seasonal,Out of Home
111705,ГО ГРИЛ ЕООД,Бургас,ПОМОРИЕ,Fast-food,Bronze,Not Seasonal,Out of Home
110422,БИГ БУРГЕР ЕООД,Бургас,ПОМОРИЕ,Fast-food,Bronze,Not Seasonal,Out of Home
105265,ЗАКУСКА ЕООД,Бургас,РАЗБОЙНА,Cafe,Bronze,Not Seasonal,Out of Home
107337,ИНСПАЕР ЕООД,Варна,ВАРНА,Restaurant,Silver,Not Seasonal,Out of Home
107364,ГО ГРИЛ ЕООД,Варна,ВАРНА,Restaurant,Bronze,Not Seasonal,Out of Home
107943,ЛУДОТО ПИЛЕ ЕООД,Бургас,БУРГАС,Restaurant,Bronze,Not Seasonal,Out of Home
109891,ПАНИНИ ЕООД,Варна,ВАРНА,Cafe,Bronze,Not Seasonal,Out of Home
111050,БЪЛГАРСКА СКАРА ЕООД,Бургас,НЕСЕБЪР,Hotels,Gold,Seasonal,Out of Home
109391,Скара ЕООД,Варна,ЗЛАТНИ ПЯСЪЦИ,Fast-food,Bronze,Not Seasonal,Out of Home
110134,БРАТЯ ГОТВАЧИ ЕООД,Варна,ДЕВНЯ,Fast-food,Bronze,Not Seasonal,Out of Home
110533,ГУД ДЖОБ ЕООД,Варна,ВАРНА,Fast-food,Bronze,Not Seasonal,Out of Home
111497,ЛЕ ШЕФ ЕООД,Бургас,НЕСЕБЪР,Restaurant,Gold,Seasonal,Out of Home
105034,БАРБЕКЮ СТАНДАРТ ЕООД,Варна,ИГНАТИЕВО,Cafe,Bronze,Not Seasonal,Out of Home
105033,ДЪЛГО ШЕТ ЕООД,Варна,ВАРНА,Cafe,Bronze,Not Seasonal,Out of Home
109882,БЪЛГАРСКА СКАРА ЕООД,Варна,ВАРНА,Cafe,Bronze,Not Seasonal,Out of Home
108068,ДЖАК ГРИЛ ЕООД,Бургас,БУРГАС,Restaurant,Silver,Seasonal,Out of Home
106068,Meat Panda ЕООД,Варна,ВАРНА,Fast-food,Bronze,Seasonal,Out of Home
104863,НОМАД ЕООД,Варна,ВАРНА,Cafe,Bronze,Not Seasonal,Out of Home
110057,КРИСПИ ЕООД,Бургас,ПОМОРИЕ,Cafe,Bronze,Not Seasonal,Out of Home
110895,БЪЛГАРСКА СКАРА ЕООД,Варна,ВАРНА,Restaurant,Bronze,Not Seasonal,Out of Home
109605,ПАВ ЕООД,Варна,ВАРНА,Fast-food,Bronze,Not Seasonal,Out of Home
106587,Папа Грил ЕООД,Варна,ВАРНА,Cafe,Bronze,Not Seasonal,Out of Home
110290,МИСТЪР БАРБЕКЮ ЕООД,Бургас,НЕСЕБЪР,Fast-food,Bronze,Seasonal,Out of Home
109604,ИГРИЩА СПАРТАК ЕООД,Варна,ВАРНА,Fast-food,Bronze,Not Seasonal,Out of Home
105658,Авангард ЕООД,Бургас,СВЕТИ ВЛАС,Bar,Bronze,Seasonal,Out of Home
107871,Пит Стоп ЕООД,Бургас,БУРГАС,Restaurant,Bronze,Not Seasonal,Out of Home
108148,МЪНЧИЙЗ ЕООД,Бургас,ЛОЗАРЕВО,Restaurant,Bronze,Not Seasonal,Out of Home
107406,ГО ГРИЛ ЕООД,Варна,АВРЕН,Restaurant,Bronze,Seasonal,Out of Home
102271,ТАКО КАТ ЕООД,Бургас,СЛЪНЧЕВ БРЯГ,Local Shop,Bronze,Not Seasonal,At Home
104864,СКАРА ЛЕДЕНА ПЪРЗАЛКА ЕООД,Варна,ВАРНА,Cafe,Bronze,Not Seasonal,Out of Home
105566,ГО ГРИЛ ЕООД,Варна,ВАРНА,Bar,Bronze,Not Seasonal,Out of Home
100968,СТРИЙТ БУРГЕР ЕООД,Бургас,СОЗОПОЛ,Supermarket,Bronze,Seasonal,At Home
104203,Тако кат ЕООД,Бургас,КИТЕН,Local Shop,Silver,Seasonal,At Home
111700,SMASH BURGER ЕООД,Бургас,ПОМОРИЕ,Fast-food,Bronze,Seasonal,Out of Home
102375,БИСТРО ХАПЧЕТО ЕООД,Бургас,АЙТОС,Local Shop,Bronze,Not Seasonal,At Home
108979,ГО ГРИЛ ЕООД,Бургас,СЪДИЕВО,Hotels,Silver,Not Seasonal,Out of Home
108115,ЧИКЕН КИНГ ЕООД,Бургас,КАРНОБАТ,Restaurant,Bronze,Not Seasonal,Out of Home
100429,БЪРЗА ЗАКУСУСКА ЕООД,Варна,ВАРНА,Supermarket,Bronze,Not Seasonal,At Home
102272,СКАРА МАРА ЕООД,Бургас,СЛЪНЧЕВ БРЯГ,Local Shop,Silver,Seasonal,At Home
100848,ДЮНЕР ЕООД,Бургас,БУРГАС,Supermarket,Bronze,Not Seasonal,At Home
103852,Лекефф ЕООД,Бургас,БУРГАС,Local Shop,Silver,Not Seasonal,At Home
105071,Топ бургер ЕООД,Бургас,АХЕЛОЙ,Cafe,Bronze,Seasonal,Out of Home
111048,Сандвич ЕООД,Варна,ВАРНА,Hotels,Silver,Not Seasonal,Out of Home
107962,Жълтата къща ЕООД,Бургас,СВЕТИ ВЛАС,Restaurant,Bronze,Seasonal,Out of Home
102376,ПРИ ГУГИ ЕООД,Бургас,АЙТОС,Local Shop,Bronze,Not Seasonal,At Home
102381,ДИ МОНОПОЛИ ЕООД,Бургас,НЕСЕБЪР,Local Shop,Bronze,Not Seasonal,At Home
103134,ФУУД ЕООД,Разград,РАЗГРАД,Local Shop,Bronze,Not Seasonal,At Home
104642,KARVU DANCING ON BBQ ЕООД,Велико Търново,ЕЛЕНА,Local Shop,Bronze,Not Seasonal,At Home
103934,ФИТ ПОЙНТ ЕООД,Бургас,БУРГАС,Local Shop,Bronze,Not Seasonal,At Home
107311,ГО ГРИЛ ЕООД,Варна,ВАРНА,Restaurant,Bronze,Seasonal,Out of Home
111496,BEE ЕООД,Бургас,НЕСЕБЪР,Restaurant,Gold,Seasonal,Out of Home
111044,ПИЦА БРАВО ЕООД,Варна,ВАРНА,Hotels,Gold,Seasonal,Out of Home
108224,УФО БУРГЕРС ЕООД,Варна,ИГНАТИЕВО,Restaurant,Bronze,Not Seasonal,Out of Home
110898,РЕФРЕШ СТЕЙШЪН ЕООД,Варна,ВАРНА,Restaurant,Bronze,Not Seasonal,Out of Home
106592,КИНГ ОФ ДЪ ГРИЛЛ ЕООД,Варна,ВАРНА,Cafe,Bronze,Not Seasonal,Out of Home
100703,ЛАРГО ЕООД,Русе,РУСЕ,Supermarket,Bronze,Not Seasonal,At Home
103944,БЕСТ БУРГЕР ЕООД,Бургас,БУРГАС,Local Shop,Bronze,Not Seasonal,At Home
100681,САНДВИЧ ЕООД,Русе,РУСЕ,Supermarket,Bronze,Not Seasonal,At Home
105383,МАРСИ ФУД ООД ЕООД,Бургас,ЗАИМЧЕВО,Cafe,Bronze,Not Seasonal,Out of Home
110862,КОТКАТА ЕООД,Бургас,НЕСЕБЪР,Restaurant,Silver,Seasonal,Out of Home
110351,ГО ГРИЛЛ ЕООД,Бургас,СЛЪНЧЕВ БРЯГ,Fast-food,Bronze,Seasonal,Out of Home
111495,ФУУД ХАУС ЕООД,Бургас,НЕСЕБЪР,Restaurant,Silver,Seasonal,Out of Home
103494,БЗ ПАЗАР ПАНЕЛЧЕТО МЛАДОСТ ЕООД,Ямбол,ЯМБОЛ,Local Shop,Bronze,Not Seasonal,At Home
111490,ЦВЕТНОТО ЕООД,Бургас,НЕСЕБЪР,Restaurant,Silver,Seasonal,Out of Home
111371,FEN FOODS ЕООД,Варна,АКСАКОВО,Fast-food,Bronze,Not Seasonal,Out of Home
104989,ПЕПИ ЕООД,Варна,ВАРНА,Cafe,Bronze,Not Seasonal,Out of Home
111301,СОЧНО ЕООД,Бургас,БУРГАС,Fast-food,Bronze,Seasonal,Out of Home
105328,СЪБУЕЙ ИНТЕРА ЕООД,Бургас,БУРГАС,Cafe,Bronze,Not Seasonal,Out of Home
110486,КРИСПИ ЕООД,Варна,ВАРНА,Fast-food,Bronze,Not Seasonal,Out of Home
106900,KFC ЕООД,Шумен,ШУМЕН,Superette,Bronze,Not Seasonal,At Home
103038,СЪБУЕЙ ЕТНОГРАФСКИ ЕООД,Варна,ВАРНА,Local Shop,Bronze,Not Seasonal,At Home
100464,МРЪВКАТА ЕООД,Бургас,СЛЪНЧЕВ БРЯГ,Supermarket,Silver,Seasonal,At Home
102394,JACK GRILL ЕООД,Бургас,НЕСЕБЪР,Local Shop,Bronze,Seasonal,At Home
107952,КОНТЕЙНЕРА ЕООД,Бургас,СЛЪНЧЕВ БРЯГ,Restaurant,Bronze,Seasonal,Out of Home
104296,МАНГИ ПИАНГИ ЕООД,Разград,ТОЧИЛАРИ,Local Shop,Bronze,Not Seasonal,At Home
101851,СКАРА ЕООД,Добрич,ДОБРИЧ,Local Shop,Bronze,Not Seasonal,At Home
101938,ДЮНЕР ЕООД,Добрич,КРАПЕЦ,Local Shop,Silver,Seasonal,At Home
108710,СМЯЛ ЕНД ПАС ЕООД,Бургас,СОЗОПОЛ,Hotels,Bronze,Seasonal,Out of Home
106929,ДЮНЕР ЕООД,Варна,ВАРНА,Superette,Bronze,Not Seasonal,At Home
110357,СТАРС БУРГЕР ЕООД,Бургас,СЛЪНЧЕВ БРЯГ,Fast-food,Bronze,Seasonal,Out of Home
106052,ЗАКУСВАЛНЯ ЕООД,Варна,ВАРНА,Fast-food,Bronze,Not Seasonal,Out of Home
109614,БЪРЗО ХРАНЕНЕ ЕООД,Варна,АКСАКОВО,Fast-food,Iron,Not Seasonal,Out of Home
106637,ЗАКУСКИ ОСМАН ЕООД,Добрич,ДОБРИЧ,Superette,Silver,Not Seasonal,At Home
111319,ДЮНЕР ЕООД,Бургас,БУРГАС,Fast-food,Bronze,Not Seasonal,Out of Home
104201,СКАРА ЕООД,Бургас,ЦАРЕВО,Local Shop,Bronze,Not Seasonal,At Home
111117,ДЮНЕР ЕООД,Добрич,БАЛЧИК,Hotels,Silver,Not Seasonal,Out of Home
111116,МОРСКО ЗЛАТО ЕООД,Добрич,БАЛЧИК,Hotels,Silver,Seasonal,Out of Home
111054,ШАГРА ЕООД,Варна,ВАРНА,Hotels,Silver,Not Seasonal,Out of Home
111672,МЕЧА ХАПКА ЕООД,Бургас,БУРГАС,Fast-food,Iron,Not Seasonal,Out of Home
106551,КИБОРГ БУРГЕР ЕООД,Бургас,БУРГАС,Cafe,Bronze,Not Seasonal,Out of Home
100465,БЪРЗО ХРАНЕНЕ ИМПЕРАТОРЪ ЕООД,Бургас,СЛЪНЧЕВ БРЯГ,Supermarket,Bronze,Seasonal,At Home
110485,СКАРАТА НА КАПИТАНА ЕООД,Варна,ВАРНА,Fast-food,Bronze,Not Seasonal,Out of Home
100324,ЮНАШКА МРЪВКА ЕООД,Шумен,ШУМЕН,Supermarket,Bronze,Not Seasonal,At Home
105260,ПАВИЛИОН ЗА РИБА-СКАРА ЕООД,Бургас,РАЗБОЙНА,Cafe,Bronze,Not Seasonal,Out of Home
102300,ХЕСБУРГЕР ЦЕНТЪР ЕООД,Бургас,ОБЗОР,Local Shop,Silver,Seasonal,At Home
103253,ЗЕЛЕНЧУЦИ ЕООД,Добрич,СОКОЛОВО,Local Shop,Bronze,Not Seasonal,At Home
105267,ДИАНА ПЛОД ЕООД,Бургас,МРЕЖИЧКО,Cafe,Iron,Not Seasonal,Out of Home
106576,РИБКО ЕООД,Бургас,БУРГАС,Cafe,Bronze,Not Seasonal,Out of Home
110217,БАСЕЙН ЕООД,Варна,ЗЛАТНИ ПЯСЪЦИ,Fast-food,Silver,Seasonal,Out of Home
105329,ГО ГРИЛ ЕООД,Бургас,БУРГАС,Cafe,Bronze,Not Seasonal,Out of Home
110994,БЪРЗО ХРАНЕНЕ ЕООД,Бургас,НЕСЕБЪР,Hotels,Gold,Seasonal,Out of Home
110996,КАРАВАНА ГРАДИНА ЕООД,Бургас,НЕСЕБЪР,Hotels,Silver,Seasonal,Out of Home
105143,БИСТРО НИК ЕООД,Бургас,БУРГАС,Cafe,Iron,Not Seasonal,Out of Home
111456,БАР 69 ЕООД,Варна,ВАРНА,Restaurant,Silver,Not Seasonal,Out of Home
110425,ЦЕНТРАЛ ЕООД,Бургас,РЕЧИЦА,Fast-food,Iron,Not Seasonal,Out of Home
104988,БУРГЕР МАНИЯ ЕООД,Варна,ЗЛАТНИ ПЯСЪЦИ,Cafe,Silver,Seasonal,Out of Home
111357,ПАВИЛИОН ЕООД,Бургас,ЛИСТЕЦ,Fast-food,Iron,Not Seasonal,Out of Home
111359,СЛАВОВ 1979 ЕООД ЕООД,Бургас,СЪЕДИНЕНИЕ,Fast-food,Bronze,Not Seasonal,Out of Home
111363,Каравана Градина ЕООД,Бургас,ВИШНА,Fast-food,Iron,Not Seasonal,Out of Home
101099,КАРАВАНА ЕООД,Сливен,ТИЧА,Cafe,Bronze,Not Seasonal,At Home
103039,ЖЕЛЯЗКОВИ ЕООД,Варна,ВАРНА,Local Shop,Bronze,Not Seasonal,At Home
110800,БЪРЗО ХРАНЕНЕ ПЕКИН ЕООД,Варна,ВАРНА,Restaurant,Bronze,Not Seasonal,Out of Home
100466,ГРИЛ ЕНД БУРГЕР БРО ЕООД,Бургас,СЛЪНЧЕВ БРЯГ,Supermarket,Bronze,Seasonal,At Home
103150,СКАРА ЕООД,Разград,ЕЗЕРЧЕ,Local Shop,Bronze,Not Seasonal,At Home
101937,БЪРЗО ХРАНЕНЕ ЕООД,Добрич,ЕЗЕРЕЦ,Local Shop,Bronze,Seasonal,At Home
105327,СКАПТО БУС ЕООД,Бургас,БУРГАС,Cafe,Bronze,Not Seasonal,Out of Home
102301,БЪРЗО ХРАНЕНЕ ЕООД,Бургас,ОБЗОР,Local Shop,Bronze,Seasonal,At Home
108156,ОБЕКТ ЗА НУЖДИТЕ НА SDO ЕООД,Бургас,ПОМОРИЕ,Restaurant,Bronze,Not Seasonal,Out of Home
101936,ХАМБУРГЕРИ ЕООД,Добрич,КРАНЕВО,Local Shop,Bronze,Not Seasonal,At Home
102001,СРЪБСКА СКАРА ЕООД,Варна,КИЧЕВО,Local Shop,Bronze,Not Seasonal,At Home
110427,КРЕЙЗИ ФЕМИЛИ ЕООД,Бургас,ПОМОРИЕ,Fast-food,Bronze,Seasonal,Out of Home
108130,ТОП БАЛКАН ФУУД ЕООД,Бургас,ПОМОРИЕ,Restaurant,Bronze,Not Seasonal,Out of Home
100322,ЮНАШКА МРЪВКА ЕООД,Шумен,СМЯДОВО,Supermarket,Bronze,Not Seasonal,At Home
111944,ЛУДАТА ФАМИЛИЯ ЕООД,Бургас,НЕСЕБЪР,Local Shop,Bronze,Not Seasonal,At Home
109847,ЮНАШКА МРЪВКА ЕООД,Бургас,БУРГАС,Cafe,Bronze,Not Seasonal,Out of Home
107954,СКАРАТА НА МЪРО ЕООД,Бургас,БУРГАС,Restaurant,Bronze,Not Seasonal,Out of Home
110133,ГОРИЛА ЕООД,Варна,ГОРЕН ЧИФЛИК,Fast-food,Bronze,Not Seasonal,Out of Home
101482,САШАТА ЕООД,Шумен,ПЕТ МОГИЛИ,Local Shop,Bronze,Not Seasonal,At Home
109314,БУРГЕРИ ЕООД,Варна,БЯЛА,Fast-food,Bronze,Seasonal,Out of Home
100869,Бира скара ЕООД,Варна,ВАРНА,Supermarket,Bronze,Not Seasonal,At Home
105077,БЪРЗА ЗАКУСКА ЕООД,Бургас,БУРГАС,Cafe,Bronze,Not Seasonal,Out of Home
111541,СРЪБСКА СКАРА ПАВИЛИОН ЕООД,Варна,ВАРНА,Restaurant,Silver,Not Seasonal,Out of Home
104398,Храна и напитки ЕООД,Варна,ПОПОВИЧ,Local Shop,Bronze,Not Seasonal,At Home
101935,JK Rolling ЕООД,Добрич,АЛБЕНА,Local Shop,Bronze,Not Seasonal,At Home
110683,СКАРА КАУФЛАНД ЕООД,Бургас,БУРГАС,Restaurant,Silver,Not Seasonal,Out of Home
101240,Барбуня ЕООД,Ямбол,ЯМБОЛ,Cafe,Bronze,Not Seasonal,At Home
104865,Време е за теб ЕООД,Варна,ВАРНА,Cafe,Bronze,Not Seasonal,Out of Home
110899,САНДВИЧАРНИЦА ЕООД,Варна,ВАРНА,Restaurant,Bronze,Not Seasonal,Out of Home
107396,ХАМОС ЕООД,Варна,ПРОВАДИЯ,Restaurant,Bronze,Not Seasonal,Out of Home
107764,ОФИС НУЖДИТЕ ЗА SDO ЕООД,Бургас,БУРГАС,Restaurant,Bronze,Not Seasonal,Out of Home
110686,ПАВИЛИОН ЕООД,Бургас,РАВДА,Restaurant,Bronze,Seasonal,Out of Home
108560,СКАРА ПРИ КУКЕРА ЕООД,Варна,ВАРНА,Hotels,Bronze,Seasonal,Out of Home
100467,ПА ЧИНКИ ЕООД,Бургас,СЛЪНЧЕВ БРЯГ,Supermarket,Bronze,Seasonal,At Home
111508,КРИС БУРГЕР ЕООД,Бургас,БУРГАС,Restaurant,Silver,Not Seasonal,Out of Home
105619,ЗБХ ДО Р-Т МИРАЖ ЕООД,Бургас,НЕСЕБЪР,Bar,Silver,Seasonal,Out of Home
107279,РАЛИ ФУУД ЕООД,Бургас,ПРИМОРСКО,Hotels,Bronze,Seasonal,At Home
101800,ГО ГРИЛ ЕООД,Добрич,ДОБРИЧ,Local Shop,Bronze,Not Seasonal,At Home
111622,КАФЕНЕ ПРОХЛАДА ЕООД,Бургас,БУРГАС,Fast-food,Bronze,Seasonal,Out of Home
100462,БЪРЗО ХРАНЕНЕ ЕООД,Бургас,СЛЪНЧЕВ БРЯГ,Supermarket,Silver,Seasonal,At Home
107779,АВТОМИВКА ХЕЛА ЕООД,Бургас,ПРИМОРСКО,Restaurant,Bronze,Seasonal,Out of Home
100771,СТРИЙТ ФИШ ЕООД,Бургас,КАРНОБАТ,Supermarket,Bronze,Not Seasonal,At Home
104187,ИЗВОРА ЕООД,Бургас,ЦАРЕВО,Local Shop,Bronze,Not Seasonal,At Home
101066,ПБ АТИЯ ЕООД,Велико Търново,ВЕЛИКО ТЪРНОВО,Supermarket,Bronze,Not Seasonal,At Home
102297,ПАЛМА ЕООД,Бургас,МРЕЖИЧКО,Local Shop,Bronze,Seasonal,At Home
102266,БИСТРО ЦЕНТЪРА ЕООД,Бургас,СЛЪНЧЕВ БРЯГ,Local Shop,Silver,Seasonal,At Home
104737,СДО ОБЕКТ ЕООД,Велико Търново,ВЕЛИКО ТЪРНОВО,Local Shop,Bronze,Not Seasonal,At Home
111738,ГОРИЛА ФУУД БАР ЕООД,Варна,ВАРНА,Fast-food,Bronze,Not Seasonal,Out of Home
106053,СДО ОБЕКТ ЕООД,Варна,ВАРНА,Fast-food,Bronze,Seasonal,Out of Home
102326,G СПОД КАРАВАНА ЕООД,Бургас,СЛЪНЧЕВ БРЯГ,Local Shop,Bronze,Seasonal,At Home
106965,ВКУСОТИЙКИ ЕООД,Бургас,СВЕТИ ВЛАС,Superette,Bronze,Not Seasonal,At Home
111732,СЪБУЕЙ ПЛАЗА ЕООД,Варна,ВАРНА,Fast-food,Bronze,Not Seasonal,Out of Home
106924,КИОСК ФУУД ЕООД,Варна,ВАРНА,Superette,Bronze,Not Seasonal,At Home
100456,ВКУСОТИЙКИ 1 ЦЕНТЪРА ЕООД,Бургас,НЕСЕБЪР,Supermarket,Silver,Seasonal,At Home
111053,СОФРАТА НА БАБА ТИ ЕООД,Бургас,НЕСЕБЪР,Hotels,Silver,Seasonal,Out of Home
102138,БУРГЕР ФАКТОРИ ЕООД,Бургас,РАВДА,Local Shop,Bronze,Seasonal,At Home
100220,КЪМПИНГ КИТЕН ТИ ЕНД ПИ ЕООД,Бургас,БУРГАС,Local Shop,Bronze,Not Seasonal,At Home
105724,СТРАНДЖАНСКА СКАРА ЕООД,Варна,ВАРНА,Fast-food,Bronze,Seasonal,Out of Home
103151,Bar ЕООД,Разград,ГОЛЯМ ПОРОВЕЦ,Local Shop,Bronze,Not Seasonal,At Home
105258,БИРАРИЯ БУРЕТО ЕООД,Бургас,СЛЪНЧЕВ БРЯГ,Cafe,Bronze,Seasonal,Out of Home
105632,БИВАК 12 ЕООД,Бургас,СОЗОПОЛ,Bar,Gold,Seasonal,Out of Home
108829,СУЕД КАБ КАФЕ ЕООД,Бургас,СВЕТИ ВЛАС,Hotels,Bronze,Seasonal,Out of Home
110760,ХОТЕЛ ПАРК КАМЧИЯ ЕООД,Бургас,ЧЕРНОМОРЕЦ,Fast-food,Bronze,Seasonal,Out of Home
107589,CORNER BURGER ЕООД,Бургас,НЕСЕБЪР,Restaurant,Bronze,Seasonal,Out of Home
107093,МЕКСИКАНСКИ РЕСТОРАНТ ЕООД,Варна,ВАРНА,Superette,Bronze,Not Seasonal,At Home
103805,Р-Т БУЛМАН ЕООД,Варна,ВАРНА,Local Shop,Bronze,Not Seasonal,At Home
110684,ДЕЛФИН ЕООД,Бургас,РАВДА,Restaurant,Bronze,Seasonal,Out of Home
110681,Р-Т РОБИНЗОН ЕООД,Бургас,РАВДА,Restaurant,Bronze,Seasonal,Out of Home
107941,УАЙТ БАР ФАСТ ФУУД ЕООД,Бургас,СЛЪНЧЕВ БРЯГ,Restaurant,Silver,Seasonal,Out of Home
111616,Кристал ЕООД,Варна,ЗЛАТНИ ПЯСЪЦИ,Fast-food,Silver,Seasonal,Out of Home
109866,ДЮНИ КАПАНЧЕ ЕООД,Варна,ВАРНА,Cafe,Bronze,Not Seasonal,Out of Home
111060,Амброзия ЕООД,Бургас,НЕСЕБЪР,Hotels,Gold,Seasonal,Out of Home
100468,ДЮНИ КАПАНЧЕ ЕООД,Бургас,СЛЪНЧЕВ БРЯГ,Supermarket,Silver,Seasonal,At Home
110782,СНЕК БАР МЕЧТА ЕООД,Варна,ВАРНА,Fast-food,Bronze,Not Seasonal,Out of Home
100418,МОРСКИ КЪТ ЕООД,Варна,ВАРНА,Supermarket,Silver,Seasonal,At Home
100428,LAVASH DONER AND GRILL ЕООД,Варна,ВАРНА,Supermarket,Silver,Seasonal,At Home
100425,Р-Т ОРЕХА ЕООД,Варна,ВАРНА,Supermarket,Silver,Seasonal,At Home
111277,БАЗА СБХ ЕООД,Варна,ЗЛАТНИ ПЯСЪЦИ,Fast-food,Bronze,Seasonal,Out of Home
106046,КОМПЛЕКС ГЕРАНА ЕООД,Варна,ВАРНА,Fast-food,Bronze,Not Seasonal,Out of Home
107390,МЕ ГУСТО ЕООД,Варна,ВАРНА,Restaurant,Bronze,Seasonal,Out of Home
105747,БУРГЕР СТАР ЕООД,Варна,ОБЗОР,Fast-food,Bronze,Seasonal,Out of Home
105673,РЕСТОРАНТ САПФИР ЕООД,Бургас,ОБЗОР,Bar,Gold,Seasonal,Out of Home
108562,Р-Т РУБИН ЕООД,Варна,ДОЛНИ ЧИФЛИК,Hotels,Bronze,Seasonal,Out of Home
107405,БАРБЕКЮ ЕООД,Варна,АВРЕН,Restaurant,Bronze,Seasonal,Out of Home
106242,Р-Т БАЛКАН ЕООД,Бургас,ОБЗОР,Local Shop,Silver,Not Seasonal,At Home
107384,Барбекю Сънрайс ЕООД,Варна,РУДНИК,Restaurant,Bronze,Not Seasonal,Out of Home
105128,Р-Т ЛА БАНБА ЕООД,Бургас,НЕСЕБЪР,Cafe,Bronze,Seasonal,Out of Home
107664,Сръбска скара ЕООД,Бургас,СОЗОПОЛ,Restaurant,Bronze,Seasonal,Out of Home
111578,РЕСТОРАНТ АТОЛ ЕООД,Варна,ВАРНА,Fast-food,Bronze,Not Seasonal,Out of Home
101926,ФАРАД ЕООД,Добрич,АЛБЕНА,Local Shop,Bronze,Seasonal,At Home
105644,МАРИНА ЕООД,Бургас,БУРГАС,Bar,Silver,Seasonal,Out of Home
100478,Р-т Чевермето ЕООД,Бургас,СЛЪНЧЕВ БРЯГ,Supermarket,Silver,Seasonal,At Home
102407,РЕСТОРАНТ СВЕТИ НИКОЛА ЕООД,Търговище,ТЪРГОВИЩЕ,Local Shop,Bronze,Not Seasonal,At Home
105830,МОРСКИ КЪТ ЕООД,Варна,БЕЛОСЛАВ,Fast-food,Bronze,Not Seasonal,Out of Home
110009,РЕСТОРАНТ ОЛИМП ЕООД,Бургас,НЕСЕБЪР,Cafe,Bronze,Seasonal,Out of Home
111059,Снек-бар Амбасадор ЕООД,Варна,ВАРНА,Hotels,Gold,Seasonal,Out of Home
104294,CHICKEN KING ЕООД,Разград,ЦАР КАЛОЯН,Local Shop,Bronze,Not Seasonal,At Home
102946,Дървеното ЕООД,Русе,РУСЕ,Local Shop,Bronze,Not Seasonal,At Home
107175,Яхтеното пристанище ЕООД,Бургас,СОЗОПОЛ,Superette,Bronze,Seasonal,At Home
111876,ИВАНОВА ЧЕШМА ЕООД,Бургас,СЛЪНЧЕВ БРЯГ,Superette,Bronze,Seasonal,At Home
109578,БУРГЕР БРАДЪРС ЕООД,Варна,ВАРНА,Fast-food,Bronze,Not Seasonal,Out of Home
109973,СИРЕНА 2 ЕООД,Бургас,НЕСЕБЪР,Cafe,Bronze,Seasonal,Out of Home
109601,СТЕФАНИЯ ЕООД,Варна,ВАРНА,Fast-food,Bronze,Not Seasonal,Out of Home
110493,МАМА МИА ЕООД,Варна,ВАРНА,Fast-food,Bronze,Not Seasonal,Out of Home
110762,АМБАСАДОР ЕООД,Бургас,СОЗОПОЛ,Fast-food,Bronze,Seasonal,Out of Home
107001,РЕСТОРАНТ СВЯТ ЕООД,Русе,РУСЕ,Superette,Bronze,Not Seasonal,At Home
100423,Снек бар Хавана ЕООД,Варна,ВАРНА,Supermarket,Silver,Seasonal,At Home
109887,РЕСТОРАНТ ЕСКАРГО ЕООД,Варна,ВАРНА,Cafe,Bronze,Seasonal,Out of Home
110798,КАШЕ ЕООД,Варна,ВАРНА,Restaurant,Bronze,Not Seasonal,Out of Home
107686,VVV РЕСТОРАНТ ЕООД,Бургас,БУРГАС,Restaurant,Bronze,Seasonal,Out of Home
108895,ХОТЕЛ АУРА ЕООД,Варна,ЗЛАТНИ ПЯСЪЦИ,Hotels,Silver,Seasonal,Out of Home
111543,Бистро Хавай ЕООД,Варна,ВАРНА,Restaurant,Silver,Seasonal,Out of Home
108826,МЕЗЕТО ЕООД,Бургас,СЛЪНЧЕВ БРЯГ,Hotels,Bronze,Seasonal,Out of Home
109816,Бистро опера ЕООД,Варна,ВАРНА,Cafe,Bronze,Not Seasonal,Out of Home
107318,Бистро Хавай ЕООД,Варна,ВАРНА,Restaurant,Bronze,Not Seasonal,Out of Home
105749,АИКО ЕООД,Варна,ВАРНА,Fast-food,Bronze,Not Seasonal,Out of Home
111877,Механа ЕООД,Бургас,СЛЪНЧЕВ БРЯГ,Superette,Bronze,Seasonal,At Home
106703,Бургер Старс ЕООД,Бургас,ПОМОРИЕ,Superette,Silver,Seasonal,At Home
105599,Лъки фимили ЕООД,Варна,ВАРНА,Bar,Silver,Not Seasonal,Out of Home
107744,ДЪ НЮ ЕООД,Бургас,СОЗОПОЛ,Restaurant,Bronze,Seasonal,Out of Home
106580,МОРСКИ ДАР ЕООД,Бургас,КАРНОБАТ,Cafe,Bronze,Not Seasonal,Out of Home
107834,Пържена риба Градина ЕООД,Бургас,БУРГАС,Restaurant,Bronze,Not Seasonal,Out of Home
107745,СКАРА ГЕОЛЕНА ЕООД,Бургас,СОЗОПОЛ,Restaurant,Bronze,Seasonal,Out of Home
109389,Бистро Бриз ЕООД,Варна,ВАРНА,Fast-food,Bronze,Not Seasonal,Out of Home
108874,КАРАМЕЛ ЕООД,Варна,ЗЛАТНИ ПЯСЪЦИ,Hotels,Bronze,Seasonal,Out of Home
103749,Бистро Лозата ЕООД,Сливен,КОТЕЛ,Local Shop,Bronze,Not Seasonal,At Home
103862,ПАРАДАЙС ЕООД,Бургас,ПОМОРИЕ,Local Shop,Bronze,Not Seasonal,At Home
109883,ЧЪК УЕГЪН ЕООД,Варна,ВАРНА,Cafe,Bronze,Not Seasonal,Out of Home
109885,Чановете ЕООД,Варна,ВАРНА,Cafe,Bronze,Not Seasonal,Out of Home
106645,БИСТРО ДИВА ЕООД,Бургас,СЛЪНЧЕВ БРЯГ,Superette,Silver,Seasonal,At Home
110394,Р-т Юпитер ЕООД,Бургас,БУРГАС,Fast-food,Bronze,Seasonal,Out of Home
106646,Р-т Бисер ЕООД,Бургас,СЛЪНЧЕВ БРЯГ,Superette,Silver,Seasonal,At Home
107667,Олеандър ЕООД,Бургас,СРЕДЕЦ,Restaurant,Bronze,Not Seasonal,Out of Home
106348,АКВАМАРИН ЕООД,Варна,ВАРНА,Cafe,Bronze,Not Seasonal,Out of Home
100924,ХАНОВЕТЕ ЕООД,Бургас,ПРИМОРСКО,Supermarket,Silver,Seasonal,At Home
107676,МОРСКИ ЗВУЦИ ЕООД,Бургас,СОЗОПОЛ,Restaurant,Bronze,Seasonal,Out of Home
107226,РЕСТОРАНТ СОФИЯ ЕООД,Бургас,СВЕТИ ВЛАС,Supermarket,Silver,Not Seasonal,At Home
102294,Вегас 400 ЕООД,Бургас,СЛЪНЧЕВ БРЯГ,Local Shop,Bronze,Seasonal,At Home
102318,МОРСКИ БРИЗ ЕООД,Бургас,СЛЪНЧЕВ БРЯГ,Local Shop,Bronze,Seasonal,At Home
102319,ЛА МЕР ЕООД,Бургас,СЛЪНЧЕВ БРЯГ,Local Shop,Bronze,Seasonal,At Home
105725,ГРАНДЕ ЕООД,Варна,ВАРНА,Fast-food,Bronze,Seasonal,Out of Home
100470,ПАМПЕРО ЕООД,Бургас,СЛЪНЧЕВ БРЯГ,Supermarket,Silver,Seasonal,At Home
109602,РИБКА ЯНЕВИ ЕООД,Варна,ВАРНА,Fast-food,Bronze,Not Seasonal,Out of Home
110702,при Стойко ЕООД,Бургас,СЛЪНЧЕВ БРЯГ,Restaurant,Bronze,Seasonal,Out of Home
105567,БИСТРО ГРАМОФОНА ЕООД,Варна,ВАРНА,Bar,Silver,Seasonal,Out of Home
109598,СКАРА РУЕН ЕООД,Варна,ВАРНА,Fast-food,Iron,Not Seasonal,Out of Home
111481,Сънрайз ЕООД,Бургас,НЕСЕБЪР,Restaurant,Silver,Seasonal,Out of Home
110628,НАПОЛИ ЕООД,Варна,ВАРНА,Restaurant,Bronze,Seasonal,Out of Home
110008,При Американеца ЕООД,Бургас,БУРГАС,Cafe,Bronze,Seasonal,Out of Home
105748,ЕТ НЮХ - НЕФИСЕ ЮНУЗ ЕООД,Варна,ВАРНА,Fast-food,Bronze,Seasonal,Out of Home
109581,БЕЛЛА БОНИТА ПЕКАРНА ЕООД,Варна,ВАРНА,Fast-food,Bronze,Not Seasonal,Out of Home
111489,Стефани ЕООД,Бургас,НЕСЕБЪР,Restaurant,Silver,Seasonal,Out of Home
110695,БОНЕЛА ЕООД,Бургас,СВЕТИ ВЛАС,Restaurant,Bronze,Seasonal,Out of Home
111056,Централ ЕООД,Бургас,НЕСЕБЪР,Hotels,Silver,Seasonal,Out of Home
110251,КОД ЕООД,Бургас,НЕСЕБЪР,Fast-food,Bronze,Seasonal,Out of Home
109583,М-на Барбут ЕООД,Варна,ВАРНА,Fast-food,Bronze,Not Seasonal,Out of Home
111514,РЕСТОРАНТ ЗАРАФА ЕООД,Бургас,СЛЪНЧЕВ БРЯГ,Restaurant,Gold,Seasonal,Out of Home
108679,СКАРА НА ДЪРВЕНИ ВЪГЛИЩА ЕООД,Бургас,НЕСЕБЪР,Hotels,Bronze,Seasonal,Out of Home
100119,ФИШ ЕНД ФРАЙ ЕООД,Разград,ИСПЕРИХ,Local Shop,Bronze,Not Seasonal,At Home
109461,КАМЕН БРЯГ ЕООД,Бургас,ПРИМОРСКО,Fast-food,Bronze,Seasonal,Out of Home
111542,ХОТЕЛ МИЛЕВ ЕООД,Варна,ИГНАТИЕВО,Restaurant,Silver,Not Seasonal,Out of Home
102320,БИСТРО БЪЛГАРКА ЕООД,Бургас,БАТА,Local Shop,Bronze,Not Seasonal,At Home
105177,ПРИ НИКОЛА ЕООД,Бургас,БУРГАС,Cafe,Bronze,Not Seasonal,Out of Home
104868,Restaurant ЕООД,Варна,ВАРНА,Cafe,Bronze,Seasonal,Out of Home
100493,ВАВИЛОН ЕООД,Бургас,СЛЪНЧЕВ БРЯГ,Supermarket,Bronze,Seasonal,At Home
110718,Романтика ЕООД,Бургас,ПОМОРИЕ,Restaurant,Bronze,Seasonal,Out of Home
104605,БИСТРО ДЮН ЕООД,Велико Търново,ЛЯСКОВЕЦ,Local Shop,Bronze,Not Seasonal,At Home
107833,ТИКИ БАР ЕООД,Бургас,ЦАРЕВО,Restaurant,Bronze,Seasonal,Out of Home
105109,КАФЕНЕ ЕООД,Бургас,НЕСЕБЪР,Cafe,Bronze,Seasonal,Out of Home
111312,РЕСТОРАТ СРЪБСКА СКАРА ЕООД,Бургас,НЕСЕБЪР,Fast-food,Bronze,Seasonal,Out of Home
110249,РЕСТОРАНТ ЗЛАТНА РИБКА ЕООД,Бургас,НЕСЕБЪР,Fast-food,Bronze,Seasonal,Out of Home
107670,БИСТРО РОС МАРИ ЕООД,Бургас,СОЗОПОЛ,Restaurant,Bronze,Seasonal,Out of Home
107780,ТЕО ИВ ЕООД,Бургас,ПРИМОРСКО,Restaurant,Bronze,Seasonal,Out of Home
110688,КОФИ ШОП ЕООД,Бургас,РАВДА,Restaurant,Bronze,Seasonal,Out of Home
102000,BUBBLES & TEA ЕООД,Варна,ИЗВОРСКО,Local Shop,Bronze,Not Seasonal,At Home
107654,КАФЕ ЛАВЕ ЕООД,Бургас,СОЗОПОЛ,Restaurant,Bronze,Seasonal,Out of Home
111510,Ванила Корнер ЕООД,Бургас,СЛЪНЧЕВ БРЯГ,Restaurant,Silver,Seasonal,Out of Home
102291,SUSHI CORNER ЕООД,Бургас,СЛЪНЧЕВ БРЯГ,Local Shop,Bronze,Seasonal,At Home
109465,КУБ-РЕСТОРАНТС ЕООД ЕООД,Бургас,ЦАРЕВО,Fast-food,Bronze,Seasonal,Out of Home
110350,КАФЕ МЛАДОСТ ЕООД,Бургас,СЛЪНЧЕВ БРЯГ,Fast-food,Bronze,Seasonal,Out of Home
105954,СЪБУЕЙ ЕООД,Бургас,ОБЗОР,Fast-food,Bronze,Seasonal,Out of Home
107370,АМЕРИКАНО МОЛА ЕООД,Варна,ОБЗОР,Restaurant,Silver,Seasonal,Out of Home
100957,ДЖАНИ ЕООД,Бургас,СОЗОПОЛ,Supermarket,Silver,Seasonal,At Home
107857,БУРГЕРИЯ ЕООД,Бургас,ЦАРЕВО,Restaurant,Bronze,Seasonal,Out of Home
107826,FRESH ZONE ЕООД,Бургас,ЦАРЕВО,Restaurant,Bronze,Seasonal,Out of Home
111605,ФУДЖИ ЕООД,Варна,ЗЛАТНИ ПЯСЪЦИ,Fast-food,Bronze,Seasonal,Out of Home
105874,МАНТИОЛИ ЕООД,Бургас,РАВДА,Fast-food,Bronze,Seasonal,Out of Home
100993,АМЕРИКАНО ЕООД,Бургас,ДЕБЕЛТ,Supermarket,Bronze,Not Seasonal,At Home
105643,НАВИ АРТ И КИТЧЕН ЕООД,Бургас,ЦАРЕВО,Bar,Silver,Seasonal,Out of Home
100859,МАСТЪРПАУЗА ЕООД,Варна,ВАРНА,Supermarket,Bronze,Not Seasonal,At Home
107653,Съни хил ЕООД,Бургас,СОЗОПОЛ,Restaurant,Bronze,Seasonal,Out of Home
102274,ТРЕ АТЕЛИЕ ЕООД,Бургас,СЛЪНЧЕВ БРЯГ,Local Shop,Silver,Seasonal,At Home
102285,ЗАВЕДЕНИЕ ЕООД,Бургас,БЕЛОДОЛ,Local Shop,Bronze,Not Seasonal,At Home
100487,ДЪ КЪПС ЕООД,Бургас,СЛЪНЧЕВ БРЯГ,Supermarket,Silver,Seasonal,At Home
103702,СОУ ФРЕШ ЕООД,Сливен,СЛИВЕН,Local Shop,Bronze,Not Seasonal,At Home
105667,СОУ ФРЕШ ЕООД,Бургас,СЛЪНЧЕВ БРЯГ,Bar,Silver,Seasonal,Out of Home
101934,SUBWAY ЕООД,Добрич,БАЛЧИК,Local Shop,Bronze,Seasonal,At Home
104668,TASTE ЕООД,Силистра,ПОЛКОВНИК ТАСЛАКОВО,Local Shop,Bronze,Not Seasonal,At Home
105598,SUBWAY ЕООД,Варна,ЗЛАТНИ ПЯСЪЦИ,Bar,Silver,Seasonal,Out of Home
110667,SUBWAY ЕООД,Варна,ЗЛАТНИ ПЯСЪЦИ,Restaurant,Silver,Seasonal,Out of Home
100420,SUBWAY център ЕООД,Варна,ВАРНА,Supermarket,Bronze,Seasonal,At Home
101941,SUBWAY ЕООД,Добрич,КРАНЕВО,Local Shop,Silver,Seasonal,At Home
108825,САБУЕЙ ЕООД,Бургас,СЛЪНЧЕВ БРЯГ,Hotels,Bronze,Seasonal,Out of Home
111498,СОУ ФРЕШ ЕООД,Бургас,НЕСЕБЪР,Restaurant,Silver,Seasonal,Out of Home
105174,КАФЕНЕ ФАМИЛИЯ ЕООД,Бургас,МАЛКО ТЪРНОВО,Cafe,Bronze,Seasonal,Out of Home
110359,ФРЕШ ЕООД,Бургас,СВЕТИ ВЛАС,Fast-food,Bronze,Seasonal,Out of Home
102169,ЯВ-КА ЕООД,Бургас,НЕСЕБЪР,Local Shop,Silver,Seasonal,At Home
111512,ЯДКИ ТОРНАДО ЕООД,Бургас,СЛЪНЧЕВ БРЯГ,Restaurant,Gold,Seasonal,Out of Home
101854,СУШИ БАР ЕООД,Добрич,ТЕЛЕРИГ,Local Shop,Bronze,Not Seasonal,At Home
106004,ТЕЗГЯХ ЕООД,Бургас,ПОМОРИЕ,Fast-food,Bronze,Seasonal,Out of Home
100051,ПАВИЛИОН ЗА ПОНИЧКИ ЕООД,Бургас,НЕСЕБЪР,Local Shop,Bronze,Seasonal,At Home
107848,СУШИ ЕООД,Бургас,БУРГАС,Restaurant,Bronze,Seasonal,Out of Home
107847,Bowl ЕООД,Бургас,АХТОПОЛ,Restaurant,Bronze,Seasonal,Out of Home
110065,ЛЬО ШЕФ КУХНЯ ЕООД,Варна,ВАРНА,Cafe,Iron,Not Seasonal,Out of Home
105651,НУТРИО БАР ЕООД,Бургас,ПРИМОРСКО,Bar,Silver,Seasonal,Out of Home
105649,ЛЕ ШЕФ ЕООД,Бургас,ПРИМОРСКО,Bar,Silver,Seasonal,Out of Home
105923,ЛЕ ШЕФ ЕООД,Бургас,СИНЕМОРЕЦ,Fast-food,Bronze,Seasonal,Out of Home
105922,ЛЕ ШЕФ ЕООД,Бургас,АХТОПОЛ,Fast-food,Bronze,Seasonal,Out of Home
108873,SUBWAY ЕООД,Бургас,СЛЪНЧЕВ БРЯГ,Hotels,Bronze,Seasonal,Out of Home
101932,ВЕГАТО ЕООД,Добрич,АЛБЕНА,Local Shop,Silver,Seasonal,At Home
105640,СУШИ БАР САМУРАЙ ОБЕКТ ЗА SDO ЕООД,Бургас,ЦАРЕВО,Bar,Silver,Seasonal,Out of Home
104736,КИНГ КОНГ БУРГЕР ЕООД,Велико Търново,ВЕЛИКО ТЪРНОВО,Local Shop,Bronze,Not Seasonal,At Home
107197,THE CUPS ЕООД,Разград,КУБРАТ,Superette,Bronze,Not Seasonal,At Home
108771,SUBWAY МОЛ ПЛАЗА ЕООД,Бургас,ЦАРЕВО,Hotels,Bronze,Seasonal,Out of Home
107846,"ПОПАЙ - ФРЕШ, СМУТИ И ТОРТИЛА ЕООД",Бургас,БУРГАС,Restaurant,Bronze,Seasonal,Out of Home
107804,КАЗА ОЛЕ ЕООД,Бургас,СИНЕМОРЕЦ,Restaurant,Bronze,Not Seasonal,Out of Home
108770,ЗАВЕДЕНИЕ ЗА ПРИЯТЕЛИ ЕООД,Бургас,БУРГАС,Hotels,Iron,Not Seasonal,Out of Home
110406,РЕСТОРАНТ ЕООД,Бургас,АЙТОС,Fast-food,Bronze,Not Seasonal,Out of Home
102276,Капела Плей ЕООД,Бургас,СЛЪНЧЕВ БРЯГ,Local Shop,Bronze,Seasonal,At Home
107849,МОРСКО КОНЧЕ ЕООД,Бургас,БУРГАС,Restaurant,Bronze,Seasonal,Out of Home
111198,Капела Плей ЕООД,Бургас,СЛЪНЧЕВ БРЯГ,Hotels,Silver,Seasonal,Out of Home
106866,ПИЦАРИЯ ТАНИТА ЕООД,Варна,ВАРНА,Nightclub,Silver,Not Seasonal,Out of Home
107800,РЕСТОРАНТ ПИАЦА АЗУР ЕООД,Бургас,ЦАРЕВО,Restaurant,Bronze,Seasonal,Out of Home
102317,ПИЦА ЕООД,Бургас,БЕЛОДОЛ,Local Shop,Bronze,Not Seasonal,At Home
105377,ПИЦАРИЯ ЛЕОНАРДО ЕООД,Бургас,ЧЕРЕША,Cafe,Bronze,Not Seasonal,Out of Home
110698,ПИЦАРИЯ ЕООД,Бургас,СЛЪНЧЕВ БРЯГ,Restaurant,Silver,Seasonal,Out of Home
107835,ПИЦАРИЯ ТАНИТА ЕООД,Бургас,БУРГАС,Restaurant,Bronze,Seasonal,Out of Home
107807,БИСТРО ВЕНЕЦИЯ ЕООД,Бургас,БУРГАС,Restaurant,Bronze,Seasonal,Out of Home
102422,ПИЦАРИЯ ГРАНД ИТАЛИЯ ЕООД,Търговище,ЛОЗНИЦА,Local Shop,Bronze,Not Seasonal,At Home
106692,ПИЦАРИЯ БОНИСИМО ЕООД,Сливен,САМУИЛОВО,Superette,Silver,Not Seasonal,At Home
110246,ПЛЕЙТ ЕООД,Бургас,НЕСЕБЪР,Fast-food,Bronze,Seasonal,Out of Home
111655,ЕМ СИ ИНВЕСТ Р-Т ЕООД,Бургас,СЛЪНЧЕВ БРЯГ,Fast-food,Silver,Seasonal,Out of Home
109960,Р-Т КРОСРОАДС ЕООД,Варна,ЗЛАТНИ ПЯСЪЦИ,Cafe,Bronze,Seasonal,Out of Home
105918,Р-Т ОСТРОВА ЕООД,Бургас,ЦАРЕВО,Fast-food,Bronze,Seasonal,Out of Home
107660,Р-Т ДЕБЕЛА ФАТ ЕООД,Бургас,СОЗОПОЛ,Restaurant,Bronze,Seasonal,Out of Home
111601,Р-Т ЯСЕН ЕООД,Варна,ЗЛАТНИ ПЯСЪЦИ,Fast-food,Bronze,Seasonal,Out of Home
100959,КАДЕМ ЕООД,Бургас,ПРИМОРСКО,Supermarket,Silver,Seasonal,At Home
107806,Х-Л ЗОНЯ ЕООД,Бургас,ЦАРЕВО,Restaurant,Bronze,Seasonal,Out of Home
100878,К-С ЕЛИТ 1 ЕООД,Варна,ВАРНА,Supermarket,Bronze,Not Seasonal,At Home
104209,Етъра 3 ЕООД,Бургас,ПРИМОРСКО,Local Shop,Bronze,Seasonal,At Home
101852,ПИЦАРИЯ ГАРДЪН ЕООД,Добрич,ДОБРИЧ,Local Shop,Bronze,Not Seasonal,At Home
105931,БИСТРО РУТ 66 ЕООД,Бургас,СЛЪНЧЕВ БРЯГ,Fast-food,Bronze,Seasonal,Out of Home
108860,ГРАНД ИТАЛИЯ Д'МИТКО ЕООД,Бургас,СВЕТИ ВЛАС,Hotels,Bronze,Seasonal,Out of Home
111202,ЧАСТЕН СПОРТЕН КЛУБ ДЖПЙ ЕООД,Бургас,СВЕТИ ВЛАС,Hotels,Silver,Seasonal,Out of Home
105659,Р-т ВЕГА ЕООД,Бургас,СЛЪНЧЕВ БРЯГ,Bar,Silver,Seasonal,Out of Home
108871,ПИЦАРИЯ ИНФИНИТИ ЕООД,Бургас,КОШАРИЦА,Hotels,Bronze,Seasonal,Out of Home
100067,БИСТРО ЛАЙТС ЕООД,Търговище,ОМУРТАГ,Local Shop,Iron,Not Seasonal,At Home
110707,СИРЕНА 2 ЕООД,Бургас,БУРГАС,Restaurant,Silver,Seasonal,Out of Home
110746,ЛА ПИЦЕТА ЕООД,Варна,ВАРНА,Fast-food,Bronze,Not Seasonal,Out of Home
110333,ПИПЕРОНИ ЕООД,Бургас,МАЛКО ТЪРНОВО,Fast-food,Bronze,Not Seasonal,Out of Home
110392,МАГНОЛИЯ ЕООД,Бургас,НЕСЕБЪР,Fast-food,Bronze,Seasonal,Out of Home
106463,ФЕЛИЧЕ РОЗА ЕООД,Варна,ОБЗОР,Cafe,Bronze,Not Seasonal,Out of Home
110348,МОЦАРЕЛА ЕООД,Бургас,БУРГАС,Fast-food,Bronze,Seasonal,Out of Home
110691,АМИЧИ ЛЕВАКИ ЕООД,Бургас,ЧЕРНОМОРЕЦ,Restaurant,Bronze,Seasonal,Out of Home
110716,ПИЦАРИЯ ИНФИНИТИ ЕООД,Бургас,ПОМОРИЕ,Restaurant,Bronze,Seasonal,Out of Home
105045,ФЕЛИЧЕ ЕООД,Варна,ВАРНА,Cafe,Bronze,Not Seasonal,Out of Home
107774,АМИЧИ ЕООД,Бургас,ПРИМОРСКО,Restaurant,Bronze,Seasonal,Out of Home
107914,КАРТЕ ЕООД,Бургас,СВЕТИ ВЛАС,Restaurant,Bronze,Seasonal,Out of Home
109428,ШЕРА МИ ЕООД,Бургас,РАВДА,Fast-food,Bronze,Seasonal,Out of Home
111648,ВОДОЛЕЙ ЕООД,Бургас,КИТЕН,Fast-food,Bronze,Seasonal,Out of Home
107500,АКВАРЕЛ ЕООД,Варна,ЗЛАТНИ ПЯСЪЦИ,Restaurant,Silver,Seasonal,Out of Home
107783,РЕД ХОТ ЕООД,Бургас,ПРИМОРСКО,Restaurant,Bronze,Seasonal,Out of Home
111335,ЗАЛИВА ЕООД,Бургас,НЕСЕБЪР,Fast-food,Bronze,Not Seasonal,Out of Home
105669,КАСА ЕООД,Бургас,ОБЗОР,Bar,Silver,Seasonal,Out of Home
109971,ТИТТИ ЕООД,Бургас,РАВДА,Cafe,Bronze,Seasonal,Out of Home
110317,МАЕСТРО ЕООД,Бургас,СОЗОПОЛ,Fast-food,Bronze,Seasonal,Out of Home
111972,БОНБОНИЕРА ЕООД,Сливен,КАЛОЯНОВО,Local Shop,Bronze,Not Seasonal,At Home
110641,ПИЦАРИЯ ПРИМА ЕООД,Варна,ОБЗОР,Restaurant,Bronze,Seasonal,Out of Home
109323,ДЖОН СМИТ АМФОРА ЕООД,Варна,ОБЗОР,Fast-food,Bronze,Seasonal,Out of Home
111205,ЕЛИЗАБЕТ ЕООД,Бургас,ОБЗОР,Hotels,Silver,Seasonal,Out of Home
104802,ПОСЕЙДОН ЕООД,Варна,ОБЗОР,Cafe,Bronze,Seasonal,Out of Home
104182,РЕСТОРАНТ АВЕНЮ ЕООД,Бургас,АХТОПОЛ,Local Shop,Bronze,Not Seasonal,At Home
107805,РИВА ЕООД,Бургас,БУРГАС,Restaurant,Bronze,Not Seasonal,Out of Home
109443,ЗАКУСВАЛНЯ ЕООД,Бургас,СОЗОПОЛ,Fast-food,Bronze,Seasonal,Out of Home
105726,РЕСТОРАНТ МИТРОПОЛИЯТА ЕООД,Варна,ВАРНА,Fast-food,Bronze,Seasonal,Out of Home
111633,БРИЗ ЕООД,Бургас,ЧЕРНОМОРЕЦ,Fast-food,Bronze,Seasonal,Out of Home
110665,КАПИТАН НЕМО ЕООД,Варна,ЗЛАТНИ ПЯСЪЦИ,Restaurant,Bronze,Seasonal,Out of Home
111577,ПЕРЛА ЕООД,Варна,ВАРНА,Fast-food,Bronze,Seasonal,Out of Home
106040,СНЕК БАР АНДРЕЕВ ЕООД,Варна,ВАРНА,Fast-food,Bronze,Not Seasonal,Out of Home
110115,ДИ АНДЖЕЛО ЕООД,Варна,ВАРНА,Fast-food,Bronze,Seasonal,Out of Home
110424,ДЖУНИЪР ЕООД,Бургас,ПОМОРИЕ,Fast-food,Bronze,Seasonal,Out of Home
105438,ПАЛАЗО ЕООД,Варна,ВАРНА,Cafe,Bronze,Not Seasonal,Out of Home
100357,Мена ЕООД,Варна,ВАРНА,Supermarket,Bronze,Seasonal,At Home
111632,PIATTO PIZZERIA AND SEAFOOD ЕООД,Бургас,ЧЕРНОМОРЕЦ,Fast-food,Bronze,Seasonal,Out of Home
100168,КОРНЕР ЕООД,Бургас,ПОМОРИЕ,Local Shop,Bronze,Not Seasonal,At Home
112088,ПИЦАРИЯ КАЗА БЕЛЛА ЕООД,Бургас,ЦАРЕВО,Superette,Silver,Not Seasonal,At Home
107862,РЕСТОРАНТ ЛОЗЕНЕЦ ЕООД,Бургас,ВАРВАРА,Restaurant,Bronze,Seasonal,Out of Home
110331,ПИЦАРИЯ ЕООД,Бургас,ЦАРЕВО,Fast-food,Bronze,Seasonal,Out of Home
107673,РОБИНЗОН ЕООД,Бургас,СОЗОПОЛ,Restaurant,Bronze,Seasonal,Out of Home
109308,ПИЦАРИЯ ЧАРЛИ ЕООД,Варна,ВАРНА,Fast-food,Bronze,Not Seasonal,Out of Home
107705,ПИЦАРИЯ ЕООД,Бургас,СОЗОПОЛ,Restaurant,Bronze,Seasonal,Out of Home
110347,ПИЦАРИЯ ПАНОРАМА ЕООД,Бургас,ЦАРЕВО,Fast-food,Bronze,Seasonal,Out of Home
105595,ПИЦА ВЕНЕЦИЯ ЕООД,Варна,ЗЛАТНИ ПЯСЪЦИ,Bar,Silver,Seasonal,Out of Home
104859,БАР МАКАЛАЛИ ЕООД,Варна,ВАРНА,Cafe,Bronze,Seasonal,Out of Home
101124,ДА ВИНЧИ ЕООД,Добрич,ОБРОЧИЩЕ,Cafe,Bronze,Not Seasonal,At Home
110020,ПИЦАРИЯ ХАВАЙ ЕООД,Бургас,СЛЪНЧЕВ БРЯГ,Cafe,Bronze,Seasonal,Out of Home
102978,ПИЦАРИЯ КАПРИ ЕООД,Разград,ЛОЗНИЦА,Local Shop,Bronze,Not Seasonal,At Home
111736,DEVILS RIVER ЕООД,Варна,ВАРНА,Fast-food,Bronze,Seasonal,Out of Home
102188,ЗАМЪКА ЕООД,Бургас,НЕСЕБЪР,Local Shop,Bronze,Not Seasonal,At Home
100961,Пицария Приз ЕООД,Бургас,СОЗОПОЛ,Supermarket,Silver,Seasonal,At Home
102454,ДИ АНДЖЕЛО ЕООД,Търговище,ПОПОВО,Local Shop,Bronze,Not Seasonal,At Home
100951,СЛАВЯНИ СТАР ГРАД ЕООД,Бургас,СОЗОПОЛ,Supermarket,Bronze,Seasonal,At Home
100479,ПИЦАРИЯ НАПОЛИ ЕООД,Бургас,АХЕЛОЙ,Supermarket,Bronze,Seasonal,At Home
107856,ЛУЧИАНО ЕООД,Бургас,ЦАРЕВО,Restaurant,Bronze,Seasonal,Out of Home
110330,ЛА БОКА ЕООД,Бургас,ЦАРЕВО,Fast-food,Bronze,Seasonal,Out of Home
104474,БИСТРО ТЕРАСАТА ЕООД,Варна,ПРОВАДИЯ,Local Shop,Bronze,Not Seasonal,At Home
110329,ФЛАМИНГО ЕООД,Бургас,ЦАРЕВО,Fast-food,Bronze,Seasonal,Out of Home
109309,пицария Авеню ЕООД,Варна,ВАРНА,Fast-food,Bronze,Seasonal,Out of Home
101931,Р-Т РОЗМАРИН ЕООД,Добрич,КРАНЕВО,Local Shop,Bronze,Seasonal,At Home
110700,КОД ЕООД,Бургас,СЛЪНЧЕВ БРЯГ,Restaurant,Bronze,Seasonal,Out of Home
111663,ЛА ВЕРАНДА ЕООД,Бургас,СЛЪНЧЕВ БРЯГ,Fast-food,Bronze,Seasonal,Out of Home
108869,КАМЪНИТЕ ЕООД,Бургас,СЛЪНЧЕВ БРЯГ,Hotels,Bronze,Seasonal,Out of Home
108870,ПИЦАРИЯ ЛА ТОСКАНА ЕООД,Бургас,СЛЪНЧЕВ БРЯГ,Hotels,Bronze,Seasonal,Out of Home
105935,Р-НТ АЛЕКСАНДРА ЕООД,Бургас,СВЕТИ ВЛАС,Fast-food,Bronze,Seasonal,Out of Home
111806,КОТВАТА ЕООД,Бургас,СЛЪНЧЕВ БРЯГ,Bar,Bronze,Seasonal,Out of Home
101654,ПИЦАРИЯ ЕООД,Силистра,СИЛИСТРА,Local Shop,Bronze,Not Seasonal,At Home
107307,СЕЛЕНА ЕООД,Варна,ОБЗОР,Restaurant,Silver,Seasonal,Out of Home
111536,СЕЛЕНА ЕООД,Бургас,ПОМОРИЕ,Restaurant,Silver,Seasonal,Out of Home
109538,La Vida ЕООД,Бургас,ПОМОРИЕ,Fast-food,Bronze,Seasonal,Out of Home
101629,Ла Пала-2 ЕООД,Силистра,СИТОВО,Local Shop,Bronze,Not Seasonal,At Home
101716,АВРОМИВКА ЕООД,Варна,СУВОРОВО,Local Shop,Bronze,Seasonal,At Home
105738,МАГУРАТА ЕООД,Варна,ВАРНА,Fast-food,Bronze,Seasonal,Out of Home
105727,БИСТРО ДИАНДЖЕЛИ ЕООД,Варна,ВАРНА,Fast-food,Bronze,Seasonal,Out of Home
103803,РЕСТОРАНТ ЕООД,Бургас,ПОМОРИЕ,Local Shop,Bronze,Not Seasonal,At Home
111487,ФЕМИЛИ ГАРДЪН ЕООД,Бургас,НЕСЕБЪР,Restaurant,Gold,Seasonal,Out of Home
111686,РЕСТОРАНТ ЕООД,Бургас,КАРНОБАТ,Fast-food,Bronze,Not Seasonal,Out of Home
100489,ПИЦА БАР АНДРЕ ЕООД,Бургас,ТЪНКОВО,Supermarket,Bronze,Seasonal,At Home
110257,Пица Пинто ЕООД,Бургас,РАВДА,Fast-food,Bronze,Seasonal,Out of Home
110725,ПИЦАРИЯ КУЦАТА МЕДУЗА ЕООД,Бургас,ПОМОРИЕ,Restaurant,Bronze,Seasonal,Out of Home
105268,Бистро Тропикана ЕООД,Бургас,СЛЪНЧЕВ БРЯГ,Cafe,Bronze,Seasonal,Out of Home
111001,Р-Т ДЕН И НОЩ ЕООД,Бургас,НЕСЕБЪР,Hotels,Gold,Seasonal,Out of Home
110248,ПАТАЯ ХОТЕЛ Р-Т ЕООД,Бургас,НЕСЕБЪР,Fast-food,Bronze,Seasonal,Out of Home
110358,Р-Т ТЕОС ЕООД,Бургас,СЛЪНЧЕВ БРЯГ,Fast-food,Bronze,Seasonal,Out of Home
106577,ПРИЗМА ЕООД,Бургас,БУРГАС,Cafe,Bronze,Not Seasonal,Out of Home
111346,Р-Т КЕЯ ЕООД,Бургас,БУРГАС,Fast-food,Bronze,Not Seasonal,Out of Home
108787,К-С СВЕТИ ТОМА Р-Т ЕООД,Бургас,КИТЕН,Hotels,Bronze,Seasonal,Out of Home
106711,Р-Т БЪЛГАРАН ЕООД,Бургас,ПРИМОРСКО,Superette,Gold,Seasonal,At Home
102099,ФЕЛИЗ БАР ЕООД,Варна,ВАРНА,Local Shop,Bronze,Not Seasonal,At Home
103152,ПИЦАРИЯ ДЖЕРИ ЕООД,Разград,РАКОВСКИ,Local Shop,Bronze,Not Seasonal,At Home
103854,ПИЦАРИЯ КАПРИ 2 ЕООД,Бургас,ПОМОРИЕ,Local Shop,Bronze,Seasonal,At Home
103538,ПИЦАРИЯ НАТАЛИ ЕООД,Ямбол,ЯМБОЛ,Local Shop,Bronze,Not Seasonal,At Home
102877,Б Х-ГРАДИНА ЕООД,Русе,ПИРГОВО,Local Shop,Bronze,Not Seasonal,At Home
101916,БИСТРО АВЕНЮ ЕООД,Добрич,КАМЕН БРЯГ,Local Shop,Bronze,Seasonal,At Home
108862,Х-Л ОРИОС ЕООД,Бургас,СЛЪНЧЕВ БРЯГ,Hotels,Bronze,Seasonal,Out of Home
109928,ПИЦАРИЯ ТРЕЖЪР ЕООД,Варна,ВАРНА,Cafe,Bronze,Not Seasonal,Out of Home
105561,К-С ГРИЙН ПАРАДАЙЗ ЕООД,Варна,ВАРНА,Bar,Silver,Seasonal,Out of Home
100967,РЕСТОРАНТ ЕООД,Бургас,ЛОЗЕНЕЦ,Supermarket,Bronze,Seasonal,At Home
107278,ХОТЕЛ ПЛАНЕТА ЕООД,Бургас,ПРИМОРСКО,Hotels,Bronze,Seasonal,At Home
111645,РЕСТОРАНТ ДУНАВ ЕООД,Бургас,ПРИМОРСКО,Fast-food,Bronze,Seasonal,Out of Home
111631,Х-Л НЕСЕБЪР БИЙЧ ЕООД,Бургас,СОЗОПОЛ,Fast-food,Bronze,Seasonal,Out of Home
111203,БАР КОКА-КОЛА ЕООД,Бургас,СЛЪНЧЕВ БРЯГ,Hotels,Silver,Seasonal,Out of Home
101060,ГРАНД ХОТЕЛ ПРИМОРСКО ЕООД,Силистра,ПОРОЙНО,Supermarket,Bronze,Not Seasonal,At Home
111380,ЛОБИ-БАР СЪНСЕТ ЕООД,Варна,ВАРНА,Fast-food,Bronze,Not Seasonal,Out of Home
110036,Х-Л ТАРСИС ЕООД,Бургас,НЕСЕБЪР,Cafe,Bronze,Seasonal,Out of Home
100077,БАР-БАСЕЙН МАРВЕЛ ЕООД,Търговище,ПОПОВО,Local Shop,Bronze,Not Seasonal,At Home
108810,ЛОБИ-БАР НОБЕЛ ЕООД,Бургас,СВЕТИ ВЛАС,Hotels,Bronze,Seasonal,Out of Home
105928,БАРБЕКЮ НОБЕЛ ЕООД,Бургас,ПРИМОРСКО,Fast-food,Bronze,Seasonal,Out of Home
107776,Х.КУБАН ЕООД,Бургас,ПРИМОРСКО,Restaurant,Bronze,Seasonal,Out of Home
110327,РЕСТОРАНТ НОБЕЛ ЕООД,Бургас,ЦАРЕВО,Fast-food,Bronze,Seasonal,Out of Home
101628,ХОТЕЛ НЕСЕБЪР МАРЕ ЕООД,Силистра,СИЛИСТРА,Local Shop,Bronze,Not Seasonal,At Home
103846,Х-Л МЕЛИА СЛЪНЧЕВ БРЯГ ЕООД,Бургас,ПОМОРИЕ,Local Shop,Bronze,Seasonal,At Home
105683,Х-Л КУБАН ЕООД,Бургас,ОБЗОР,Bar,Silver,Seasonal,Out of Home
109979,РЕСТОРАНТ ПЛИСКА ЕООД,Бургас,РАВДА,Cafe,Bronze,Seasonal,Out of Home
101100,ХОТЕЛ ЖЕРАВИ ЕООД,Шумен,ШУМЕН,Cafe,Bronze,Not Seasonal,At Home
101929,ХОТЕЛ БОР ЕООД,Добрич,КРАНЕВО,Local Shop,Bronze,Seasonal,At Home
100956,Х.ТИВА ДЕЛ МАР ЕООД,Бургас,ПРИМОРСКО,Supermarket,Silver,Seasonal,At Home
108899,Х-Л БЕЛВЕДЕРЕ ЕООД,Варна,ЗЛАТНИ ПЯСЪЦИ,Hotels,Bronze,Seasonal,Out of Home
105926,БАР ПОСЕЙДОН ЕООД,Бургас,ПРИМОРСКО,Fast-food,Bronze,Seasonal,Out of Home
101943,ОСНОВЕН РЕСТОРАНТ ЕООД,Добрич,КРАНЕВО,Local Shop,Silver,Seasonal,At Home
110024,ОСНОВЕН РЕСТОРАНТ ПАРК ЕООД,Бургас,БУРГАС,Cafe,Bronze,Seasonal,Out of Home
110028,ХОТЕЛ ЯНТРА ЕООД,Бургас,БУРГАС,Cafe,Bronze,Seasonal,Out of Home
101813,ХОТЕЛ АКТИНИЯ ЕООД,Добрич,КРАНЕВО,Local Shop,Bronze,Seasonal,At Home
111910,ХОТЕЛ ТРАКИЯ ЕООД,Варна,ЗЛАТНИ ПЯСЪЦИ,Cafe,Bronze,Seasonal,Out of Home
109900,БЮФЕТ-РЕСТОРАНТ ЕООД,Варна,ВАРНА,Cafe,Bronze,Not Seasonal,Out of Home
110187,Х-Л КАРОЛИНА ЕООД,Варна,ЗЛАТНИ ПЯСЪЦИ,Fast-food,Bronze,Seasonal,Out of Home
102303,БАСЕЙН НЕПТУН ЕООД,Бургас,СЛЪНЧЕВ БРЯГ,Local Shop,Bronze,Seasonal,At Home
108715,РЕСТОРАНТ НЕПТУН ЕООД,Бургас,СОЗОПОЛ,Hotels,Bronze,Seasonal,Out of Home
105904,Р-Т ИСКЪР ЕООД,Бургас,СОЗОПОЛ,Fast-food,Bronze,Seasonal,Out of Home
107662,ХОТЕЛ ЛОНГОЗА ЕООД,Бургас,СОЗОПОЛ,Restaurant,Bronze,Seasonal,Out of Home
106619,DREAMS SUNNY BEACH RESORT ЕООД,Бургас,СОЗОПОЛ,Cafe,Bronze,Seasonal,Out of Home
111400,Х-Л БЛУ ОРИНДЖ ЕООД,Бургас,СОЗОПОЛ,Fast-food,Bronze,Seasonal,Out of Home
106457,ХОТЕЛ РЕГАТА ЕООД,Варна,ВАРНА,Cafe,Bronze,Not Seasonal,Out of Home
111402,ХОТЕЛ СЪНСЕТ Ризор ЕООД,Бургас,ЧЕРНОМОРЕЦ,Fast-food,Bronze,Seasonal,Out of Home
107789,ПАРАДАИЙЗ БИЙЧ Х-Л ЕООД,Бургас,ПРИМОРСКО,Restaurant,Bronze,Seasonal,Out of Home
106843,ПЪБ ЕООД,Бургас,ПРИМОРСКО,Nightclub,Silver,Seasonal,Out of Home
107792,БАРБЕКЮ АЗУРО ЕООД,Бургас,ПРИМОРСКО,Restaurant,Bronze,Seasonal,Out of Home
107791,ХОТЕЛ КОТВА ЕООД,Бургас,ПРИМОРСКО,Restaurant,Bronze,Seasonal,Out of Home
103153,Х-Л ФЕСТА ПАНОРАМА ЕООД,Разград,ТОПЧИИ,Local Shop,Bronze,Not Seasonal,At Home
107855,Х КАЛИПСО ЕООД,Бургас,БУРГАС,Restaurant,Bronze,Not Seasonal,Out of Home
111768,ДАЙМАНД РЕЗИДЕНС ЕООД,Бургас,СОЗОПОЛ,Fast-food,Bronze,Seasonal,Out of Home
108372,ДЮНИ ЕООД,Бургас,СОЗОПОЛ,Restaurant,Bronze,Seasonal,Out of Home
111733,Х-Л БУРГАС ЕООД,Варна,ВАРНА,Fast-food,Bronze,Not Seasonal,Out of Home
111527,БАР ХРИЗАНТЕМА ЕООД,Бургас,АХЕЛОЙ,Restaurant,Silver,Seasonal,Out of Home
105121,Х-Л БИЛЯНА БИЙЧ ЕООД,Бургас,РАВДА,Cafe,Bronze,Seasonal,Out of Home
105602,х.Феникс ЕООД,Варна,ЗЛАТНИ ПЯСЪЦИ,Bar,Silver,Seasonal,Out of Home
109248,ГОЛДЪН РЕЙНБОУ ПУУЛ БАР ЕООД,Велико Търново,ПОЛИКРАИЩЕ,Bar,Bronze,Seasonal,At Home
106090,Х-Л ПРЕМИУМ ИН ЕООД,Бургас,ЧЕРНОМОРЕЦ,Fast-food,Bronze,Seasonal,Out of Home
107845,РЕСТОРАНТ ЕООД,Бургас,АХТОПОЛ,Restaurant,Bronze,Seasonal,Out of Home
107315,Х.КАЛИНА ГАРДЪН ЕООД,Варна,ВАРНА,Restaurant,Bronze,Seasonal,Out of Home
107321,Х-Л МЕНА ПАЛАС ЕООД,Варна,ВАРНА,Restaurant,Bronze,Seasonal,Out of Home
102289,БАР КАРЛСБЕРГ ЕООД,Бургас,ОРИЗАРЕ,Local Shop,Bronze,Not Seasonal,At Home
111649,ЛОБИ БАР СЕНДС ЕООД,Бургас,КИТЕН,Fast-food,Bronze,Seasonal,Out of Home
109459,х.Меридиан ЕООД,Бургас,БУРГАС,Fast-food,Bronze,Seasonal,Out of Home
101323,х-л ТРАКИЯ ПЛАЗА ЕООД,Варна,ВАРНА,Nightclub,Silver,Not Seasonal,Out of Home
106089,ЛОБИ-БАР АЗУРО ЕООД,Бургас,СОЗОПОЛ,Fast-food,Bronze,Seasonal,Out of Home
105496,РЕСТОРАНТ СЪН СИТИ ЕООД,Бургас,СОЗОПОЛ,Cafe,Bronze,Seasonal,Out of Home
105411,РЕСТОРАНТ МАРВЕЛ ЕООД,Бургас,ПОМОРИЕ,Cafe,Bronze,Seasonal,Out of Home
104542,Х-Л ВИА ПОНТИКА ЕООД,Варна,БЯЛА,Local Shop,Bronze,Seasonal,At Home
111852,КОМПЛЕКС ДЕЛФИН ЕООД,Варна,ВАРНА,Restaurant,Bronze,Not Seasonal,Out of Home
103012,АКВАПАРК НЕСЕБЪР ЕООД,Разград,ИСПЕРИХ,Local Shop,Bronze,Not Seasonal,At Home
103108,ХОТЕЛ АЛЕГРА ЕООД,Добрич,ТЕРВЕЛ,Local Shop,Bronze,Not Seasonal,At Home
105752,Х.МИРАМАР ЕООД,Варна,ДОЛНИ ЧИФЛИК,Fast-food,Bronze,Not Seasonal,Out of Home
109839,СЪНРАЙЗ БЕЙ ЕООД,Бургас,БУРГАС,Cafe,Bronze,Seasonal,Out of Home
103856,НИМФА ЕООД,Бургас,ПОМОРИЕ,Local Shop,Bronze,Seasonal,At Home
100319,до х-л Нептун ЕООД,Шумен,РАЗВИГОРОВО,Supermarket,Bronze,Not Seasonal,At Home
108369,Алуа хелиос биич ЕООД,Бургас,СОЗОПОЛ,Restaurant,Bronze,Not Seasonal,Out of Home
105639,Х. ЛАГУНА СЪНРАЙС ЕООД,Бургас,АХТОПОЛ,Bar,Silver,Seasonal,Out of Home
107340,ХOTEЛ ПАРАИЗО ЕООД,Варна,БЯЛА,Restaurant,Bronze,Seasonal,Out of Home
110023,КОРАЛ ЕООД,Бургас,БУРГАС,Cafe,Bronze,Seasonal,Out of Home
108336,Алуа хелиос бей ЕООД,Бургас,СОЗОПОЛ,Restaurant,Bronze,Seasonal,Out of Home
102201,Роял ЕООД,Бургас,НЕСЕБЪР,Local Shop,Bronze,Seasonal,At Home
106101,Х. Нома ЕООД,Бургас,СОЗОПОЛ,Fast-food,Bronze,Seasonal,Out of Home
105879,ПЕРЛА ЕООД,Бургас,РАВДА,Fast-food,Bronze,Seasonal,Out of Home
109968,РИВИЕРА 2 ЕООД,Бургас,НЕСЕБЪР,Cafe,Bronze,Seasonal,Out of Home
107853,КС РИВИЕРА-ХОТЕЛ НИМФА ЕООД,Бургас,ВАРВАРА,Restaurant,Bronze,Seasonal,Out of Home
105656,МАГНОЛИЯ ЕООД,Бургас,СЛЪНЧЕВ БРЯГ,Bar,Silver,Seasonal,Out of Home
110082,ХОТЕЛ ЕЛИА МАР ЕООД,Бургас,СОЗОПОЛ,Cafe,Bronze,Seasonal,Out of Home
107858,КС РИВИЕРА-РТ РИВИЕРА ЕООД,Бургас,АХТОПОЛ,Restaurant,Bronze,Seasonal,Out of Home
108812,КС РИВИЕРА-КОНГР.Б РИВИЕРА БИЙ ЕООД,Бургас,СЛЪНЧЕВ БРЯГ,Hotels,Bronze,Seasonal,Out of Home
110208,МЕЛИА ГРАНД ЕРМИТАЖ ЕООД,Варна,ЗЛАТНИ ПЯСЪЦИ,Fast-food,Bronze,Seasonal,Out of Home
103489,МАРИНА ГРАНД БИЙЧ ЕООД,Ямбол,ЯМБОЛ,Local Shop,Bronze,Not Seasonal,At Home
107775,ЗДРАВЕЦ ЕООД,Бургас,ПРИМОРСКО,Restaurant,Bronze,Seasonal,Out of Home
110668,Х-Л ТРОПИКАНА ЕООД,Варна,ЗЛАТНИ ПЯСЪЦИ,Restaurant,Bronze,Seasonal,Out of Home
106393,ЕЛПИДА ЕООД,Варна,ВАРНА,Cafe,Bronze,Not Seasonal,Out of Home
106043,КИНИ ЕООД,Варна,ТОПОЛИ,Fast-food,Bronze,Not Seasonal,Out of Home
110569,ТИЛИЯ МВР ЕООД,Бургас,ЧЕРНОМОРЕЦ,Fast-food,Bronze,Seasonal,Out of Home
111750,МИРАБЕЛ ЕООД,Варна,ВАРНА,Fast-food,Bronze,Not Seasonal,Out of Home
104803,АПОЛО ЕООД,Варна,ВЪЛЧИ ДОЛ,Cafe,Bronze,Seasonal,Out of Home
111513,ЛИЛИЯ ЕООД,Бургас,СЛЪНЧЕВ БРЯГ,Restaurant,Silver,Seasonal,Out of Home
107334,РЕЙНА ДЕЛ МАР ЕООД,Варна,ПАРТИЗАНИ,Restaurant,Bronze,Not Seasonal,Out of Home
111576,ХОТЕЛ АУРОРА ЕООД,Варна,ОБЗОР,Fast-food,Bronze,Seasonal,Out of Home
108898,ХОТЕЛ МОРЕ ЕООД,Варна,ВАРНА,Hotels,Bronze,Seasonal,Out of Home
111582,СЪНРАЙЗ БЛУ МЕДЖИК РИЗОРТ ЕООД,Варна,ШКОРПИЛОВЦИ,Fast-food,Bronze,Seasonal,Out of Home
107322,БАР АНИМАЦИЯ ЕООД,Варна,ВАРНА,Restaurant,Bronze,Seasonal,Out of Home
100671,СОЛ ЛУНА БЕЙ РЕЗОРТ ЕООД,Русе,РУСЕ,Supermarket,Bronze,Not Seasonal,At Home
101627,ХОТЕЛСКИ К-КС МИРАМАР ЕООД,Силистра,ПОПИНА,Local Shop,Bronze,Not Seasonal,At Home
105127,КОМПЛЕКС СЪНРАЙЗ ЕООД,Бургас,КАМЕНО,Cafe,Bronze,Not Seasonal,Out of Home
109302,ПАРК ХОТЕЛ АРГО ЕООД,Варна,ДЕВНЯ,Fast-food,Bronze,Not Seasonal,Out of Home
103857,РОЯЛ ЕООД,Бургас,ПОМОРИЕ,Local Shop,Iron,Not Seasonal,At Home
105990,НИМФА ЕООД,Бургас,ПОМОРИЕ,Fast-food,Bronze,Not Seasonal,Out of Home
104860,ПОСЕЙДОН ЕООД,Варна,ВАРНА,Cafe,Bronze,Seasonal,Out of Home
105985,ОАЗИС ЕООД,Бургас,ПОМОРИЕ,Fast-food,Bronze,Seasonal,Out of Home
111925,ЕКСЕЛСИОР ЕООД,Силистра,СИЛИСТРА,Local Shop,Bronze,Not Seasonal,At Home
111325,НСО ЕООД,Бургас,БУРГАС,Fast-food,Bronze,Seasonal,Out of Home
109560,ЮНИКЕАР ЕООД,Бургас,ПОМОРИЕ,Fast-food,Bronze,Not Seasonal,Out of Home
111791,ЛОЛИ ЕООД,Варна,ВАРНА,Bar,Bronze,Seasonal,Out of Home
105989,КЪЩАТА 1 ЕООД,Бургас,КАРНОБАТ,Fast-food,Iron,Not Seasonal,Out of Home
109421,ГОЛДЕН ЛАИН ЕООД,Бургас,БУРГАС,Fast-food,Bronze,Not Seasonal,Out of Home
109554,РЕСТОРАНТ ЕООД,Бургас,БУРГАС,Fast-food,Bronze,Not Seasonal,Out of Home
109555,Сънсет ризорт ЕООД,Бургас,ПОМОРИЕ,Fast-food,Bronze,Not Seasonal,Out of Home
105284,АРКАДА БИИЧ ЕООД,Бургас,ДОЛНИ ЧИФЛИК,Cafe,Bronze,Not Seasonal,Out of Home
109571,РЕСТОРАНТ ЕООД,Бургас,КАРНОБАТ,Fast-food,Bronze,Not Seasonal,Out of Home
109570,МЕЛИЯ ЕРМИТАЖ ЕООД,Бургас,ПОМОРИЕ,Fast-food,Bronze,Not Seasonal,Out of Home
105992,МЕЗЕТО ЕООД ЕООД,Бургас,АЙТОС,Fast-food,Bronze,Not Seasonal,Out of Home
110444,КОМПЛЕКС МАДАРА ЕООД,Бургас,ЛЮЛЯКОВО,Fast-food,Bronze,Not Seasonal,Out of Home
109427,СЪНШАЙН ХОЛИДЕЙС ЕАД ЕООД,Бургас,БУРГАС,Fast-food,Bronze,Not Seasonal,Out of Home
111299,Хотел Маджестик ЕООД,Бургас,БУРГАС,Fast-food,Bronze,Seasonal,Out of Home
109426,ВЕЖЕН ЕООД,Бургас,БУРГАС,Fast-food,Bronze,Not Seasonal,Out of Home
110354,Хотел Плиска ЕООД,Бургас,НЕСЕБЪР,Fast-food,Bronze,Seasonal,Out of Home
109429,ЕСТРЕЯ ЕООД,Бургас,БУРГАС,Fast-food,Bronze,Not Seasonal,Out of Home
109425,ХОТЕЛ БОР ЕООД,Бургас,КАБЛЕШКОВО,Fast-food,Bronze,Not Seasonal,Out of Home
109424,ХОТЕЛ ЦЕНТРАЛ ЕООД,Бургас,НЕСЕБЪР,Fast-food,Bronze,Not Seasonal,Out of Home
110017,ЕВКСИНОГРАД ЕООД,Бургас,НЕСЕБЪР,Cafe,Bronze,Seasonal,Out of Home
108947,Сол марина палас ЕООД,Бургас,БУРГАС,Hotels,Iron,Not Seasonal,Out of Home
111347,Мадара ЕООД,Бургас,БУРГАС,Fast-food,Bronze,Not Seasonal,Out of Home
107851,ХОТЕЛ ХАВАНА ЕООД,Бургас,АХТОПОЛ,Restaurant,Bronze,Seasonal,Out of Home
107850,АвенюДелукс ЕООД,Бургас,АХТОПОЛ,Restaurant,Bronze,Seasonal,Out of Home
111339,МАРИНА СЛАДКАРНИЦА ЕООД,Бургас,БУРГАС,Fast-food,Bronze,Not Seasonal,Out of Home
109512,МАРИНА СПА ТЕРАСА ЕООД,Бургас,БУРГАС,Fast-food,Bronze,Not Seasonal,Out of Home
106578,ГОЛДЪН БИИЧ ЕООД,Бургас,БУРГАС,Cafe,Bronze,Not Seasonal,Out of Home
107343,Х. Барсело ЕООД,Варна,БЯЛА,Restaurant,Bronze,Seasonal,Out of Home
109320,КС РИВИЕРА - ДИСПЕНСЪРИ ЕООД,Варна,ДОЛНИ ЧИФЛИК,Fast-food,Bronze,Not Seasonal,Out of Home
109505,ИМПЕРИЯЛ ЕООД,Бургас,БУРГАС,Fast-food,Bronze,Not Seasonal,Out of Home
110384,VOYA BEACH RESORT ЕООД,Бургас,БУРГАС,Fast-food,Bronze,Not Seasonal,Out of Home
109515,х.Тарсис ЕООД,Бургас,БУРГАС,Fast-food,Bronze,Not Seasonal,Out of Home
110066,Х.МАГНОЛИИТЕ ЕООД,Варна,ВАРНА,Cafe,Bronze,Not Seasonal,Out of Home
110693,АКВА НЕВИС ХОЛИДЕЙ ЕООД,Бургас,СВЕТИ ВЛАС,Restaurant,Bronze,Seasonal,Out of Home
108896,ХОТЕЛ БЕЛЛА ВИСТА ЕООД,Варна,ЗЛАТНИ ПЯСЪЦИ,Hotels,Bronze,Seasonal,Out of Home
102192,ХОТЕЛ БАЙКАЛ ЕООД,Бургас,АЙТОС,Local Shop,Bronze,Not Seasonal,At Home
110033,РЕСТОРАНТ ЕООД,Бургас,ОБЗОР,Cafe,Bronze,Seasonal,Out of Home
111511,КС РОМА ПАЛАС ЕООД,Бургас,СВЕТИ ВЛАС,Restaurant,Silver,Seasonal,Out of Home
109318,ИМПЕРИАЛ ПАЛАС ЕООД,Варна,ВЪЛЧИ ДОЛ,Fast-food,Bronze,Not Seasonal,Out of Home
105406,ХОТЕЛ ЕООД,Бургас,ПОМОРИЕ,Cafe,Bronze,Seasonal,Out of Home
109975,хотел Жерави бийч ЕООД,Бургас,КАРНОБАТ,Cafe,Bronze,Seasonal,Out of Home
110256,АРАПЯ ДЕЛ СОЛ ЕООД,Бургас,НЕСЕБЪР,Fast-food,Bronze,Seasonal,Out of Home
110255,SECRETS SUNNY BEACH RESORT ЕООД,Бургас,НЕСЕБЪР,Fast-food,Bronze,Seasonal,Out of Home
110353,Х.ЕВРОПА ЕООД,Бургас,СЛЪНЧЕВ БРЯГ,Fast-food,Bronze,Seasonal,Out of Home
108816,ХОТЕЛ ГЛАРУС ЕООД,Бургас,СВЕТИ ВЛАС,Hotels,Bronze,Seasonal,Out of Home
106891,Х.ПЕРЛА ЕООД,Варна,ВАРНА,Cafe,Bronze,Not Seasonal,Out of Home
109251,Х.СОЛ НЕСЕБЪР БЕЙ ЕООД,Бургас,БУРГАС,Bar,Silver,Seasonal,Out of Home
105662,ХОТЕЛ ПРЕМИУМ ИН ЕООД,Бургас,СВЕТИ ВЛАС,Bar,Silver,Seasonal,Out of Home
105655,ДЮНИ ЕООД,Бургас,СЛЪНЧЕВ БРЯГ,Bar,Silver,Seasonal,Out of Home
108687,Х.ЗЛАТНА ПЕРЛА ЕООД,Бургас,НЕСЕБЪР,Hotels,Bronze,Seasonal,Out of Home
106037,Х.ВЕЛА ЕООД,Варна,ВАРНА,Fast-food,Bronze,Seasonal,Out of Home
103993,х.Тропикс ЕООД,Бургас,СОЗОПОЛ,Local Shop,Bronze,Seasonal,At Home
108221,х.Нирвана ЕООД,Варна,АКСАКОВО,Restaurant,Bronze,Not Seasonal,Out of Home
110733,Х.ГРАНД ВИКТОРИЯ ЕООД,Варна,ВАРНА,Restaurant,Bronze,Not Seasonal,Out of Home
110735,СНЕК БАР ЕООД,Варна,ВАРНА,Restaurant,Bronze,Not Seasonal,Out of Home
111039,ИМПЕРИАЛ РЕСОРТ ЕООД,Бургас,ПОМОРИЕ,Hotels,Silver,Seasonal,Out of Home
111739,WAVE RESORT ЕООД,Варна,ВАРНА,Fast-food,Bronze,Not Seasonal,Out of Home
103891,ХОТЕЛ РЕНА ЕООД,Бургас,СОЗОПОЛ,Local Shop,Bronze,Seasonal,At Home
109742,ХОТЕЛ ШЕРАТОН ЕООД,Бургас,БУРГАС,Superette,Bronze,Seasonal,Out of Home
108047,ХОТЕЛ ТИАРА БИЙЧ ЕООД,Бургас,ОБЗОР,Restaurant,Silver,Seasonal,Out of Home
102184,х.АКВА ПАРАДАЙЗ РИЗОРТ ЕООД,Бургас,СВЕТИ ВЛАС,Local Shop,Bronze,Not Seasonal,At Home
101990,Х-Л СИНЯ ПЕРЛА ЕООД,Варна,ВАРНА,Local Shop,Bronze,Not Seasonal,At Home
111653,СОЛ НЕСЕБЪР ПАЛАС ЕООД,Бургас,БУРГАС,Fast-food,Bronze,Not Seasonal,Out of Home
111407,Х-Л ЛАГУНА ПАРК ЕООД,Бургас,СОЗОПОЛ,Fast-food,Bronze,Seasonal,Out of Home
110502,АЙ ХОТЕЛ ЕООД,Варна,ВАРНА,Fast-food,Bronze,Not Seasonal,Out of Home
111914,Х.СОЛ НЕСЕБЪР МАРЕ ЕООД,Варна,ИГНАТИЕВО,Superette,Bronze,Not Seasonal,Out of Home
111650,Х.ПРЕМИУМ ИН ЕООД,Бургас,КИТЕН,Fast-food,Bronze,Seasonal,Out of Home
106088,Х.ГРЕНАДА ЕООД,Бургас,СОЗОПОЛ,Fast-food,Bronze,Seasonal,Out of Home
109690,Вила маре ЕООД,Бургас,СОЗОПОЛ,Fast-food,Bronze,Seasonal,Out of Home
108365,СЪНРАИЗ ЕООД,Бургас,СОЗОПОЛ,Restaurant,Bronze,Seasonal,Out of Home
104567,ГРАНД ХОТЕЛ ВАРНА ЕООД,Варна,ШКОРПИЛОВЦИ,Local Shop,Bronze,Seasonal,At Home
104806,АДМИРАЛ ЕООД,Варна,ШКОРПИЛОВЦИ,Cafe,Bronze,Not Seasonal,Out of Home
104804,МЪПЕТ ЕООД,Варна,ПРОВАДИЯ,Cafe,Bronze,Not Seasonal,Out of Home
110639,КОНТИНЕНТАЛ ЕООД,Варна,БЛИЗНАЦИ,Restaurant,Bronze,Seasonal,Out of Home
106474,МАЛИНА ЕООД,Варна,ДОЛНИ ЧИФЛИК,Cafe,Bronze,Seasonal,Out of Home
109686,АСТОРИЯ ЕООД,Бургас,СОЗОПОЛ,Fast-food,Bronze,Seasonal,Out of Home
107389,РЕСТОРАНТ ЕООД,Варна,ВАРНА,Restaurant,Bronze,Not Seasonal,Out of Home
109677,ХОТЕЛ ЛУНА ЕООД,Бургас,СОЗОПОЛ,Fast-food,Bronze,Seasonal,Out of Home
108291,ДЕТЕЛИНА ЕООД,Бургас,ЧЕРНОМОРЕЦ,Restaurant,Bronze,Seasonal,Out of Home
109675,АРЕНА МАР ЕООД,Бургас,СОЗОПОЛ,Fast-food,Bronze,Seasonal,Out of Home
110701,ОАЗИС ЕООД,Бургас,НЕСЕБЪР,Restaurant,Bronze,Seasonal,Out of Home
109446,ПОЧИВНА БАЗА ЕООД,Бургас,ЧЕРНОМОРЕЦ,Fast-food,Bronze,Seasonal,Out of Home
105052,РОЯЛ БЕЙ ЕООД,Габрово,СТРАХИЛОВО,Cafe,Bronze,Not Seasonal,At Home
105449,АКВАМАРИН ЕООД,Варна,ВАРНА,Cafe,Bronze,Not Seasonal,Out of Home
109475,Съни касъл ЕООД,Бургас,ПРИМОРСКО,Fast-food,Bronze,Seasonal,Out of Home
109464,ХОТЕЛ ЕЛИТ ЕООД,Бургас,ПРИМОРСКО,Fast-food,Bronze,Seasonal,Out of Home
102194,ТЕРМА ПАЛАС ЕООД,Бургас,АЙТОС,Local Shop,Bronze,Not Seasonal,At Home
105932,СЪНИ КАСЪЛ ЕООД,Бургас,БУРГАС,Fast-food,Bronze,Seasonal,Out of Home
101192,ТЕРМА ЕКО ЕООД,Русе,НИКОЛОВО,Cafe,Bronze,Not Seasonal,At Home
111480,ТОПОЛА СКАЙ ЕООД,Бургас,НЕСЕБЪР,Restaurant,Silver,Seasonal,Out of Home
110336,ЗЛАТНИ ПЯСЪЦИ УПРАВЛЕНИЕ ЕООД,Бургас,БУРГАС,Fast-food,Silver,Not Seasonal,Out of Home
110352,ВЕРА МАР ЕООД,Бургас,БУРГАС,Fast-food,Bronze,Not Seasonal,Out of Home
108600,БАР МОРЕ ЕООД,Бургас,СЛЪНЧЕВ БРЯГ,Hotels,Bronze,Seasonal,Out of Home
103742,АГИЩ ЕООД,Бургас,БЕРОНОВО,Local Shop,Bronze,Not Seasonal,At Home
100156,БЛЕК СИИ ЕООД,Сливен,СЛИВЕН,Local Shop,Bronze,Not Seasonal,At Home
109457,ХОТЕЛ РОЯЛ ЕООД,Бургас,ПРИМОРСКО,Fast-food,Bronze,Not Seasonal,Out of Home
101338,МЕЛИЯ СПА ЕООД,Бургас,РАВДА,Nightclub,Silver,Seasonal,Out of Home
107105,ХОТЕЛ СОФИЯ ЕООД,Варна,ВАРНА,Superette,Bronze,Not Seasonal,At Home
106570,КОМПЛЕКС СОФИЯ ЕООД,Бургас,БУРГАС,Cafe,Bronze,Not Seasonal,Out of Home
104862,БРИЗ 3 ЕООД,Варна,ВАРНА,Cafe,Bronze,Not Seasonal,Out of Home
106953,ХОТЕЛ ПРЕСТИЖ ЕООД,Бургас,СЛЪНЧЕВ БРЯГ,Superette,Bronze,Seasonal,At Home
102290,Калиакра ЕООД,Бургас,КАБЛЕШКОВО,Local Shop,Bronze,Not Seasonal,At Home
106968,МЕЛИЯ ЕООД,Бургас,СЛЪНЧЕВ БРЯГ,Superette,Bronze,Seasonal,At Home
101312,ТЕРМА ЕКО ВИП ЕООД,Варна,ВАРНА,Cafe,Bronze,Not Seasonal,Out of Home
109998,СЪНРАИЗ ПЛАЖ ЕООД,Бургас,БУРГАС,Cafe,Bronze,Seasonal,Out of Home
111879,ПОСЕЙДОН ЕООД,Търговище,ТЪРГОВИЩЕ,Superette,Bronze,Not Seasonal,At Home
109468,СЛ ДЕН ЕООД,Бургас,ПРИМОРСКО,Fast-food,Bronze,Seasonal,Out of Home
110661,ПЕРУНИКА ЕООД,Бургас,СВЕТИ ВЛАС,Restaurant,Bronze,Seasonal,Out of Home
105612,ЛЮЛЯК ЕООД,Бургас,НЕСЕБЪР,Bar,Silver,Seasonal,Out of Home
105899,К-С ГЛОРИА ЕООД,Бургас,ЧЕРНОМОРЕЦ,Fast-food,Bronze,Seasonal,Out of Home
100731,ПРЕСЛАВ ЕООД,Разград,СТРАЖЕЦ,Supermarket,Bronze,Not Seasonal,At Home
108732,РИВИЕРА АД ЕООД,Бургас,ЧЕРНОМОРЕЦ,Hotels,Bronze,Seasonal,Out of Home
111419,РИВИЕРА 1 ЕООД,Варна,ВАРНА,Restaurant,Silver,Not Seasonal,Out of Home
108731,ЛБ ИМПЕРИАЛ ЕООД,Бургас,ЧЕРНОМОРЕЦ,Hotels,Bronze,Seasonal,Out of Home
105901,ГРАДИНА ЕООД,Бургас,ЧЕРНОМОРЕЦ,Fast-food,Bronze,Seasonal,Out of Home
103107,КАСА ДИ ФИОРВ ЕООД,Добрич,ОРЛЯК,Local Shop,Bronze,Not Seasonal,At Home
108720,ИГРАЛНА ЗАЛА БИГСИ ЕООД,Бургас,ЧЕРНОМОРЕЦ,Hotels,Bronze,Seasonal,Out of Home
104831,ДОЛЧЕ ВИТА ЕООД,Варна,ВАРНА,Cafe,Bronze,Seasonal,Out of Home
109258,СЛ ДЕН ЕООД,Бургас,БУРГАС,Bar,Bronze,Seasonal,Out of Home
109892,АДМИРАЛ ЕООД,Варна,ДЪБРАВИНО,Cafe,Bronze,Not Seasonal,Out of Home
105633,КИНИ ПАРК ЕООД,Бургас,СОЗОПОЛ,Bar,Silver,Seasonal,Out of Home
108368,БОНИТА ЕООД,Бургас,СОЗОПОЛ,Restaurant,Bronze,Seasonal,Out of Home
106071,БОНИТА ЕООД,Бургас,СОЗОПОЛ,Fast-food,Bronze,Seasonal,Out of Home
105888,ХЕЛИОС ЕООД,Бургас,СОЗОПОЛ,Fast-food,Bronze,Seasonal,Out of Home
109085,ОДЕСОС ЕООД,Бургас,СОЗОПОЛ,Hotels,Bronze,Seasonal,Out of Home
109259,СЛАВЕЙ ЕООД,Бургас,БУРГАС,Bar,Bronze,Seasonal,Out of Home
100491,ДЕТЕЛИНА ЕООД,Бургас,КОШАРИЦА,Supermarket,Bronze,Seasonal,At Home
109408,ХОЛ ПАРК ЕООД,Бургас,РАВДА,Fast-food,Bronze,Seasonal,Out of Home
103733,ВИВА КЛУБ ЕООД,Бургас,ЧУБРА,Local Shop,Bronze,Not Seasonal,At Home
103751,КАЛИАКРА ЕООД,Бургас,ТОПОЛИЦА,Local Shop,Bronze,Not Seasonal,At Home
111991,Алгара ЕООД,Бургас,БУРГАС,Local Shop,Bronze,Not Seasonal,At Home
110676,АУРОРА ЕООД,Варна,ВАРНА,Restaurant,Bronze,Seasonal,Out of Home
105636,ВИВА КЛУБ ЕООД,Бургас,СИНЕМОРЕЦ,Bar,Silver,Seasonal,Out of Home
109864,КАМЧИЯ ЕООД,Варна,ВАРНА,Cafe,Bronze,Not Seasonal,Out of Home
106800,РЕСТОРАНТ АЛЕГРА ЕООД,Варна,ВАРНА,Nightclub,Silver,Not Seasonal,Out of Home
108610,Кини парк ЕООД,Бургас,СВЕТИ ВЛАС,Hotels,Bronze,Seasonal,Out of Home
105072,ПРИНЦЕС ДАНАЯ ЕООД,Бургас,НЕСЕБЪР,Cafe,Bronze,Seasonal,Out of Home
103154,ПЛАЖ ЕООД,Разград,УШИНЦИ,Local Shop,Bronze,Not Seasonal,At Home
108054,ЕКО КОМПЛЕКС ЗДРАВЕЦ ЕООД,Бургас,БУРГАС,Restaurant,Bronze,Seasonal,Out of Home
103490,К-КС ЛОНГ БИЙЧ РЕСТОРАНТ VVV ЕООД,Ямбол,КАБИЛЕ,Local Shop,Bronze,Not Seasonal,At Home
109599,ХОТЕЛ ПАЛАС ЕООД,Варна,АКСАКОВО,Fast-food,Bronze,Not Seasonal,Out of Home
110178,К-С КАСКАДАС ЕООД,Бургас,БУРГАС,Fast-food,Bronze,Not Seasonal,Out of Home
101933,ХОТЕЛ НАСИ ЕООД,Добрич,БАЛЧИК,Local Shop,Bronze,Not Seasonal,At Home
111875,ХОТЕЛ РОЯЛ КАСЪЛ ЕООД,Бургас,НЕСЕБЪР,Superette,Bronze,Seasonal,At Home
110824,Х-Л ПАЛАС ЕООД,Бургас,СВЕТИ ВЛАС,Restaurant,Bronze,Seasonal,Out of Home
111901,Аморе Бийч ЕООД,Велико Търново,ВЕЛИКО ТЪРНОВО,Superette,Bronze,Not Seasonal,At Home
106972,Х-Л ЗОРНИЦА СЕНДЦ ЕООД,Бургас,НЕСЕБЪР,Superette,Bronze,Seasonal,At Home
111314,ГОРСКИ ЦАР ЕООД,Бургас,РАВДА,Fast-food,Bronze,Seasonal,Out of Home
111897,СВ ЙОАН ЕООД,Бургас,БУРГАС,Superette,Bronze,Not Seasonal,At Home
107274,ХОТЕЛ СЛАВЯНСКИ ЕООД,Бургас,ПОМОРИЕ,Hotels,Bronze,Not Seasonal,At Home
110125,МИРАЖ ЕООД,Варна,СТАРО ОРЯХОВО,Fast-food,Bronze,Not Seasonal,Out of Home
100079,БАР-БОУЛИНГ ГЛОБУС ЕООД,Русе,РУСЕ,Local Shop,Bronze,Not Seasonal,At Home
103527,ЛОБИ-БАР ГЛОБУС ЕООД,Ямбол,ЕЛХОВО,Local Shop,Bronze,Not Seasonal,At Home
104733,ФЕНИКС ЕООД,Велико Търново,ВЕЛИКО ТЪРНОВО,Local Shop,Bronze,Not Seasonal,At Home
100004,ГОЛДЪН ДЮН ЕООД,Сливен,ТИЧА,Local Shop,Bronze,Not Seasonal,At Home
110160,ПРЕМИЕР ФОРТ К-С ЕООД,Бургас,БУРГАС,Fast-food,Bronze,Not Seasonal,Out of Home
107140,ХОТЕЛ МИРАЖ ЕООД,Бургас,БУРГАС,Superette,Bronze,Not Seasonal,At Home
105013,К-С РАЙСКА ГРАДИНА ЕООД,Варна,ВАРНА,Cafe,Bronze,Not Seasonal,Out of Home
103040,СПА ЦЕНТЪР ХОТЕЛ БЪЛГАРИЯ ЕООД,Варна,ВАРНА,Local Shop,Bronze,Not Seasonal,At Home
111684,РЕСТОРАНТ ЕЛИЗИУМ ЕООД,Бургас,ПОМОРИЕ,Fast-food,Bronze,Seasonal,Out of Home
111920,АВЕНЮ ЕООД,Шумен,РАДКО ДИМИТРИЕВО,Local Shop,Bronze,Not Seasonal,At Home
109997,ХОТЕЛ СТАМОПОЛУ 1 ЕООД,Бургас,ЦАРЕВО,Cafe,Bronze,Seasonal,Out of Home
102423,КОМПЛЕКС СВЕТИ ТОМА ЕООД,Търговище,ТЪРГОВИЩЕ,Local Shop,Bronze,Not Seasonal,At Home
103144,ХОТЕЛ ШУРЕЛОВ ЕООД,Разград,ЛИПНИК,Local Shop,Bronze,Not Seasonal,At Home
102455,ХОТЕЛ ХЕЛИОС ЕООД,Търговище,ОМУРТАГ,Local Shop,Bronze,Not Seasonal,At Home
108574,Хотел Гларус ЕООД,Варна,АСПАРУХОВО,Hotels,Bronze,Not Seasonal,Out of Home
105499,К-С ЕМЕРАЛД ЕООД,Бургас,СОЗОПОЛ,Cafe,Bronze,Seasonal,Out of Home
108582,ХОТЕЛ ВИКТОРИЯ ЕООД,Бургас,СВЕТИ ВЛАС,Hotels,Bronze,Seasonal,Out of Home
105425,ХОТЕЛ ШЕРАТОН ЕООД,Бургас,ПОМОРИЕ,Cafe,Bronze,Seasonal,Out of Home
109754,Хотел Лагуна ЕООД,Варна,ПРИСЕЛЦИ,Hotels,Bronze,Seasonal,Out of Home
111895,Х-л Сън Палас ЕООД,Варна,ВАРНА,Superette,Bronze,Seasonal,At Home
108916,ХЛ ЛЮЛЯК ЕООД,Бургас,ОБЗОР,Hotels,Bronze,Seasonal,Out of Home
105740,Хотел Клиф ЕООД,Варна,ПРИСЕЛЦИ,Fast-food,Bronze,Not Seasonal,Out of Home
107836,ХОТЕЛ СИТИ ОБЗОР ЕООД,Бургас,ЦАРЕВО,Restaurant,Bronze,Seasonal,Out of Home
106076,МОРСКО ОКО ЕООД,Бургас,ЧЕРНОМОРЕЦ,Fast-food,Bronze,Seasonal,Out of Home
111627,ХОТЕЛ ПЕРЛА ЕООД,Бургас,ПОМОРИЕ,Fast-food,Bronze,Seasonal,Out of Home
110721,ХОТЕЛ ЕМОНА ЕООД,Бургас,ПОМОРИЕ,Restaurant,Bronze,Seasonal,Out of Home
109923,ХЛ ХАВАНА-ЛБ ЕООД,Бургас,СЛЪНЧЕВ БРЯГ,Cafe,Bronze,Seasonal,Out of Home
106573,РЕЗДЕНЦИЯ ЕООД,Бургас,ОБЗОР,Cafe,Bronze,Not Seasonal,Out of Home
111494,ХЛ ГДАНСК-ГРАДИНА ЕООД,Бургас,НЕСЕБЪР,Restaurant,Silver,Seasonal,Out of Home
107330,ХЛ ВАРШАВА ЕООД,Варна,ДЕВНЯ,Restaurant,Bronze,Not Seasonal,Out of Home
110723,Х-Л КЛИФ ЕООД,Бургас,СУНГУРЛАРЕ,Restaurant,Bronze,Seasonal,Out of Home
105739,ХОТЕЛ КАПИТОЛ ЕООД,Варна,ДЕВНЯ,Fast-food,Bronze,Not Seasonal,Out of Home
107777,ДИМЯТ ЕООД,Бургас,ПРИМОРСКО,Restaurant,Bronze,Seasonal,Out of Home
106966,ХЛ ПАЛМ БИЙЧ ЕООД,Бургас,СВЕТИ ВЛАС,Superette,Bronze,Not Seasonal,At Home
107778,МОРСКО ОКО ЕООД,Бургас,ПРИМОРСКО,Restaurant,Bronze,Seasonal,Out of Home
110819,КАБАКУМ-Х-Л БОНА ВИТА ЕООД,Бургас,СВЕТИ ВЛАС,Restaurant,Bronze,Seasonal,Out of Home
111046,ХОТЕЛ ГОЛДЪН ИНА ЕООД,Бургас,СЛЪНЧЕВ БРЯГ,Hotels,Silver,Seasonal,Out of Home
111493,Х.ТАЛИЯНА БИЙЧ ЕООД,Бургас,НЕСЕБЪР,Restaurant,Silver,Seasonal,Out of Home
110103,Калиакра маре ЕООД,Бургас,БУРГАС,Cafe,Bronze,Seasonal,Out of Home
110001,ХОТЕЛ ЛУНА ЕООД,Бургас,ПРИМОРСКО,Cafe,Bronze,Seasonal,Out of Home
109311,ВЕМАРА БИИЧ ЕООД,Варна,ВАРНА,Fast-food,Bronze,Seasonal,Out of Home
109970,МИМОЗА ЕООД,Бургас,НЕСЕБЪР,Cafe,Bronze,Seasonal,Out of Home
109967,Х-Л АДМИРАЛ ЕООД,Бургас,НЕСЕБЪР,Cafe,Bronze,Seasonal,Out of Home
100352,ЛОБИ БАР - Х-Л ЕРМА ЕООД,Силистра,СИЛИСТРА,Supermarket,Bronze,Not Seasonal,At Home
109911,Алгара ЕООД,Бургас,СЛЪНЧЕВ БРЯГ,Cafe,Bronze,Seasonal,Out of Home
109917,К-С МИРАБЕЛ ЕООД,Бургас,СЛЪНЧЕВ БРЯГ,Cafe,Bronze,Seasonal,Out of Home
105130,МОРСКА ГРАДИНА-ПОЛИГОНА ЕООД,Бургас,БУРГАС,Cafe,Bronze,Not Seasonal,Out of Home
110657,Х-Л АРГИЩ ЕООД,Бургас,СЛЪНЧЕВ БРЯГ,Restaurant,Bronze,Seasonal,Out of Home
108589,Гергана ЕООД,Бургас,СЛЪНЧЕВ БРЯГ,Hotels,Bronze,Seasonal,Out of Home
110887,РАЛИЦА СУПЕРИОР ЕООД,Бургас,ПОМОРИЕ,Restaurant,Bronze,Seasonal,Out of Home
110594,ХОТЕЛ РОМАНС ЕООД,Бургас,БУРГАС,Fast-food,Bronze,Seasonal,Out of Home
109178,АМЕЛИЯ ЕООД,Бургас,ЦАРЕВО,Hotels,Bronze,Seasonal,Out of Home
110283,ИНКАНТО ПЛАЖ ЕООД,Бургас,НЕСЕБЪР,Fast-food,Bronze,Not Seasonal,Out of Home
110102,КАЛИАКРА ЕООД,Бургас,БУРГАС,Cafe,Bronze,Seasonal,Out of Home
110030,ХОТЕЛ ГОЛДЪН ЛАЙН ЕООД,Бургас,БУРГАС,Cafe,Bronze,Seasonal,Out of Home
110254,ХОТЕЛ ЕООД,Бургас,КАБЛЕШКОВО,Fast-food,Bronze,Not Seasonal,Out of Home
107782,ОЛИВ ВИЛАС ЕООД,Бургас,ПРИМОРСКО,Restaurant,Bronze,Seasonal,Out of Home
111862,ХОТЕЛ РЕЛАКС ЕООД,Бургас,СОЗОПОЛ,Restaurant,Silver,Seasonal,Out of Home
105579,ВРИС ЕООД,Бургас,СВЕТИ ВЛАС,Bar,Silver,Seasonal,Out of Home
105580,ХОТЕЛ АЛЮР ЕООД,Бургас,СВЕТИ ВЛАС,Bar,Silver,Seasonal,Out of Home
111792,ХОТЕЛ МИРАМАР ЕООД,Бургас,НЕСЕБЪР,Bar,Bronze,Seasonal,Out of Home
109914,ХОТЕЛ ЛАГУНА БИЙЧ ЕООД,Бургас,НЕСЕБЪР,Cafe,Bronze,Seasonal,Out of Home
105538,Х-Л ДОДО БИЙЧ ЕООД,Бургас,ЦАРЕВО,Cafe,Bronze,Seasonal,Out of Home
110596,ХИЖА АЛЕКО ЕООД,Бургас,ЦАРЕВО,Fast-food,Bronze,Seasonal,Out of Home
110597,НИКОЛОВ БИЛДИНГ 2015 ЕООД ЕООД,Бургас,ЦАРЕВО,Fast-food,Bronze,Seasonal,Out of Home
110477,ДЕА ЕООД,Варна,ВАРНА,Fast-food,Bronze,Not Seasonal,Out of Home
109413,ПИЦА СЕЗАМ ЕООД,Бургас,БУРГАС,Fast-food,Bronze,Not Seasonal,Out of Home
107781,ПИЦА БОННА ЕООД,Бургас,ПРИМОРСКО,Restaurant,Bronze,Seasonal,Out of Home
110004,FAST FOOD ЕООД,Бургас,ПРИМОРСКО,Cafe,Bronze,Seasonal,Out of Home
105700,ПАВИЛИОН БЪРЗО ХРАНЕНЕ ЕООД,Бургас,СОЗОПОЛ,Bar,Silver,Seasonal,Out of Home
105736,БЪРЗО ХРАНЕНЕ ЕООД,Варна,ВАРНА,Fast-food,Bronze,Seasonal,Out of Home
111759,ПАВИЛЬОН ЕООД,Бургас,БУРГАС,Fast-food,Bronze,Not Seasonal,Out of Home
105759,MERCHOS PIZZA AND GRILL PASTRY AND ЕООД,Варна,ВАРНА,Fast-food,Bronze,Seasonal,Out of Home
110907,СКАРА ЮГ ЕООД,Бургас,СОЗОПОЛ,Restaurant,Bronze,Seasonal,Out of Home
111406,ПИЦА ФИОРЕ ЕООД,Бургас,СОЗОПОЛ,Fast-food,Bronze,Seasonal,Out of Home
109084,СТОЛ ЗА ХРАНЕНЕ ЕООД,Бургас,СОЗОПОЛ,Hotels,Bronze,Seasonal,Out of Home
102456,РАФИ ПИЦА ПАРК ЕООД,Търговище,КРЕПЧА,Local Shop,Bronze,Not Seasonal,At Home
109977,БЪРЗА ЗАКУСКА ЕООД,Бургас,НЕСЕБЪР,Cafe,Bronze,Seasonal,Out of Home
110043,Трета буна Пица ЕООД,Бургас,ПОМОРИЕ,Cafe,Bronze,Seasonal,Out of Home
109681,БЪРЗО ХРАНЕНЕ ФОН ЕООД,Бургас,БУРГАС,Fast-food,Bronze,Not Seasonal,Out of Home
111397,РАММИ ЕООД,Бургас,БУРГАС,Fast-food,Bronze,Not Seasonal,Out of Home
111262,ДММ ТРЕЙДИНГ БГ ООД ЕООД,Варна,ВАРНА,Fast-food,Bronze,Seasonal,Out of Home
109896,БЕЛЛА МИЯ ЕООД,Варна,ВАРНА,Cafe,Bronze,Seasonal,Out of Home
108358,ПАЛМА ЕООД,Бургас,СОЗОПОЛ,Restaurant,Bronze,Seasonal,Out of Home
110821,ПЕКАРНА ВЪЗЕЛА ЕООД,Бургас,НЕСЕБЪР,Restaurant,Bronze,Seasonal,Out of Home
110593,ИТАЛИАН ФУУД ЕООД,Бургас,БУРГАС,Fast-food,Bronze,Seasonal,Out of Home
109895,ПИЦИ ЕООД,Варна,ВАРНА,Cafe,Bronze,Seasonal,Out of Home
109894,ПРИ ТОТО ЕООД,Варна,ВАРНА,Cafe,Bronze,Seasonal,Out of Home
111644,ПИЦИ НИКИ ЕООД,Бургас,КИТЕН,Fast-food,Bronze,Seasonal,Out of Home
108320,БХ БАЛКАНТУРИСТ ЕООД,Бургас,ЧЕРНОМОРЕЦ,Restaurant,Bronze,Seasonal,Out of Home
109294,SUSHI ЕООД,Бургас,БУРГАС,Bar,Bronze,Seasonal,Out of Home
110482,ПИЦИ ПЕТЛЯКА ЕООД,Варна,ВАРНА,Fast-food,Bronze,Not Seasonal,Out of Home
105884,ДОМИНОС ЕООД,Бургас,НЕСЕБЪР,Fast-food,Bronze,Seasonal,Out of Home
109582,Дюнер коз ЕООД,Варна,ВАРНА,Fast-food,Bronze,Not Seasonal,Out of Home
108904,СФ 23 ООД ЕООД,Варна,ВАРНА,Hotels,Bronze,Not Seasonal,Out of Home
108396,ЗАКУСКИ СПИРКА РИВИЕРА ЕООД,Бургас,ЦАРЕВО,Restaurant,Bronze,Seasonal,Out of Home
110469,ЮЛЕКС ПИЦА ЕООД,Варна,ВАРНА,Fast-food,Bronze,Not Seasonal,Out of Home
105118,БЪРЗА ЗАКУСКА АНТИМ ЕООД,Бургас,НЕСЕБЪР,Cafe,Bronze,Seasonal,Out of Home
102940,ТАВИЧКАТА ЕООД,Русе,РУСЕ,Local Shop,Bronze,Not Seasonal,At Home
111748,ЗАКУСКИ ХОТЕЛ ДИАНА ЕООД,Варна,ВАРНА,Fast-food,Bronze,Not Seasonal,Out of Home
107790,ТАВИЧКАТА ЕООД,Бургас,ПРИМОРСКО,Restaurant,Bronze,Seasonal,Out of Home
107773,ПИЦА ФАМОЗО ЕООД,Бургас,ПРИМОРСКО,Restaurant,Bronze,Seasonal,Out of Home
109233,ТАВИЧКАТА ЕООД,Варна,ВАРНА,Bar,Bronze,Not Seasonal,Out of Home
109586,ПОПОФФ ЕООД,Варна,ВАРНА,Fast-food,Iron,Not Seasonal,Out of Home
101105,ДЪРВЕНОТО ЕООД,Силистра,СИЛИСТРА,Cafe,Bronze,Not Seasonal,At Home
106263,РУБЪЛ ЕООД,Търговище,ТЪРГОВИЩЕ,Local Shop,Bronze,Not Seasonal,At Home
100362,РОТОНА ЕООД,Варна,ВАРНА,Supermarket,Bronze,Seasonal,At Home
109610,ХАВАЙ ЕООД,Варна,ВАРНА,Fast-food,Bronze,Not Seasonal,Out of Home
110879,ПИЦАРИЯ PR ЕООД,Бургас,ПРИМОРСКО,Restaurant,Bronze,Seasonal,Out of Home
109595,ПИЦА ЕООД,Варна,ВАРНА,Fast-food,Bronze,Not Seasonal,Out of Home
110503,ЗАКУСКИ ЕООД,Варна,ВАРНА,Fast-food,Bronze,Not Seasonal,Out of Home
106398,СЛАДОЛЕД МЕНА ЕООД,Варна,ВАРНА,Cafe,Bronze,Not Seasonal,Out of Home
108225,БЪРЗО ХРАНЕНЕ НЕ ЗНАМ ЕООД,Варна,ВАРНА,Restaurant,Bronze,Not Seasonal,Out of Home
108803,БУРГЕР РАВДА ЕООД,Бургас,ПРИМОРСКО,Hotels,Bronze,Seasonal,Out of Home
104559,PORTOROSSO ЕООД,Варна,АВРЕН,Local Shop,Bronze,Not Seasonal,At Home
102672,Вито ЕООД,Велико Търново,ГОРНА ОРЯХОВИЦА,Local Shop,Bronze,Not Seasonal,At Home
109304,ПИЦАРИЯ С КВАС ПОРТОРОСО / SOURDOUG ЕООД,Варна,ВАРНА,Fast-food,Bronze,Not Seasonal,Out of Home
111484,Джъмбо пица ЕООД,Бургас,БУРГАС,Restaurant,Silver,Not Seasonal,Out of Home
108804,ОЗОН ЕООД,Бургас,БУРГАС,Hotels,Bronze,Seasonal,Out of Home
100907,МАКЕДОНИЯ ЕООД,Варна,ВАРНА,Supermarket,Bronze,Not Seasonal,At Home
111557,КИТЧЕН БИЙЧ АРСЕНА ЕООД,Бургас,СОЗОПОЛ,Restaurant,Bronze,Not Seasonal,Out of Home
105677,ЯАХА ЕООД,Бургас,ОБЗОР,Bar,Silver,Seasonal,Out of Home
104223,БЪРЗО ХРАНЕНЕ ЕООД,Бургас,БУРГАС,Local Shop,Bronze,Not Seasonal,At Home
100900,КАМИНАТА ЕООД,Варна,ВАРНА,Supermarket,Bronze,Not Seasonal,At Home
101001,АВЕРА ЕООД,Бургас,БУРГАС,Supermarket,Bronze,Not Seasonal,At Home
109592,АНГЕЛ И АНИ ЕООД,Варна,АКСАКОВО,Fast-food,Bronze,Not Seasonal,Out of Home
108397,ЛЕТС ГОЛ ЕООД,Бургас,ЦАРЕВО,Restaurant,Bronze,Seasonal,Out of Home
103156,ДЮНЕР ЕООД,Разград,ДЯНКОВО,Local Shop,Bronze,Not Seasonal,At Home
108391,Рейнбоу ресторант ЕООД,Бургас,ЦАРЕВО,Restaurant,Bronze,Seasonal,Out of Home
110590,ОНИКС ЕООД,Бургас,ЦАРЕВО,Fast-food,Bronze,Seasonal,Out of Home
109575,Палачинки ЕООД,Варна,ВАРНА,Fast-food,Bronze,Not Seasonal,Out of Home
103832,ПИЦАРИЯ ЛАКОМ ДОЛ ЕООД,Варна,ВАРНА,Local Shop,Bronze,Not Seasonal,At Home
108635,ПИЦА ЕООД,Варна,ВАРНА,Hotels,Silver,Not Seasonal,Out of Home
110437,ХОТ ДОГ ЕООД,Бургас,АЙТОС,Fast-food,Bronze,Not Seasonal,Out of Home
101218,ПИЦАРИЯ ЕООД,Добрич,ДОБРИЧ,Cafe,Bronze,Not Seasonal,At Home
103748,Пици Резвая ЕООД,Бургас,КАРНОБАТ,Local Shop,Bronze,Not Seasonal,At Home
111766,РИБА ЕООД,Бургас,СОЗОПОЛ,Fast-food,Bronze,Seasonal,Out of Home
104878,ПИЦАРИЯ БЕЛЛА МИЯ ЕООД,Варна,ВАРНА,Cafe,Silver,Not Seasonal,Out of Home
108894,МЕТРО НА ВХОДА ЕООД,Варна,ЗЛАТНИ ПЯСЪЦИ,Hotels,Bronze,Seasonal,Out of Home
102710,ПИЦАРИЯ ЕООД,Велико Търново,СТРАЖИЦА,Local Shop,Bronze,Not Seasonal,At Home
101345,ПИЦИО МОЛ ПЛАЗ ЕООД,Варна,БЕЛОСЛАВ,Nightclub,Silver,Not Seasonal,Out of Home
108378,Пекарна Зиа ЕООД,Бургас,ЦАРЕВО,Restaurant,Bronze,Seasonal,Out of Home
110064,ПИЦИ ЕООД,Варна,ВАРНА,Cafe,Bronze,Seasonal,Out of Home
108374,СТАРИТЕ ПИЦИ ЕООД,Бургас,БУРГАС,Restaurant,Bronze,Not Seasonal,Out of Home
106916,ФАСТ ФУУД РАВДА БАР ЛАН ЕООД,Добрич,ШАБЛА,Superette,Bronze,Not Seasonal,At Home
105723,КОРСА ЕООД,Варна,ГОРИЦА,Fast-food,Bronze,Seasonal,Out of Home
109687,БЪРЗО ХРАНЕНЕ ММ ЕООД,Бургас,СОЗОПОЛ,Fast-food,Bronze,Seasonal,Out of Home
106161,ДЮНЕРИ ЕООД,Бургас,СОЗОПОЛ,Fast-food,Bronze,Seasonal,Out of Home
104861,БИСТРО КОНИ ЕООД,Варна,ШКОРПИЛОВЦИ,Cafe,Bronze,Seasonal,Out of Home
107349,ПАСТА БОКС ЕООД,Варна,ВАРНА,Restaurant,Bronze,Seasonal,Out of Home
102275,СКАРА БИРА АВТОГАРА ЕООД,Бургас,АХЕЛОЙ,Local Shop,Iron,Not Seasonal,At Home
100325,PIZZIO ЕООД,Шумен,СТУДЕНИЦА,Supermarket,Bronze,Not Seasonal,At Home
100730,ПИЦАТА ЕООД,Разград,ИСПЕРИХ,Supermarket,Bronze,Not Seasonal,At Home
104475,ПИЦА МАРТИ ЕООД,Варна,ПРОВАДИЯ,Local Shop,Bronze,Not Seasonal,At Home
110504,БИРА БАР КЛЮЧЕТО ЕООД,Варна,ВАРНА,Fast-food,Bronze,Not Seasonal,Out of Home
108914,CROISSANT BREAKFAST AND PIZZA​ ЕООД,Варна,ВАРНА,Hotels,Bronze,Seasonal,Out of Home
111483,Р-Т ЧЕРНО МОРЕ ЕООД,Бургас,БУРГАС,Restaurant,Silver,Not Seasonal,Out of Home
107289,СКАРА ПАРКИНГА ЕООД,Шумен,ШУМЕН,Supermarket,Bronze,Not Seasonal,At Home
103157,КРИСТАЛ ЕООД,Разград,ЙОНКОВО,Local Shop,Bronze,Not Seasonal,At Home
104667,МИСТИК ЕООД,Силистра,МЕЖДЕН,Local Shop,Bronze,Not Seasonal,At Home
103864,ПИЦА ГРАНДЕ ЕООД,Бургас,СОЗОПОЛ,Local Shop,Bronze,Not Seasonal,At Home
111740,БЪРЗА ЗАКУСКА ЕООД,Варна,ВАРНА,Fast-food,Bronze,Not Seasonal,Out of Home
109507,Камтуит ЕООД,Бургас,БУРГАС,Fast-food,Bronze,Not Seasonal,Out of Home
101749,Pizza Alba ЕООД,Шумен,ШУМЕН,Local Shop,Bronze,Not Seasonal,At Home
100727,ДОМИНО ПИЦА ЕООД,Добрич,ДОБРИЧ,Supermarket,Bronze,Not Seasonal,At Home
103041,ПАВИЛИОН СВЕТЛА ЕООД,Варна,ВАРНА,Local Shop,Bronze,Not Seasonal,At Home
108362,КЛЮЧОВА ПИЦА ЕООД,Бургас,ВЪЛЧАНОВО,Restaurant,Bronze,Not Seasonal,Out of Home
103259,БЪРЗА ЗАКУСКА ВЕРАНДА ЕООД,Добрич,ДОБРИЧ,Local Shop,Bronze,Not Seasonal,At Home
100492,БУРГЕРИ ЕООД,Бургас,АХЕЛОЙ,Supermarket,Bronze,Seasonal,At Home
102186,СПАРТА ЕООД,Бургас,АЙТОС,Local Shop,Bronze,Not Seasonal,At Home
100495,ПИЦА ЛАБ ЕООД,Бургас,ОРИЗАРЕ,Supermarket,Iron,Not Seasonal,At Home
100857,ПАНДЖИ ЕООД,Варна,ВАРНА,Supermarket,Bronze,Not Seasonal,At Home
101187,ФАНТАСТИКО ЕООД,Русе,РУСЕ,Cafe,Bronze,Not Seasonal,At Home
109606,ФАТМЕ ЕООД,Варна,ВАРНА,Fast-food,Iron,Not Seasonal,Out of Home
105793,D AND S PIZZA ЕООД,Бургас,БУРГАС,Fast-food,Bronze,Not Seasonal,Out of Home
110177,При Димитринка ЕООД,Бургас,БУРГАС,Fast-food,Bronze,Not Seasonal,Out of Home
104606,БАНИЧАРНИЦА ЕЛИМЕР ЕООД,Велико Търново,КОНСТАНТИН,Local Shop,Bronze,Not Seasonal,At Home
111874,ПИЦА ШОП ЕООД,Бургас,СЛЪНЧЕВ БРЯГ,Superette,Iron,Not Seasonal,At Home
107323,ДЮНЕР ПАЛАЧИНКИ ЕООД,Варна,ОБЗОР,Restaurant,Bronze,Seasonal,Out of Home
100191,Хасан ЕООД,Варна,ВАРНА,Local Shop,Bronze,Not Seasonal,At Home
102647,ПИЦАРИЯ ДИНОС ЕООД,Русе,ГЛОДЖЕВО,Local Shop,Bronze,Not Seasonal,At Home
100021,ПАРЧЕТО ВЪЗРАЖДАНЕ ЕООД,Шумен,ВЕЛИКИ ПРЕСЛАВ,Local Shop,Bronze,Not Seasonal,At Home
109580,VARNA MORSKO KONCHE DO GARATA ЕООД,Варна,ВАРНА,Fast-food,Iron,Not Seasonal,Out of Home
110131,ПАРЧЕТО ЕООД,Варна,БАНЯ,Fast-food,Bronze,Not Seasonal,Out of Home
108323,SAN MOZZARELLO ЕООД,Бургас,СОЗОПОЛ,Restaurant,Bronze,Seasonal,Out of Home
103797,ДЪ ПОЙНТ ПИЦА ЕООД,Варна,ВАРНА,Local Shop,Bronze,Not Seasonal,At Home
106204,ДОМИНУС ПИЦА ЕООД,Шумен,ШУМЕН,Local Shop,Silver,Not Seasonal,At Home
108918,Ала пица ЕООД,Бургас,ОБЗОР,Hotels,Bronze,Not Seasonal,Out of Home
102836,МИЛАНО ПИЦА И ГРИЛ ЕООД,Русе,БЯЛА,Local Shop,Bronze,Not Seasonal,At Home
109250,АЛ ПИЦИНО ЕООД,Бургас,БУРГАС,Bar,Bronze,Not Seasonal,Out of Home
100787,ПИЦАРИНО ЕООД,Ямбол,ЯМБОЛ,Supermarket,Bronze,Not Seasonal,At Home
108371,БОНДЖОРНО ПАСТА И ПИЦА ЕООД,Бургас,СРЕДЕЦ,Restaurant,Bronze,Not Seasonal,Out of Home
108077,ПИЦАРИНО 2 ЕООД,Бургас,ОБЗОР,Restaurant,Bronze,Seasonal,Out of Home
104975,ДО МИНУС ЕООД,Варна,ВАРНА,Cafe,Bronze,Not Seasonal,Out of Home
102457,ПИЦАРИЯ ТЕРРА ЕООД,Търговище,ПОПОВО,Local Shop,Bronze,Not Seasonal,At Home
111746,ПИЦА ЛАБ ЕООД,Варна,ВАРНА,Fast-food,Bronze,Not Seasonal,Out of Home
103526,АЛ ПИЦИНО ЕООД,Ямбол,ВЕСЕЛИНОВО,Local Shop,Bronze,Not Seasonal,At Home
101998,ЧЕШМАТА ЕООД,Варна,ЛЮБЕН КАРАВЕЛОВО,Local Shop,Bronze,Not Seasonal,At Home
102945,ТАВИЧКАТА ЕООД,Русе,РУСЕ,Local Shop,Bronze,Not Seasonal,At Home
105585,ПИЦА ТАВИЧКАТА ЕООД,Бургас,СВЕТИ ВЛАС,Bar,Silver,Seasonal,Out of Home
100937,ПИЦА ЛАБ ЕООД,Бургас,БУРГАС,Supermarket,Bronze,Not Seasonal,At Home
101675,РОСА ДОРО ЕООД,Силистра,КАЛИПЕТРОВО,Local Shop,Bronze,Not Seasonal,At Home
107080,РОСА ДОРО ЕООД,Ямбол,ЯМБОЛ,Superette,Bronze,Not Seasonal,At Home
100786,БАМБИНО ЕООД,Ямбол,ЯМБОЛ,Supermarket,Bronze,Not Seasonal,At Home
111832,ПИЦА ТАВИЧКАТА ЕООД,Варна,ВАРНА,Restaurant,Silver,Not Seasonal,Out of Home
103858,ПИЦА БРАВО ЕООД,Бургас,ПОМОРИЕ,Local Shop,Bronze,Seasonal,At Home
104552,ПИЦА ПАЛИТРА ЕООД,Варна,КИТКА,Local Shop,Bronze,Not Seasonal,At Home
103896,ОЛ ИНКЛУЗИВ ЕООД,Бургас,БУРГАС,Local Shop,Bronze,Not Seasonal,At Home
108375,ПИЦА ФРИТА ЕООД,Бургас,БУРГАС,Restaurant,Bronze,Not Seasonal,Out of Home
111714,ПИЦА БРАВО ЕООД,Варна,ВАРНА,Fast-food,Bronze,Not Seasonal,Out of Home
106054,ПАН ПИЦА ЕООД,Варна,ВАРНА,Fast-food,Bronze,Seasonal,Out of Home
103042,ПЪРЖЕНА РИБА ЕООД,Варна,ВАРНА,Local Shop,Bronze,Not Seasonal,At Home
110113,ХАС ФАСТ ФУУД ЕООД,Варна,СУВОРОВО,Fast-food,Bronze,Not Seasonal,Out of Home
110713,Пицария Ди Анджело ЕООД,Бургас,ПОМОРИЕ,Restaurant,Bronze,Not Seasonal,Out of Home
104666,БЕЛА МИЯ ЕООД,Силистра,ТУТРАКАН,Local Shop,Bronze,Not Seasonal,At Home
111530,ГУСТО ЕООД,Бургас,БУРГАС,Restaurant,Silver,Not Seasonal,Out of Home
102654,Пици и палачинки ЕООД,Русе,СЕНОВО,Local Shop,Bronze,Not Seasonal,At Home
111401,Сузироуз бързо хранене ЕООД,Бургас,СРЕДЕЦ,Fast-food,Bronze,Not Seasonal,Out of Home
103745,Пицария Центро ЕООД,Сливен,СЛИВЕН,Local Shop,Bronze,Not Seasonal,At Home
109235,ОБЕКТ SDO ЕООД,Варна,ЗЛАТНИ ПЯСЪЦИ,Bar,Bronze,Seasonal,Out of Home
102267,КАРАВАНА ЕООД,Бургас,ГЪЛЪБЕЦ,Local Shop,Iron,Not Seasonal,At Home
104665,СКАРА ЕООД,Силистра,РУЙНО,Local Shop,Bronze,Not Seasonal,At Home
104843,бързо хранене илкон ЕООД,Варна,ВАРНА,Cafe,Bronze,Not Seasonal,Out of Home
100293,нов обект ЕООД,Варна,ПОПОВИЧ,Local Shop,Bronze,Not Seasonal,At Home
103744,ДЮНЕР И ПИЦА НА ПАРЧЕ ЕООД,Сливен,ТОПОЛЧАНЕ,Local Shop,Bronze,Not Seasonal,At Home
100179,ПИЦА ЦЕНТРО ЕООД,Варна,ВАРНА,Local Shop,Bronze,Not Seasonal,At Home
109584,ПИЦИ НИКИ ЕООД,Варна,ВАРНА,Fast-food,Bronze,Not Seasonal,Out of Home
106471,ПИЦА ВИКТОРИЯ ЕООД,Варна,ВАРНА,Cafe,Bronze,Not Seasonal,Out of Home
111902,DODO PIZZA ЕООД,Варна,ДЪЛГОПОЛ,Superette,Bronze,Not Seasonal,At Home
111307,ПИЦА НА ПАРЧЕ ЕООД,Бургас,БУРГАС,Fast-food,Bronze,Not Seasonal,Out of Home
111492,СНАКИ 2 ЕООД,Бургас,НЕСЕБЪР,Restaurant,Silver,Seasonal,Out of Home
109576,ПИЦА НА ПАРЧЕ ЕООД,Варна,ВАРНА,Fast-food,Bronze,Not Seasonal,Out of Home
109603,"ПЕКАРНА,ПИЛЕТА И ПИЦИ ЕООД",Варна,ВАРНА,Fast-food,Bronze,Seasonal,Out of Home
109273,МПС ЕООД,Бургас,ПОМОРИЕ,Bar,Bronze,Not Seasonal,Out of Home
105434,БАР КАПИТАН КУК ЕООД,Бургас,ТОПОЛИЦА,Cafe,Bronze,Not Seasonal,Out of Home
106586,Р-т Чайка ЕООД,Бургас,ПОМОРИЕ,Cafe,Bronze,Seasonal,Out of Home
109286,СНЕК БАР ЕООД,Бургас,БУРГАС,Bar,Iron,Not Seasonal,Out of Home
112017,РЕСТОРАНТ СТАРА КЪЩА ЕООД,Силистра,ДУЛОВО,Local Shop,Bronze,Not Seasonal,At Home
106440,РЕСТОРАНТ ХАРАМИЯТА ЕООД,Варна,ВАРНА,Cafe,Bronze,Not Seasonal,At Home
100170,ВЕСЕЛАТА КЪЩА ЕООД,Варна,ВАРНА,Local Shop,Bronze,Not Seasonal,At Home
109100,НЕБЕСНА ХРАНА ЕООД,Бургас,СОЗОПОЛ,Hotels,Bronze,Not Seasonal,Out of Home
106051,ПЕСТО ЕООД,Варна,ВАРНА,Fast-food,Bronze,Not Seasonal,Out of Home
101093,БИРЕНА КЪЩА ЕООД,Варна,БЕЛОГРАДЕЦ,Cafe,Bronze,Not Seasonal,At Home
102486,ФАСТ ФУУД РЕСТОРАНТ ЕООД,Шумен,ЗАЙЧИНО ОРЕШЕ,Local Shop,Bronze,Not Seasonal,At Home
110501,РТ СИНДБАД ЕООД,Варна,ВАРНА,Fast-food,Bronze,Not Seasonal,Out of Home
103043,КИТАЙСКИ РЕСТОРАНТ ЕООД,Варна,ВАРНА,Local Shop,Bronze,Not Seasonal,At Home
102664,СОФИЯ ЗЛАТНИ ПЯСЪЦИ АД ЕООД,Русе,КОШАРНА,Local Shop,Bronze,Not Seasonal,At Home
107261,СБ ХАВАНА-ЗЛАТНИ ПЯСЪЦИ ЕООД,Велико Търново,ПОЛИКРАИЩЕ,Hotels,Bronze,Not Seasonal,At Home
102837,НОЙС РЕСТОРАНТ ЕООД,Русе,БОСИЛКОВЦИ,Local Shop,Bronze,Not Seasonal,At Home
104607,ПАРМИ ЕООД,Велико Търново,ЕЛЕНА,Local Shop,Bronze,Not Seasonal,At Home
102019,ГРУЗИНСКИ РЕСТОРАНТ ЕООД,Варна,АКСАКОВО,Local Shop,Bronze,Not Seasonal,At Home
106056,МЕХАНА ГЕРАНА ЕООД,Варна,ВАРНА,Fast-food,Bronze,Not Seasonal,Out of Home
101983,РТ ХЕМУС ЕООД,Варна,ВАРНА,Local Shop,Bronze,Not Seasonal,At Home
109832,ВИНАРНА ГЕРАНА ЕООД,Варна,ВАРНА,Cafe,Bronze,Not Seasonal,Out of Home
108143,НЕБЕСНА ХРАНА ЕООД,Бургас,АЙТОС,Restaurant,Bronze,Not Seasonal,Out of Home
101138,ЛА СКАЛА ЕООД,Варна,АКСАКОВО,Cafe,Bronze,Not Seasonal,At Home
106529,ПЕКИН ЕООД,Бургас,БУРГАС,Cafe,Bronze,Not Seasonal,Out of Home
100972,КИТАЙСКИ РЕСТОРАНТ ЕООД,Бургас,БУРГАС,Supermarket,Bronze,Not Seasonal,At Home
110549,ЛА ХОНГ ЕООД,Бургас,БУРГАС,Fast-food,Bronze,Not Seasonal,Out of Home
110166,БИГ МАММА ЕООД,Бургас,БУРГАС,Fast-food,Bronze,Not Seasonal,Out of Home
100360,БИСТРО ИЗМИРА ЕООД,Варна,ВАРНА,Supermarket,Bronze,Not Seasonal,At Home
108876,КИТАЙСКИ РЕСТОРАНТ ЕООД,Бургас,БУРГАС,Hotels,Iron,Not Seasonal,Out of Home
110512,СУПЕР АЗИАТСКА ХРАНА ЕООД,Варна,ВАРНА,Fast-food,Bronze,Not Seasonal,Out of Home
104876,СТЕК ХАУС ШИПКА ЕООД,Варна,ВАРНА,Cafe,Bronze,Not Seasonal,Out of Home
111449,СЕН ТРОПЕ ЕООД,Варна,ВАРНА,Restaurant,Silver,Not Seasonal,Out of Home
110126,Turkish restaurant ЕООД,Варна,ДОЛНИ ЧИФЛИК,Fast-food,Bronze,Not Seasonal,Out of Home
111393,УЕСТ ЕООД,Варна,ВАРНА,Fast-food,Bronze,Not Seasonal,Out of Home
102195,ДЬО ЖАРДЕН БЛАН ЕООД,Бургас,АЙТОС,Local Shop,Bronze,Not Seasonal,At Home
101846,КРИЛЦЕ ИЛИ КЪЛКА ЕООД,Добрич,ДОБРИЧ,Local Shop,Bronze,Not Seasonal,At Home
105737,КОРАБА ЕООД,Варна,БЯЛА,Fast-food,Bronze,Not Seasonal,Out of Home
104879,ИТАЛИАНО ВЕРО ЕООД,Варна,ВАРНА,Cafe,Bronze,Not Seasonal,Out of Home
103044,ЛА КАСА ЕООД,Варна,ВАРНА,Local Shop,Bronze,Not Seasonal,At Home
100858,Гокореч ЕООД,Варна,ВАРНА,Supermarket,Bronze,Not Seasonal,At Home
106164,МАГДАЛЕНА СНЕК БАР ЗЛ.ПЯСЪЦИ ЕООД,Бургас,БУРГАС,Fast-food,Bronze,Not Seasonal,Out of Home
101036,САНТОРИНИ ЕООД,Разград,ЗАВЕТ,Supermarket,Bronze,Not Seasonal,At Home
109613,НАШЕНСКА СРЕЩА ЕООД,Варна,ВАРНА,Fast-food,Bronze,Seasonal,Out of Home
107097,ПЧЕЛИНА ЕООД,Бургас,БУРГАС,Superette,Bronze,Not Seasonal,At Home
101817,TASTE OF INDIA ЕООД,Добрич,ШАБЛА,Local Shop,Bronze,Not Seasonal,At Home
104197,СЕН ТРОПЕ ЕООД,Бургас,БУРГАС,Local Shop,Bronze,Not Seasonal,At Home
111472,СРЪБСКИ РЕСТОРАНТ ЕООД,Варна,ВАРНА,Restaurant,Silver,Not Seasonal,Out of Home
111389,MARCEDA WINE AND DINNER ЕООД,Варна,ВАРНА,Fast-food,Bronze,Not Seasonal,Out of Home
102199,ЧИФЛИШКИ ХАН ЕООД,Бургас,СВЕТИ ВЛАС,Local Shop,Bronze,Not Seasonal,At Home
101502,ФОРЕСТ ФУД ХАУС ЕООД,Шумен,ГУСЛА,Local Shop,Bronze,Not Seasonal,At Home
110692,ЖАРДЕН БЛАН ЕООД,Бургас,БУРГАС,Restaurant,Bronze,Not Seasonal,Out of Home
108359,НЕБЕСНА ХРАНА ЕООД,Бургас,РУСОКАСТРО,Restaurant,Bronze,Not Seasonal,Out of Home
101068,ОСТРОВЪТ ЕООД,Велико Търново,ВЕЛИКО ТЪРНОВО,Supermarket,Bronze,Not Seasonal,At Home
106134,ЧИАРО ЕООД,Бургас,БУРГАС,Fast-food,Bronze,Not Seasonal,Out of Home
106045,КУБ-РЕСТОРАНТС ЕООД ЕООД,Варна,ВАРНА,Fast-food,Bronze,Not Seasonal,Out of Home
100936,ХЕЙС РЕСТОРАНТ ЕООД,Бургас,БУРГАС,Supermarket,Bronze,Not Seasonal,At Home
103859,БУНАТА ЕООД,Бургас,БУРГАС,Local Shop,Bronze,Not Seasonal,At Home
104651,РЕСТОРАНТ ЧАЙКА ЕООД,Силистра,ДУЛОВО,Local Shop,Bronze,Not Seasonal,At Home
109778,РЕСТОРАНТ КОРАБА ЕООД,Варна,ВАРНА,Hotels,Bronze,Not Seasonal,Out of Home
101669,БИСТРО ДАРИ ЕООД,Силистра,СИЛИСТРА,Local Shop,Bronze,Not Seasonal,At Home
106035,ЛЕКАРДО ЕООД,Варна,ВАРНА,Fast-food,Bronze,Not Seasonal,Out of Home
100934,ХОТЕЛ СОФИЯ ЕООД,Бургас,БУРГАС,Supermarket,Bronze,Not Seasonal,At Home
101824,Р-Т БИЛЛИ ЕООД,Добрич,КРАПЕЦ,Local Shop,Bronze,Not Seasonal,At Home
108337,Степ ЕООД,Бургас,СОЗОПОЛ,Restaurant,Bronze,Not Seasonal,Out of Home
111322,Янис Парадайс ЕООД,Бургас,БУРГАС,Fast-food,Bronze,Not Seasonal,Out of Home
109278,ГРУЗИНСКИ РЕСТОРАНТ ЕООД,Варна,ВАРНА,Bar,Bronze,Seasonal,Out of Home
101844,Грузински ресторант ЕООД,Добрич,ДОБРИЧ,Local Shop,Bronze,Not Seasonal,At Home
105917,Каро ЕООД,Бургас,БУРГАС,Fast-food,Bronze,Not Seasonal,Out of Home
106415,МИДИЯ РЕЗОРТ ЕООД,Шумен,ШУМЕН,Cafe,Bronze,Not Seasonal,At Home
100103,ШАН ХАУ ЕООД,Добрич,ЖЕГЛАРЦИ,Local Shop,Bronze,Not Seasonal,At Home
100340,Турски ресторант ЕООД,Силистра,СИЛИСТРА,Supermarket,Bronze,Not Seasonal,At Home
111422,КИТАЙСКИ РЕСТОРАНТ ЕООД,Варна,ПРИСЕЛЦИ,Restaurant,Silver,Not Seasonal,Out of Home
104561,Кипарис ЕООД,Варна,ДОЛНИ ЧИФЛИК,Local Shop,Bronze,Not Seasonal,At Home
110724,Робинзон ЕООД,Бургас,КАРНОБАТ,Restaurant,Bronze,Not Seasonal,Out of Home
111764,КИТАЙСКИ БЕЛИ НОЩИ ЕООД,Бургас,БУРГАС,Fast-food,Bronze,Not Seasonal,Out of Home
111532,ТОНИ ДЖИ ДЖИ ЕООД,Бургас,БУРГАС,Restaurant,Silver,Not Seasonal,Out of Home
111603,Хонолулу ЕООД,Варна,БЕЛОСЛАВ,Fast-food,Bronze,Not Seasonal,Out of Home
100725,Калипсо ЕООД,Добрич,ДОБРИЧ,Supermarket,Bronze,Not Seasonal,At Home
102286,Андромеда ЕООД,Бургас,КАБЛЕШКОВО,Local Shop,Iron,Not Seasonal,At Home
101436,Мена ЕООД,Варна,РАЗДЕЛНА,Local Shop,Bronze,Not Seasonal,At Home
102284,СЕВИНА ЕООД,Бургас,ДЪБНИК,Local Shop,Iron,Not Seasonal,At Home
102258,Стария капитан ЕООД,Бургас,ОРИЗАРЕ,Local Shop,Iron,Not Seasonal,At Home
102259,СОЛЕЯ ЕООД,Бургас,БРЯСТОВЕЦ,Local Shop,Iron,Not Seasonal,At Home
101031,МОТИВ ЕООД,Бургас,РАВНЕЦ,Supermarket,Bronze,Not Seasonal,At Home
102255,СЪНРАЙЗ 2019 ООД ЕООД,Бургас,АЙТОС,Local Shop,Bronze,Not Seasonal,At Home
102260,ГИЛЗАТА ЕООД,Бургас,ГЪЛЪБЕЦ,Local Shop,Iron,Not Seasonal,At Home
105436,ШАНХАЙ ЕООД,Бургас,ЯБЪЛЧЕВО,Cafe,Bronze,Not Seasonal,Out of Home
111539,СТАРЧЕТА И РАЗБОЙНИЦИ ЕООД,Бургас,АЙТОС,Restaurant,Silver,Not Seasonal,Out of Home
105972,КИТАЙСКА ЛУНА ЕООД,Бургас,КАРНОБАТ,Fast-food,Iron,Not Seasonal,Out of Home
109665,ЗЛАТНА РИБКА 2 ЕООД,Варна,ВАРНА,Fast-food,Bronze,Not Seasonal,Out of Home
105430,БИСТРО 5КМ ЕООД,Бургас,РУЕН,Cafe,Iron,Not Seasonal,Out of Home
106002,Капела плаза ЕООД,Бургас,НЕСЕБЪР,Fast-food,Bronze,Seasonal,Out of Home
105995,ЧАЙНА ТАУН ЕООД,Бургас,БУРГАС,Fast-food,Iron,Not Seasonal,Out of Home
105426,Копакабана ЕООД,Бургас,НЕСЕБЪР,Cafe,Bronze,Seasonal,Out of Home
106533,Р-т Чайка ЕООД,Бургас,НЕСЕБЪР,Cafe,Bronze,Not Seasonal,Out of Home
111675,Турски ресторант ЕООД,Бургас,БУРГАС,Fast-food,Bronze,Seasonal,Out of Home
108379,Романс Марин ЕООД,Бургас,БУРГАС,Restaurant,Iron,Not Seasonal,Out of Home
108395,Старозагорци ЕООД,Бургас,БУРГАС,Restaurant,Iron,Not Seasonal,Out of Home
101764,КЛАС БАРМЕКЮ ЕООД,Шумен,ВЕСЕЛИНОВО,Local Shop,Bronze,Not Seasonal,At Home
101823,CAPTAIN FISH ЕООД,Добрич,КАВАРНА,Local Shop,Bronze,Not Seasonal,At Home
109290,БАР КАЛМАР ЕООД,Бургас,БУРГАС,Bar,Bronze,Seasonal,Out of Home
105717,РЕЙНБОЛ ЕООД,Бургас,БУРГАС,Bar,Silver,Not Seasonal,Out of Home
111894,НЕКТ ДОР ЕООД,Варна,ВАРНА,Superette,Bronze,Not Seasonal,At Home
108373,ТУРСКИ РЕСТОРАНТ ОРИЕНТ ЕООД,Бургас,БУРГАС,Restaurant,Iron,Not Seasonal,Out of Home
111036,КОСТАКИ ЕООД,Варна,ВАРНА,Hotels,Silver,Not Seasonal,Out of Home
111900,РЕСТОРАНТ ЗЛАТНАТА РИБКА ЕООД,Варна,ПРОВАДИЯ,Superette,Bronze,Not Seasonal,At Home
100785,ВЪЗРОЖДЕНСКИ КЪТ ЕООД,Ямбол,ЯМБОЛ,Supermarket,Bronze,Not Seasonal,At Home
110672,ЗЛАТЕН ДРАКОН ЕООД,Варна,ВАРНА,Restaurant,Bronze,Not Seasonal,Out of Home
105758,NUTRIO BAR - VLADISLAV VARNENCHIK B ЕООД,Варна,ВАРНА,Fast-food,Bronze,Seasonal,Out of Home
111793,"CAKERY À LA BAKERY, PASTRY & COFFEE ЕООД",Бургас,НЕСЕБЪР,Bar,Bronze,Seasonal,Out of Home
104958,Мидия алакарт ЕООД,Бургас,БУРГАС,Cafe,Bronze,Not Seasonal,Out of Home
102458,КИТАЙСКИ РЕСТОРАНТ ЖАСМИН ЕООД,Търговище,ИЗВОРОВО,Local Shop,Bronze,Not Seasonal,At Home
110181,МАРТИНА ЕООД,Бургас,БУРГАС,Fast-food,Iron,Not Seasonal,Out of Home
111274,ВИКТОРИЯ ДЕЛ МАЛ ЕООД,Бургас,СВЕТИ ВЛАС,Fast-food,Bronze,Seasonal,Out of Home
108338,ЧИФЛИКА ЕООД,Бургас,ЧЕРНОМОРЕЦ,Restaurant,Bronze,Seasonal,Out of Home
111674,ЛА МЕСА ЕООД,Бургас,БУРГАС,Fast-food,Bronze,Not Seasonal,Out of Home
111369,РЕСТОРАНТ СИГМЕН ЕООД,Варна,ВАРНА,Fast-food,Bronze,Not Seasonal,Out of Home
108929,БЕСАРАБИЯ ЕООД,Варна,ВАРНА,Hotels,Bronze,Not Seasonal,Out of Home
109642,САЛ И ПЕПЕ ЕООД,Варна,ВАРНА,Fast-food,Iron,Not Seasonal,Out of Home
111271,Калитеа ЕООД,Бургас,СВЕТИ ВЛАС,Fast-food,Bronze,Seasonal,Out of Home
109285,ПРИ НЕЛИТО ЕООД,Бургас,БУРГАС,Bar,Iron,Not Seasonal,Out of Home
109284,КАЛИСТО ЕООД,Бургас,БУРГАС,Bar,Iron,Not Seasonal,Out of Home
110587,РАНДЕВУ ЕООД,Бургас,БУРГАС,Fast-food,Bronze,Not Seasonal,Out of Home
111734,ОМАР ЕООД,Варна,ВАРНА,Fast-food,Bronze,Not Seasonal,Out of Home
111854,Kapriz ЕООД,Варна,ВАРНА,Restaurant,Silver,Not Seasonal,Out of Home
105205,Денис ЕООД,Бургас,БУРГАС,Cafe,Bronze,Not Seasonal,Out of Home
110438,Евъргрийн ЕООД,Бургас,РУЕН,Fast-food,Bronze,Not Seasonal,Out of Home
105756,Р-НТ ЕООД,Варна,ВАРНА,Fast-food,Bronze,Not Seasonal,Out of Home
111537,ВИЛИ СОЗОПОЛ ЕООД,Бургас,АЙТОС,Restaurant,Silver,Not Seasonal,Out of Home
105620,АТМОСФЕРА ЕООД,Бургас,НЕСЕБЪР,Bar,Silver,Not Seasonal,Out of Home
100245,ГОЛД ФИШ ГРЪЦКИ РЕСТОРАНТ ЕООД,Бургас,БУРГАС,Local Shop,Bronze,Not Seasonal,At Home
106170,ДЪ СИСТЪРС ЕООД,Бургас,БУРГАС,Fast-food,Bronze,Not Seasonal,Out of Home
101680,КИТАЙСКИ РЕСТОРАНТ ЕООД,Силистра,АЙДЕМИР,Local Shop,Bronze,Not Seasonal,At Home
104994,БИСТРО НЕЛИТО ЕООД,Варна,ВАРНА,Cafe,Bronze,Not Seasonal,Out of Home
109905,ПАРАДАЙЗ ГАРДЪН ЕООД,Варна,КОНСТАНТИНОВО,Cafe,Bronze,Not Seasonal,Out of Home
104229,КИТАИСКИ РЕСТОРАНТ ЕООД,Бургас,БУРГАС,Local Shop,Bronze,Not Seasonal,At Home
105950,РЕСТОРАНТ РАДЕНКОВ ЕООД,Бургас,БУРГАС,Fast-food,Bronze,Not Seasonal,Out of Home
111594,ТУРСКИ РЕСТОРАНТ КОНАК ЕООД,Бургас,ПРОСЕНИК,Fast-food,Bronze,Not Seasonal,Out of Home
105716,МЕКСИКАНСКИ РЕСТОРАНТ ЕООД,Бургас,БУРГАС,Bar,Silver,Not Seasonal,Out of Home
106729,БЪРЗО ХРАНЕНЕ АЗИЯ ЕООД,Велико Търново,ВЕЛИКО ТЪРНОВО,Superette,Silver,Not Seasonal,At Home
102047,Естрела ЕООД,Варна,ВАРНА,Local Shop,Bronze,Not Seasonal,At Home
111695,БИРАРИЯ ВЕРДЕ ЕООД,Бургас,СЪДИЕВО,Fast-food,Bronze,Not Seasonal,Out of Home
110519,КИТАЙСКИ РЕСТОРАНТ ПИНГ АН ЕООД,Варна,ВАРНА,Fast-food,Bronze,Not Seasonal,Out of Home
106750,КИТАЙСКИ РЕСТОРАНТ ЕООД,Варна,ВАРНА,Nightclub,Silver,Not Seasonal,Out of Home
110386,Рибарски хан ЕООД,Бургас,БУРГАС,Fast-food,Silver,Not Seasonal,Out of Home
103800,РЕСТОРАНТ ВЯТЪРНА МЕЛНИЦА ЕООД,Варна,ВАРНА,Local Shop,Bronze,Not Seasonal,At Home
103752,КК СУШИ 2023 ЕООД ЕООД,Бургас,СЛИВЕН,Local Shop,Bronze,Not Seasonal,At Home
107169,КИТАЙСКИ Р-Т ХУА ЛОНГ ЕООД,Бургас,БУРГАС,Superette,Bronze,Not Seasonal,At Home
107310,ГЬОКО ЕООД,Варна,ВАРНА,Restaurant,Bronze,Seasonal,Out of Home
104995,ПРИ БРАКЯТА ЕООД,Варна,ВАРНА,Cafe,Bronze,Not Seasonal,Out of Home
111580,МИСТЪР ДЮНЕР ЕООД,Варна,ВАРНА,Fast-food,Bronze,Not Seasonal,Out of Home
103743,БЪРЗА ЗАКУСКА ЕООД,Бургас,ЕКЗАРХ АНТИМОВО,Local Shop,Bronze,Not Seasonal,At Home
108108,ДЮНЕР СЛАВА 05 ЕООД,Бургас,БУРГАС,Restaurant,Bronze,Not Seasonal,Out of Home
105040,БОДИ ЕООД,Варна,ВАРНА,Cafe,Bronze,Not Seasonal,Out of Home
103884,ЗАКУСВАЛНЯ ЧОРИ ЕООД,Бургас,БУРГАС,Local Shop,Bronze,Not Seasonal,At Home
104273,АЙСИТИ ЕООД,Бургас,БУРГАС,Local Shop,Bronze,Not Seasonal,At Home
111372,ДЮНЕР БЕШКО ПАША ЕООД,Варна,ВАРНА,Fast-food,Bronze,Seasonal,Out of Home
102947,ДЮНЕР ЕООД,Русе,РУСЕ,Local Shop,Bronze,Not Seasonal,At Home
110291,ЗАВЕДЕНИЕ ЕООД,Бургас,НЕСЕБЪР,Fast-food,Bronze,Not Seasonal,Out of Home
103518,Дюнер ЕООД,Ямбол,ВЕСЕЛИНОВО,Local Shop,Bronze,Not Seasonal,At Home
101843,Сий фууд ЕООД,Добрич,ДОБРИЧ,Local Shop,Bronze,Not Seasonal,At Home
103106,Пица Осман Баба ЕООД,Добрич,ТЕРВЕЛ,Local Shop,Bronze,Not Seasonal,At Home
106274,ЛЕПОТА ФУУД КОРТ ЕООД,Добрич,ДОБРИЧ,Local Shop,Silver,Not Seasonal,At Home
108340,ДУРО ДЮНЕР ЕООД,Бургас,БУРГАС,Restaurant,Bronze,Not Seasonal,Out of Home
109321,АФТЪРА ЕООД,Варна,ВАРНА,Fast-food,Bronze,Seasonal,Out of Home
107303,Бърза закуска ЕООД,Варна,ВАРНА,Cafe,Bronze,Not Seasonal,Out of Home
107206,ДЮНЕР ФЕНИКС ЕООД,Велико Търново,ГОРНА ОРЯХОВИЦА,Superette,Bronze,Not Seasonal,At Home
101679,ЛАВ КЛУБ ЕООД ЕООД,Силистра,СИЛИСТРА,Local Shop,Bronze,Not Seasonal,At Home
107090,ФАСТ-КОМ ООД ЕООД,Бургас,БУРГАС,Superette,Bronze,Not Seasonal,At Home
103491,ДЮНЕР 100 КИЛА ЕООД,Ямбол,ЯМБОЛ,Local Shop,Bronze,Not Seasonal,At Home
101485,ФУУД БАР ЕООД,Шумен,ЗАГОРИЧЕ,Local Shop,Bronze,Not Seasonal,At Home
108112,ДЮНЕР ТИАРА ЕООД,Бургас,БУРГАС,Restaurant,Bronze,Not Seasonal,Out of Home
103158,ДЮНЕР СЪНИ КЕБАП ЕООД,Разград,РАЗГРАД,Local Shop,Bronze,Not Seasonal,At Home
107045,ДЮНЕР ДО Х-Л НЕПТУН И Х-Л РИО ПАЛАС ЕООД,Велико Търново,ПОЛСКИ ТРЪМБЕШ,Superette,Bronze,Not Seasonal,At Home
111432,ДЮНЕР МАРМАРИС ЕООД,Варна,ВАРНА,Restaurant,Silver,Not Seasonal,Out of Home
110552,ИСКЕНДЕР КЕБАП ЕООД,Бургас,БУРГАС,Fast-food,Bronze,Not Seasonal,Out of Home
109833,ДЮНЕР ЕООД,Варна,ВАРНА,Cafe,Bronze,Not Seasonal,Out of Home
103159,БЪРЗО ХРАНЕНЕ ОСИ ЕООД,Разград,ЯСЕНОВЕЦ,Local Shop,Bronze,Not Seasonal,At Home
103807,ДЮНЕР МИСТЪР ЕМИР ЕООД,Варна,ВАРНА,Local Shop,Bronze,Not Seasonal,At Home
100850,ЕМ СИ ИНВЕСТ ЕООД,Варна,ВАРНА,Supermarket,Bronze,Not Seasonal,At Home
107418,СКАРА И БИРА ЕООД,Бургас,БУРГАС,Restaurant,Bronze,Not Seasonal,Out of Home
111260,СТРАНДЖАНКИ ЕООД,Варна,ВАРНА,Fast-food,Bronze,Not Seasonal,Out of Home
100194,ДЮНЕР ТИНТЯВА ЕООД,Бургас,БУРГАС,Local Shop,Bronze,Not Seasonal,At Home
100401,КЕБАП ХАУС ЕООД,Добрич,ДОБРИЧ,Supermarket,Bronze,Not Seasonal,At Home
108385,Дюнер ЕООД,Бургас,БУРГАС,Restaurant,Bronze,Not Seasonal,Out of Home
101225,ДЮНЕР ЕООД,Разград,РАЗГРАД,Cafe,Bronze,Not Seasonal,At Home
101315,ДЮНЕР МЕЧТА ЕООД,Варна,ВАРНА,Cafe,Bronze,Not Seasonal,Out of Home
111265,РИБОКА ФИШ И ЧИПС ЕООД,Бургас,БУРГАС,Fast-food,Bronze,Not Seasonal,Out of Home
100868,Дюнер Френд ЕООД,Варна,ВАРНА,Supermarket,Bronze,Not Seasonal,At Home
110660,CHAINA BOX ЕООД,Бургас,НЕСЕБЪР,Restaurant,Bronze,Seasonal,Out of Home
109262,КИНГС ДЮНЕР ЕООД,Бургас,БУРГАС,Bar,Bronze,Not Seasonal,Out of Home
109632,ДЮНЕР ФРЕНДС ЕООД,Варна,ВАРНА,Fast-food,Bronze,Not Seasonal,Out of Home
108322,ИПИ ДЮНЕР ЕООД,Бургас,ЧЕРНОМОРЕЦ,Restaurant,Bronze,Not Seasonal,Out of Home
102610,КИНГ ДЮНЕР ЕООД,Русе,ЩРЪКЛЕВО,Local Shop,Bronze,Not Seasonal,At Home
109707,ОЙРО ЕООД,Бургас,ЧЕРНОМОРЕЦ,Fast-food,Bronze,Not Seasonal,Out of Home
109228,ДЮНЕР ДЪРВЕНОТО ЕООД,Варна,МЛАДА ГВАРДИЯ,Bar,Bronze,Not Seasonal,Out of Home
111762,САН МАРИНО ДЮНЕР ЕООД,Бургас,СОЗОПОЛ,Fast-food,Bronze,Seasonal,Out of Home
109597,ЗОРО ЛАР ООД ЕООД,Варна,ВАРНА,Fast-food,Bronze,Not Seasonal,Out of Home
109623,ДЮНЕР ДЖУЛИ ЕООД,Варна,ВАРНА,Fast-food,Bronze,Not Seasonal,Out of Home
111717,ПР дюнер ЕООД,Варна,ВАРНА,Fast-food,Bronze,Not Seasonal,Out of Home
110669,POLLY'S GRILL ЕООД,Варна,ВАРНА,Restaurant,Bronze,Not Seasonal,Out of Home
111254,БЪРЗА ЗАКУСКА БАЧО КОЛЬО ЕООД,Варна,ПАРТИЗАНИ,Fast-food,Bronze,Not Seasonal,Out of Home
109831,ДЮНЕР ЕООД,Варна,ВАРНА,Cafe,Bronze,Not Seasonal,Out of Home
103067,ДЮНЕР ЕООД,Разград,ЛОЗНИЦА,Local Shop,Bronze,Not Seasonal,At Home
103115,БОР ЕООД,Добрич,ТЕРВЕЛ,Local Shop,Bronze,Not Seasonal,At Home
102665,Грил Стейшън ЕООД,Русе,НИКОЛОВО,Local Shop,Bronze,Not Seasonal,At Home
104512,ДЮНЕР НЕПТУН ЕООД,Варна,ПРОВАДИЯ,Local Shop,Bronze,Not Seasonal,At Home
101500,ГРИЛТОПИЯ ЕООД,Шумен,СРЕДКОВЕЦ,Local Shop,Bronze,Not Seasonal,At Home
107298,ДЮНЕР ЕООД,Бургас,БУРГАС,Supermarket,Silver,Not Seasonal,At Home
103160,ДЮНЕР АЛЕС ЕООД,Разград,РАЗГРАД,Local Shop,Bronze,Not Seasonal,At Home
111563,дюнер ЕООД,Бургас,БУРГАС,Restaurant,Silver,Not Seasonal,Out of Home
109615,ПИЦА СТАР ГРАД ЕООД,Варна,ВАРНА,Fast-food,Bronze,Not Seasonal,Out of Home
111446,ДЮНЕР КОЛЕВ ЕООД,Варна,ВАРНА,Restaurant,Silver,Not Seasonal,Out of Home
110145,Дюнер Еуфория ЕООД,Бургас,СВЕТИ ВЛАС,Fast-food,Bronze,Not Seasonal,Out of Home
104966,Тиган ЕООД,Бургас,ГЪЛЪБЕЦ,Cafe,Bronze,Not Seasonal,Out of Home
111035,Пълнен картоф ЕООД,Варна,ВАРНА,Hotels,Silver,Not Seasonal,Out of Home
101489,Дюнер Черноморец ЕООД,Шумен,ВЪЛНАРИ,Local Shop,Bronze,Not Seasonal,At Home
103524,БЪРЗО ХРАНЕНЕ ЕООД,Ямбол,ПЪРВЕНЕЦ,Local Shop,Bronze,Not Seasonal,At Home
105569,БЪРЗО ХРАНЕНЕ ПАЛАС ЕООД,Варна,ПРОВАДИЯ,Bar,Silver,Not Seasonal,Out of Home
105460,ДЮНЕР ФЕШЕВ ЕООД,Бургас,ФАКИЯ,Cafe,Bronze,Not Seasonal,Out of Home
102261,БАЗАР ЕООД,Бургас,РАЗБОЙНА,Local Shop,Bronze,Not Seasonal,At Home
103231,ДЮНЕР СКАРА ЕООД,Варна,ВАРНА,Local Shop,Bronze,Not Seasonal,At Home
109825,БЪРЗА ЗАКУСКА ХИТЪР ПЕТЪР ЕООД,Варна,ВАРНА,Cafe,Bronze,Not Seasonal,Out of Home
102459,ИВ МОНИ ЕООД,Търговище,ПОПОВО,Local Shop,Bronze,Not Seasonal,At Home
103753,СКАРА РИБА ЕООД,Бургас,СКАЛАК,Local Shop,Bronze,Not Seasonal,At Home
103894,БЪРЗО ХРАНЕНЕН ЕООД,Бургас,БУРГАС,Local Shop,Bronze,Not Seasonal,At Home
107062,ДЮНЕР ЕООД,Разград,ИСПЕРИХ,Superette,Bronze,Not Seasonal,At Home
107758,Дюнер Чайка ЕООД,Бургас,БУРГАС,Restaurant,Bronze,Not Seasonal,Out of Home
102262,Пържена Риба Снаки ЕООД,Бургас,СЛЪНЧЕВ БРЯГ,Local Shop,Bronze,Not Seasonal,At Home
110526,ДЮНЕР ЕООД,Варна,ВАРНА,Fast-food,Bronze,Not Seasonal,Out of Home
111533,ДЮНЕР КЕБАП ЕООД,Бургас,СИГМЕН,Restaurant,Silver,Not Seasonal,Out of Home
107420,Рибката ЕООД,Бургас,СЛЪНЧЕВ БРЯГ,Restaurant,Bronze,Not Seasonal,Out of Home
109625,Корнер ЕООД,Варна,ВАРНА,Fast-food,Bronze,Not Seasonal,Out of Home
109306,Дюнер Али Баба ЕООД,Варна,СТАРО ОРЯХОВО,Fast-food,Bronze,Not Seasonal,Out of Home
106256,ДЮНЕР ЕООД,Търговище,ТЪРГОВИЩЕ,Local Shop,Silver,Not Seasonal,At Home
102046,АТЛИМАН ЕООД,Варна,ВАРНА,Local Shop,Bronze,Not Seasonal,At Home
106946,БЪРЗО ХРАНЕНЕ ЕООД,Варна,ВАРНА,Superette,Bronze,Not Seasonal,At Home
104663,ДЮНЕР ЗЛАТНА РИБКА ЕООД,Силистра,ТУТРАКАН,Local Shop,Bronze,Not Seasonal,At Home
101815,НАЗ НАЗ ЕООД,Добрич,КРАНЕВО,Local Shop,Bronze,Not Seasonal,At Home
104239,ДЮНЕРИ ЕООД,Бургас,СРЕДЕЦ,Local Shop,Bronze,Not Seasonal,At Home
102112,ДЮНЕР СЕЗОНИ ЕООД,Варна,ИГНАТИЕВО,Local Shop,Bronze,Not Seasonal,At Home
103052,ЕЙЧ ЕНД ЕС ФУУДС ЕООД ЕООД,Разград,РАЗГРАД,Local Shop,Bronze,Not Seasonal,At Home
102914,ДЮНЕР АЛОХА ЕООД,Русе,РУСЕ,Local Shop,Bronze,Not Seasonal,At Home
101678,ПИЦА-ДЮНЕР ЕООД,Силистра,АЛФАТАР,Local Shop,Bronze,Not Seasonal,At Home
103904,ДЕЯ ДЮНЕР ЕООД,Бургас,РОСЕН,Local Shop,Bronze,Not Seasonal,At Home
106609,ДЮНЕР ЕООД,Бургас,ЦАРЕВО,Cafe,Bronze,Not Seasonal,Out of Home
111531,Бързо хранене ЕООД,Бургас,АЙТОС,Restaurant,Silver,Not Seasonal,Out of Home
110498,СЕЗАМ ЕООД,Варна,ВАРНА,Fast-food,Bronze,Not Seasonal,Out of Home
101821,ДЮНЕР ЕООД,Добрич,БОЖУРЕЦ,Local Shop,Bronze,Not Seasonal,At Home
103045,ДЮНЕР ЕООД,Варна,ВАРНА,Local Shop,Bronze,Not Seasonal,At Home
111698,ДЮНЕР БОРАК ЕООД,Бургас,РУЕН,Fast-food,Bronze,Not Seasonal,Out of Home
100048,ДЮНЕР КИНГ ЕООД,Бургас,РАВДА,Local Shop,Bronze,Not Seasonal,At Home
101677,ДЮНЕР ТАСКА ЕООД,Силистра,АЛФАТАР,Local Shop,Bronze,Not Seasonal,At Home
100206,ФАРШИД ЕООД,Бургас,БУРГАС,Local Shop,Bronze,Not Seasonal,At Home
106919,РЕСТОРАНТ СОФИЯ ЕООД,Варна,ВАРНА,Superette,Bronze,Not Seasonal,At Home
109648,СКЛАД ФАРЗАНДО ЕООД,Варна,ВАРНА,Fast-food,Bronze,Not Seasonal,Out of Home
111754,ДЮНЕР ЕООД,Варна,ВАРНА,Fast-food,Bronze,Not Seasonal,Out of Home
101820,ГИРОС ЕООД,Добрич,БАЛЧИК,Local Shop,Bronze,Not Seasonal,At Home
105760,ДЮНЕР ЕООД,Варна,ВАРНА,Fast-food,Bronze,Not Seasonal,Out of Home
111755,ГИРОС ЕООД,Варна,ВАРНА,Fast-food,Bronze,Not Seasonal,Out of Home
110820,ALADIN FOODS ЕООД,Бургас,БУРГАС,Restaurant,Bronze,Not Seasonal,Out of Home
110551,ФАКТОРИ ДЮНЕР ЕООД,Бургас,ВЕТРЕН,Fast-food,Bronze,Not Seasonal,Out of Home
101834,ДЮНЕР ЕООД,Добрич,ОВЧАРОВО,Local Shop,Bronze,Not Seasonal,At Home
103488,РИБКАТА ПАЗАРА ЕООД,Ямбол,ЯМБОЛ,Local Shop,Bronze,Not Seasonal,At Home
109655,АШЪК 92 ЕООД ЕООД,Варна,ВАРНА,Fast-food,Bronze,Seasonal,Out of Home
110535,ДЮНЕРИ ХАЛИЛ ЕООД,Варна,ВАРНА,Fast-food,Bronze,Not Seasonal,Out of Home
101818,ГИРОС БУРГАС ЕООД,Добрич,ШАБЛА,Local Shop,Bronze,Not Seasonal,At Home
107761,Котва ЕООД,Бургас,БУРГАС,Restaurant,Bronze,Not Seasonal,Out of Home
108316,ДЮНЕРИ ХАЗА ЕООД,Бургас,БУРГАС,Restaurant,Bronze,Not Seasonal,Out of Home
100013,ГОГО КЕБАП ЕООД,Шумен,ШУМЕН,Local Shop,Bronze,Not Seasonal,At Home
111507,ДЮНЕР ЦЕНТЪР ЕООД,Бургас,БУРГАС,Restaurant,Silver,Not Seasonal,Out of Home
110523,АТЕШ КЕБАП ЕООД,Варна,ВАРНА,Fast-food,Bronze,Not Seasonal,Out of Home
109303,ПРИ БАЙ ПЕШО ЕООД,Варна,ВАРНА,Fast-food,Bronze,Not Seasonal,Out of Home
109312,СЕН ДЮНЕР ЕООД,Варна,ВАРНА,Fast-food,Bronze,Not Seasonal,Out of Home
104417,ДЮНЕР ЕООД,Велико Търново,КИЛИФАРЕВО,Local Shop,Bronze,Not Seasonal,At Home
101067,ПЕКАРНА ЕООД,Велико Търново,ВЕЛИКО ТЪРНОВО,Supermarket,Bronze,Not Seasonal,At Home
106803,ДЮНЕР ФОРНЕТИ ЕООД,Варна,ВАРНА,Nightclub,Silver,Not Seasonal,Out of Home
110349,РАФАЕЛО ЕООД,Бургас,БУРГАС,Fast-food,Silver,Not Seasonal,Out of Home
104670,БЪРЗО ХРАНЕНЕ ЛУДАТА ФАМИЛИЯ ЕООД,Силистра,ЗЛАТОКЛАС,Local Shop,Bronze,Not Seasonal,At Home
109824,ФАРЗАНДО ЕООД,Варна,ВАРНА,Cafe,Bronze,Not Seasonal,Out of Home
105913,ТАНЯ ЕООД,Бургас,БУРГАС,Fast-food,Bronze,Not Seasonal,Out of Home
100283,ЛОН ДЮНЕР ЕООД,Силистра,ДУЛОВО,Local Shop,Bronze,Not Seasonal,At Home
111392,ДЮНЕР ФАРЗАНДО ЕООД,Варна,ВАРНА,Fast-food,Bronze,Not Seasonal,Out of Home
106021,Суши бар ЕООД,Варна,ВАРНА,Fast-food,Bronze,Not Seasonal,Out of Home
102263,СКАРА ЕООД,Бургас,ГЮЛЬОВЦА,Local Shop,Bronze,Not Seasonal,At Home
111502,АЛГАФАРИ ШАУРМА ЕООД,Бургас,БУРГАС,Restaurant,Silver,Not Seasonal,Out of Home
109624,ТОПЛА СКАРА ЕООД,Варна,ВАРНА,Fast-food,Bronze,Not Seasonal,Out of Home
100494,КЕБАП ХАУС ЕООД,Бургас,БАТА,Supermarket,Bronze,Not Seasonal,At Home
111981,ШАУРМАХ ЕООД,Варна,ВАРНА,Local Shop,Bronze,Not Seasonal,At Home
101765,ХЕЛС БАРБЕКЮ ЕООД,Шумен,ЛОВЕЦ,Local Shop,Bronze,Not Seasonal,At Home
109238,МАГНИТ ЕООД,Варна,ВАРНА,Bar,Bronze,Not Seasonal,Out of Home
111842,ПЕТЛЕТО ЕООД,Бургас,БУРГАС,Restaurant,Silver,Not Seasonal,Out of Home
103117,ДЕ РОМА ПИЦАРИЯ ЕООД,Добрич,ТЕРВЕЛ,Local Shop,Bronze,Not Seasonal,At Home
107786,КЕБАПА ПАПА ЕООД,Бургас,БУРГАС,Restaurant,Bronze,Not Seasonal,Out of Home
111751,АМИГОС ЕООД,Варна,ВАРНА,Fast-food,Bronze,Not Seasonal,Out of Home
109622,MY DUNES ЕООД,Варна,ВАРНА,Fast-food,Bronze,Not Seasonal,Out of Home
111034,КАВКАЗКА КУХНЯ МИМИНО ЕООД,Варна,ВАРНА,Hotels,Silver,Not Seasonal,Out of Home
101491,Долче мементо ЕООД,Шумен,ГАБРИЦА,Local Shop,Bronze,Not Seasonal,At Home
100773,ДЮНЕР БОМБАТА ЕООД,Бургас,КАРНОБАТ,Supermarket,Bronze,Not Seasonal,At Home
102018,SOUVLAKI ЕООД,Варна,ВАРНА,Local Shop,Bronze,Not Seasonal,At Home
111749,ДЮНЕР БУРГЕР ЕООД,Варна,ВАРНА,Fast-food,Bronze,Not Seasonal,Out of Home
110582,L MASTER DUNER ЕООД,Бургас,БУРГАС,Fast-food,Bronze,Not Seasonal,Out of Home
102651,ДЮНЕР ЕООД,Русе,РЯХОВО,Local Shop,Bronze,Not Seasonal,At Home
101492,КЕБАПА ПАПА ЕООД,Шумен,КАОЛИНОВО,Local Shop,Bronze,Not Seasonal,At Home
112048,ФАКТОР ЕООД,Търговище,ТЪРГОВИЩЕ,Superette,Bronze,Not Seasonal,At Home
104408,GREEK ZONE ЕООД,Велико Търново,ВЕЛИКО ТЪРНОВО,Local Shop,Bronze,Not Seasonal,At Home
111373,КЕБАПА ПАПА ЕООД,Варна,ВАРНА,Fast-food,Bronze,Not Seasonal,Out of Home
105541,GOT SOME ЕООД,Бургас,СИНЕМОРЕЦ,Cafe,Bronze,Seasonal,Out of Home
101766,ДЮНЕР ЕООД,Шумен,ДРАГОЕВО,Local Shop,Bronze,Not Seasonal,At Home
101313,МАСТЪР ДЮНЕР ЕООД,Варна,ВАРНА,Cafe,Bronze,Seasonal,Out of Home
109981,МАЙ ДЮНЕР ЕООД,Бургас,НЕСЕБЪР,Cafe,Bronze,Seasonal,Out of Home
111575,ДЮНЕР МОРСКА ГАРА ЕООД,Варна,ДЕВНЯ,Fast-food,Bronze,Not Seasonal,Out of Home
106599,ДЮНЕР ЧОЧО ЕООД,Бургас,БУРГАС,Cafe,Bronze,Not Seasonal,Out of Home
106379,ПАЛАЧИНКИ МГ ЕООД,Варна,ВАРНА,Cafe,Bronze,Not Seasonal,Out of Home
108400,ДЮНЕР ЕООД,Бургас,БУРГАС,Restaurant,Bronze,Not Seasonal,Out of Home
103161,Eat maet fast food ЕООД,Разград,РАЗГРАД,Local Shop,Bronze,Not Seasonal,At Home
104871,Долче моменто ЕООД,Варна,ВАРНА,Cafe,Bronze,Not Seasonal,Out of Home
107331,ГУСТОЗО 2 ООД ЕООД,Варна,ВАРНА,Restaurant,Bronze,Seasonal,Out of Home
102264,БАЗАР МГ ЕООД,Бургас,РЕЧИЦА,Local Shop,Bronze,Not Seasonal,At Home
101026,Най-якия дюнер ЕООД,Бургас,БУРГАС,Supermarket,Bronze,Not Seasonal,At Home
100074,СКАРА БАШ МАЙСТОРА ЕООД,Търговище,ТЪРГОВИЩЕ,Local Shop,Bronze,Not Seasonal,At Home
106015,Дюнер Берлин ЕООД,Варна,ВАРНА,Fast-food,Bronze,Not Seasonal,Out of Home
102056,Фактор Дюнер ЕООД,Варна,ВАРНА,Local Shop,Silver,Not Seasonal,At Home
110704,Коловоз фуудс ЕООД,Бургас,ОБЗОР,Restaurant,Bronze,Seasonal,Out of Home
103374,1001 ЕООД,Варна,ГЕНЕРАЛ КАНТАРДЖИЕВО,Local Shop,Bronze,Not Seasonal,At Home
106233,МИТ 25 ЕООД ЕООД,Варна,ВАРНА,Local Shop,Silver,Not Seasonal,At Home
100008,БОНУС ЕООД,Шумен,ХАН КРУМ,Local Shop,Bronze,Not Seasonal,At Home
101030,МИСТЪР КОМПИР ЕООД,Бургас,КАМЕНО,Supermarket,Bronze,Not Seasonal,At Home
100938,Понички ЕООД,Бургас,КАМЕНО,Supermarket,Bronze,Not Seasonal,At Home
101028,Farooj ЕООД,Бургас,РУСОКАСТРО,Supermarket,Bronze,Not Seasonal,At Home
110143,ГРЪЦКИ ГИРОС ЕООД,Бургас,БУРГАС,Fast-food,Bronze,Not Seasonal,Out of Home
107038,ДЮНЕР КОКО ЕООД,Русе,РУСЕ,Superette,Bronze,Not Seasonal,At Home
101143,ГИРОС СТОП ЕООД,Варна,ВАРНА,Cafe,Bronze,Not Seasonal,At Home
101808,Турски ресторант за бързо хранене ЕООД,Добрич,БАЛЧИК,Local Shop,Bronze,Not Seasonal,At Home
109616,МАСТЪР ДЮНЕР ЕООД,Варна,ВАРНА,Fast-food,Bronze,Not Seasonal,Out of Home
109667,ДЮНЕР ЕООД,Варна,ВАРНА,Fast-food,Bronze,Not Seasonal,Out of Home
110489,ДЮНЕР МИРО ЕООД,Варна,ВАРНА,Fast-food,Bronze,Not Seasonal,Out of Home
106513,БАРБЕКЮТО ЕООД,Варна,ВАРНА,Cafe,Bronze,Not Seasonal,Out of Home
109662,АЛ АРАБ ЕООД,Варна,ВАРНА,Fast-food,Bronze,Not Seasonal,Out of Home
110509,КОКО ДЮНЕР ЕООД,Варна,ВАРНА,Fast-food,Bronze,Not Seasonal,Out of Home
110904,ДЮНЕР ЕООД,Бургас,БУРГАС,Restaurant,Bronze,Not Seasonal,Out of Home
101198,МАНХАТЪН ЕООД,Русе,РУСЕ,Cafe,Bronze,Not Seasonal,At Home
107213,Дюнери Сезам ЕООД,Велико Търново,ВЕЛИКО ТЪРНОВО,Superette,Bronze,Not Seasonal,At Home
106707,СКАРА ЗА ДОМА ЕООД,Бургас,БУРГАС,Superette,Silver,Not Seasonal,At Home
111352,МАНДЖАРНИЦА ЕООД,Бургас,АЙТОС,Fast-food,Bronze,Not Seasonal,Out of Home
105190,ЗИМНА КЪЩИЧКА СОЗОПОЛ ЕООД,Бургас,БУРГАС,Cafe,Bronze,Not Seasonal,Out of Home
111477,ДЮНЕРИ И ПИЛЕ НА ГРИЛ ЕООД,Бургас,АХЕЛОЙ,Restaurant,Silver,Seasonal,Out of Home
110572,ТРИФС ХАУС НАШЕТО МЯСТО ЕООД,Бургас,БУРГАС,Fast-food,Bronze,Not Seasonal,Out of Home
109947,БЪРЗО ХРАНЕНЕ АЗИЯ ЕООД,Варна,ВАРНА,Cafe,Bronze,Not Seasonal,Out of Home
102424,Дюнер срещу хавай весела уличка ЕООД,Търговище,ТЪРГОВИЩЕ,Local Shop,Bronze,Not Seasonal,At Home
100896,ШАМПИОНИТЕ БС ЕООД,Варна,ВАРНА,Supermarket,Bronze,Not Seasonal,At Home
103026,Дюнер Весела уличка ЕООД,Разград,ЛОЗНИЦА,Local Shop,Bronze,Not Seasonal,At Home
100069,ДЮНЕР ЕООД,Шумен,НОВИ ПАЗАР,Local Shop,Bronze,Not Seasonal,At Home
105302,ДЮНЕР НИКИ ЕООД,Бургас,БУРГАС,Cafe,Bronze,Not Seasonal,Out of Home
111043,ПЪРЖЕНА РИБА ЕООД,Варна,ВАРНА,Hotels,Silver,Not Seasonal,Out of Home
106622,ДЮНЕР ЕООД,Бургас,БУРГАС,Cafe,Bronze,Not Seasonal,Out of Home
108319,ДЮНЕР ЕООД,Бургас,БУРГАС,Restaurant,Bronze,Not Seasonal,Out of Home
103860,ДЮНЕР САИД ЕООД,Бургас,ПОМОРИЕ,Local Shop,Bronze,Not Seasonal,At Home
100895,ДЮНЕР ДО КАВАЛИ ЕООД,Варна,ВАРНА,Supermarket,Bronze,Not Seasonal,At Home
106903,ДЮНЕР С/У ГРОБИЩАТА ЕООД,Шумен,ШУМЕН,Superette,Bronze,Not Seasonal,At Home
111753,ДЮНЕР САИД ЕООД,Варна,АКСАКОВО,Fast-food,Bronze,Not Seasonal,Out of Home
103799,ДЮНЕР ДЕЛИЯ ЕООД,Варна,ВАРНА,Local Shop,Bronze,Not Seasonal,At Home
103133,ФУУД КОРНЕР ЕООД,Добрич,БЕЗМЕР,Local Shop,Bronze,Not Seasonal,At Home
105696,Дюнер шоп ЕООД,Бургас,ПОМОРИЕ,Bar,Silver,Seasonal,Out of Home
102921,ДЮНЕР ИЗГРЕВ ЕООД,Русе,РУСЕ,Local Shop,Bronze,Not Seasonal,At Home
110339,ДЮНЕР ЕООД,Бургас,БУРГАС,Fast-food,Bronze,Not Seasonal,Out of Home
110829,ДЕЛФИН ЕООД,Варна,ВАРНА,Restaurant,Bronze,Not Seasonal,Out of Home
103737,СНЕК БАР ГЕРАКА ЕООД,Сливен,КРУШАРЕ,Local Shop,Bronze,Not Seasonal,At Home
103257,РИ-БАР ЕООД,Добрич,ОДЪРЦИ,Local Shop,Bronze,Not Seasonal,At Home
106012,БИРАРИЯ ЛИЛИЯ ЕООД,Варна,ВАРНА,Fast-food,Bronze,Not Seasonal,Out of Home
100473,БАЛЕРМАН 6 ЕООД,Бургас,СЛЪНЧЕВ БРЯГ,Supermarket,Bronze,Not Seasonal,At Home
106640,THE DRUNKEN SHRIMP ЕООД,Бургас,СЛЪНЧЕВ БРЯГ,Superette,Silver,Not Seasonal,At Home
106647,СУМАТОХА ЕООД,Бургас,СЛЪНЧЕВ БРЯГ,Superette,Silver,Seasonal,At Home
106621,БАРЧЕ ЕООД,Варна,ВАРНА,Cafe,Bronze,Not Seasonal,Out of Home
106011,КАСЪЛ БИЙЧ ЕООД,Варна,ВАРНА,Fast-food,Bronze,Not Seasonal,Out of Home
106620,Кафе-Бар Спайдър пъб ЕООД,Варна,ВАРНА,Cafe,Silver,Not Seasonal,Out of Home
106016,RED LION ЕООД,Варна,ВАРНА,Fast-food,Bronze,Not Seasonal,Out of Home
110529,ПИКАДИЛИ ЕООД,Варна,ВАРНА,Fast-food,Bronze,Not Seasonal,Out of Home
106639,ПРИВИЛИДЖ ЕООД,Бургас,СЛЪНЧЕВ БРЯГ,Superette,Silver,Seasonal,At Home
101019,БАР РЪБ ЕООД,Бургас,БУРГАС,Supermarket,Bronze,Not Seasonal,At Home
107329,БИРАРИЯ ЕООД,Варна,ВАРНА,Restaurant,Bronze,Not Seasonal,Out of Home
101942,СЕДЕМ БИРИ ЕООД,Добрич,АЛБЕНА,Local Shop,Bronze,Seasonal,At Home
101814,RED LION PUB ЕООД,Добрич,АЛБЕНА,Local Shop,Bronze,Seasonal,At Home
101799,БИРАРИЯ ЧЕРНО МОРЕ ЕООД,Добрич,АЛБЕНА,Local Shop,Bronze,Seasonal,At Home
101567,БИРАРИЯ ДАКС ЕООД,Шумен,КАОЛИНОВО,Local Shop,Bronze,Not Seasonal,At Home
101720,СПОРТЕН КЛУБ МАРС ЕООД,Варна,ЩИПСКО,Local Shop,Bronze,Not Seasonal,At Home
106526,ПОПЧЕТО ЕООД,Варна,ВАРНА,Cafe,Bronze,Not Seasonal,Out of Home
103014,ГРАВИТИ РУИН БАР ЕООД,Разград,БРАНИЧЕВО,Local Shop,Bronze,Not Seasonal,At Home
107208,BEER SHOP ЕООД,Велико Търново,ВЕЛИКО ТЪРНОВО,Superette,Bronze,Not Seasonal,At Home
100405,Бар Фънки ЕООД,Добрич,ДОБРИЧ,Supermarket,Bronze,Not Seasonal,At Home
101147,БИРАРИЯ ПРИ ПАНДИ ЕООД,Варна,ВАРНА,Cafe,Bronze,Not Seasonal,At Home
108118,ЩАЙГАТА ЕООД,Бургас,БУРГАС,Restaurant,Bronze,Not Seasonal,Out of Home
103739,Бийч Бар под Американеца ЕООД,Сливен,ГЛУШНИК,Local Shop,Bronze,Not Seasonal,At Home
102838,БИРАРИЯ ЕКАТЕРИНА ЕООД,Русе,КАРАМАНОВО,Local Shop,Bronze,Not Seasonal,At Home
111006,БИСТРО НА АЛЕЯТА ЕООД,Бургас,КИТЕН,Hotels,Silver,Seasonal,Out of Home
105956,FISH RESTAURANT ЕООД,Варна,ВАРНА,Fast-food,Bronze,Seasonal,Out of Home
102109,БИРАРИЯ ХАЛБИТЕ ЕООД,Варна,КУМАНОВО,Local Shop,Bronze,Not Seasonal,At Home
107231,КАФЕ ЕВРОПА ЕООД,Бургас,АЙТОС,Supermarket,Silver,Not Seasonal,At Home
105283,БИРАРИЯ ЦЕЗАР ЕООД,Варна,ВАРНА,Cafe,Bronze,Not Seasonal,Out of Home
111524,ША№5 BREWPUB ЕООД,Варна,ВАРНА,Restaurant,Silver,Not Seasonal,Out of Home
110511,КАФЕ RED ЕООД,Варна,ВАРНА,Fast-food,Bronze,Not Seasonal,Out of Home
105953,КОСТА КАФЕ ЕООД,Варна,ВАРНА,Fast-food,Bronze,Not Seasonal,Out of Home
102949,КРАЕВЕКСПРЕС ЕООД,Русе,РУСЕ,Local Shop,Bronze,Not Seasonal,At Home
102950,КОСТА КАФЕ ЕООД,Русе,РУСЕ,Local Shop,Bronze,Not Seasonal,At Home
102951,БЪТЛЪРС КОФИ ЕНД КИЧЪН ЕООД,Русе,РУСЕ,Local Shop,Bronze,Not Seasonal,At Home
108915,КОСТА КАФЕ ЕООД,Варна,ВАРНА,Hotels,Bronze,Not Seasonal,Out of Home
107784,СТАРБЪКС ЕООД,Бургас,МАРИНКА,Restaurant,Bronze,Not Seasonal,Out of Home
101021,КОСТА КАФЕ ЕООД,Бургас,БУРГАС,Supermarket,Bronze,Not Seasonal,At Home
111526,STARBUCKS ЕООД,Варна,ВАРНА,Restaurant,Silver,Not Seasonal,Out of Home
111737,ЩУРАЦИ ЕООД,Варна,ВАРНА,Fast-food,Bronze,Not Seasonal,Out of Home
103036,ВЕЛЕС ЕООД,Варна,ВАРНА,Local Shop,Bronze,Not Seasonal,At Home
107785,БИРАРИЯ СТАРИЯ КАПИТАН ЕООД,Бургас,БУРГАС,Restaurant,Bronze,Not Seasonal,Out of Home
109266,ЖИВА РИБА ЕООД,Варна,ВАРНА,Bar,Bronze,Not Seasonal,Out of Home
108919,ОПИЛЕНСИЯ ЕООД,Варна,ВАРНА,Hotels,Bronze,Not Seasonal,Out of Home
109264,БУНАТА ЕООД,Варна,ВАРНА,Bar,Bronze,Not Seasonal,Out of Home
101497,Суши ЕООД,Шумен,ЗАГОРИЧЕ,Local Shop,Bronze,Not Seasonal,At Home
111386,ЧЖОУ ЕООД,Варна,ВАРНА,Fast-food,Bronze,Not Seasonal,Out of Home
112087,ГРЪЦКИ РЕСТОРАНТ ЕООД,Бургас,ПРИМОРСКО,Superette,Bronze,Not Seasonal,At Home
100068,МАГНУС ЕООД,Шумен,НОВИ ПАЗАР,Local Shop,Bronze,Not Seasonal,At Home
109635,ХОТЕЛ АДРЕС ЕООД,Варна,ВАРНА,Fast-food,Bronze,Seasonal,Out of Home
110490,КРИМ ЕООД,Варна,ВАРНА,Fast-food,Bronze,Not Seasonal,Out of Home
104676,ФЛАГМАН 3 ЕООД,Силистра,БОСНА,Local Shop,Bronze,Not Seasonal,At Home
110332,СУШИ НОРИ ЕООД,Бургас,БУРГАС,Fast-food,Bronze,Not Seasonal,Out of Home
103119,РИБАРСКА СРЕЩА ЕООД,Добрич,ТЕРВЕЛ,Local Shop,Bronze,Not Seasonal,At Home
100474,Фиш бар Флай ЕООД,Бургас,СЛЪНЧЕВ БРЯГ,Supermarket,Bronze,Not Seasonal,At Home
108129,БИСТРО РЕВЕРАНС ЕООД,Бургас,ПОМОРИЕ,Restaurant,Bronze,Seasonal,Out of Home
111765,КИТАЙСКА КЪЩА ЕООД,Бургас,БУРГАС,Fast-food,Bronze,Not Seasonal,Out of Home
109841,РЕСТОРАНТ РОМАНТИКА ЕООД,Бургас,БУРГАС,Cafe,Bronze,Not Seasonal,Out of Home
111118,БИГ ФЕМИЛИ ГРУП ЕООД ЕООД,Добрич,БАЛЧИК,Hotels,Silver,Not Seasonal,Out of Home
103820,ХОТЕЛ ВАРНА ЕООД,Варна,ВАРНА,Local Shop,Bronze,Not Seasonal,At Home
109230,НОРД ЕООД,Варна,ДЕВНЯ,Bar,Bronze,Not Seasonal,Out of Home
111476,ПОСЕЙДОН ЕООД,Бургас,БУРГАС,Restaurant,Silver,Not Seasonal,Out of Home
109863,РЕСТОРАНТ РИБЕНАТА КЪЩА ЕООД,Варна,ВАРНА,Cafe,Bronze,Not Seasonal,Out of Home
111846,РЕСТОРАНТ АТЛАНТИК ЕООД,Варна,ВАРНА,Restaurant,Silver,Not Seasonal,Out of Home
111525,СУШИ БОКС ЕООД,Варна,ВАРНА,Restaurant,Silver,Not Seasonal,Out of Home
105957,РАМЕН СТЕЙШЪН ЕООД,Варна,ВАРНА,Fast-food,Bronze,Not Seasonal,Out of Home
109546,Тамаши суши ЕООД,Бургас,КАРНОБАТ,Fast-food,Bronze,Not Seasonal,Out of Home
111689,РИБКА ЕООД,Бургас,КАРНОБАТ,Fast-food,Bronze,Not Seasonal,Out of Home
100104,ТРОПИКАНА ЕООД,Добрич,ТЕРВЕЛ,Local Shop,Bronze,Not Seasonal,At Home
106751,ТАЙЛАНДСКИ БАР ЕООД,Варна,ВАРНА,Nightclub,Silver,Not Seasonal,Out of Home
111816,КАПАНА ЕООД,Бургас,БУРГАС,Bar,Bronze,Seasonal,Out of Home
101721,ЗЛАТНА РИБКА ЕООД,Варна,МИХАЛИЧ,Local Shop,Bronze,Not Seasonal,At Home
101115,ХАПКА ЕООД,Шумен,НИКОЛА КОЗЛЕВО,Cafe,Bronze,Not Seasonal,At Home
102674,БИРАРИЯ ДЖОЛИ РОДЖЪР ЕООД,Велико Търново,СТРАЖИЦА,Local Shop,Bronze,Not Seasonal,At Home
108128,РИБАРСКА КЪЩА ЕООД,Бургас,ПОМОРИЕ,Restaurant,Bronze,Not Seasonal,Out of Home
111499,Китайски ресторант ЕООД,Бургас,РАВДА,Restaurant,Silver,Seasonal,Out of Home
100667,МАГАЗИН ЗА КАФЕ ЕООД,Русе,РУСЕ,Supermarket,Bronze,Not Seasonal,At Home
105733,АЛЕКСАНДРА ЕООД,Варна,ИГНАТИЕВО,Fast-food,Bronze,Not Seasonal,Out of Home
102923,КАФЕ ЕООД,Русе,РУСЕ,Local Shop,Bronze,Not Seasonal,At Home
103833,МАГАЗИН ЕООД,Бургас,ПОМОРИЕ,Local Shop,Bronze,Seasonal,At Home
100724,МАГАЗИН ЗА КАФЕ ЕООД,Добрич,ДОБРИЧ,Supermarket,Bronze,Not Seasonal,At Home
100954,МАГАЗИН ЗА КАФЕ ЕООД,Бургас,СОЗОПОЛ,Supermarket,Bronze,Seasonal,At Home
100784,МАГАЗИН ПАК СТОКИ ЕООД,Ямбол,ЯМБОЛ,Supermarket,Bronze,Not Seasonal,At Home
111817,КОСМОС КРИСТАЛ ЕООД,Бургас,БУРГАС,Cafe,Bronze,Not Seasonal,Out of Home
107272,ПАКЕТИРАНИ СТОКИ ЕООД,Бургас,БУРГАС,Hotels,Bronze,Not Seasonal,At Home
111412,КОФЕ ШОП ЕООД,Бургас,БУРГАС,Fast-food,Bronze,Not Seasonal,Out of Home
105545,МАГАЗИН ЗА КАФЕ ЕООД,Бургас,БУРГАС,Cafe,Bronze,Not Seasonal,Out of Home
110095,МАГАЗИН МЕРЛИН ЕООД,Бургас,БУРГАС,Cafe,Bronze,Not Seasonal,Out of Home
110794,САМИ - Б.ГЕОРГИЕВА ЕООД,Бургас,БУРГАС,Fast-food,Bronze,Not Seasonal,Out of Home
105544,МХС АЗУРО 2 ЕООД,Бургас,БУРГАС,Cafe,Bronze,Not Seasonal,Out of Home
110335,МХС АКВА МАРИН ЕООД,Бургас,БУРГАС,Fast-food,Bronze,Not Seasonal,Out of Home
105860,АНЕЛИЯ 70 АНЕЛИЯ ТОДОРОВА ЕТ ЕООД,Бургас,БУРГАС,Fast-food,Bronze,Not Seasonal,Out of Home
105543,Барбър Емо ЕООД,Бургас,БУРГАС,Cafe,Bronze,Not Seasonal,Out of Home
110096,ПАВИЛИОН ЗА АЛКОХОЛ И ЦИГАРИ ЕООД,Бургас,БУРГАС,Cafe,Bronze,Not Seasonal,Out of Home
105712,МАГАЗИН ЕООД,Бургас,БУРГАС,Bar,Silver,Not Seasonal,Out of Home
110328,МАГАЗИН ЕООД,Бургас,БУРГАС,Fast-food,Bronze,Not Seasonal,Out of Home
101803,МАЧО ЕООД,Добрич,КРАСЕН,Local Shop,Bronze,Not Seasonal,At Home
110003,ВЕНЕЦИАНА ЕООД ЕООД,Бургас,БУРГАС,Cafe,Bronze,Not Seasonal,Out of Home
103810,МАКАДАМИЯ ЕООД,Варна,ВАРНА,Local Shop,Bronze,Not Seasonal,At Home
103046,РОМПЕТРОЛ ЕООД,Варна,ВАРНА,Local Shop,Bronze,Not Seasonal,At Home
105757,ФРЕШ ДЖУС БАР ЕООД,Варна,ВАРНА,Fast-food,Bronze,Not Seasonal,Out of Home
101812,СИМОВА 1 ЕООД,Добрич,КАВАРНА,Local Shop,Bronze,Not Seasonal,At Home
100152,СТЕФ-АНИ ЕООД,Сливен,СЛИВЕН,Local Shop,Bronze,Not Seasonal,At Home
103408,МАГАЗИН ЗА КАФЕ ЕООД,Ямбол,ЯМБОЛ,Local Shop,Bronze,Not Seasonal,At Home
110077,МЕЛЕНЕ НА КАФЕ ЕООД,Бургас,СОЗОПОЛ,Cafe,Bronze,Seasonal,Out of Home
110200,МАГАЗИН КАМЕНА ЕООД,Варна,ВАРНА,Fast-food,Bronze,Not Seasonal,Out of Home
108248,МЕЛЕНЕ НА КАФЕ ЕООД,Бургас,СОЗОПОЛ,Restaurant,Bronze,Seasonal,Out of Home
110074,МИНИМАРКЕТ ЕООД,Бургас,СОЗОПОЛ,Cafe,Bronze,Seasonal,Out of Home
108800,Сувенири ЕООД,Бургас,ПРИМОРСКО,Hotels,Bronze,Seasonal,Out of Home
100287,МАГАЗИН ЗА КАФЕ ЕООД,Велико Търново,ВЕЛИКО ТЪРНОВО,Local Shop,Bronze,Not Seasonal,At Home
109087,КАМАРИ ЕООД,Бургас,СОЗОПОЛ,Hotels,Bronze,Seasonal,Out of Home
105646,МАГАЗИН ЗА КАФЕ ЕООД,Бургас,ПРИМОРСКО,Bar,Silver,Seasonal,Out of Home
111478,МАГАЗИН ЗА КАФЕ ЕООД,Бургас,НЕСЕБЪР,Restaurant,Silver,Seasonal,Out of Home
103717,БЕНЗИНОСТАНЦИЯ ЕООД,Сливен,ГЕРГЕВЕЦ,Local Shop,Bronze,Not Seasonal,At Home
107268,Магазин Пакетирани стоки ЕООД,Сливен,СЛИВЕН,Hotels,Bronze,Not Seasonal,At Home
100783,Бензиностанция ЕООД,Ямбол,ЯМБОЛ,Supermarket,Bronze,Not Seasonal,At Home
100288,ВАСТАК ЕООД,Велико Търново,ВЕЛИКО ТЪРНОВО,Local Shop,Bronze,Not Seasonal,At Home
110499,СВЕЖ ЕООД,Варна,ВАРНА,Fast-food,Bronze,Not Seasonal,Out of Home
108349,АВТО ЕООД,Бургас,БУРГАС,Restaurant,Bronze,Not Seasonal,Out of Home
105875,ФРИЗЬОРСКИ САЛОН ЕООД,Бургас,БУРГАС,Fast-food,Bronze,Not Seasonal,Out of Home
105075,БАРБЕР ШОП ЕООД,Бургас,БУРГАС,Cafe,Bronze,Not Seasonal,Out of Home
110295,ДИНАМИК АУТО ВАРНА ЕООД ЕООД,Бургас,БУРГАС,Fast-food,Bronze,Not Seasonal,Out of Home
100385,БАРБЕР ШОП БИЛИОНЕРС КЛУБ ЕООД,Варна,ВАРНА,Supermarket,Bronze,Not Seasonal,At Home
106766,Паркинг КПП ЕООД,Бургас,СЛЪНЧЕВ БРЯГ,Nightclub,Silver,Seasonal,Out of Home
105070,ДЖИЯ ЕООД,Бургас,НЕСЕБЪР,Cafe,Bronze,Not Seasonal,Out of Home
110581,КОМБИНАТ ЕООД,Бургас,БУРГАС,Fast-food,Bronze,Not Seasonal,Out of Home
105970,АКСИОМА ЕООД,Бургас,ПОМОРИЕ,Fast-food,Bronze,Seasonal,Out of Home
101767,Креми ЕООД,Шумен,ШУМЕН,Local Shop,Bronze,Not Seasonal,At Home
101024,ОФИС КОКА КОЛА ЕООД,Бургас,ПОЛСКИ ИЗВОР,Supermarket,Bronze,Not Seasonal,At Home
100504,ПЕПИНО СВА ЕООД,Бургас,РАВДА,Supermarket,Bronze,Not Seasonal,At Home
102924,БЕНЗИНОСТАНЦИЯ БЕНИТА 27 ЕООД,Русе,РУСЕ,Local Shop,Bronze,Not Seasonal,At Home
103685,МАГАЗИН ЕООД,Сливен,БЛАТЕЦ,Local Shop,Bronze,Not Seasonal,At Home
103893,С Р С ЕООД,Бургас,ПОМОРИЕ,Local Shop,Bronze,Not Seasonal,At Home
105547,МХС ЕООД,Бургас,БУРГАС,Cafe,Bronze,Not Seasonal,Out of Home
105131,ЦВЕТА БОГДАНОВА ЕООД,Бургас,КАМЕНО,Cafe,Bronze,Not Seasonal,Out of Home
106446,МАГАЗИН ЕООД,Велико Търново,ВЕЛИКО ТЪРНОВО,Cafe,Bronze,Not Seasonal,At Home
105197,НОН СТОП ЕООД,Бургас,БУРГАС,Cafe,Bronze,Not Seasonal,Out of Home
108971,ПАРАДОКС ЕООД,Бургас,ПОМОРИЕ,Hotels,Bronze,Seasonal,Out of Home
108966,Констанс Митница ЕООД,Бургас,ПОМОРИЕ,Hotels,Bronze,Seasonal,Out of Home
104526,БАРО МАКЕДОНИЯ ЕООД,Варна,АСПАРУХОВО,Local Shop,Bronze,Not Seasonal,At Home
103103,ВИКИ АВТОГАРА ЕООД,Разград,РАЗГРАД,Local Shop,Bronze,Not Seasonal,At Home
103178,МАГАЗИН ЕООД,Варна,ВАРНА,Local Shop,Bronze,Not Seasonal,At Home
108157,ПЕСТО АЙДЕМИР ЕООД,Бургас,ПОМОРИЕ,Restaurant,Bronze,Seasonal,Out of Home
108967,ДУНАВСКИ ВЪЛНИ ЕООД,Бургас,ПОМОРИЕ,Hotels,Bronze,Seasonal,Out of Home
104338,КАСТЕЛ ОЙЛ ЕООД,Разград,ЗАВЕТ,Local Shop,Bronze,Not Seasonal,At Home
111688,КВАНТ 1 ЕООД,Бургас,РУЕН,Fast-food,Bronze,Not Seasonal,Out of Home
108981,ВИП ТРЕЙД ДО ПОЛИЦИЯТА ЕООД,Бургас,АХЕЛОЙ,Hotels,Bronze,Seasonal,Out of Home
106032,МАРЕШКИ ЕООД,Варна,ВАРНА,Fast-food,Bronze,Not Seasonal,Out of Home
106019,РАМАЦОТИ ЕООД,Варна,ВАРНА,Fast-food,Bronze,Not Seasonal,Out of Home
104523,АКТЕНА ЕООД,Варна,ЦОНЕВО,Local Shop,Bronze,Not Seasonal,At Home
105046,ХРАНИТЕЛНИ СТОКИ ЕООД,Варна,ВАРНА,Cafe,Bronze,Not Seasonal,Out of Home
104562,VINCE SHOP ЕООД,Варна,ОБЗОР,Local Shop,Bronze,Seasonal,At Home
105753,МАГ ЕООД,Варна,ВАРНА,Fast-food,Bronze,Not Seasonal,Out of Home
104874,КОРОНА ЕООД,Варна,ВАРНА,Cafe,Bronze,Not Seasonal,Out of Home
110744,МАГАЗИН ЕООД,Варна,ВАРНА,Fast-food,Bronze,Not Seasonal,Out of Home
108366,МАГАЗИН ЕООД,Бургас,ЧЕРНОМОРЕЦ,Restaurant,Bronze,Seasonal,Out of Home
111298,БЕНЗИНОСТАНЦИЯ ДЕГА НЕСЕБЪР ЕООД,Бургас,НЕСЕБЪР,Fast-food,Bronze,Not Seasonal,Out of Home
111300,Павилион ЕООД,Бургас,НЕСЕБЪР,Fast-food,Bronze,Not Seasonal,Out of Home
105115,АЛЕСМЕР ЕООД,Бургас,БУРГАС,Cafe,Bronze,Not Seasonal,Out of Home
111747,ЦАРЯ ЕООД,Варна,ВАРНА,Fast-food,Bronze,Not Seasonal,Out of Home
111538,МАГАЗИН ЕООД,Бургас,ПОМОРИЕ,Restaurant,Silver,Seasonal,Out of Home
109634,БОМБОЛАНДИЯ ЕООД,Варна,ВАРНА,Fast-food,Bronze,Not Seasonal,Out of Home
109513,ПАВИЛИОН ЗА БЪРЗО ХРАНЕНЕ ЕООД,Бургас,БУРГАС,Fast-food,Bronze,Not Seasonal,Out of Home
106512,КАФЕ ЦИГАРИ СЛАДКИ ЕООД,Варна,ВАРНА,Cafe,Bronze,Not Seasonal,Out of Home
106020,СЕЛЕКТ ПЛЮС ЕООД,Варна,ВАРНА,Fast-food,Bronze,Not Seasonal,Out of Home
111677,ВВ КОМЕРС ЕООД,Бургас,БУРГАС,Fast-food,Bronze,Not Seasonal,Out of Home
101171,МАГАЗИН ЗА ПАКЕТИРАНИ СТОКИ ЕООД,Варна,ДЕВНЯ,Cafe,Bronze,Not Seasonal,Out of Home
108783,ПРЕМИУМ ЕООД,Бургас,ПРИМОРСКО,Hotels,Bronze,Not Seasonal,Out of Home
100512,АБРИТУС ЕООД,Бургас,РАВДА,Supermarket,Bronze,Seasonal,At Home
110343,АЛДО ЕООД,Бургас,БУРГАС,Fast-food,Bronze,Not Seasonal,Out of Home
102797,ЛАФКАТА ЕООД,Русе,ПИРГОВО,Local Shop,Bronze,Not Seasonal,At Home
102650,РАЯС ФУУД ЕООД,Русе,ЩРЪКЛЕВО,Local Shop,Bronze,Not Seasonal,At Home
106469,М-Н ЗА АЛКОХОЛ ДЖЕМА ЕООД,Варна,ПРОВАДИЯ,Cafe,Bronze,Not Seasonal,Out of Home
105840,ГЕОРГИ МИТЕВ ЕООД,Варна,ВАРНА,Fast-food,Bronze,Not Seasonal,Out of Home
103787,БОЖИ ДАР ЕООД,Бургас,ПОМОРИЕ,Local Shop,Bronze,Not Seasonal,At Home
110745,МАГАЗИН ЗА КАФЕ ЕООД,Варна,ВАРНА,Fast-food,Bronze,Not Seasonal,Out of Home
111833,ЗВЕЗДЕЛИНА ЕООД,Варна,ВАРНА,Restaurant,Silver,Not Seasonal,Out of Home
109383,КОРНЕР ЕООД,Варна,ВАРНА,Fast-food,Bronze,Not Seasonal,Out of Home
110078,ДИА 76 ЕООД ЕООД,Бургас,СОЗОПОЛ,Cafe,Bronze,Seasonal,Out of Home
100073,БАРБАДОС ЕООД,Търговище,ТЪРГОВИЩЕ,Local Shop,Bronze,Not Seasonal,At Home
111375,МХС ЕООД,Варна,ВАРНА,Fast-food,Bronze,Not Seasonal,Out of Home
102205,ТАНЯ ЕООД,Бургас,СВЕТИ ВЛАС,Local Shop,Bronze,Seasonal,At Home
106033,КОМИ 2014 ЕООД ЕООД,Варна,ВАРНА,Fast-food,Bronze,Not Seasonal,Out of Home
106025,ПАНГЕЛ - МИНЧО МИНЧЕВ ЕТ ЕООД,Варна,ВАРНА,Fast-food,Bronze,Not Seasonal,Out of Home
111459,ПЛАМЕТ ЕООД,Варна,ВАРНА,Restaurant,Silver,Not Seasonal,Out of Home
111460,БЕНЗИНОСТАНЦИЯ ЕООД,Варна,ВАРНА,Restaurant,Silver,Not Seasonal,Out of Home
102489,ФРЕШ ЕООД,Шумен,ЕНЕВО,Local Shop,Bronze,Not Seasonal,At Home
102460,ФРЕШ БАР ТАБАКО ЕООД,Търговище,ОМУРТАГ,Local Shop,Bronze,Not Seasonal,At Home
100953,КОФЕИН ХАУС ЛОРЕНЦО ЕООД,Бургас,СОЗОПОЛ,Supermarket,Bronze,Seasonal,At Home
110754,АНСТЕЛ ЕООД,Варна,ВАРНА,Fast-food,Bronze,Not Seasonal,Out of Home
104623,БАКЕРИ ЕООД,Велико Търново,РАДАНОВО,Local Shop,Bronze,Not Seasonal,At Home
111013,ЧАРДЖ СТОП 13 ЕООД,Варна,ВАРНА,Hotels,Silver,Seasonal,Out of Home
109617,НАСКО ФРЕШ БАР ЕООД,Варна,ВАРНА,Fast-food,Bronze,Not Seasonal,Out of Home
110677,МПС ЕООД,Варна,ВАРНА,Restaurant,Bronze,Not Seasonal,Out of Home
111819,АЛКОХОЛ КАФЕ  ИГАРИ ЕООД,Варна,ВАРНА,Cafe,Bronze,Not Seasonal,Out of Home
109618,КОРНЕР ШОП ЕООД,Варна,ВАРНА,Fast-food,Bronze,Not Seasonal,Out of Home
105463,ДРАЙВ ШОП ЕООД,Бургас,ЧЕРНОМОРЕЦ,Cafe,Bronze,Not Seasonal,Out of Home
109619,ДАНИС ЕООД,Варна,ВАРНА,Fast-food,Bronze,Not Seasonal,Out of Home
109633,ФАБИАНО 2 ЕООД,Варна,ВАРНА,Fast-food,Bronze,Not Seasonal,Out of Home
109650,ОМАЯ ЕООД,Варна,ВАРНА,Fast-food,Bronze,Not Seasonal,Out of Home
105198,МАГАЗИНЧЕТО НА ЛИЛИ ЕООД,Бургас,БУРГАС,Cafe,Bronze,Not Seasonal,Out of Home
109640,ШОКОЛАДОВИ ИЗДЕЛИЯ ЕООД,Варна,ВАРНА,Fast-food,Bronze,Not Seasonal,Out of Home
109878,КАЛИНА ЕООД,Варна,ВАРНА,Restaurant,Silver,Not Seasonal,Out of Home
110756,ЙОРИ ЕООД,Варна,ВАРНА,Fast-food,Bronze,Not Seasonal,Out of Home
110784,Магазин Банпе ЕООД,Варна,ВАРНА,Fast-food,Bronze,Not Seasonal,Out of Home
109247,ДЕГА - ПОДА ЕООД,Варна,ВАРНА,Bar,Bronze,Not Seasonal,Out of Home
102649,БОН БОН ЕООД,Русе,ЮДЕЛНИК,Local Shop,Bronze,Not Seasonal,At Home
111729,МЕДИТЕРАН ЕООД,Варна,ВАРНА,Fast-food,Bronze,Not Seasonal,Out of Home
106524,МАГАЗИН ЕООД,Варна,ВАРНА,Cafe,Bronze,Not Seasonal,Out of Home
109643,МАГАЗИН ХРАНИТЕЛНИ СТОКИ ЕООД,Варна,ВАРНА,Fast-food,Bronze,Not Seasonal,Out of Home
107205,АЛКОХОЛ И ЦИГАРИ ЕООД,Варна,ПАРТИЗАНИ,Superette,Bronze,Not Seasonal,At Home
106416,IN PULSE ЕООД,Шумен,НОВИ ПАЗАР,Cafe,Bronze,Not Seasonal,At Home
111378,ЕКСТРА ЕООД,Варна,ВАРНА,Fast-food,Bronze,Not Seasonal,Out of Home
109645,ПАВИЛИОН ЕООД,Варна,ВАРНА,Fast-food,Bronze,Not Seasonal,Out of Home
109646,МАГАЗИН СТЕЛА ЕООД,Варна,ВАРНА,Fast-food,Bronze,Not Seasonal,Out of Home
109647,ПАВИЛИОН ЕООД,Варна,ВАРНА,Fast-food,Bronze,Not Seasonal,Out of Home
111886,ЦИПОВА ЕООД,Сливен,СЛИВЕН,Superette,Bronze,Not Seasonal,At Home
100475,МХС ЕООД,Бургас,АХЕЛОЙ,Supermarket,Bronze,Seasonal,At Home
110553,ХРАНИТЕЛНИ СТОКИ ЕООД,Бургас,БУРГАС,Fast-food,Bronze,Not Seasonal,Out of Home
109300,АУРОРА БЮТИ ЕООД,Варна,ВАРНА,Fast-food,Bronze,Not Seasonal,Out of Home
109299,МАРАНЕЛО ЕООД,Варна,ВАРНА,Fast-food,Bronze,Seasonal,Out of Home
111261,МАГАЗИН ПАКЕТИРАНИ СТОКИ ЕООД,Варна,ДЪЛГОПОЛ,Fast-food,Bronze,Not Seasonal,Out of Home
101763,Т CARD ЕООД,Шумен,КАСПИЧАН,Local Shop,Bronze,Not Seasonal,At Home
108246,ПАВИЛИОН ЕООД,Бургас,СРЕДЕЦ,Restaurant,Bronze,Seasonal,Out of Home
107842,МАГАЗИН ТРАФИКА ЕООД,Бургас,БУРГАС,Restaurant,Bronze,Not Seasonal,Out of Home
111368,МАГАЗИН ПАКЕТИРАНИ СТОКИ ЕООД,Варна,ВАРНА,Fast-food,Bronze,Not Seasonal,Out of Home
107294,МАГАЗИН ТРИШЪР ЕООД,Шумен,НОВИ ПАЗАР,Supermarket,Iron,Not Seasonal,At Home
106029,МПС ЕООД,Варна,ВАРНА,Fast-food,Bronze,Not Seasonal,Out of Home
109649,АГРОЕКСПРЕС ЕООД,Варна,ВАРНА,Fast-food,Bronze,Not Seasonal,Out of Home
106028,ХРАНИТЕЛНИ СТОКИ ЕООД,Варна,ВАРНА,Fast-food,Bronze,Not Seasonal,Out of Home
105732,Магазин ЕООД,Варна,ДОЛНИ ЧИФЛИК,Fast-food,Bronze,Not Seasonal,Out of Home
109638,БАРЧЕ НА БОЛНИЦА ЕООД,Варна,ВАРНА,Fast-food,Bronze,Not Seasonal,Out of Home
110847,ПИТСТОП ЕООД,Варна,ВАРНА,Restaurant,Bronze,Not Seasonal,Out of Home
111523,СТОЛ ЗА ХРАНЕНЕ МЕГИ ЕООД,Варна,ВАРНА,Restaurant,Silver,Not Seasonal,Out of Home
109758,НОН СТОП ЕООД,Варна,ВАРНА,Hotels,Bronze,Not Seasonal,Out of Home
103892,ВИП СТОП ЕООД,Бургас,ВЕСЕЛИЕ,Local Shop,Bronze,Not Seasonal,At Home
110675,КАЧАТЕЯ ЕООД,Варна,ВАРНА,Restaurant,Bronze,Not Seasonal,Out of Home
102315,МИРОСЛАВА ЕООД,Бургас,ПОРОЙ,Local Shop,Bronze,Not Seasonal,At Home
109639,ИВАЙЛО ВЕЛИКОВ ЕООД,Варна,ВАРНА,Fast-food,Bronze,Not Seasonal,Out of Home
105842,ХАВАНА БЪЛГАРИЯ ЕООД,Варна,ВАРНА,Fast-food,Bronze,Not Seasonal,Out of Home
111366,КОРЕКОМ ЕООД,Варна,ВАРНА,Fast-food,Bronze,Not Seasonal,Out of Home
106027,Табак ЕООД,Варна,ВАРНА,Fast-food,Bronze,Not Seasonal,Out of Home
105126,БАРЪТ ЕООД,Бургас,БУРГАС,Cafe,Bronze,Not Seasonal,Out of Home
111579,МЕМОРИС ЕООД,Варна,ВАРНА,Fast-food,Bronze,Seasonal,Out of Home
101422,ВИМЕЯ ЕООД,Шумен,КАОЛИНОВО,Local Shop,Bronze,Not Seasonal,At Home
110119,Б - ГРУП АД ЕООД,Варна,ВАРНА,Fast-food,Bronze,Seasonal,Out of Home
100382,ЕЛЕКТРОНИКС ЕООД,Варна,ВАРНА,Supermarket,Bronze,Seasonal,At Home
106239,ХРИСИ ЕООД,Бургас,НЕСЕБЪР,Local Shop,Silver,Seasonal,At Home
100476,ЗАВОД ЗА ТУХЛИ КАСПИЧАН ЕООД,Бургас,СЛЪНЧЕВ БРЯГ,Supermarket,Bronze,Seasonal,At Home
105408,ЕШРЕФОГЛУ ЕООД,Бургас,ПРИМОРСКО,Cafe,Bronze,Seasonal,Out of Home
110047,РОЯЛ КОМЕРС ЕООД,Бургас,ЧЕРНОМОРЕЦ,Cafe,Bronze,Seasonal,Out of Home
111756,СИНГТРАНС ЕООД,Варна,ВАРНА,Fast-food,Bronze,Not Seasonal,Out of Home
106009,ВОЕННО ФИРМИРОВАНИЕ ЕООД,Варна,ВАРНА,Fast-food,Bronze,Not Seasonal,Out of Home
105781,ЕЛИТИС ЕООД,Бургас,БУРГАС,Fast-food,Bronze,Seasonal,Out of Home
100477,КЕТЪРИНГ ЕООД,Бургас,СЛЪНЧЕВ БРЯГ,Supermarket,Bronze,Seasonal,At Home
110682,БОРСА ЕООД,Бургас,РАВДА,Restaurant,Bronze,Seasonal,Out of Home
106643,ЕНТЪРПРАЙЗ ЕООД,Бургас,СЛЪНЧЕВ БРЯГ,Superette,Silver,Seasonal,At Home
110266,ЕЛИТИС ЕООД,Бургас,БУРГАС,Fast-food,Bronze,Not Seasonal,Out of Home
110337,САТ КОМЕРС ООД СКЛАД ЕООД,Бургас,ПРИМОРСКО,Fast-food,Bronze,Seasonal,Out of Home
104869,СКЛАД ТИРЕКС ЕООД,Варна,ДЪЛГОПОЛ,Cafe,Bronze,Not Seasonal,Out of Home
107215,БУЛГАРПЛОД ЕООД,Велико Търново,ВЕЛИКО ТЪРНОВО,Superette,Bronze,Not Seasonal,At Home
101993,ТОБО ЕООД,Варна,ВАРНА,Local Shop,Bronze,Not Seasonal,At Home
100383,АТИЛА ЕООД,Варна,ВАРНА,Supermarket,Bronze,Seasonal,At Home
109558,РЕВАНСКИ ЕООД,Бургас,ПОМОРИЕ,Fast-food,Bronze,Seasonal,Out of Home
101811,БОРСА ВАЗАРО ЕООД,Добрич,БАЛЧИК,Local Shop,Bronze,Seasonal,At Home
111566,МЕЛИНА ЕООД,Варна,ВАРНА,Fast-food,Bronze,Not Seasonal,Out of Home
107269,СКЛАД РАЗНОС ЕООД,Сливен,SLIVEN,Hotels,Bronze,Not Seasonal,At Home
102425,ДЕЛФИН ЕООД,Търговище,ТЪРГОВИЩЕ,Local Shop,Bronze,Not Seasonal,At Home
100884,ВАЗАРО КОМЕРС ЕООД,Варна,ВАРНА,Supermarket,Bronze,Not Seasonal,At Home
104563,ВИКИ 97 ЕООД,Варна,БЯЛА,Local Shop,Bronze,Seasonal,At Home
105422,МЕЛНИЦА ЕООД,Бургас,ЕКЗАРХ АНТИМОВО,Cafe,Bronze,Not Seasonal,Out of Home
100396,ХОТЕЛ ЕЛИНЕСКО ЕООД,Варна,ВАРНА,Supermarket,Bronze,Seasonal,At Home
107277,СКЛАД ЕООД,Бургас,БУРГАС,Hotels,Bronze,Not Seasonal,At Home
111291,СКЛАД ЛЮБО ЕООД,Варна,ЗЛАТНИ ПЯСЪЦИ,Fast-food,Bronze,Seasonal,Out of Home
107533,ЕКСПОРТ ЕООД,Варна,ЗЛАТНИ ПЯСЪЦИ,Restaurant,Bronze,Seasonal,Out of Home
107308,БАЗА ЕООД,Варна,ВАРНА,Restaurant,Bronze,Seasonal,Out of Home
100506,АБРИТУС ЕООД,Бургас,НЕСЕБЪР,Supermarket,Bronze,Seasonal,At Home
101029,ЛОЗАНА ЕООД,Бургас,БУРГАС,Supermarket,Bronze,Not Seasonal,At Home
111903,МЕХАНА ПРИЯТЕЛИ ЕООД,Варна,ОСЕНОВО,Cafe,Bronze,Not Seasonal,At Home
100952,ЕШРЕФОГЛУ ЕООД,Бургас,СОЗОПОЛ,Supermarket,Bronze,Seasonal,At Home
106026,СКЛАД ВАЛЕНТИНА ЕООД,Варна,ВАРНА,Fast-food,Bronze,Not Seasonal,Out of Home
101018,МАР БОР ЕООД,Бургас,БУРГАС,Supermarket,Bronze,Not Seasonal,At Home
101020,ТЕРУМ ЕООД,Бургас,БУРГАС,Supermarket,Bronze,Not Seasonal,At Home
101311,МАТИАС ЕООД,Бургас,КАБЛЕШКОВО,Cafe,Bronze,Not Seasonal,Out of Home
106638,МХС ЕООД,Добрич,КРАНЕВО,Superette,Silver,Not Seasonal,At Home
105951,СТАР ПРИНТ ЕООД,Бургас,ОБЗОР,Fast-food,Bronze,Seasonal,Out of Home
110803,ФЕСТИВАЛ ЕООД,Варна,ПРОВАДИЯ,Restaurant,Bronze,Not Seasonal,Out of Home
111741,ЕЛИТИС ЕООД,Варна,ВАРНА,Fast-food,Bronze,Not Seasonal,Out of Home
110877,БЕЗМИТЕН МАГАЗИН ЕООД,Бургас,PRIMORSKO,Restaurant,Bronze,Seasonal,Out of Home
110662,МАГАЗИН ЗА АВТОЧАСТИ ЕООД,Варна,ВАРНА,Restaurant,Bronze,Not Seasonal,Out of Home
101314,ИЗБАТА ЕООД,Варна,ВАРНА,Cafe,Bronze,Not Seasonal,Out of Home
110714,КАФЕТО ЕООД,Бургас,AYTOS,Restaurant,Bronze,Not Seasonal,Out of Home
105998,НОВА БОРСА ЕООД,Бургас,AYTOS,Fast-food,Bronze,Not Seasonal,Out of Home
111016,МАГАЗИН ЕООД,Варна,ВАРНА,Hotels,Silver,Seasonal,Out of Home
106381,СКЛАД ЕООД,Бургас,БУРГАС,Cafe,Bronze,Not Seasonal,Out of Home
102811,АУТОКОМ ЕООД,Русе,СМИРНЕНСКИ,Local Shop,Bronze,Not Seasonal,At Home
104973,БОРСА ЕООД,Варна,ВАРНА,Cafe,Bronze,Not Seasonal,Out of Home
105419,СКЛАД ЕООД,Бургас,БУРГАС,Cafe,Bronze,Not Seasonal,Out of Home
102214,СТИЛ ЕООД,Бургас,KARNOBAT,Local Shop,Bronze,Not Seasonal,At Home
107841,РИБЕН МАГАЗИН ЕООД,Бургас,БУРГАС,Restaurant,Bronze,Not Seasonal,Out of Home
111273,СКЛАД ЕООД,Бургас,СЛЪНЧЕВ БРЯГ,Fast-food,Bronze,Seasonal,Out of Home
106005,СУПЕРМАРКЕТ АВА ЕООД,Варна,ВАРНА,Fast-food,Bronze,Not Seasonal,Out of Home
103472,СКЛАД ВИА ПОНТИКА ЕООД,Ямбол,ЕЛХОВО,Local Shop,Bronze,Not Seasonal,At Home
111485,БОРСА АВА ГРУП ЕООД,Бургас,АХЕЛОЙ,Restaurant,Silver,Seasonal,Out of Home
111794,СКЛАД РАДЕВ ЕООД,Бургас,СЛЪНЧЕВ БРЯГ,Bar,Bronze,Seasonal,Out of Home
111947,СКЛАД ЛЕШНИК ЕООД,Търговище,ТЪРГОВИЩЕ,Local Shop,Bronze,Not Seasonal,At Home
107099,СТЕФАНИ ЕООД,Бургас,БУРГАС,Superette,Bronze,Not Seasonal,At Home
109826,ЛЕШНИК ЕООД,Варна,ВАРНА,Cafe,Bronze,Not Seasonal,Out of Home
105588,СКЛАД ЕООД,Бургас,СЛЪНЧЕВ БРЯГ,Bar,Silver,Seasonal,Out of Home
107482,КРАСИ ИЛИЕВ ЕООД,Бургас,СВЕТИ ВЛАС,Restaurant,Bronze,Seasonal,Out of Home
107469,БОРКО ЕООД,Бургас,СВЕТИ ВЛАС,Restaurant,Bronze,Seasonal,Out of Home
100381,СКЛАД ЕООД,Варна,ВАРНА,Supermarket,Bronze,Seasonal,At Home
111017,ПОДДИСТРИБУТОР ЕООД,Варна,ВАРНА,Hotels,Silver,Seasonal,Out of Home
105413,БОРСА ЕООД,Бургас,ЯБЪЛЧЕВО,Cafe,Bronze,Not Seasonal,Out of Home
104661,МАГАЗИН ТРОЯ ЕООД,Силистра,БРЕНИЦА,Local Shop,Bronze,Not Seasonal,At Home
107081,СКЛАД ЕООД,Ямбол,YAMBOL,Superette,Bronze,Not Seasonal,At Home
110715,СКЛАД ЕООД,Бургас,РУЕН,Restaurant,Bronze,Not Seasonal,Out of Home
107787,БОРСА ПЕМИДА ЕООД,Бургас,ПРИМОРСКО,Restaurant,Bronze,Seasonal,Out of Home
105179,КЕТЪРИНГ ЕООД,Бургас,СТОИЛОВО,Cafe,Bronze,Not Seasonal,Out of Home
110273,СКЛАД ЗЕЛЕНЧУКОВА БОРСА ЕООД,Бургас,НЕСЕБЪР,Fast-food,Bronze,Seasonal,Out of Home
110988,ЗАТВОРА ЕООД,Варна,ЗЛАТНИ ПЯСЪЦИ,Hotels,Silver,Seasonal,Out of Home
111030,СКАЙ ФУД СЪРВИСИЗ ООД ЕООД,Варна,ВАРНА,Hotels,Silver,Seasonal,Out of Home
103522,АНЕТ ЕООД,Ямбол,ПОБЕДА,Local Shop,Bronze,Not Seasonal,At Home
106774,ШИПИНГ ЕООД,Бургас,СЛЪНЧЕВ БРЯГ,Nightclub,Silver,Seasonal,Out of Home
